svg merry christmas;880
cricut vinyl roll;880
diy christmas crackers;880
diy christmas village;880
christmas ornament handprint;880
christmas crafts construction paper;880
crafts for christmas;880
christmas crafts homemade;880
christmas crafts printables;880
christmas crafts sewing;880
christmas crafts simple;880
merry christmas svg;880
santa claus hat svg;720
santa hats svg;720
christmas decals;720
cricut ideas for gifts;720
cricut projects ideas;720
beginner cricut projects;720
cricut gift ideas;720
cricut projects beginner;720
cricut projects for beginners;720
diy christmas cards ideas;720
diy christmas card;720
diy christmas stocking;720
diy christmas tree decorations;720
diy christmas tree topper;720
diy christmas wreaths ideas;720
christmas ornament quilt;720
christmas ornament 3d;720
christmas crafts mason jars;720
christmas crafts paper plates;720
diy christmas gifts coworkers;720
holiday craft fair;720
diy christmas;720
snowman svg;720
christmas ideas with cricut;590
christmas crafts to sell;590
santa svgs;590
cricut christmas ideas;590
cricut vinyl iron on;590
cricut vinyl shirts;590
cricut ideas christmas;590
cricut ideas for christmas;590
cricut ideas to sell;590
diy christmas arch;590
diy christmas door decorations;590
diy christmas yard decorations;590
diy christmas yard decor;590
christmas ornament laser cut;590
christmas ornament pattern;590
christmas ornament svg;590
christmas decor png;590
christmas tags template;590
christmas craft shows;590
diy christmas gifts mom;590
candy cane svg;590
christmas craft show;590
christmas cricut ideas;590
craft show christmas;590
diy christmas gifts teachers;590
santa svg;590
cricut christmas balls;480
cricut christmas ornaments;480
christmas silhouette for windows;480
silhouette christmas window;480
silhouette nightmare before christmas;480
cricut vinyl decals;480
cricut vinyl tshirt;480
christmas decals nails;480
cricut crafts ideas;480
cricut valentine ideas;480
easy diy christmas cards;480
diy christmas outfit;480
diy christmas photoshoot;480
diy christmas sleigh;480
diy christmas tree skirt;480
christmas ornament drawing ideas;480
christmas ornament png;480
christmas decor handmade;480
christmas decor small apartment;480
handmade xmas decorations;480
cricut crafting ideas;480
christmas crafts and activities;480
christmas crafts cards;480
christmas crafts classroom;480
christmas crafts to make;480
christmas crafts ideas easy;480
christmas crafts making;480
christmas crafts preschool easy;480
christmas ornaments cricut;480
christmas gift tags personalized;480
christmas personalized gift tags;480
diy christmas gifts baskets;480
diy christmas gifts boyfriend;480
diy christmas gifts cheap;480
diy christmas gifts cute;480
gingerbread svg;480
cricut christmas cards;390
christmas light silhouette;390
silhouette christmas lights;390
cricut joy extra vinyl;390
cricut vinyl storage;390
cricut vinyl transfer;390
cricut ideas for wedding;390
cricut wedding ideas;390
diy christmas bow;390
diy christmas nails;390
diy christmas tree ideas;390
diy christmas wall decor;390
diy christmas wall decorations;390
christmas ornament background;390
christmas ornament footprint;390
christmas ornament keepsake;390
reindeer svg;390
reindeer svgs;390
snowflake svg free;390
svg reindeer;390
christmas tags ideas;390
christmas candy crafts;390
christmas crafts nativity;390
christmas crafts party;390
christmas cards cricut;390
christmas cards for cricut;390
christmas cards with cricut;390
christmas gift tags ideas;390
gingerbread man svg;390
diy christmas gifts dad;390
diy christmas gifts grandparents;390
christmas cricut cards;390
cricut ornaments;390
xmas shadow box;390
christmas shirt svg;320
cricut christmas present ideas;320
gingerbread house svg;320
cricut christmas gift ideas;320
silhouette christmas ornaments;320
cricut vinyl projects;320
cricut projects vinyl;320
diy christmas advent calendar;320
diy christmas backdrop ideas;320
diy christmas bells;320
diy christmas frame;320
diy christmas ideas;320
diy christmas paintings;320
diy christmas picture frames;320
diy christmas shirt;320
diy christmas ugly sweater;320
diy christmas village houses;320
christmas ornament art;320
christmas ornament kindergarten;320
christmas ornament vector;320
christmas ornament wallpaper;320
christmas sign diy;320
christmas signs diy;320
christmas decor printables free;320
cricut crafting table;320
christmas crafts painting;320
christmas crafts using buttons;320
christmas gift tags template;320
xmas shadow box ideas;320
cricut christmas gifts ideas;320
christmas tree svg free;260
christmas window silhouette lights;260
cricut vinyl layering;260
cricut vinyl types;260
diy christmas backdrop;260
diy christmas fireplace;260
diy christmas houses;260
cricut ornaments ideas;260
diy christmas lantern;260
diy christmas lights outdoor;260
diy christmas room decor;260
diy christmas tags;260
diy christmas village displays;260
diy christmas window decorations;260
diy christmas wood projects;260
christmas ornament logo;260
christmas ornament yarn;260
christmas gift tags diy;260
christmas tags diy;260
christmas tags free;260
christmas tags from santa;260
christmas tags handmade;260
handmade christmas tags;260
christmas crafts angels;260
christmas crafts christian;260
christmas crafts clay;260
christmas crafts elementary;260
christmas tags santa;260
christmas tags stickers;260
christmas tags to from;260
nutcracker svg;260
svg nutcracker;260
christmas crafts religious;260
christmas crafts stocking;260
christmas gift tags free;260
diy christmas gifts handmade;260
diy christmas gifts parents;260
funny christmas svg;260
christmas svg free files;210
christmas projects for cricut;210
christmas projects with cricut;210
merry christmas free svg;210
cricut christmas gifts;210
cricut christmas projects;210
free xmas svg files;210
cricut vinyl for wood;210
cricut vinyl ideas;210
vinyl cricut ideas;210
cricut vinyl on wood;210
cricut vinyl patterns;210
svg bundles;210
cricut crafts for christmas;210
cricut ideas vinyl;210
cricut ideas halloween;210
cricut projects christmas;210
diy christmas craft ideas;210
diy christmas earrings;210
diy christmas ornaments ideas;210
diy christmas nails easy;210
diy christmas plate;210
diy christmas star;210
diy christmas stockings ideas;210
diy christmas village ideas;210
christmas ornament quilt pattern;210
christmas ornament wreath diy;210
christmas ornament 3d print;210
christmas decor 3d;210
rustic christmas background;210
cricut crafting cart;210
christmas tags clipart;210
christmas tags personalized;210
christmas crafts beads;210
christmas crafts cricut;210
christmas tags vintage;210
christmas crafts 2026;210
christmas crafts ideas diy;210
christmas crafts ribbon;210
christmas crafts snow globes;210
christmas crafts snowman;210
christmas crafts star;210
christmas crafts with beads;210
christmas crafts with yarn;210
christmas crafts yarn;210
diy christmas gifts homemade;210
svg bundle;210
holiday svgs;170
silhouette christmas images;170
cricut vinyl holder;170
cricut vinyl how to;170
cricut vinyl mug;170
easy cricut projects;170
cricut joy xtra projects;170
diy christmas ball ornaments;170
diy christmas family photo;170
diy christmas family photoshoot;170
diy christmas flower arrangements;170
diy christmas food gifts;170
diy christmas gift bags;170
diy christmas headband;170
diy christmas lamp post;170
diy christmas lanterns ideas;170
diy christmas mugs;170
diy christmas napkin rings;170
diy christmas party decorations;170
diy christmas porch decor;170
christmas ornament balls diy;170
christmas ornament embroidery patterns;170
christmas ornament knitting;170
christmas ornament nail art;170
christmas ornament nail designs;170
christmas decor art;170
christmas decor background;170
snowman svg free;170
christmas tags cute;170
handmade christmas gift tags;170
christmas crafts at home;170
christmas crafts cardboard;170
christmas crafts kindergarten;170
christmas crafts reindeer;170
christmas crafts vintage;170
christmas gift tags handmade;170
christmas gift tags homemade;170
christmas gift tags vintage;170
christmas craft show ideas;170
diy christmas gifts candy;170
diy christmas gifts crafts;170
diy christmas gifts girlfriend;170
christmas svg files;140
cricut christmas cards ideas;140
cricut christmas crafts;140
cricut christmas decor;140
cricut christmas decorations;140
xmas svg files;140
silhouette christmas village;140
silhouette clip art christmas;140
cricut holiday card ideas;140
cricut vinyl organization;140
cricut vinyl storage ideas;140
cricut vinyl organizer;140
vinyl christmas stickers;140
cricut cards ideas;140
cricut crafts christmas;140
cricut ideas for shirts;140
diy christmas archway outdoor;140
diy christmas bags;140
diy christmas banner;140
diy christmas door mat;140
silhouette projects;140
diy christmas mason jars;140
diy christmas nail art;140
diy christmas nail designs;140
diy christmas ornaments rustic;140
diy christmas photo booth;140
diy christmas pillows;140
diy christmas sweatshirts;140
diy christmas wrapping paper;140
christmas ornament sticker;140
christmas sign printable;140
rustic christmas decorations diy;140
rustic christmas ornaments diy;140
christmas tags blank;140
watercolor christmas tags;140
christmas crafts garland;140
christmas crafts grinch;140
mistletoe svg;140
christmas crafts jars;140
craft show christmas ideas;140
christmas gift tags custom;140
christmas gift tags cute;140
christmas gift tags funny;140
christmas gift tags stickers;140
diy christmas gifts husband;140
hot cocoa svg;140
holly svg;140
winter svg;140
happy holiday svg;110
santa and sleigh svg;110
santa muerte svg;110
cricut christmas;110
cricut christmas fonts;110
cricut christmas shirt ideas;110
cricut christmas shirts;110
reindeer christmas silhouette;110
cricut vinyl designs;110
cricut vinyl letters;110
christmas glass decals;110
cricut organization ideas;110
cricut projects to sell;110
diy cricut projects;110
diy christmas angel;110
diy christmas fireplace decorations;110
diy christmas hats;110
diy christmas indoor decorations;110
diy christmas vase ideas;110
diy christmas wall art;110
christmas ornament crafts diy;110
christmas ornament graphic;110
christmas ornament illustration;110
christmas ornament sewing patterns;110
christmas ornament sketch;110
christmas decor ideas apartment;110
christmas decor wallpaper;110
rustic christmas wallpaper;110
reindeer svg free;110
snow globe svg;110
candy cane svg free;110
christmas crafts jesus;110
christmas crafts light bulbs;110
christmas crafts nature;110
cricut xmas;110
diy christmas porch signs;110
christmas svg designs;90
funny christmas shirt svg;90
svg christmas tree;90
cricut christmas gift tags;90
cricut christmas tags;90
christmas angel silhouette;90
silhouette christmas decor;90
silhouette christmas decorations;90
silhouette christmas nativity;90
cricut vinyl for cups;90
cricut vinyl for tumblers;90
cricut vinyl tumbler;90
vinyl decals christmas;90
cricut crafts to sell;90
cricut ideas for beginners;90
cricut mug ideas;90
cricut ideas for classroom;90
cricut projects for weddings;90
diy christmas centerpieces cheap;90
diy christmas elf;90
diy christmas elf costume;90
diy christmas elves;90
diy christmas escape room;90
diy christmas jar;90
diy christmas light decorations;90
diy christmas train;90
christmas ornament garland diy;90
christmas ornament knitting pattern;90
frosty the snowman svg;90
christmas tags cricut;90
christmas tags editable;90
christmas tags for teachers;90
christmas tags homemade;90
watercolor christmas gift tags;90
christmas crafts advent calendar;90
christmas crafts crochet;90
christmas tags with cricut;90
diy wood christmas sign;90
christmas gift tags blank;90
christmas gift tags cricut;90
christmas gift tags wooden;90
diy christmas gifts simple;90
holiday svg;90
christmas tags svg;70
christmas tree outline svg;70
cricut christmas ornaments ideas;70
cricut christmas designs;70
cricut christmas sweater;70
cricut christmas tree;70
cricut ugly christmas sweater;70
cricut vinyl crafts;70
laser cut christmas files;70
cricut vinyl roll holder;70
christmas decals for shirts;70
cricut ideas home decor;70
diy christmas activities;70
diy christmas angel ornaments;70
diy christmas basket ideas;70
diy christmas envelopes;70
diy christmas gifts sewing;70
diy christmas jar gifts;70
silhouette art projects;70
silhouette cameo projects;70
diy christmas list;70
diy christmas mantel decor;70
diy christmas mat;70
diy christmas money holder;70
diy christmas placemats;70
diy christmas ribbon wreath;70
diy christmas stockings pattern;70
diy christmas village platform;70
christmas ornaments sewing;70
christmas ornament sewing;70
christmas sign clipart;70
merry christmas sign drawing;70
christmas decor design;70
xmas decor design;70
cricut crafting room ideas;70
dxf christmas tree;70
reindeer antlers svg;70
reindeer face svg;70
christmas tags images;70
starbucks christmas name tags;70
holly leaf svg;70
holly leaves svg;70
christmas crafts santa;70
christmas crafts santa claus;70
christmas crafts snowflakes;70
christmas crafts videos;70
christmas gift tags editable;70
large christmas gift tags;70
shadow box xmas;70
diy christmas gifts bulk;70
diy christmas gifts edible;70
diy christmas gifts jars;70
diy jar christmas gifts;70
christmas gnome svg;70
diy christmas gifts sister;70
door hanger svg;70
wood sign svg;70
christmas bell svg;50
vintage christmas svg free;50
cricut christmas cards free;50
cricut christmas village;50
disney christmas silhouette;50
mickey mouse christmas silhouette;50
cricut holiday card;50
cricut holiday cards;50
cricut vinyl color chart;50
cricut vinyl lettering;50
cricut vinyl tutorial;50
christmas lights decals;50
christmas mirror decals;50
christmas ornament decals;50
cricut crafts for beginners;50
cricut cookie jar ideas;50
cricut easter projects;50
cricut projects home decor;50
diy christmas bells decorations;50
diy christmas hanging decorations;50
diy christmas home decor;50
diy christmas jewelry;50
diy christmas magnets;50
diy christmas mailbox ideas;50
diy christmas necklace;50
diy christmas ribbon;50
diy christmas signs wood;50
diy christmas truck;50
diy christmas vase;50
diy christmas village accessories;50
cricut ornaments vinyl;50
christmas ornament line art;50
christmas ornament line drawing;50
christmas ornament party;50
christmas ornament storage diy;50
christmas ornament tags;50
yarn christmas tree ornament;50
christmas sign drawing;50
door hanger svg free;50
christmas decor vector;50
christmas decor 3d print;50
farmhouse christmas background;50
farmhouse christmas decor diy;50
farmhouse christmas wrapping paper;50
christmas cookies svg;50
cricut crafting desk;50
christmas tags design;50
3d christmas gift tags;50
christmas crafts gingerbread house;50
christmas crafts 3d;50
christmas crafts origami;50
christmas gift tags svg;50
cricut snowman;50
diy christmas gifts paper;50
diy christmas gifts quick;50
christmas sayings svg;50
vintage christmas svg;50
christmas svg for shirts;40
christmas svg images;40
disney christmas shirt svg;40
christmas sign svg;40
funny adult christmas svg;40
santa and reindeer svg;40
santa muerte svg free;40
santa reindeer svg;40
santa tray svg;40
winter svg free;40
cricut christmas lantern;40
cricut christmas mugs;40
cricut christmas signs;40
christmas elves silhouette;40
christmas tree silhouette vector;40
silhouette christmas cards;40
cricut vinyl uses;40
cricut vinyl wall art;40
cricut vinyl wall decals;40
cricut vinyl wall decor;40
using vinyl with cricut;40
cricut ideas for men;40
cricut ideas for teachers;40
diy christmas jewelry ideas;40
diy christmas name tags;40
diy christmas pillow covers;40
diy christmas ribbon garland;40
diy christmas snowman;40
christmas ornament exchange party;40
christmas ornament heart;40
christmas decor apartment ideas;40
farmhouse christmas wall art;40
farmhouse christmas cross stitch;40
farmhouse christmas quilt;40
rustic christmas crafts;40
abominable snowman svg;40
snowman hat svg;40
christmas dxf files;40
christmas ornaments dxf;40
frozen snowflake svg;40
christmas tags disney;40
christmas tags outline;40
christmas thank you tags;40
3d paper crafts christmas;40
christmas crafts jingle bells;40
christmas crafts rustic;40
christmas gift tags gold;40
hot cocoa svg free;40
teacher christmas gifts diy;40
3d christmas cards svg;30
67 svg christmas;30
christmas clip art svg;30
christmas monogram svg;30
cricut christmas lantern ideas;30
cute gingerbread svg;30
disney gingerbread svg;30
cool santa svg;30
gingerbread outline svg;30
letter to santa svg;30
retro santa svg;30
santa 67 svg;30
santa bag svg;30
santa head svg;30
cricut christmas decor ideas;30
cricut christmas decorations ideas;30
cricut christmas pajamas;30
winter hat svg;30
winter onederland svg;30
christmas light bulb silhouette;30
christmas manger silhouette;30
cricut christmas vinyl;30
cricut holiday gift ideas;30
cricut vinyl cheat sheet;30
cricut vinyl christmas ornaments;30
christmas decals codes;30
cricut vinyl on canvas;30
cricut vinyl roll storage;30
hello kitty svg bundle;30
cricut explore projects;30
cricut maker 3 ideas;30
cricut set up ideas;30
yeti cricut ideas;30
cricut projects cards;30
christmas wrapping diy;30
diy christmas hair accessories;30
diy christmas jeans;30
diy christmas lollipop;30
diy christmas reindeer;30
diy christmas ribbon decorations;30
diy christmas rug;30
diy christmas sewing projects;30
diy christmas window;30
diy christmas wrapping;30
christmas ornament mockup;30
christmas ornament name tags;30
christmas ornament quilt block;30
christmas sign png;30
christmas sign template;30
farmhouse christmas wallpaper;30
cute snowman svg;30
rustic christmas wallpaper iphone;30
snowman outline svg;30
christmas doormat diy;30
christmas dxf;30
reindeer head svg;30
snow globe svg free;30
christmas tags for jars;30
christmas tags gold;30
candy cane crew svg;30
christmas crafts gingerbread man;30
christmas holly svg;30
christmas tags tim holtz;30
christmas tags to print;30
holly berries svg;30
holly berry svg;30
holly jolly svg;30
nutcracker face svg;30
vintage christmas tags printable;30
5 min christmas crafts;30
christmas gift tags pdf;30
christmas monogram svg free;30
monogram christmas svg;30
christmas monograms svg;30
diy christmas gifts wood;30
gingerbread cricut;30
christmas crafts;27
3d christmas ornament svg;20
3d christmas tree svg;20
christmas dogs svg;20
christmas gnomes svg free;20
christmas light string svg;20
christmas mugs svg;20
christmas quote svg;20
christmas squad svg;20
christmas svg bundle;20
christmas svg files cricut;20
christmas svg funny;20
christmas svg shirts;20
christmas svg tshirt;20
christmas vacation quotes svg;20
grinch christmas svg free;20
horror christmas svg;20
round christmas ornament svg;20
3d gingerbread house svg;20
christmas shirt designs svg;20
christmas t shirt svg;20
christmas tree ornament svg;20
christmas tree shirt svg;20
christmas tree svg files;20
christmas tree svg simple;20
cute christmas shirt svg;20
gingerbread man face svg;20
gingerbread mickey svg;20
gingerbread village svg;20
merry christmas tree svg;20
oh christmas tree svg;20
svg gingerbread man;20
whoville christmas tree svg;20
christmas funny svg;20
christmas silhouette designs;20
cowboy santa svg;20
funny christmas ornament svg;20
funny christmas svgs;20
gingerbread man outline svg;20
merry christmas grinch svg;20
merry christmas trees svg;20
mickey gingerbread svg free;20
santa magic key svg;20
santa plate svg;20
silhouette christmas designs;20
treats for santa svg;20
vintage santa svg free;20
winter scene svg;20
winter scene svg free;20
cricut christmas banner;20
cricut christmas garland;20
cricut christmas houses;20
cricut christmas images;20
cricut christmas jumper;20
cricut christmas mug ideas;20
cricut christmas ornaments svg;20
cricut christmas sweatshirt ideas;20
hello winter svg;20
winter tree svg;20
christmas gnomes silhouette;20
christmas tree silhouette lights;20
christmas yard silhouette;20
cricut 3d christmas tree;20
outdoor christmas tree silhouette;20
silhouette christmas design;20
silhouette christmas ideas;20
silhouette christmas tree photo;20
cricut holiday ideas;20
cricut joy vinyl stickers;20
cricut vinyl cup ideas;20
cricut vinyl multiple colors;20
etched glass vinyl cricut;20
stained glass vinyl cricut;20
christmas decals bloxburg;20
christmas eve box vinyl;20
christmas tree window decals;20
cricut qr code vinyl;20
cricut vinyl on jeans;20
cricut vinyl on shoes;20
cricut vinyl organization ideas;20
cricut vinyl project ideas;20
cricut vinyl water bottle;20
merry christmas vinyl stickers;20
christmas bundle svg;20
christmas vinyl wall decals;20
large christmas window decals;20
svg bundle free;20
svg bundles free;20
vintage christmas decals;20
cricut acrylic bookmark ideas;20
cricut joy xtra ideas;20
cricut retirement ideas;20
cricut projects for men;20
cricut projects for teachers;20
3d cricut projects free;20
cricut air 2 projects;20
diy christmas baubles;20
diy christmas flowers;20
diy christmas front porch;20
diy christmas invitations;20
diy christmas jeopardy board;20
silhouette cameo projects ideas;20
diy christmas kitchen decor;20
diy christmas labels;20
diy christmas ladder;20
diy christmas lamp;20
diy christmas miniatures;20
diy christmas movie costumes;20
diy christmas ornaments clay;20
diy christmas urn filler;20
diy christmas urns;20
diy christmas yard art;20
diy christmas yard cutouts;20
diy christmas yard signs;20
christmas ornament art project;20
making ornaments with cricut;20
christmas ornament making party;20
christmas ornament tree diy;20
christmas sign background;20
free porch sign svg;20
porch sign svg;20
rustic christmas art;20
3d snowman svg;20
christmas snowman svg;20
rustic christmas party decor;20
snowman arms svg;20
3d snowflake svg;20
christmas tree dxf file;20
crafting table cricut;20
cricut crafting svg;20
cute reindeer svg;20
free snowflake svg files;20
melted snowman svg;20
melting snowman svg;20
mickey snowflake svg;20
reindeer antlers svg free;20
snowflake background svg;20
snowflake ornament svg;20
snowflake outline svg;20
snowflake pattern svg;20
snowflake svg files;20
snowflake svg files free;20
snowman nose svg;20
christmas tags red;20
christmas tags watercolor;20
candy cane cutie svg;20
candy cane heart svg;20
candy cane lane svg;20
christmas crafts 2026;20
christmas crafts balls;20
christmas gnome svg free;20
christmas tags sayings;20
christmas tags svg free;20
holly wreath svg;20
mistletoe svg free;20
nutcracker ballet svg;20
red truck svg;20
christmas crafts handmade;20
christmas crafts on canvas;20
christmas crafts recycled materials;20
christmas svg bundles;20
christmas cards cricut ideas;20
christmas cards on cricut;20
christmas gift tags design;20
christmas gift tags watercolor;20
christmas mugs cricut;20
cricut gingerbread house template;20
funny christmas sayings svg;20
victorian christmas gift tags;20
diy christmas gifts alcohol;20
diy christmas gifts inexpensive;20
holiday craft fair flyer;20
holiday craft fair ideas;20
hot cocoa bar svg;20
hot cocoa mug svg;20
santa hat cricut;20
christmas cricut shirts;20
christmas quotes svg;20
diy christmas gifts unique;20
retro christmas svg;20
diy christmas accessories;18
diy christmas decor;18
diy christmas decorations;18
christmas ornament crafts;18
xmas decor diy;18
xmas decorations diy;18
christmas crafts ornaments;18
cricut vinyl;12
diy christmas ornaments;12
diy christmas tree ornaments;12
diy ornaments christmas;12
1st christmas svg;10
1st christmas svg free;10
3 christmas tree svg;10
3d christmas svg free;10
3d christmas village svg;10
bigfoot christmas svg;10
christmas art svg;10
christmas bauble svg;10
christmas deer svg free;10
christmas doormat svg;10
christmas earrings svg free;10
christmas engraving svg;10
christmas eve svg;10
christmas greenery svg;10
christmas hat svg free;10
christmas illustration svg;10
christmas lights circle svg;10
christmas mickey ears svg;10
christmas movie quotes svg;10
christmas panda svg;10
christmas porch sign svg;10
christmas quote svg free;10
christmas rounds svg;10
christmas shirt ideas svg;10
christmas svg background;10
christmas svg cards;10
christmas svg circle;10
christmas svg clipart;10
christmas svg cricut;10
christmas svg cut files;10
christmas svg cute;10
christmas svg cutting files;10
christmas svg designs free;10
christmas svg disney;10
christmas svg grinch;10
christmas svg ideas;10
christmas svg jesus;10
christmas svg laser;10
christmas svg pattern;10
christmas svg png;10
christmas svg reindeer;10
christmas svg santa;10
christmas svg sayings;10
christmas svg shirt ideas;10
christmas svg silhouette;10
christmas svg simple;10
christmas svg teacher;10
christmas svg tree;10
christmas svg vector;10
christmas svgs for shirts;10
christmas toilet paper svg;10
christmas tooth svg;10
christmas ugly sweater svg;10
christmas wine bag svg;10
christmas wreath free svg;10
christmas yoda svg;10
darth vader christmas svg;10
days until christmas svg;10
dental christmas svg;10
easy christmas svg;10
free christmas vacation svg;10
funny christmas quotes svg;10
hogwarts christmas svg;10
jack skellington svg christmas;10
jeep christmas svg;10
merry christmas bruh svg;10
merry christmas ornament svg;10
merry christmas svg files;10
merry christmas yall svg;10
michael myers christmas svg;10
my 1st christmas svg;10
paper christmas village svg;10
peanuts christmas svg free;10
pink christmas svg free;10
red truck christmas svg;10
reindeer merry christmas svg;10
religious christmas svg free;10
rustic christmas svg;10
svg christmas ornaments free;10
ugly christmas svg;10
vertical merry christmas svg;10
white christmas movie svg;10
christmas gift cricut ideas;10
christmas ideas using cricut;10
christmas mug cricut ideas;10
christmas pajama shirt svg;10
christmas palm tree svg;10
christmas shirt ideas cricut;10
christmas shirt svgs;10
christmas teacher shirt svg;10
christmas tree box svg;10
christmas tree branch svg;10
christmas tree cookie svg;10
christmas tree doodle svg;10
christmas tree earrings svg;10
christmas tree monogram svg;10
christmas tree svgs;10
christmas tree topper svg;10
cricut cardstock projects christmas;10
cricut christmas bauble ideas;10
cricut christmas jumper ideas;10
cricut christmas table ideas;10
cricut christmas tag ideas;10
cricut christmas village projects;10
cricut christmas vinyl ideas;10
cricut christmas window ideas;10
cricut christmas wreath ideas;10
cricut joy christmas ideas;10
cute gingerbread man svg;10
dinosaur christmas shirt svg;10
disney christmas tree svg;10
disney gingerbread svg free;10
dog christmas tree svg;10
easy christmas cricut ideas;10
farmhouse christmas svg;10
farmhouse christmas tree svg;10
free christmas shirt svg;10
free svg gingerbread house;10
free svg gingerbread man;10
gingerbread bakery svg;10
gingerbread cookie recipe svg;10
gingerbread free svg;10
gingerbread svg files;10
green christmas tree svg;10
grinch christmas shirt svg;10
heirloom christmas tree svg;10
hello kitty gingerbread svg;10
layered christmas tree svg;10
leaning christmas tree svg;10
merry christmas shirt svg;10
mickey christmas tree svg;10
modern christmas tree svg;10
pink christmas tree svg;10
retro christmas tree svg;10
shrek gingerbread man svg;10
simple gingerbread house svg;10
swirl christmas tree svg;10
vintage christmas tree svg;10
whimsical christmas tree svg;10
arabesque tile svg;10
arabesque tile svg free;10
biker santa svg;10
black santa claus svg;10
christmas decals svg;10
christmas door sign svg;10
christmas gingerbread man svg;10
christmas holiday svg;10
christmas sign svg free;10
christmas welcome sign svg;10
cute winter svg;10
dancing santa svg;10
dear santa plate svg;10
dear santa tray svg;10
disney holiday svg;10
disney merry christmas svg;10
free holiday svg;10
free santa tray svg;10
funny christmas saying svg;10
funny christmas svg files;10
funny holiday svg;10
gingerbread house template svg;10
gingerbread oh snap svg;10
gingerbread recipe svg;10
gorro de santa svg;10
grinch santa hat svg;10
hail santa svg;10
holiday armadillo svg;10
holiday cheermeister svg;10
holiday gift tag svg;10
holiday svg files;10
holiday sweater svg;10
jack skellington santa svg;10
la santa muerte svg;10
layered santa hat svg;10
layered santa svg free;10
letter from santa svg;10
merry christmas banner svg;10
merry christmas images svg;10
merry christmas santa svg;10
merry christmas sign svg;10
merry christmas svg design;10
merry christmas svg file;10
merry christmas svgs;10
merry christmas teacher svg;10
merry christmas text svg;10
merry christmas wreath svg;10
merry elfin christmas svg;10
pink santa svg;10
retro merry christmas svg;10
round christmas sign svg;10
santa bubble gum svg;10
santa claus free svg;10
santa cruz logo svg;10
santa eyes svg;10
santa grinch svg;10
santa in sleigh svg;10
santa key svg;10
santa letter svg;10
santa mail svg;10
santa ornament svg;10
santa outline svg;10
santa plate svg free;10
santa sleigh reindeer svg;10
santa squad svg;10
santa svg files free;10
santa treat plate svg;10
santa with glasses svg;10
santa with sunglasses svg;10
star wars gingerbread svg;10
svg designs christmas;10
svg holiday;10
svg santa face;10
team santa svg;10
vintage christmas truck svg;10
vintage santa claus svg;10
vintage santa face svg;10
winter forest svg;10
winter svg bundle;10
winter svg designs;10
winter svg files;10
winter svg files free;10
winter svgs;10
winter village svg;10
winter wishes svg;10
christmas cards cricut joy;10
cricut christmas advent calendar;10
cricut christmas ball ornaments;10
cricut christmas baubles;10
cricut christmas candy holder;10
cricut christmas crackers;10
cricut christmas cups;10
cricut christmas diy;10
cricut christmas earrings;10
cricut christmas favors;10
cricut christmas files;10
cricut christmas flowers;10
cricut christmas fonts free;10
cricut christmas free;10
cricut christmas invitations;10
cricut christmas labels;10
cricut christmas lights;10
cricut christmas lollipop holder;10
cricut christmas luminaries;10
cricut christmas money holder;10
cricut christmas nail decals;10
cricut christmas name cards;10
cricut christmas name tags;10
cricut christmas napkin rings;10
cricut christmas nativity;10
cricut christmas ornaments diy;10
cricut christmas ornaments paper;10
cricut christmas paper crafts;10
cricut christmas place cards;10
cricut christmas presents;10
cricut christmas stocking;10
cricut christmas stocking ideas;10
cricut christmas svg;10
cricut christmas table decorations;10
cricut christmas tree decorations;10
cricut christmas tree ornaments;10
cricut christmas tree topper;10
cricut christmas wreath;10
cricut joy christmas gifts;10
disney winter svg;10
disney xmas svg;10
free xmas svg;10
funny xmas svg;10
grinch xmas svg;10
merry xmas svg;10
svg xmas tree;10
winter gnome svg;10
winter guard svg;10
winter hat svg free;10
winter house svg;10
winter is coming svg;10
winter landscape svg;10
winter wonderland svg free;10
xmas hat svg;10
xmas ornaments svg;10
xmas svgs;10
xmas tree svg free;10
xmas truck svg;10
christmas bauble silhouette;10
christmas crafts using cricut;10
christmas decor using cricut;10
christmas elf silhouette images;10
christmas garland silhouette;10
christmas gift box silhouette;10
christmas holly silhouette;10
christmas icons silhouette;10
christmas landscape silhouette;10
christmas lantern silhouette;10
christmas leaf silhouette;10
christmas leaves silhouette;10
christmas silhouette shapes;10
christmas tree silhouette maternity;10
christmas vector silhouette;10
cricut 3d christmas;10
cricut christmas treat boxes;10
cricut christmas vinyl projects;10
cricut christmas wall art;10
cricut christmas wall decor;10
cricut christmas window;10
cricut christmas window decals;10
cricut christmas wine glasses;10
cricut christmas wrapping;10
cricut christmas wrapping ideas;10
cricut winter projects;10
cricut winter wonderland;10
diy christmas silhouette outdoor;10
dog silhouette christmas;10
large christmas silhouette;10
silhouette cameo christmas ideas;10
silhouette christmas play;10
silhouette christmas program;10
silhouette christmas projects;10
silhouette christmas shirt ideas;10
silhouette christmas tags;10
silhouette christmas tree pregnant;10
star wars christmas silhouette;10
village silhouette christmas;10
christmas cut files free;10
christmas ornament cut files;10
cricut holiday crafts;10
cricut holiday fonts;10
cricut holiday gift tags;10
cricut holiday gifts;10
cricut holiday ornaments;10
cricut holiday projects;10
cricut holiday shirt ideas;10
cricut holiday shirts;10
cricut holiday tags;10
cricut joy vinyl projects;10
cricut permanent vinyl ideas;10
cricut vinyl art;10
cricut vinyl bubbles;10
cricut vinyl craft ideas;10
cricut vinyl decal ideas;10
cricut vinyl decal tutorial;10
cricut vinyl design ideas;10
cricut vinyl designs free;10
cricut vinyl earrings;10
cricut vinyl flowers;10
cricut vinyl fonts;10
cricut vinyl for beginners;10
cricut vinyl gift ideas;10
cricut vinyl gifts;10
cricut vinyl guide;10
cricut vinyl hacks;10
cricut vinyl holder diy;10
cricut vinyl holder ideas;10
cricut vinyl ideas christmas;10
cricut vinyl images;10
cricut vinyl keychains;10
cricut vinyl logo;10
cricut vinyl mirror;10
cricut vinyl monogram;10
cricut vinyl mug ideas;10
cricut vinyl nail decals;10
cricut winter crafts;10
cricut winter frolic;10
cricut winter woodland;10
cricut winter woodland cartridge;10
easy cricut projects vinyl;10
holiday gift tags cricut;10
multilayer vinyl cricut;10
2 color vinyl cricut;10
3d vinyl cricut;10
christmas decals for bloxburg;10
christmas decals royale high;10
cricut removable vinyl projects;10
cricut vinyl nail art;10
cricut vinyl nails;10
cricut vinyl name labels;10
cricut vinyl phone case;10
cricut vinyl record;10
cricut vinyl sticker ideas;10
cricut vinyl wall storage;10
cricut vinyl window decal;10
vinyl christmas crafts;10
vinyl christmas window decals;10
anime svg bundle;10
camping svg bundle;10
christian svg bundle;10
christmas mug decals;10
christmas ornament svg bundle;10
christmas ornament vinyl decals;10
christmas outfit decals bloxburg;10
christmas stair riser decals;10
christmas tree nail decals;10
coffee svg bundle;10
dinosaur svg bundle;10
disney bundle svg;10
disney princess svg bundle;10
easter svg bundle;10
fall svg bundle;10
family svg bundle;10
flower svg bundle;10
football svg bundle;10
funny svg bundle;10
graduation svg bundle;10
grinch svg bundle;10
halloween bundle svg;10
kitchen svg bundle;10
labubu svg bundle;10
nike svg bundle;10
pickleball svg bundle;10
pokemon svg bundle;10
super mario svg bundle;10
svg design bundle;10
teacher svg bundle;10
toy story svg bundle;10
valentine's day svg bundle;10
bible verse svg bundle;10
crafts with cricut joy;10
cricut crafts for gifts;10
cricut crafts for men;10
cricut crafts that sell;10
cricut crafts with cardstock;10
cricut engagement ideas;10
cricut explore ideas;10
cricut expression ideas;10
cricut ideas cards;10
cricut ideas easter;10
cricut ideas shirts;10
cricut iron on crafts;10
cricut joy paper crafts;10
cricut maker 3 crafts;10
cricut valentine crafts;10
diy cricut shirt ideas;10
easter crafts using cricut;10
fall crafts with cricut;10
thanksgiving svg bundle;10
unicorn svg bundle;10
valentine svg bundle;10
valentines day crafts cricut;10
wedding svg bundle;10
wood crafts cricut maker;10
18th birthday cricut ideas;10
50th anniversary cricut ideas;10
cricut 1st birthday ideas;10
cricut 3 ideas;10
cricut 80th birthday ideas;10
cricut air projects;10
cricut explore air projects;10
cricut ideas mothers day;10
cricut ideas to make;10
cricut ideas valentines day;10
cricut ideas wedding;10
cricut ideas with cardstock;10
cricut ideas with wood;10
cricut joy shirt ideas;10
cricut leather projects ideas;10
cricut projects easy;10
cricut projects gifts;10
cricut projects wedding;10
cricut reverse canvas ideas;10
cricut sweet 16 ideas;10
cricut xmas gift ideas;10
lazy susan cricut ideas;10
new years cricut ideas;10
ornament cricut ideas;10
xmas cricut ideas;10
cricut projects cardstock;10
cricut projects christmas gifts;10
cricut projects dollar tree;10
cricut projects easter;10
cricut projects for classroom;10
cricut projects for home;10
cricut projects halloween;10
cricut projects on canvas;10
cricut projects on wood;10
cricut projects paper;10
cricut projects shirts;10
cricut projects that sell;10
cricut projects using pens;10
cricut projects with cardstock;10
cricut projects with pens;10
cricut projects with wood;10
cricut projects wood;10
cricut projects wood signs;10
cricut quilting projects;10
3d silhouette projects;10
cricut maker 2 projects;10
diy christmas cards handmade;10
diy christmas easy;10
diy christmas embroidery;10
diy christmas fireplace cardboard;10
diy christmas hampers;10
diy christmas headpiece;10
diy christmas in july;10
easy silhouette cameo projects;10
easy silhouette projects;10
halloween silhouette art projects;10
july 4th cricut projects;10
new years cricut projects;10
silhouette cameo 2 projects;10
silhouette cameo easter projects;10
silhouette cameo graduation projects;10
silhouette cameo wedding projects;10
silhouette curio projects;10
silhouette easter projects;10
silhouette machine projects;10
silhouette mint projects;10
silhouette portrait 2 projects;10
silhouette portrait 3 projects;10
silhouette projects to sell;10
silhouette vinyl projects;10
christmas diy 2026;10
christmas tree 3d diy;10
cricut ornaments diy;10
cricut ornaments wood;10
diy 4ft christmas tree;10
diy 7ft christmas tree;10
diy christmas 2026;10
diy christmas keepsakes;10
diy christmas napkins;10
diy christmas quilt;10
diy christmas quotes;10
diy christmas room;10
diy christmas wedding;10
diy christmas wedding decorations;10
diy christmas yard;10
diy christmas yarn crafts;10
glitter cricut ornaments;10
3d paper ornaments cricut;10
christmas ornament embroidery hoop;10
christmas ornaments using cricut;10
cricut 3d ornaments;10
cricut balsa wood ornaments;10
cricut engraved acrylic ornaments;10
cricut felt christmas ornaments;10
cricut glass ornaments;10
cricut grinch ornaments;10
cricut joy christmas ornaments;10
cricut joy ornaments;10
cricut maker ornaments;10
cricut photo ornaments;10
cricut tree ornaments;10
cricut wooden christmas ornaments;10
easy cricut christmas ornaments;10
easy cricut ornaments;10
embroidery hoop ornaments cricut;10
free cricut christmas ornaments;10
homemade ornaments cricut;10
in memory ornaments cricut;10
ornaments using cricut;10
reindeer ornaments cricut;10
wood ornaments with cricut;10
wooden ornaments cricut;10
christmas ornament journal;10
christmas ornament vector png;10
christmas ornament yard art;10
arabesque ornament svg;10
arabesque ornament svg free;10
christmas sign art;10
christmas sign cricut;10
christmas sign ideas diy;10
christmas signs wood diy;10
christmas door hanger svg;10
christmas sign vector;10
fall door hanger svg;10
fall porch sign svg;10
grinch door hanger svg;10
grinch porch sign svg;10
halloween door hanger svg;10
halloween porch sign svg;10
porch sign svg free;10
round door hanger svg;10
round wood sign svg;10
teacher door hanger svg;10
welcome door hanger svg;10
welcome porch sign svg;10
wood sign svg free;10
christmas decor diy cheap;10
christmas decor drawing ideas;10
christmas decor using paper;10
xmas decor background;10
xmas decor diy ideas;10
farmhouse christmas art;10
farmhouse christmas ornaments diy;10
xmas decor png;10
xmas decor vector;10
farmhouse christmas crafts;10
farmhouse christmas diy;10
farmhouse christmas gift tags;10
farmhouse christmas iphone wallpaper;10
farmhouse christmas party;10
farmhouse christmas phone wallpaper;10
farmhouse christmas quilt pattern;10
farmhouse christmas signs diy;10
farmhouse christmas wallpaper iphone;10
farmhouse christmas wrapping ideas;10
abominable snowman svg free;10
funny snowman svg;10
rustic christmas craft ideas;10
rustic christmas diy;10
rustic christmas gift tags;10
rustic christmas gift wrapping;10
rustic christmas party;10
rustic christmas quilt;10
rustic christmas signs diy;10
rustic christmas wrapping;10
rustic christmas wrapping ideas;10
snowman carrot nose svg;10
snowman eyes svg;10
snowman farting snowflakes svg;10
snowman hat svg free;10
snowman looking up svg;10
snowman shadow box svg;10
snowman svg files;10
snowman top hat svg;10
3d reindeer svg;10
3d snowflake svg free;10
cartoon reindeer svg;10
christmas cookies svg free;10
christmas dxf files free;10
christmas reindeer svg free;10
christmas snow globe svg;10
christmas village dxf;10
christmas wreath dxf;10
cricut crafting station;10
cute reindeer face svg;10
cute snowflake svg;10
disney snowflake svg;10
elsa snowflake svg;10
half snowflake svg;10
layered snowflake svg;10
layered snowflake svg free;10
magic reindeer food svg;10
melting snowman svg free;10
mickey mouse snowflake svg;10
mickey mouse snowman svg;10
mickey snowflake svg free;10
mickey snowman svg;10
paper snowflake svg;10
peeking reindeer svg free;10
reindeer cricut svg;10
reindeer ears svg;10
reindeer food svg;10
reindeer food svg free;10
reindeer games svg;10
reindeer horns svg;10
reindeer monogram svg;10
reindeer names svg;10
reindeer names svg free;10
reindeer ornament svg;10
reindeer svg files free;10
small snowflake svg;10
snowflake border svg;10
snowflake cluster svg;10
snowflake cricut svg;10
snowflake design svg;10
snowflake earring svg;10
snowflake heart svg;10
snowflake maker svg;10
snowflake monogram svg;10
snowflake monogram svg free;10
snowflake name svg;10
snowflake one svg;10
snowflake wreath svg;10
split snowflake svg free;10
standing reindeer svg;10
vintage snowman svg;10
white snowflake svg;10
christmas jam tags;10
christmas tags background;10
christmas tags blue;10
christmas tags brown;10
christmas tags canva;10
christmas tags circle;10
christmas tags craft;10
christmas tags cricut free;10
christmas tags custom;10
christmas tags drawing;10
christmas tags editable free;10
christmas tags for students;10
christmas tags grinch;10
christmas tags instagram;10
christmas tags on cricut;10
christmas tags pink;10
diy name tags christmas;10
diy painted doormat christmas;10
3d nutcracker svg;10
ben and holly svg;10
candy cane border svg;10
candy cane holder svg;10
christmas candy cane svg;10
christmas crafts aesthetic;10
christmas crafts buttons;10
christmas crafts daycare;10
christmas crafts early years;10
christmas crafts easy diy;10
christmas crafts easy paper;10
christmas crafts eyfs;10
christmas crafts hanging;10
christmas holly svg free;10
christmas mistletoe svg;10
christmas tags round;10
christmas tags simple;10
christmas tags to color;10
christmas tags to make;10
christmas tags vector;10
christmas tags with buttons;10
christmas vacation gift tags;10
cricut nutcracker svg;10
free mistletoe svg;10
free svg candy cane;10
grinch candy cane svg;10
holly branch svg;10
holly garland svg;10
holly jolly christmas svg;10
holly jolly svg free;10
holly jolly vibes svg;10
holly wreath svg free;10
layered nutcracker svg;10
little red truck svg;10
nutcracker eyes svg;10
nutcracker face svg free;10
nutcracker outline svg;10
nutcracker silhouette svg;10
nutcracker svg files;10
red truck svg free;10
reusable christmas gift tags;10
svg mistletoe;10
the nutcracker svg;10
zazzle christmas tags;10
christmas crafts hard;10
christmas crafts home decor;10
christmas crafts joy;10
christmas crafts ks2;10
christmas crafts lights;10
christmas crafts lolly sticks;10
christmas crafts natural materials;10
christmas crafts nursery;10
christmas crafts nutcracker;10
christmas crafts quotes;10
christmas crafts room decor;10
christmas crafts rudolph;10
christmas crafts very easy;10
christmas crafts year 1;10
christmas crafts year 3;10
christmas crafts year 4;10
christmas crafts year 6;10
new zealand christmas crafts;10
zero waste christmas crafts;10
christmas craft show displays;10
christmas porch sign diy;10
christmas porch signs diy;10
christmas shirts for cricut;10
christmas shirts with cricut;10
christmas t shirts cricut;10
christmas wood sign diy;10
christmas wood signs diy;10
cricut foil christmas cards;10
cricut maker christmas ornaments;10
cricut photo christmas cards;10
cricut xmas decorations;10
diy cricut christmas cards;10
diy cricut christmas shirts;10
diy porch sign christmas;10
easy cricut christmas shirts;10
wood christmas ornaments cricut;10
boho christmas svg;10
christmas cards using cricut;10
christmas eve gift tags;10
christmas gift tags blue;10
christmas gift tags calligraphy;10
christmas gift tags canva;10
christmas gift tags green;10
christmas gift tags pink;10
christmas gift tags red;10
christmas gift tags round;10
christmas gift tags santa;10
christmas gift tags simple;10
christmas letter monogram svg;10
christmas ornament sayings svg;10
christmas retro svg;10
christmas sayings svg free;10
christmas split monogram svg;10
cricut christmas cards svg;10
cricut made christmas cards;10
gingerbread cricut svg;10
handmade cricut christmas cards;10
lds christmas gift tags;10
lego christmas gift tags;10
monogram christmas ornament svg;10
natural christmas gift tags;10
sarcastic christmas svg;10
christmas craft show display;10
christmas hot cocoa svg;10
cookies for santa cricut;10
cricut santa cookie tray;10
cricut santa plate;10
cricut santa tags;10
cricut secret santa gifts;10
cricut snowman face;10
cricut snowman ornament;10
cricut snowman shirt;10
diy christmas gifts aesthetic;10
diy christmas gifts art;10
diy christmas gifts baking;10
diy christmas gifts cricut;10
diy christmas gifts crochet;10
diy christmas gifts kitchen;10
diy christmas gifts ornaments;10
diy christmas gifts pictures;10
diy christmas gifts preschool;10
holiday craft fair poster;10
hot cocoa free svg;10
hot cocoa sign svg;10
letter from santa cricut;10
reindeer cut file;10
santa cookie plate cricut;10
santa letter cricut;10
santa tray cricut;10
vintage truck christmas wallpaper;10
best cricut christmas gifts;10
christmas cricut mugs;10
christmas cricut ornaments;10
christmas cut files;10
christmas gifts on cricut;10
christmas vinyl crafts;10
coquette christmas svg;10
cricut holiday;10
cricut maker christmas projects;10
cricut teacher christmas gifts;10
cricut xmas gifts;10
cute cricut christmas gifts;10
diy christmas gifts teens;10
diy christmas gifts useful;10
diy christmas gifts videos;10
holiday cricut crafts;10
holiday svg bundle;10
homemade christmas gifts cricut;10
diy christmas gifts;9
diy christmas presents;9
christmas ornament crochet;9
christmas ornaments crochet;9
crochet christmas ornaments;9
christmas decor crochet;9
christmas diy gifts;9
christmas decor party;6
christmas tags for gifts;6
christmas tags for presents;6
christmas tags gifts;6
gift tags christmas;6
christmas crafts easy;6
christmas crafts ideas;6
christmas gift tags;6
diy christmas jumper;5
diy christmas sweaters;5
diy christmas sweater;5
christmas ornament handmade;5
christmas ornaments handmade;5
christmas crafts adults;5
christmas crafts for adults;5
christmas preschool crafts;5
christmas crafts prek;5
christmas crafts preschool;5
diy christmas decorations outdoor;4
diy christmas outdoor decorations;4
christmas ornament drawing;4
christmas tags;4
diy christmas cards;3
diy christmas crafts;3
diy christmas jumper ideas;3
diy christmas wreath;3
diy christmas reefs;3
diy christmas sweater ideas;3
christmas crafts as gifts;3
christmas crafts diy;3
christmas crafts gifts;3
christmas crafts handprint;3
christmas svg;2
christmas svgs;2
svg christmas;2
xmas svg;2
christmas tree silhouette;2
silhouette christmas tree;2
cricut vinyl labels;2
cricut vinyl stickers;2
cricut projects;2
diy christmas tree;2
christmas ornament template;2
christmas ornament ideas diy;2
christmas decor paper;2
christmas decor with paper;2
xmas decor paper;2
paper christmas crafts;2
christmas crafts on paper;2
christmas crafts paper;2
christmas crafts with paper;2
christmas arts and crafts;2
christmas crafts dollar tree;2
christmas tree crafts;2
christmas crafts infants;2
christmas crafts pipe cleaners;2
christmas crafts tree;2
snowflake svg;2
christmas tree svg;1
christmas silhouette;1
cricut joy vinyl;1
cricut crafts;1
cricut ideas;1
christmas decals for nails;1
christmas decals for windows;1
christmas decals window;1
diy christmas garland;1
diy christmas decor ideas;1
diy christmas gift ideas;1
diy christmas card ideas;1
diy christmas centerpieces;1
diy christmas decorations easy;1
diy christmas decorations paper;1
easy diy christmas decorations;1
diy christmas tree stand;1
christmas ornament diy;1
christmas ornaments diy;1
diy christmas lights;1
paper christmas ornaments;1
christmas ornament paper;1
christmas ornament printable;1
diy christmas ornaments easy;1
christmas ornament cross stitch;1
christmas ornament designs;1
easy diy christmas ornaments;1
diy christmas nativity scene;1
diy christmas ornaments paper;1
christmas ornament embroidery;1
christmas ornament needlepoint;1
christmas ornament template printable;1
christmas decor drawing;1
christmas decor crafts;1
christmas decor diy ideas;1
christmas decor ideas diy;1
christmas decor apartment;1
christmas decor for apartments;1
christmas decor printable;1
christmas decor diy;1
christmas decorations diy;1
christmas decor easy diy;1
christmas decor party ideas;1
xmas decor crafts;1
xmas decor ideas diy;1
xmas decorations ideas diy;1
xmas decor printable;1
crafting with a cricut;1
cricut crafting;1
christmas name tags;1
printable gift tags christmas;1
christmas tags free printables;1
christmas tags printable;1
christmas tags printable free;1
free printable christmas tags;1
christmas crafts decor;1
christmas crafts decorations;1
christmas crafts for gifts;1
christmas crafts for preschoolers;1
christmas crafts on wood;1
christmas crafts popsicle sticks;1
christmas crafts presents;1
christmas crafts using pinecones;1
christmas crafts with pinecones;1
christmas crafts cute;1
christmas crafts for teens;1
christmas crafts gift ideas;1
christmas crafts teens;1
christmas gift tags printable;1
silhouette christmas;1
diy christmas gifts ideas;1
diy christmas gifts adults;1
diy christmas gifts easy;1
christmas svg for kids;0
kid christmas svg;0
kids christmas svg free;0
vintage christmas sign svg;0
boys christmas shirt svg;0
christmas baking shirt svg;0
toddler christmas shirt svg;0
disney holiday svg free;0
santa baby svg free;0
winter cabin svg;0
christmas svg kids;0
svg designs free christmas;0
christmas ornaments cricut svg;0
christmas svg alphabet letters;0
christmas cookie apron svg;0
adult christmas svg free;0
christmas svg baby;0
christmas svg boys;0
bear christmas svg;0
christmas svg christian;0
christmas svg crafts;0
christmas svg candy cane;0
christmas svg decor;0
christmas duck svg;0
dog bandana christmas svg;0
christmas svg elf;0
elegant christmas svg;0
eagles christmas svg;0
christmas svg gingerbread;0
christmas svg girly;0
free svg christmas gnome;0
griswald christmas svg;0
svg christmas garland;0
christmas tree grinch svg;0
svg gnome christmas;0
huntrix christmas svg;0
christmas mug svg ideas;0
christmas svg kids shirts;0
christmas shirt svg kids;0
kid christmas shirts svg;0
kids christmas apron svg;0
christmas svg letters;0
christmas svg laser files;0
christmas svg lantern;0
layered christmas ornaments svg;0
christmas lanterns svg free;0
christmas svg name;0
nutcracker christmas svg;0
christmas svg ornament;0
christmas svg outline;0
christmas svg ornament free;0
christmas star ornament svg;0
christmas svg pictures;0
christmas pickleball svg;0
family christmas pjs svg;0
svg quotes christmas;0
christmas svg religious;0
rudolph christmas svg;0
christmas svg shirts vinyl;0
christmas svg shirts funny;0
christmas svg shirts kids;0
christmas svg sweatshirt;0
christmas svg snowflake;0
christmas svg stickers;0
christmas svg templates;0
christmas toddler shirts svg;0
christmas cookie tester svg;0
universal studios christmas svg;0
christmas svg vintage;0
christmas village free svg;0
vintage christmas ornament svg;0
christmas svg western;0
christmas svg wood;0
christmas wolf svg;0
christmas winter svg;0
yorkie christmas svg;0
faux yarn christmas svg;0
baby’s 1st christmas svg;0
christmas svg 2026;0
2026 family christmas svg;0
merry christmas 2026 svg;0
christmas ornament 2026 svg;0
christmas 2026 svg;0
christmas crew 2026 svg;0
disney christmas 2026 svg;0
christmas svg 3d;0
3d-shadow-box-cricut-svg-free-christmas;0
christmas 6 7 svg;0
67 christmas ornaments svg;0
christmas cricut ideas gifts;0
christmas cricut ideas shirts;0
christmas cricut ideas paper;0
christmas cricut ideas decor;0
cricut christmas apron ideas;0
christmas aprons ideas cricut;0
cricut christmas bag ideas;0
grinch christmas cricut ideas;0
cricut christmas hoodie ideas;0
cricut keychain ideas christmas;0
cricut christmas market ideas;0
cricut christmas mugs ideas;0
christmas cricut ornament ideas;0
cricut christmas onesie ideas;0
cricut christmas party ideas;0
cricut christmas ideas projects;0
cricut christmas tshirt ideas;0
christmas cricut tumbler ideas;0
cricut christmas ideas 2026;0
cricut christmas projects ideas;0
cricut christmas projects beginner;0
cricut christmas projects 2026;0
cricut christmas projects paper;0
cricut christmas projects gifts;0
cricut christmas projects free;0
cricut christmas gift projects;0
christmas cricut projects wood;0
cricut christmas craft projects;0
cricut projects christmas tags;0
cricut projects christmas decor;0
christmas paper cricut projects;0
cricut acrylic projects christmas;0
cricut christmas projects classroom;0
cricut christmas projects cardstock;0
cricut christmas projects decoration;0
cricut christmas projects diy;0
cricut christmas projects decor;0
disney cricut projects christmas;0
cricut dog christmas projects;0
cricut christmas projects easy;0
cricut explore christmas projects;0
cricut engraving projects christmas;0
cricut felt christmas projects;0
cricut christmas projects grinch;0
cricut christmas projects htv;0
cricut christmas house projects;0
cricut holiday projects christmas;0
cricut joy projects christmas;0
cricut christmas projects kids;0
cricut maker projects christmas;0
cricut mirror projects christmas;0
cricut outdoor christmas projects;0
christmas ornament cricut projects;0
christmas cricut projects ornaments;0
christmas cricut projects shirts;0
simple christmas cricut projects;0
christmas tree cricut projects;0
cricut christmas projects vinyl;0
cricut venture christmas projects;0
cricut vintage christmas projects;0
christmas vacation cricut projects;0
cricut christmas projects wood;0
wooden cricut projects christmas;0
cricut 3d christmas projects;0
christmas shirt svg boy;0
christmas cookie shirt svg;0
family christmas shirt svgs;0
men’s christmas shirt svg;0
hawaiian christmas shirt svg;0
nana christmas shirt svg;0
christmas pj shirt svg;0
christmas pregnancy shirt svg;0
pregnant christmas shirt svg;0
vintage christmas shirt svg;0
farmhouse christmas signs svg;0
christmas tree svg bundle;0
christmas tree cakes svg;0
book-christmas-tree-svg;0
bow christmas tree svg;0
baseball christmas tree svg;0
charlie-brown-christmas-tree-svg;0
little-debbie-christmas-tree-cake-svg;0
dreaming tree svg christmas;0
little-debbie-christmas-tree-svg;0
funny christmas tree svg;0
gingerbread christmas tree svg;0
honeycomb christmas tree svg;0
jesus christmas tree svg;0
christmas tree lantern svg;0
christmas tree pattern svg;0
pine tree christmas svg;0
tree christmas svg png;0
gingerbread svg cricut;0
gingerbread svg free christmas;0
gingerbread svg shirt;0
gingerbread svg bundle;0
gingerbread pattern svg;0
gingerbread house box svg;0
gingerbread bow svg;0
gingerbread house cricut svg;0
gingerbread couple svg;0
cricut gingerbread man svg;0
gingerbread door hanger svg;0
funny gingerbread svg;0
svg gingerbread houses;0
layered gingerbread house svg;0
gingerbread house ornament svg;0
gingerbread icing svg;0
layered gingerbread svg;0
gingerbread men svg;0
gingerbread man svg files;0
gingerbread man ornament svg;0
gingerbread nurse svg;0
gingerbread ornaments svg;0
gingerbread people svg;0
pink gingerbread house svg;0
pink gingerbread svg;0
gingerbread train svg;0
gingerbread tree svg;0
gingerbread tshirt svg;0
gingerbread house village svg;0
funny christmas svg shirts;0
funny christmas svg kids;0
free funny christmas svgs;0
funny grinch christmas svg;0
funny christmas drinking svg;0
free-winter-svg-files-for-cricut;0
merry christmas svg cricut;0
merry-christmas-svg-files-free-cricut;0
merry christmas svg png;0
merry christmas svg topper;0
merry christmas svg shirt;0
merry christmas svg bundle;0
merry christmas bow svg;0
merry christmas lettering svg;0
vintage merry christmas svg;0
sell christmas crafts;0
christmas sign svgs;0
christmas svg for sign;0
vintage christmas svgs;0
vintage christmas images svg;0
christmas tshirts designs svg;0
christmas cup designs svg;0
santa svg free cricut;0
santa svg shirt;0
dear santa shirts svg;0
santa y renos svg;0
santa treats svg;0
gorro santa claus svg;0
santa drinking beer svg;0
barba de santa svg;0
santa cena svg;0
cinturon santa svg;0
santa muerte svg cricut;0
huellas de santa svg;0
santa-hat-svg;0
kids santa shirt svg;0
santa laser svg;0
santa lantern svg;0
santa camera ornament svg;0
pink twerking santa svg;0
santa rita svg;0
trineo santa svg;0
santa vintage svg;0
santa workshop svg;0
western santa svg;0
6 7 santa svg;0
holiday svg shirts;0
doc holiday svg;0
teacher holiday shirts svg;0
holiday cards svg;0
my first holiday svg;0
holiday gnomes free svg;0
family holiday svg;0
thanksgiving holiday svg;0
winter svg shirts;0
winter svg free cricut;0
hello kitty winter svg;0
winter scene silhouette svg;0
winter animal svg;0
winter bird svg;0
winter cat svg;0
winter clothes svg;0
cricut christmas jammies;0
cricut christmas village svg;0
silhouette christmas outdoor;0
silhouette design store christmas;0
cricut holiday teacher gifts;0
cricut joy holiday projects;0
cricut vinyl accent wall;0
cricut vinyl blanks;0
winter onederland cricut;0
cozy winter svg;0
cricut winter svg;0
winter christmas scene svg;0
winter door hanger svg;0
svg winter images;0
kids winter svg;0
layered winter scene svg;0
winter laser svg;0
winter mickey svg;0
winter porch signs svg;0
winter quotes svg;0
winter vibes svg;0
winter village svg free;0
snoopy xmas svg;0
cute xmas svg;0
xmas garland svg;0
xmas house svg;0
xmas wreaths svg;0
highland cow xmas svg;0
xmas element svg;0
family xmas svg;0
xmas light svg;0
christmas sweaters cricut;0
cricut christmas acrylic ornaments;0
cricut christmas aprons;0
cricut christmas aesthetic;0
cricut christmas art;0
cricut christmas alphabet letters;0
christmas aprons diy cricut;0
cricut christmas bookmark;0
cricut christmas boxes templates;0
cricut christmas banner diy;0
cricut christmas box ideas;0
cricut christmas blanket ideas;0
cricut christmas baby;0
cricut christmas bulbs ornaments;0
cricut christmas class gifts;0
cricut christmas door decoration;0
cricut christmas decorations paper;0
cricut christmas door signs;0
cricut christmas decorations diy;0
cricut christmas decorations vinyl;0
cricut christmas decorations cardstock;0
cricut christmas envelopes;0
cricut christmas elf;0
cricut christmas easy;0
cricut engraved christmas ornaments;0
easy cricut christmas card;0
christmas envelope art cricut;0
cricut christmas for kids;0
cricut christmas felt;0
cricut christmas family;0
cricut christmas frames;0
cricut christmas hats;0
cricut christmas hoodie;0
cricut christmas home decor;0
cricut christmas hair bows;0
christmas money holders cricut;0
cricut christmas ideas vinyls;0
cricut christmas ideas cardstock;0
cricut christmas jar;0
cricut christmas cookie jar;0
christmas in july cricut;0
cricut christmas kids;0
cricut christmas kids crafts;0
cricut christmas keychains;0
cricut christmas kitchen towels;0
cricut christmas kids gifts;0
cricut christmas kids shirts;0
kids christmas mugs cricut;0
cricut christmas letters;0
cricut christmas light bulb;0
cricut christmas lights svg;0
cricut christmas luminary;0
cricut christmas list;0
cricut christmas mugs diy;0
cricut christmas money envelope;0
cricut christmas market;0
cricut christmas name stickers;0
cricut christmas napkins;0
cricut christmas name ornaments;0
cricut christmas nurse shirts;0
cricut christmas ornaments acrylic;0
cricut christmas ornaments personalized;0
cricut christmas ornaments funny;0
cricut christmas ornaments wooden;0
cricut christmas party favors;0
quick cricut christmas gifts;0
christmas quotes cricut;0
cricut christmas ribbon;0
cricut christmas cards religious;0
round cricut christmas signs;0
red christmas sweater cricut;0
christmas reindeer cricut;0
cricut christmas sweatshirts;0
cricut christmas shirts family;0
cricut christmas tshirt designs;0
cricut christmas table;0
cricut christmas teacher gifts;0
christmas presents using cricut;0
ugly christmas sweaters cricut;0
diy cricut christmas village;0
cricut christmas window decorations;0
cricut christmas window vinyl;0
cricut christmas wood projects;0
cricut joy xtra christmas;0
1st christmas ornament cricut;0
1st christmas cricut;0
cricut christmas 2026;0
christmas cricut projects 2026;0
cricut christmas gifts 2026;0
2026 christmas trends cricut;0
cricut maker 3 christmas;0
cricut christmas cards 3d;0
cricut maker 4 christmas;0
silhouette christmas ornaments diy;0
silhouette christmas pregnancy;0
silhouette christmas gift;0
silhouette christmas ornaments kids;0
silhouette cameo projects christmas;0
christmas pregnant silhouette;0
merry christmas silhouette templates;0
christmas cards silhouette;0
mickey christmas silhouette;0
silhouette christmas tree pictures;0
silhouette christmas art;0
christmas animal silhouette;0
christmas angel silhouette template;0
christmas silhouette window art;0
silhouette art for christmas;0
baby christmas tree silhouette;0
christmas bear silhouette;0
christmas tree bump silhouette;0
betlehem silhouette christmas;0
christmas background silhouette;0
christmas boot silhouette;0
silhouette christmas cards ideas;0
silhouette christmas craft;0
silhouette christmas crib;0
silhouette christmas decorations outdoor;0
silhouette christmas diy;0
decorating christmas tree silhouette;0
christmas drawings silhouette;0
christmas decoration silhouette;0
silhouette christmas elf;0
christmas element silhouette;0
christmas silhouette easy;0
silhouette christmas frame;0
silhouette family christmas;0
free christmas silhouette printables;0
christmas fireplace silhouette;0
silhouette christmas gifts ideas;0
silhouette christmas projects gift;0
christmas gingerbread silhouette;0
silhouette cameo christmas gifts;0
the grinch silhouette christmas;0
silhouette christmas house;0
silhouette houses christmas;0
christmas highland cow silhouette;0
christmas house window silhouette;0
christmas tree illustration silhouette;0
christmas window silhouette images;0
christmas card ideas silhouette;0
christmas silhouette icon;0
vintage christmas silhouette images;0
christmas decor ideas silhouette;0
jesus christmas silhouette;0
jack skellington christmas silhouette;0
silhouette christmas kids;0
kids silhouette christmas ornament;0
silhouette christmas projects kids;0
three kings silhouette christmas;0
christmas lawn silhouette;0
christmas lamp post silhouette;0
silhouette christmas maternity;0
merry christmas topper silhouette;0
minnie mouse christmas silhouette;0
christmas market silhouette;0
merry christmas silhouette design;0
silhouette christmas nails;0
creche silhouette christmas nativity;0
silhouette christmas ornaments paper;0
christmas silhouette ornament;0
silhouette of christmas;0
christmas silhouette templates outdoor;0
silhouette christmas pictures;0
silhouette christmas photo;0
silhouette christmas painting;0
silhouette christmas present;0
silhouette christmas photography;0
christmas quote silhouette;0
reindeer silhouette christmas decorations;0
red truck christmas silhouette;0
raindeer drawing silhouette christmas;0
deer silhouette christmas reindeer;0
religious christmas silhouette;0
reindeer silhouette christmas card;0
reindeer head silhouette christmas;0
christmas rain deer silhouette;0
silhouette christmas scene;0
silhouette christmas sleigh;0
silhouette christmas star;0
silhouette christmas tree ornaments;0
paper christmas tree silhouette;0
cardboard christmas village silhouette;0
vintage christmas silhouette;0
victorian christmas silhouette;0
christmas village silhouette templates;0
silhouette christmas window display;0
silhouette christmas wreath;0
white silhouette christmas tree;0
christmas silhouette templates window;0
western christmas silhouette;0
christmas window scene silhouette;0
christmas silhouette yard decor;0
christmas silhouette yard art;0
cricut winter decor;0
cricut winter sweatshirt ideas;0
cricut winter door sign;0
cricut winter projects ideas;0
cricut winter wonderland decorations;0
cricut winter hat;0
cricut winter shirts;0
cricut winter signs wood;0
cricut winter birthday cards;0
winter wonderland cricut ideas;0
winter cricut signs;0
winter sweaters cricut;0
cricut ideen winter;0
winter cricut decor;0
cricut projects for winter;0
cricut shirt ideas winter;0
cricut winter cards;0
winter cricut designs;0
cricut winter garland;0
cricut winter hat ideas;0
cricut winter ideas;0
cricut winter mugs;0
cricut winter signs;0
winter cricut sign;0
winter cricut shirt;0
winter scene cricut;0
cricut holiday decor;0
cricut holiday garland;0
easy cricut holiday projects;0
holiday tags cricut;0
holiday sweaters cricut;0
holiday crafts with cricut;0
holiday cards with cricut;0
holiday sweatshirt cricut;0
cricut holiday banner;0
holiday aprons diy cricut;0
cricut holiday cards free;0
cricut holiday cups;0
cricut holiday decorations;0
diy holiday gifts cricut;0
holiday sweatshirts cricut diy;0
diy holiday ornaments cricut;0
diy holiday cards cricut;0
diy holiday sweater cricut;0
diy cricut holiday decor;0
diy cricut holiday mugs;0
easy cricut holiday cards;0
cricut holiday family shirts;0
teacher holiday gifts cricut;0
holiday gifts with cricut;0
cricut holiday storage labels;0
cricut holiday mug;0
holiday mugs cricut;0
cricut holiday paper crafts;0
cricut holiday party;0
cricut holiday sweatshirt;0
cricut holiday signs;0
cricut holiday sweater;0
cricut holiday wood signs;0
holiday tea towels cricut;0
cricut holiday window cling;0
disney christmas cut files;0
christmas village cut files;0
cricut vinyl shirts ideas;0
vinyl wood signs cricut;0
cricut vinyl aesthetic;0
cricut vinyl artwork;0
vinyl nail art cricut;0
cricut vinyl bookmarks;0
cricut vinyl book cover;0
cricut vinyl balloons;0
cricut vinyl bookmark ideas;0
cricut vinyl backsplash ideas;0
cricut vinyl banner;0
cricut vinyl bow;0
cricut vinyl bottle;0
cricut vinyl backdrop;0
cricut vinyl baby gifts;0
cricut vinyl cups;0
cricut vinyl cutters;0
cricut vinyl canvas projects;0
cricut vinyl candle label;0
cricut explore projects vinyl;0
cricut easter projects vinyl;0
cricut vinyl flower designs;0
cricut vinyl floor decals;0
cricut vinyl flowers templates;0
cricut vinyl fabric;0
cricut vinyl frame;0
cricut vinyl glass cups;0
cricut vinyl glass jars;0
cricut vinyl hat ideas;0
cricut vinyl hoodie ideas;0
cricut vinyl home decor;0
cricut vinyl halloween;0
cricut vinyl hat;0
cricut vinyl ideas inspiration;0
cricut vinyl ideas decor;0
cricut vinyl images free;0
cricut vinyl inspiration;0
cricut vinyl jeans;0
cricut jelly vinyl;0
cricut joy ideas vinyl;0
cricut vinyl keychain ideas;0
cricut vinyl kitchen cabinets;0
cricut projects vinyl kids;0
cricut key chains vinyl;0
cricut projects vinyl kitchen;0
cricut vinyl laptop decals;0
cricut vinyl label ideas;0
cricut vinyl lampshade;0
cricut vinyl monogram initials;0
cricut vinyl makeup bag;0
cricut vinyl magnets;0
cricut vinyl name decal;0
cricut vinyl name;0
memorial svg bundle;0
panda svg bundle;0
cheap cricut crafts;0
cricut crafts for kids;0
cricut crafts for toddlers;0
cricut crafts wedding;0
cricut vinyl notebook cover;0
cricut vinyl name tags;0
cricut vinyl name ideas;0
cricut vinyl noel;0
cricut name signs vinyl;0
cricut vinyl on wall;0
cricut vinyl pottery;0
cricut vinyl projects halloween;0
cricut vinyl puff;0
cricut vinyl projects wedding;0
cricut vinyl room decor;0
cricut vinyl roll organization;0
cricut vinyl rack;0
cricut vinyl size chart;0
cricut vinyl tshirt ideas;0
cricut vinyl tumbler ideas;0
cricut vinyl tote bag;0
cricut vinyl textil;0
cricut vinyl valentine projects;0
cricut vinyl wall mural;0
cricut vinyl window projects;0
cricut vinyl wall stickers;0
cricut 12x12 vinyl storage;0
cricut 2 layer vinyl;0
vinyl christmas ornaments cricut;0
christmas vinyl ornaments diy;0
christmas vinyl record art;0
vinyl christmas design;0
diy vinyl christmas shirts;0
vinyl decal christmas ideas;0
diy christmas gifts vinyl;0
christmas hoodies design vinyl;0
easy vinyl christmas crafts;0
vinyl christmas gift tags;0
christmas decals vinyl lettering;0
vinyl christmas ornaments svg;0
vinyl christmas png;0
vinyl christmas tags;0
christmas tshirts vinyl cricut;0
vinyl christmas wallpaper;0
vinyl christmas wrapping;0
christmas decals bloxburg codes;0
christmas decals berry ave;0
christmas decals rh;0
christmas decals bloxburg pictures;0
christmas decals bloxburg pink;0
bloxburg christmas decals long;0
christmas decals free printable;0
christmas decals family;0
pastel christmas decals;0
christmas painting decals bloxburg;0
christmas wallpaper decals bloxburg;0
royal high decals christmas;0
christmas decals aesthetic;0
christmas decals aldc;0
berry ave decals christmas;0
berry avenue decals christmas;0
christmas decals bloxburg tv;0
christmas decals bloxburg red;0
christmas decals bloxburg carpet;0
christmas decals bloxburg kitchen;0
christmas decals bloxburg blue;0
christmas decals cute;0
christmas decals car;0
christmas decals codes bloxburg;0
christmas decals clothes;0
christmas decals cricut;0
christmas decals decorations;0
christmas decals easy;0
christmas decals bloxburg exterior;0
christmas decals for rh;0
christmas decals food;0
christmas family decals bloxburg;0
gingerbread christmas decals;0
bloxburg christmas garland decals;0
christmas decals bloxburg grinch;0
christmas gift decals;0
bloxburg christmas garden decals;0
christmas garland decals;0
grinch christmas decals;0
bloxburg christmas gift decals;0
girly christmas decals;0
bloxburg christmas decals horizontal;0
hello kitty christmas decals;0
decals royale high christmas;0
bloxburg house decals christmas;0
royals high christmas decals;0
christmas decals id;0
christmas decals ideas;0
christmas decals in bloxburg;0
christmas decals id codes;0
christmas id decals bloxburg;0
christmas decor ideas decals;0
christmas image decals;0
rh christmas journal decals;0
christmas jellycat decals;0
bloxburg christmas jellycat decals;0
bloxburg christmas decals kitchen;0
bloxburg christmas decals kids;0
christmas kitchen decals;0
bloxburg christmas lights decals;0
bloxburg christmas decals landscape;0
christmas living room decals;0
christmas decals movie;0
modern christmas decals;0
christmas movies decals bloxburg;0
bloxburg christmas decals movie;0
christmas decals bloxburg mat;0
bloxburg modern christmas decals;0
christmas decals no background;0
christmas nail decals stickers;0
christmas nails with decals;0
christmas decals ora;0
bloxburg christmas decals outfits;0
bloxburg outdoor christmas decals;0
bloxburg christmas decals outside;0
christmas outfit decals;0
christmas comp decals ora;0
christmas rub on decals;0
christmas decals pink;0
christmas decals pfp;0
christmas decals painting;0
christmas decals pictures;0
christmas decals photos;0
christmas pictures decals bloxburg;0
bloxburg decals pink christmas;0
christmas plant bloxburg decals;0
bloxburg photo decals christmas;0
christmas decals rugs;0
christmas decals snoopy;0
christmas sweater decals;0
christmas shop decals bloxburg;0
simple christmas decals;0
bloxburg christmas stocking decals;0
bloxburg christmas snack decals;0
christmas snacks decals bloxburg;0
christmas decals bloxburg santa;0
christmas snack decals;0
christmas decals tv;0
christmas decals tree;0
tv decals bloxburg christmas;0
bloxburg christmas decals tree;0
bloxburg christmas town decals;0
bloxburg christmas decals vertical;0
vintage christmas decals bloxburg;0
christmas window decals vinyls;0
christmas decals wallpaper;0
bloxburg white christmas decals;0
bloxburg christmas window decals;0
watercolor christmas decals;0
horse svg bundle;0
dragon svg bundle;0
wildcats svg bundle;0
mickey mouse svg bundle;0
autumn svg bundle;0
christmas alphabet svg bundle;0
adult svg bundle;0
balloon bundle svg;0
flowers bundle svg;0
svg cat bundle;0
grinch christmas svg bundle;0
cricut svg bundle;0
daniel tiger svg bundle;0
mother day svg bundle;0
daisy svg bundle;0
free baby svg bundle;0
father day svg bundle;0
stick family svg bundle;0
ghost svg bundle;0
groovy svg bundle;0
horror bundle svg;0
huntrix svg bundle;0
hello summer svg bundle;0
heart svg bundle;0
hibiscus flowers svg bundle;0
heart paw svg bundle;0
bundle of joy svg;0
kawaii svg bundle;0
life quotes svg bundle;0
mtb svg bundle;0
motivational quotes svg bundle;0
mushroom svg bundle;0
minnie svg bundle;0
mother son svg bundle;0
pride svg bundle;0
princess svg bundle;0
ramadan svg bundle;0
rose bundle svg;0
sea turtle svg bundle;0
travel svg bundle;0
texas svg bundle;0
tiger svg bundle;0
wildflower svg bundle;0
senior 2026 svg bundle;0
cricut crafts kids;0
christmas cardstock crafts cricut;0
easy halloween cricut crafts;0
valentine’s cricut crafts;0
cricut crafts aesthetic;0
cricut crafts adults;0
crafts using a cricut;0
teacher appreciation crafts cricut;0
diy and crafts cricut;0
paper flower crafts cricut;0
simple cricut christmas crafts;0
cricut crafts birthday;0
cricut crafts baby;0
cricut crafts beginner;0
cricut crafts bookish;0
baby footprint crafts cricut;0
wine bottle crafts cricut;0
cricut bachelorette crafts;0
cricut crafts christmas gifts;0
cricut crafts cardstock;0
cricut crafts clothes;0
cricut crafts diy;0
cricut crafts decor;0
dollar tree crafts cricut;0
cricut crafts mothers day;0
cricut crafts easy;0
cricut crafts easter;0
easy cricut joy crafts;0
cricut crafts for teens;0
cricut crafts for wedding;0
nicu crafts cricut;0
cricut crafts gifts;0
cricut crafts girls night;0
grinch cricut crafts;0
group cricut crafts;0
glass bottle crafts cricut;0
cricut crafts to gift;0
cricut garden crafts;0
cricut crafts halloween;0
cricut crafts home decor;0
cricut crafts holiday;0
cricut crafts home;0
cricut heat press crafts;0
vinyl cricut ideas crafts;0
easter crafts cricut ideas;0
cricut joy crafts ideas;0
january cricut crafts;0
cricut joy kids crafts;0
cricut joy 2 crafts;0
christmas crafts cricut joy;0
cricut crafts with kids;0
crafts for kids cricut;0
cricut christmas crafts kids;0
leather crafts with cricut;0
leather crafts for cricut;0
faux leather cricut crafts;0
layered paper crafts cricut;0
girls night crafts cricut;0
cricut crafts for nursery;0
november cricut crafts;0
new year cricut crafts;0
new cricut crafts;0
cricut crafts on canvas;0
christmas crafts on cricut;0
october cricut crafts;0
cricut crafts for office;0
easter crafts on cricut;0
paper crafts on cricut;0
cricut crafts paper;0
paper crafts cricut projects;0
fall paper crafts cricut;0
cricut projects crafts;0
paper christmas crafts cricut;0
quick cricut crafts;0
cricut crafts room;0
cricut crafts room decor;0
ramadan crafts cricut;0
cricut crafts for readers;0
resin cricut crafts;0
resin crafts with cricut;0
wood round cricut crafts;0
cricut crafts unique;0
useful cricut crafts;0
paper crafts using cricut;0
cricut crafts valentines day;0
cricut crafts vinyl;0
cricut crafts valentines;0
cricut vinyl tube crafts;0
cricut crafts wood;0
cricut crafts with wood;0
cricut crafts with paper;0
cricut crafts with markers;0
xmas cricut crafts;0
cricut joy xtra crafts;0
cricut crafts 2026;0
3d cricut paper crafts;0
3d cricut crafts;0
cricut 4 crafts;0
cricut explore 4 crafts;0
cricut maker 4 crafts;0
cricut ideas projects;0
cricut ideas for kids;0
cricut ideas for home;0
cricut ideas diy projects;0
cricut ideas aesthetic;0
cricut ideas art;0
cricut ideas anime;0
cricut ideas animals;0
cricut silent auction ideas;0
cricut shirt ideas aesthetic;0
cricut american flag ideas;0
cricut acetate sheets ideas;0
cricut ideas birthday;0
cricut ideas baby;0
cricut ideas beginner;0
cricut ideas bachelorette;0
cricut ideas business;0
cricut ideas baby girl;0
cricut ideas birthday party;0
cricut ideas bebes;0
cricut ideas boda;0
cricut ideas bookmark;0
cricut ideas baby boy;0
valentine’s day cricut ideas;0
cricut ideas clothes;0
cricut ideas cups;0
cricut ideas christmas gifts;0
cricut ideas cardstock;0
cricut ideas classroom;0
cricut ideas cumpleaños;0
cricut ideas children;0
cricut ideas clothing;0
cricut ideas colegio;0
cricut ideas canvas;0
cricut ideas diy;0
cricut ideas decor;0
cricut ideas design;0
cricut ideas disney;0
cricut ideas decals;0
room decor cricut ideas;0
cricut ideas easy;0
cricut ideas español;0
cricut ideas en español;0
christian easter cricut ideas;0
cricut projects for kids;0
quick cricut gift ideas;0
umbrella cricut ideas;0
cricut projects disney;0
cricut projects for baby;0
cricut projects using fabric;0
cricut projects using photos;0
cricut projects using wood;0
diy christmas baby photoshoot;0
dollar tree silhouette projects;0
silhouette alta 3d projects;0
silhouette leather projects;0
silhouette rotary blade projects;0
silhouette wedding projects;0
cricut ideas gifts;0
cricut ideas graduation;0
cricut ideas girly;0
cricut ideas goth;0
cricut ideas grandma;0
girls cricut shirt ideas;0
graduation card ideas cricut;0
cricut ideas home;0
cricut ideas hoodies;0
cricut ideas htv;0
home cricut ideas projects;0
cricut hoodie ideas men;0
cricut tshirt ideas halloween;0
cricut ideas iron on;0
cricut ideas images;0
cricut ideas joy;0
cricut ideas joy xtra;0
cricut journaling ideas;0
cricut joy ideas navidad;0
beetle juice cricut ideas;0
cricut joy 2 ideas;0
cricut ideas kids;0
cricut ideas keychains;0
cricut ideas kpop;0
cricut ideas kitchen;0
cricut ideas kindle;0
cricut kitchen sign ideas;0
kid cricut ideas;0
wedding koozie ideas cricut;0
cricut key holder ideas;0
cricut ideas logo;0
big little cricut ideas;0
cricut laptop sticker ideas;0
cricut lantern ideas free;0
license plate cricut ideas;0
cricut ideas men;0
cricut ideas mental health;0
cricut ideas mugs;0
cricut ideas madera;0
cricut ideas mirror;0
cricut ideas mushroom;0
cricut ideas mariage;0
cricut ideas navidad;0
cricut ideas new year;0
cricut ideas name;0
cricut ideas niños;0
cricut ideas notebook;0
cricut ideas noel;0
cricut ideas new baby;0
cricut ideas para navidad;0
new cricut project ideas;0
crew neck cricut ideas;0
nametag ideas cricut;0
cricut ideas on wood;0
cricut ideas organization;0
cricut ideas office;0
cricut offset ideas;0
cricut ideas paper;0
cricut ideas projects shirts;0
cricut ideas paper crafts;0
cricut ideas para vender;0
cricut ideas party;0
cricut ideas phone case;0
cricut ideas pictures;0
cricut ideas preschool;0
cricut ideas pen;0
quarter zip cricut ideas;0
quinceanera cricut ideas;0
cricut quince ideas;0
cricut sign ideas quotes;0
cricut ideas regalo;0
cricut spoon rest ideas;0
ramadhan cricut ideas;0
cricut wedding reception ideas;0
cricut ideas stickers;0
cricut ideas sweatshirt;0
cricut ideas shirts design;0
cricut ideas san valentin;0
cricut ideas scrapbook;0
cricut ideas school;0
cricut ideas svg;0
cricut ideas summer;0
cricut ideas spring;0
cricut ideas simple;0
cricut ideas small business;0
cricut ideas tshirt;0
cricut ideas teacher;0
cricut ideas that sell;0
cricut ideas teacher gifts;0
cricut ideas tote bags;0
cricut ideas unique;0
cricut ideas useful;0
unicorn birthday cricut ideas;0
unusual cricut ideas;0
cricut ideas vinyl projects;0
cricut ideas valentines;0
cricut ideas videos;0
cricut ideas vasos;0
cricut ideas wood;0
cricut ideas water bottles;0
cricut ideas wall decor;0
cricut ideas western;0
cricut ideas with paper;0
cricut ideas witchy;0
cricut ideas wedding gift;0
cricut ideas wall;0
cricut xmas card ideas;0
xmas stockings ideas cricut;0
yankees cricut ideas;0
zipper pouch cricut ideas;0
zelda cricut ideas;0
formula 1 cricut ideas;0
1st communion cricut ideas;0
1st grade cricut ideas;0
cricut ideas 2026;0
21 birthday cricut ideas;0
21st cricut ideas;0
cricut 2026 ideas;0
cricut 3 projects ideas;0
cricut explorer 3 ideas;0
cricut ideas 3d;0
3d printing ideas cricut;0
cricut marker 4 ideas;0
cricut 4 ideas;0
july 4 cricut ideas;0
cricut explorer 4 ideas;0
ideas cricut explore 4;0
40th birthday ideas cricut;0
40th anniversary cricut ideas;0
cricut 5 ideas;0
cricut explore 5 ideas;0
cricut maker 5 ideas;0
5th birthday cricut ideas;0
50th birthday ideas cricut;0
60th birthday ideas cricut;0
60th cricut ideas;0
60 birthday cricut ideas;0
65th birthday cricut ideas;0
70th birthday cricut ideas;0
cricut 75th birthday ideas;0
90s cricut ideas;0
90th birthday cricut ideas;0
cricut projects vinyl ideas;0
cricut projects beginner ideas;0
cricut joy extra projects;0
cricut projects aesthetic;0
cricut projects advanced;0
cricut projects acrylic;0
cricut projects anniversary;0
cricut projects autumn;0
cricut projects acrylic signs;0
cricut projects anime;0
cricut projects art;0
cricut projects architecture;0
cricut projects acrylic keychains;0
cricut projects alternative;0
cricut projects birthday;0
cricut projects bachelorette party;0
cricut projects baby;0
cricut projects beginner vinyl;0
cricut projects beginner shirts;0
cricut projects beginner christmas;0
cricut projects classroom;0
cricut projects clothes;0
cricut projects cups;0
cricut projects cake toppers;0
cricut projects decor;0
cricut projects diy;0
cricut projects dog lover;0
cricut projects designs;0
cricut projects drawing;0
cricut projects dogs;0
cricut projects draw;0
cricut projects decoration;0
cricut projects engraving;0
cricut projects explore 4;0
cricut projects embroidery;0
cricut projects engagement gift;0
cricut projects engagement party;0
cricut projects earrings;0
cricut projects for coworkers;0
cricut projects graduation;0
cricut projects glass cups;0
cricut projects garden;0
cricut projects gift ideas;0
cricut projects goth;0
cricut projects glass jars;0
cricut projects home;0
cricut projects htv;0
cricut projects hoodies;0
cricut projects halloween decor;0
cricut projects heat press;0
cricut projects htv vinyl;0
cricut projects hair brush;0
cricut projects holiday;0
cricut projects iron on;0
cricut projects inspiration;0
cricut projects infusible ink;0
cricut projects ideas anime;0
cricut projects invitations;0
cricut projects ideas vinyl;0
cricut projects joy;0
cricut projects joy xtra;0
cricut projects journal;0
cricut projects jewelry;0
cricut projects jesus;0
cricut projects january;0
cricut projects jeep;0
cricut projects jars;0
cricut joy box projects;0
cricut projects kids;0
cricut projects keychain;0
cricut projects kpop;0
cricut projects kids shirts;0
cricut projects kitchen;0
cricut projects kerst;0
cricut projects kids gifts;0
cricut projects kids room;0
cricut projects kindergarten;0
cricut projects kids learning;0
cricut projects kleding;0
cricut projects layered paper;0
cricut projects leather diy;0
cricut projects layering vinyl;0
cricut projects lotr;0
cricut projects labels;0
cricut projects luxury;0
cricut projects letters;0
cricut projects list;0
cricut projects lawyer;0
cricut projects lego;0
cricut projects library;0
cricut projects laundry room;0
cricut projects mother's day;0
cricut projects mugs;0
cricut projects men;0
cricut projects maker 4;0
cricut projects magnets;0
cricut projects mexican;0
cricut projects mariage;0
cricut projects mirror;0
cricut projects minnie mouse;0
cricut projects nursery;0
cricut projects navidad;0
cricut projects noel;0
cricut projects new years;0
cricut projects name sign;0
cricut projects new baby;0
cricut projects notebook;0
cricut projects name;0
cricut projects national parks;0
cricut projects name tags;0
cricut projects no printer;0
cricut projects on fabric;0
cricut projects organization;0
cricut projects on clothes;0
cricut projects ornaments;0
cricut projects office;0
cricut projects office decor;0
cricut projects on slate;0
cricut projects outdoors;0
cricut projects party;0
cricut projects party decorations;0
cricut projects preschool;0
cricut projects packaging;0
cricut projects pokemon;0
cricut projects pen;0
cricut projects picture frames;0
cricut projects party favors;0
cricut projects phone cases;0
cricut projects quinceanera;0
cricut projects quotes;0
quirky cricut projects;0
cricut quilt projects;0
easy quick cricut projects;0
cricut qr code projects;0
quotes for cricut projects;0
cricut projects room decor;0
cricut projects removable vinyl;0
cricut projects road trip;0
cricut projects ramadan;0
cricut projects room;0
cricut projects recipe;0
cricut projects real estate;0
cricut uv resin projects;0
gender reveal cricut projects;0
cricut class reunion projects;0
golden retriever cricut projects;0
religious cricut projects;0
cricut projects stickers;0
cricut projects sweatshirts;0
cricut projects school;0
cricut projects svg;0
cricut projects scrapbooking;0
cricut projects spring;0
cricut projects summer;0
cricut projects stanley cup;0
cricut projects signs;0
cricut projects teacher;0
cricut projects tshirts;0
cricut projects thanksgiving;0
cricut projects teacher gifts;0
cricut projects tote bags;0
cricut projects unique;0
cricut projects using markers;0
cricut projects useful;0
cricut projects using cardstock;0
cricut projects using acrylic;0
cricut projects wedding decoration;0
cricut projects wedding gift;0
cricut projects water bottle;0
cricut projects wall decor;0
cricut projects xmas;0
cricut joy xmas projects;0
cricut projects y2k;0
new york cricut projects;0
yellowstone cricut projects;0
zodiac cricut projects;0
cricut projects gen z;0
zelda cricut projects;0
cricut projects 1st birthday;0
sweet 16 cricut projects;0
cricut 12x24 mat projects;0
cricut projects 2026;0
2026 cricut projects;0
cricut projects maker 3;0
cricut 3 projects beginner;0
cricut explorer 3 projects;0
cricut projects 3d;0
cricut projects 3d flowers;0
cricut projects 3d cards;0
cricut projects 30th birthday;0
3d paper cricut projects;0
cricut explorer 4 projects;0
cricut 4 projects;0
cricut explore 5 projects;0
cricut 5 projects;0
cricut projects 50th birthday;0
70th birthday cricut projects;0
80s cricut projects;0
silhouette projects ideas;0
silhouette projects for kids;0
silhouette projects beginner;0
silhouette valentine projects;0
silhouette cameo projects vinyl;0
cameo 4 silhouette projects;0
silhouette america projects;0
cricut and silhouette projects;0
silhouette cameo art projects;0
silhouette cameo projects beginner;0
silhouette balsa wood projects;0
silhouette cameo baby projects;0
silhouette cutting machine projects;0
silhouette cameo projects gifts;0
diy silhouette christmas projects;0
diy silhouette projects kids;0
diy cameo silhouette projects;0
diy silhouette portrait projects;0
easter silhouette projects ideas;0
silhouette engraving projects;0
foil quill projects silhouette;0
silhouette cameo projects fabric;0
felt silhouette projects;0
faux leather silhouette projects;0
silhouette cameo felt projects;0
halloween silhouette projects;0
holiday silhouette projects;0
silhouette cameo projects halloween;0
silhouette home decor projects;0
silhouette vinyl projects ideas;0
silhouette portrait projects ideas;0
silhouette cameo projects kids;0
kids silhouette projects;0
kindergarten silhouette projects;0
silhouette cameo leather projects;0
silhouette cameo mug projects;0
mother's day silhouette projects;0
silhouette cameo rhinestone projects;0
silhouette thanksgiving projects;0
silhouette cameo thanksgiving projects;0
valentines silhouette projects;0
valentines cameo silhouette projects;0
silhouette valentines day projects;0
wood silhouette projects;0
diy wood silhouette projects;0
silhouette curio 2 projects;0
cameo 3 silhouette projects;0
silhouette 3d paper projects;0
silhouette portrait 4 projects;0
cameo silhouette 5 projects;0
silhouette 5 projects;0
silhouette cameo 5a projects;0
diy christmas bows ribbon;0
diy christmas earrings ideas;0
diy christmas elf doll;0
diy christmas for kids;0
diy christmas houses village;0
diy christmas hats ideas;0
diy christmas ideas decoration;0
diy christmas ornaments kids;0
diy christmas jars decorations;0
diy christmas jars crafts;0
diy christmas jesus birth;0
diy christmas kids;0
diy christmas kids crafts;0
diy christmas keychains;0
diy christmas kids photoshoot;0
diy christmas kitchen;0
diy christmas kids gifts;0
diy christmas letter;0
diy christmas mugs paint;0
diy christmas nutcrackers;0
diy christmas quilt ideas;0
diy christmas quilling ideas;0
diy christmas quilt easy;0
diy christmas quilted stocking;0
diy christmas quilt sweatshirt;0
diy christmas rug painting;0
diy christmas tags handmade;0
diy christmas urns outdoor;0
diy christmas utensil holder;0
diy christmas ugly sweatshirts;0
diy christmas upcycling;0
zelda christmas ornaments diy;0
christmas diy z gliny;0
diy christmas cards zentangle;0
baby’s 1st christmas diy;0
diy 1x2 christmas tree;0
diy christmas 2x4;0
christmas cards 2026 diy;0
diy christmas decorations 2x4;0
2026 christmas diy;0
christmas 2026 decor diy;0
christmas diy trend 2026;0
3 kings christmas diy;0
diy christmas 3d cards;0
diy christmas 3d;0
christmas 3d picture diy;0
diy 3d christmas decoration;0
4-h christmas ornaments diy;0
christmas 4 candles diy;0
4h christmas ornaments diy;0
diy 5ft christmas wreath;0
50s christmas diy;0
50+ diy christmas presents;0
diy 67 christmas ornaments;0
67 christmas card diy;0
diy christmas cards 67;0
70s christmas decor diy;0
70s christmas ornaments diy;0
70s christmas diy;0
70s christmas decorations diy;0
diy 80s christmas ornaments;0
80s christmas diy;0
80s christmas decorations diy;0
diy christmas 90s;0
diy christmas decor 90s;0
90 christmas aesthetic diy;0
diy 90s christmas ornaments;0
diy christmas sweatshirts 90s;0
90s christmas diy decorations;0
90’s christmas diy decor;0
90’s diy christmas;0
diy 90s christmas sweater;0
90’s christmas ornaments diy;0
diy 90s christmas crafts;0
cricut ornaments for kids;0
cricut ornaments paper;0
cricut ornaments acrylic;0
cricut ornaments teacher;0
cricut ornaments name;0
cricut ornaments christmas;0
cricut ornaments baby;0
cricut ornaments diy names;0
diy ornaments using cricut;0
personalized cricut christmas ornaments;0
nutcracker ornaments cricut;0
cricut sister ornaments;0
engagement ornaments cricut;0
cricut disc ornaments;0
acrylic circle ornaments cricut;0
acrylic round ornaments cricut;0
clear acrylic ornaments cricut;0
acrylic ornaments diy cricut;0
acrylic ornaments vinyl cricut;0
baby ornaments diy cricut;0
basswood ornaments cricut diy;0
basketball ornaments diy cricut;0
cricut ornaments diy paper;0
cricut picture ornaments diy;0
diy christmas cricut ornaments;0
cricut etched ornaments;0
engraved ornaments cricut;0
cricut ornaments for teachers;0
cricut ornaments for coworkers;0
cricut ornaments for students;0
cricut ornaments family;0
christmas ornaments from cricut;0
family ornaments personalized cricut;0
gingerbread ornaments cricut;0
cricut christmas ornaments glitter;0
grandkids ornaments cricut;0
gingerbread ornaments diy cricut;0
handmade christmas ornaments cricut;0
cricut initial ornaments;0
cricut ornaments kids;0
ornaments for kids cricut;0
cricut layered ornaments;0
cricut light bulb ornaments;0
layered paper ornaments cricut;0
leather ornaments cricut;0
cricut memorial ornaments;0
cricut ornaments with names;0
cricut christmas ornaments name;0
cricut name ornaments diy;0
cricut wood ornaments name;0
cricut ornaments personalized;0
paper christmas ornaments cricut;0
pokemon ornaments cricut;0
wood round ornaments cricut;0
round ornaments cricut;0
svg ornaments cricut;0
cricut snowglobe ornaments;0
simple cricut christmas ornaments;0
simple cricut ornaments;0
teacher christmas ornaments cricut;0
christmas tree ornaments cricut;0
ornaments with the cricut;0
diy teacher ornaments cricut;0
ornaments with cricut vinyl;0
cricut wood veneer ornaments;0
wooden ornaments diy cricut;0
xmas ornaments cricut;0
diy xmas ornaments cricut;0
3d cricut christmas ornaments;0
cricut maker 4 ornaments;0
christmas ornament baby diy;0
christmas ornament diy kids;0
christmas ornament embroidery ideas;0
christmas ornament illustration design;0
christmas ornament jewelry art;0
christmas ornament kids craft;0
christmas ornament kids diy;0
christmas ornament keepsake kids;0
christmas ornament kindergarten craft;0
christmas ornament linocut;0
christmas ornament layout;0
christmas ornament outline template;0
christmas tree quilt ornament;0
quick christmas ornament crochet;0
christmas ornament toddler crafts;0
christmas ornament yarn diy;0
christmas ornament 2026 diy;0
christmas ornament crafts 2026;0
3-d paper christmas ornaments;0
christmas ornament 3d design;0
christmas ornament 3d template;0
3d cardboard christmas ornament;0
3d christmas ornament nails;0
3d paper christmas ornament;0
christmas ornament crafts 3d;0
diy 67 christmas ornament;0
arabesque ornament vector;0
arabesque ornament design;0
arabesque ornaments diy;0
arabesque ornament png;0
arabesque ornament pattern;0
arabesque ornament drawing;0
gold arabesque ornament png;0
arabesque vertical ornament vector;0
christmas butcher paper signs;0
christmas sign brown paper;0
christmas sign board png;0
christmas sign board design;0
christmas sign craft;0
christmas sign cute;0
christmas sign cartoon;0
christmas sign design;0
christmas sign drawing ideas;0
christmas sign decals bloxburg;0
christmas sign diy wooden;0
christmas sign design ideas;0
christmas sign diy paper;0
christmas sign graphic;0
christmas sign graphic design;0
girls christmas party sign;0
christmas sign handmade;0
christmas sign illustration;0
christmas sign ideas paper;0
christmas sign kids diy;0
christmas sign kraft paper;0
christmas sign lettering;0
christmas sign laser cut;0
christmas sign paper;0
christmas sign post diy;0
christmas sign party;0
christmas sign printable free;0
christmas sign sticker;0
christmas sign to print;0
diy christmas village sign;0
christmas sign wallpaper;0
christmas sign wall art;0
christmas party 2026 sign;0
christmas sign 3d;0
3d printed christmas sign;0
halloween wood sign svg;0
svg wood sign;0
door hanger svg designs;0
door-hanger-svg-free;0
svg door hanger;0
valentine door hanger svg;0
easter door hanger svg;0
funny door hanger svg;0
cow door hanger svg;0
spring door hanger svg;0
free door hanger svg;0
football door hanger svg;0
goose door hanger svg;0
thanksgiving door hanger svg;0
christmas decor diy kids;0
christmas decor kindergarten;0
christmas decor kids diy;0
christmas decor print;0
christmas decor quilt;0
quick christmas party decor;0
quilt christmas tree decor;0
christmas decor village diy;0
christmas decor 3d warehouse;0
christmas decor yarn diy;0
christmas decor 3d printable;0
christmas decor 3d png;0
christmas decor 3d diy;0
xmas crafts decorations;0
xmas decor apartment;0
xmas decor crochet;0
xmas decor drawing;0
xmas decor diy crafts;0
xmas decor diy kids;0
xmas decor graphic;0
xmas decor handmade;0
xmas decor home diy;0
xmas decor kindergarten;0
xmas decor kids diy;0
xmas decor party;0
xmas decor print;0
xmas decor paper craft;0
xmas decor small apartment;0
xmas decor sticker;0
xmas decor to print;0
xmas decor using paper;0
xmas decor wallpaper;0
xmas decor with boxes;0
diy xmas yard decor;0
diy yarn xmas decor;0
xmas decor 3d;0
3d printed xmas decor;0
farmhouse christmas aesthetic wallpaper;0
farmhouse christmas artwork;0
farmhouse christmas crafts diy;0
farmhouse christmas crochet;0
farmhouse christmas embroidery;0
farmhouse christmas garland diy;0
farmhouse christmas hearth decor;0
farmhouse christmas ideas diy;0
farmhouse christmas illustration;0
farmhouse christmas wreaths diy;0
rustic christmas aesthetic wallpaper;0
rustic christmas artwork;0
girl snowman svg;0
baby reindeer svg;0
cricut crafting space;0
girl reindeer svg;0
skeleton reindeer svg;0
christmas tags and cards;0
christmas tags hd;0
rustic christmas apartment decor;0
rustic christmas bells diy;0
rustic christmas background wallpapers;0
rustic christmas crafts diy;0
rustic christmas cards handmade;0
rustic christmas diy decor;0
rustic christmas embroidery;0
rustic christmas garland diy;0
rustic christmas graphic design;0
rustic christmas hearth ideas;0
rustic christmas hearth;0
rustic christmas illustration;0
rustic christmas iphone wallpapers;0
rustic christmas ideas diy;0
rustic christmas nail designs;0
vintage christmas prints rustic;0
rustic christmas wreaths diy;0
snowman svg free cricut;0
snowman svgs;0
snowman svg shirt;0
snowman svg ornament;0
snowman svg bundle;0
snowman laser svg;0
free-snowman-faces-svg-files-for-cricut;0
cute snowman faces svg;0
snowman layered svg;0
snowman lollipop svg;0
peeking snowman svg;0
pink snowman svg;0
snowman shirts vinyl svg;0
snowflake svg free cricut;0
snowflake svgs;0
snowflake svg bundle;0
snowflake-svg-free-cricut;0
frostys snowflake cafe svg;0
free-snowflake-svg-files-for-cricut;0
little snowflake svg;0
reindeer svg free cricut;0
reindeer svg christmas;0
reindeer-svg-free-cricut;0
reindeer svg shirt;0
girl reindeer face svg;0
cricut crafting area;0
paper crafting with cricut;0
cricut crafting room;0
crafting corner cricut;0
crafting aesthetic cricut;0
cricut crafting aesthetic;0
cricut crafting background;0
cricut crafting for beginners;0
crafting ideas with cricut;0
cricut crafting station ideas;0
cricut crafting organization;0
stages of crafting cricut;0
cricut crafting projects;0
christmas deer dxf;0
marry christmas dxf;0
vector natal dxf christmas;0
christmas tree free dxf;0
christmas doormat diy easy;0
christmas doormat ideas diy;0
christmas doormat painting party;0
christmas doormat designs;0
doormats diy christmas;0
christmas doormat diy snowman;0
christmas doormat decals bloxburg;0
christmas doormat craft;0
christmas doormat cricut;0
christmas doormat diy ideas;0
christmas doormat diy grinch;0
christmas doormat diy funny;0
christmas doormat diy lights;0
christmas doormat decal codes;0
funny christmas doormat diy;0
free christmas doormat svg;0
christmas footprint doormat;0
diy christmas doormat gingerbread;0
handmade christmas doormat;0
diy christmas doormat kids;0
christmas doormat party;0
christmas doormat painting diy;0
christmas doormat diy trees;0
diy christmas tree doormat;0
christmas tags for kids;0
christmas tags and more;0
christmas tags aesthetic;0
christmas tags acrylic;0
christmas tags art;0
christmas tags animals;0
christmas tags aquarell;0
christmas tags and stickers;0
christmas tags business;0
christmas tags buttons;0
christmas tags baby;0
christmas tags bakery;0
christmas tags boys;0
christmas tags border;0
christmas tags crochet;0
christmas tags christian;0
christmas tags creative;0
christmas tags clay;0
christmas tags diy easy;0
christmas tags diy kids;0
christmas tags design ideas;0
christmas tags diy cricut;0
christmas tags dogs;0
christmas tags decoration;0
christmas tags diy ideas;0
christmas tags elegant;0
christmas tags embroidery;0
christmas tags easy;0
watercolor christmas tags easy;0
merry christmas editable tags;0
christmas tags handmade easy;0
echo park christmas tags;0
christmas tags foil;0
christmas tags funny;0
christmas tags from cards;0
christmas tags gingerbread;0
christmas tags green;0
christmas tags graphic design;0
christmas tags girly;0
christmas tags gnomes;0
christmas tags handmade watercolor;0
christmas tags handmade simple;0
christmas tags handmade cricut;0
christmas tags handmade diy;0
christmas tags handmade kids;0
christmas tags handmade drawing;0
christmas tags handmade ideas;0
christmas tags ideas handmade;0
christmas tags illustration;0
christmas tags inspiration;0
christmas tags ideas diy;0
christmas tags ideas funny;0
name tags christmas ideas;0
christmas tags jesus;0
christmas tags junk journal;0
christmas tags joy;0
jill norwood christmas tags;0
christmas jam gift tags;0
jesus christmas gift tags;0
christmas tags kids;0
christmas tags kraft;0
kid christmas name tags;0
kitschy christmas tags;0
christmas tags hello kitty;0
christmas tags landscape;0
christmas tags laser cut;0
christmas tags layout;0
christmas tags letters;0
christmas tags luxury;0
christmas tags lettering;0
christmas tags lights;0
layered christmas tags;0
christmas locker name tags;0
printable label tags christmas;0
christmas tags & more;0
christmas tags minimalist;0
christmas tags message;0
christmas tags mockup;0
christmas tags modern;0
christmas tags minimal;0
christmas tags men;0
christmas tags markers;0
christmas tags names;0
christmas tags nutcracker;0
christmas tags numbers;0
christmas name tags handmade;0
christmas gift tags nativity;0
north pole christmas tags;0
christmas tags on presents;0
christmas tags on gifts;0
christmas tags ornaments;0
christmas tags on cards;0
christmas tags on bags;0
christmas gift tags outline;0
christmas tags painted;0
christmas tags printable aesthetic;0
christmas tags printable kids;0
christmas tags printable pink;0
christmas tags quotes;0
christmas quilling tags;0
quick christmas tags;0
quilted christmas tags;0
christmas quilling gift tags;0
quick christmas gift tags;0
baby christmas crafts;0
candy cane svg shirt;0
christmas crafts children;0
christmas crafts diy projects;0
christmas crafts for babies;0
christmas crafts for children;0
christmas crafts for kids;0
christmas crafts for toddlers;0
christmas crafts kids;0
nutcracker silhouette svg free;0
christmas crafts 2nd grade;0
christmas crafts 3rd grade;0
christmas crafts grade 7;0
christmas crafts older kids;0
christmas crafts school;0
q tip crafts christmas;0
cricut christmas ornaments tile;0
cricut cut christmas cards;0
christmas tags reindeer;0
christmas tags rectangle;0
christmas tags religious;0
christmas tags ribbon;0
christmas tags retro;0
christmas tags with ribbon;0
christmas tags scrapbooking;0
christmas tags square;0
christmas tags snoopy;0
christmas tags snowman;0
christmas tags tree;0
christmas tags table;0
christmas tags teacher;0
christmas tags unique;0
christmas tags using buttons;0
vintage style christmas tags;0
vintage victorian christmas tags;0
vintage santa christmas tags;0
christmas tags wood;0
christmas tags with message;0
christmas tags with photo;0
christmas tags with bells;0
christmas tags writing;0
christmas tags watercolor easy;0
zentangle christmas gift tags;0
zentangle christmas tags;0
12 days christmas tags;0
12 tags of christmas;0
christmas tags 2026;0
christmas tags 3d;0
3d print christmas tags;0
christmas name tags 3d;0
graphic 45 christmas tags;0
67 christmas tags;0
90s christmas gift tags;0
candy cane bow svg;0
pink candy cane svg;0
holly svg files free;0
buddy holly svg;0
holly jolly mama svg;0
holly communion svg;0
nutcracker svg shirt;0
nutcracker ballerina svg;0
cute nutcracker svg;0
black nutcracker svg;0
funny nutcracker svg;0
christmas crafts aesthetic diy;0
christmas crafts baby;0
christmas crafts babies;0
christmas crafts baby first;0
christmas crafts boyfriend;0
christmas crafts big;0
christmas crafts bows;0
christmas crafts baby footprint;0
christmas crafts canvas;0
christmas crafts diy gifts;0
christmas crafts diy kids;0
christmas crafts diy decoration;0
christmas crafts decorations diy;0
christmas crafts drawings;0
christmas crafts elementary school;0
christmas crafts easy adults;0
christmas crafts egg carton;0
christmas crafts eyfs preschool;0
christmas crafts embroidery;0
christmas crafts girls night;0
christmas crafts gingerbread;0
christmas crafts grade 1;0
christmas crafts house;0
christmas crafts high school;0
christmas crafts hot glue;0
christmas crafts ideas kids;0
christmas crafts jesus birth;0
christmas crafts jenga blocks;0
christmas crafts jewelry;0
christmas crafts just paper;0
christmas crafts journal;0
christmas crafts jesus kids;0
christmas crafts kids easy;0
christmas crafts kids ornaments;0
christmas crafts kindergarten classroom;0
christmas crafts keepsakes;0
christmas crafts kids diy;0
christmas crafts kids classroom;0
christmas crafts kids gifts;0
christmas crafts little kids;0
christmas crafts ladies night;0
christmas crafts letters;0
christmas crafts laser cut;0
christmas crafts lanterns;0
christmas crafts laser;0
christmas crafts list;0
christmas crafts middle school;0
christmas crafts mistletoes;0
christmas crafts macrame;0
christmas crafts memories;0
christmas crafts newborn;0
christmas crafts night;0
christmas crafts no paint;0
christmas crafts nursing home;0
christmas crafts outdoor;0
christmas crafts paint;0
christmas crafts quick;0
christmas crafts quilling;0
christmas crafts quilted;0
quilting christmas crafts;0
quick christmas crafts kids;0
christmas crafts resin;0
christmas crafts reggio emilia;0
christmas crafts reindeer ideas;0
christmas crafts religious kids;0
christmas crafts sunday school;0
christmas crafts socks;0
christmas crafts toddlers;0
christmas crafts toddlers easy;0
christmas crafts unique;0
christmas crafts upper elementary;0
christmas crafts vpk;0
christmas crafts vintage diy;0
christmas crafts victorian;0
christmas crafts vases;0
christmas crafts videos diy;0
christmas crafts velvet;0
christmas crafts vocabulary;0
christmas crafts vinyl;0
christmas crafts with kids;0
christmas crafts with toddlers;0
christmas crafts with friends;0
christmas crafts with baby;0
christmas crafts wood;0
christmas crafts xmas tree;0
xmas crafts decorations christmas;0
christmas deer crafts xmas;0
christmas crafts young kids;0
christmas crafts yarn tree;0
christmas crafts youth;0
christmas crafts young toddlers;0
christmas crafts yarn hats;0
christmas crafts young adults;0
christmas crafts yarn kids;0
christmas crafts 0-2;0
1 year christmas crafts;0
$1 tree christmas crafts;0
christmas grade 1 crafts;0
grade 2 christmas crafts;0
2 yr christmas crafts;0
year 2 christmas crafts;0
christmas crafts for k-2;0
k-2 christmas crafts;0
christmas crafts 2 yo;0
christmas crafts 2026 trends;0
christmas crafts 2 year;0
christmas crafts 2-3;0
christmas crafts 2026 kids;0
christmas crafts 2 kids;0
christmas crafts 2000s;0
age 3 christmas crafts;0
grade 3 christmas crafts;0
christmas crafts 3-5;0
christmas crafts 3 year;0
christmas crafts 3 yo;0
christmas crafts 3 kids;0
christmas crafts 3d print;0
christmas crafts 3d tree;0
christmas crafts preschool 3d;0
christmas crafts 4 grade;0
christmas crafts 4-5;0
christmas crafts 4th grade;0
christmas crafts 4k;0
christmas crafts 4 kids;0
christmas crafts 5 yo;0
christmas crafts age 5;0
christmas crafts 5th grade;0
grade 6 christmas crafts;0
christmas crafts k-6;0
christmas crafts 6th grade;0
60s christmas crafts;0
65 easy christmas crafts;0
christmas crafts age 7;0
6 7 christmas crafts;0
70s christmas crafts;0
7th grade christmas crafts;0
christmas crafts age 8;0
christmas crafts grade 8;0
christmas crafts ages 8-12;0
8th grade christmas crafts;0
80’s christmas crafts;0
craft show christmas displays;0
craft show christmas crafts;0
craft show christmas ornaments;0
craft show christmas gifts;0
craft show christmas booth;0
christmas craft show decorations;0
christmas craft show products;0
christmas crochet craft show;0
christmas display craft show;0
christmas craft show outfits;0
christmas craft show tent;0
christmas craft show table;0
winter cut files;0
christmas nail decal svg;0
christmas window decal svg;0
christmas decal svg;0
xmas cricut projects;0
cricut xmas tree;0
cricut xmas gift tags;0
easy cricut xmas gifts;0
xmas gift tag cricut;0
cricut xmas gift;0
cricut xmas decor;0
diy xmas decorations cricut;0
xmas cards diy cricut;0
diy cricut xmas gifts;0
family xmas shirts cricut;0
xmas gifts cricut;0
teacher xmas gifts cricut;0
cricut joy xmas cards;0
cricut xmas mugs;0
cricut xmas shirt;0
cricut xmas sweater;0
xmas tags cricut;0
cricut xmas tshirt;0
cricut xmas table;0
christmas wood sign crafts;0
christmas wood sign cricut;0
christmas wood sign png;0
holiday door hangers diy;0
crochet holiday door hanger;0
christmas cricut ornaments diy;0
baby christmas ornaments cricut;0
cricut christmas ornaments flat;0
glass christmas ornaments cricut;0
homemade christmas ornaments cricut;0
cricut christmas ornaments hockey;0
pet christmas ornaments cricut;0
winter cricut ideas;0
christmas cricut shirts svg;0
christmas cricut shirts funny;0
christmas cricut shirts kids;0
christmas cricut shirts designs;0
christmas cricut shirts family;0
cricut christmas t-shirts;0
cricut christmas shirts grinch;0
christmas shirts cricut ideas;0
cricut christmas shirts boys;0
cricut christmas tee shirts;0
disney cricut shirts christmas;0
cricut christmas shirts men;0
cricut matching christmas shirts;0
cricut christmas pajama shirts;0
toddler cricut christmas shirts;0
cricut vinyl christmas shirts;0
christmas vacation cricut shirts;0
paint doormat diy christmas;0
christmas diy doormat ideas;0
diy christmas doormat party;0
pink christmas doormat diy;0
christmas cricut cardstock projects;0
cricut christian christmas cards;0
cricut cutaway christmas cards;0
cricut christmas cards simple;0
cricut projects christmas cards;0
cricut christmas cards disney;0
cricut drawn christmas cards;0
easy christmas cricut cards;0
cricut embossed christmas cards;0
funny cricut christmas cards;0
cricut family christmas cards;0
gnome christmas cards cricut;0
cricut christmas gift cards;0
christmas greeting cards cricut;0
christmas monogram letters svg;0
quilted christmas gift tags;0
cricut santa bag;0
diy christmas gifts kids;0
homemade cricut christmas cards;0
cricut insert cards christmas;0
cricut christmas cards kids;0
layered christmas cards cricut;0
cricut merry christmas cards;0
cricut christmas cards nativity;0
cricut pen christmas cards;0
place cards christmas cricut;0
cricut christmas cards tutorial;0
christmas cards cricut templates;0
cricut vinyl christmas cards;0
christmas gift tags aesthetic;0
christmas gift tags acrylic;0
christmas gift tags aquarelle;0
christmas gift tags anime;0
christmas gift tags buttons;0
christmas gift tags bows;0
christmas gift tags background;0
christmas gift tags baby;0
christmas gift tags circle;0
christmas gift tags crochet;0
christmas gift tags creative;0
christmas gift tags corporate;0
christmas gift tags christian;0
christmas gift tags drawing;0
christmas gift tags embroidery;0
christmas gift tags elegant;0
christmas gift tags easy;0
christmas gift tags family;0
christmas gift tags gingerbread;0
christmas gift tags grinch;0
christmas gift tags gnomes;0
christmas gift tags holly;0
christmas gift tags illustration;0
christmas gift tags jesus;0
jelly christmas gift tags;0
christmas gift tags kids;0
christmas gift tags luxury;0
christmas gift tags landscape;0
christmas gift tags laser;0
christmas gift tags modern;0
christmas gift tags message;0
christmas gift tags mittens;0
christmas gift tags mistletoe;0
christmas gift tags minimalist;0
christmas gift tags mockup;0
christmas gift tags nutcracker;0
christmas gift tags names;0
gift tags not christmas;0
non christmas gift tags;0
name gift tags christmas;0
nurse christmas gift tags;0
christmas gift tags ornaments;0
christmas gift tags painted;0
christmas gift tags painting;0
christmas quilled gift tags;0
christmas gift tags reindeer;0
christmas gift tags reusable;0
christmas gift tags rectangle;0
rude christmas gift tags;0
christmas gift tags star;0
christmas gift tags snoopy;0
christmas gift tags sewing;0
christmas gift tags square;0
christmas gift tags snowman;0
christmas gift tags teacher;0
christmas gift tags tree;0
christmas gift tags toddler;0
christmas gift tags unique;0
volunteer christmas gift tags;0
christmas gift tags words;0
christmas gift tags wreath;0
christmas gift tags writing;0
christmas gift tags 2026;0
christmas gift tags 3d;0
christmas coffee mugs cricut;0
cute christmas mugs cricut;0
xmas shadow boxes;0
diy xmas shadow boxes;0
cricut vinyl christmas projects;0
diy vinyl projects christmas;0
christmas glass can wraps;0
christmas glass can svg;0
christmas can glass wrap;0
retro christmas ornament svg;0
groovy christmas svg;0
christmas coquette bow svg;0
christmas coquette svg;0
gingerbread cricut ideas;0
gingerbread cricut projects;0
gingerbread cricut svg free;0
gingerbread cricut shirt;0
gingerbread cricut crafts;0
cricut gingerbread;0
cricut gingerbread ornament;0
gingerbread house cricut;0
diy gingerbread house cricut;0
gingerbread shirt cricut;0
cricut gingerbread houses;0
cricut gingerbread cartridge;0
cricut gingerbread decorations;0
gingerbread christmas decor cricut;0
felt gingerbread ornaments cricut;0
cricut paper gingerbread house;0
cricut gingerbread house garland;0
3d gingerbread house cricut;0
cardboard gingerbread house cricut;0
gingerbread house cricut ideas;0
gingerbread man cricut;0
cricut gingerbread men;0
cricut gingerbread man shirt;0
gingerbread man template cricut;0
cardboard gingerbread village cricut;0
cricut gingerbread village;0
santa cricut projects;0
santa cricut shirt;0
letters to santa cricut;0
santa baby cricut;0
santa hat cricut ideas;0
cricut santa cookie board;0
diy santa sack cricut;0
diy santa plate cricut;0
santa face cricut;0
santa-face-svg-free-cricut;0
gorro santa cricut;0
santa gift tags cricut;0
cricut santa hats;0
secret santa cricut ideas;0
santa plate ideas cricut;0
cricut santa labels;0
santa muerte cricut;0
cricut santa camera ornament;0
snowman cricut projects;0
snowman cricut shirt;0
cricut snowman cards;0
snowman sweatshirt cricut;0
cricut snowman projects;0
snowman ornaments diy cricut;0
frosty the snowman cricut;0
vintage christmas truck illustration;0
diy vintage christmas truck;0
vintage christmas truck drawing;0
christmas crafts sellable;0
holiday craft fair booth;0
holiday craft fair displays;0
holiday craft fair crochet;0
holiday craft fair items;0
kids holiday craft fair;0
holiday craft fair sign;0
christmas craft show booth;0
christmas craft show outfit;0
christmas craft show crafts;0
christmas craft show decor;0
diy christmas gifts affordable;0
diy christmas gifts angel;0
diy christmas gifts artist;0
diy christmas gifts anime;0
diy christmas gifts bf;0
diy christmas gifts baby;0
diy christmas gifts brother;0
diy christmas gifts boys;0
diy christmas gifts budget;0
diy christmas gifts clay;0
diy christmas gifts creative;0
diy christmas gifts chocolate;0
diy christmas gifts cooking;0
diy christmas gifts christian;0
diy christmas gifts drawing;0
diy christmas gifts decor;0
diy christmas gifts decorations;0
diy christmas gifts desserts;0
diy christmas gifts dehydrator;0
diy christmas gifts dips;0
diy christmas gifts daycare;0
diy christmas gifts drink;0
diy christmas gifts disney;0
diy christmas gifts embroidery;0
diy christmas gifts eatable;0
diy christmas gifts elegant;0
diy christmas gifts emo;0
diy christmas gifts grandma;0
diy christmas gifts gf;0
diy christmas gifts grinch;0
diy christmas gifts guys;0
diy christmas gifts grandfather;0
diy christmas gifts gingerbread;0
diy christmas gifts gnomes;0
diy christmas gifts goth;0
diy christmas gifts hamper;0
diy christmas gifts homestead;0
diy christmas gifts handprints;0
diy christmas gifts jewelry;0
diy christmas gifts jelly;0
diy christmas gifts jesus;0
diy christmas gifts knitting;0
diy christmas gifts kindergarten;0
diy christmas gifts keychain;0
diy christmas gifts kpop;0
diy christmas gifts knit;0
diy christmas gifts keepsake;0
diy christmas gifts letters;0
diy christmas gifts lavender;0
diy christmas gifts laser;0
diy christmas gifts lindt;0
diy christmas gifts love;0
diy christmas gifts lotion;0
diy christmas gifts laminated;0
diy christmas gifts meaningful;0
diy christmas gifts mother;0
diy christmas gifts mini;0
diy christmas gifts macrame;0
diy christmas gifts music;0
diy christmas gifts neighbors;0
diy christmas gifts natural;0
diy christmas gifts nativity;0
diy christmas gifts nana;0
diy christmas gifts newborn;0
diy christmas gifts nurse;0
diy christmas gifts origami;0
diy christmas gifts office;0
diy christmas gifts orange;0
diy christmas gifts painting;0
diy christmas gifts photos;0
diy christmas gifts personalized;0
diy christmas gifts paint;0
diy christmas gifts personal;0
quirky christmas gifts diy;0
diy quilting christmas gifts;0
quilted christmas gifts diy;0
diy christmas gifts resin;0
diy christmas gifts religious;0
diy christmas gifts recycled;0
diy christmas gifts rustic;0
diy christmas gifts recipes;0
diy christmas gifts romantic;0
diy christmas gifts reeses;0
diy christmas gifts reindeer;0
diy christmas return gifts;0
diy christmas gifts sentimental;0
diy christmas gifts students;0
diy christmas gifts sew;0
diy christmas gifts sweets;0
diy christmas gifts snowman;0
diy christmas gifts school;0
diy christmas gifts toddler;0
diy christmas gifts tea;0
diy christmas gifts thrift;0
diy christmas gifts uncle;0
diy christmas gifts vanilla;0
diy christmas gifts vintage;0
diy christmas gifts vegan;0
diy christmas gifts vases;0
diy christmas gifts women;0
diy christmas gifts yarn;0
diy christmas gifts 2026;0
cricut christmas gifts diy;0
cricut christmas gifts kids;0
personalised cricut christmas gifts;0
cricut grandparent gifts christmas;0
christmas coworker gifts cricut;0
small christmas gifts cricut;0
christmas gifts cricut ideas;0
cricut christmas gifts beginner;0
cricut christmas gifts bulk;0
cricut christmas gifts coworkers;0
cricut christmas gifts easy;0
employee christmas gifts cricut;0
handmade cricut christmas gifts;0
christmas hostess gifts cricut;0
cricut kid christmas gifts;0
cricut christmas gifts men;0
cricut neighbor christmas gifts;0
office christmas gifts cricut;0
cricut christmas gifts personalized;0
cricut paper christmas gifts;0
cricut student gifts christmas;0
cricut school christmas gifts;0
simple cricut christmas gifts;0
cricut christmas gifts teacher;0
christmas gifts to cricut;0
unique cricut christmas gifts;0
cricut vinyl christmas gifts;0
diy christmas vinyl crafts;0
best selling xmas crafts;0
cricut joy holiday ideas;0
cricut winter;0
craft machine christmas;0
dxf christmas;0
holiday cut files;0
xmas cricut;0
santa cricut;0
snowman cricut;0
christmas crafts sell;0
xmas crafts sell;0
