watercolor clipart;880
watercolor cliparts;880
watercolor splashes;880
clipart watercolor;880
watercolor flowers blue;880
watercolor flowers drawing;880
watercolor flowers for beginners;880
watercolor background pink;880
watercolor butterflies tattoo;880
painting landscapes in watercolor;880
watercolor landscapes painting;880
watercolor painting landscapes;880
transparent watercolor;720
watercolor greenery;720
watercolor illustrations;720
watercolor wreath;720
watercolor flowers purple;720
heart clipart transparent background;720
transparent background clipart;720
watercolor wreath christmas;720
watercolor wreaths;720
watercolor christmas wreath;720
greenery watercolor;720
birds watercolor painting;720
watercolor winter scenes;720
watercolor winter scene;720
watercolor landscapes for beginners;720
transparent watercolor paintings;720
transparent watercolors;720
watercolor bouquets;590
watercolor flowers abstract;590
watercolor flowers border;590
watercolor flowers in vase;590
watercolor flowers vase;590
star clipart transparent background;590
watercolor flower borders;590
watercolor birds clipart;590
spring watercolor painting;590
mountain watercolor landscapes;590
watercolor mountains landscape;590
watercolor butterflies;480
watercolor dinosaurs;480
watercolor fairies;480
easy watercolor animals;480
watercolor animals easy;480
watercolor flowers bouquet;480
watercolor flowers how to;480
pumpkin clipart transparent background;480
sun clipart transparent;480
watercolor spring flowers;480
watercolor autumn trees;480
watercolor landscapes ideas;480
watercolor landscapes tutorials;480
paint splatters transparent;390
watercolor art prints;390
watercolor borders;390
watercolor printable art;390
watercolor sea animals;390
whimsical clipart;390
wedding clipart black and white;390
wedding clipart images;390
watercolor leaves painting;390
watercolor background ideas;390
nursery rhymes clipart;390
watercolor roses tattoo;390
autumn watercolor landscape;390
watercolor autumn landscape;390
winter watercolor painting;390
watercolor brush strokes;320
watercolor png;320
field of flowers watercolor;320
watercolor flowers yellow;320
apple clipart transparent background;320
question mark clipart transparent;320
star clipart transparent;320
transparent fall clipart;320
watercolor background paper;320
watercolor winter landscape;320
png watercolor;320
watercolor paint brush strokes;320
watercolor christmas clipart;260
watercolor coffee cups;260
wedding rings black and white clipart;260
watercolor flowers card;260
watercolor flowers wallpaper;260
watercolor flowers lavender;260
watercolor flowers step by step;260
watercolor flowers transparent;260
arrow clipart transparent background;260
dog clipart transparent background;260
fire clipart transparent;260
halloween clipart transparent;260
halloween clipart transparent background;260
house clipart transparent background;260
transparent flower clipart;260
watercolor splashes tattoo;260
how to paint roses with watercolor;260
how to paint watercolor roses;260
watercolor birds easy;260
watercolor birds tutorial;260
watercolor mountains easy;260
transparent watercolor flowers;260
watercolor flower transparent;260
nursery clipart;210
pastel clipart;210
pastel png;210
watercolor farm animals;210
watercolor flowers png;210
watercolor spring clipart;210
watercolor woodland animals;210
watercolor tulip clipart;210
watercolor painting animals;210
wedding clipart border;210
watercolor art flowers;210
watercolor flowers field;210
watercolor flowers simple;210
watercolor flowers print;210
watercolor flowers printable;210
watercolor flowers red;210
watercolor flowers white;210
watercolor flowers wreath;210
airplane clipart transparent background;210
camera clipart transparent;210
leaf clipart transparent;210
plants clipart transparent background;210
watercolor wreath flowers;210
watercolor painting background;210
watercolor splashes background;210
watercolor roses easy;210
watercolor roses painting;210
watercolor roses tutorial;210
how to paint landscapes in watercolor;210
how to watercolor paint landscapes;210
painting mountains in watercolor;210
watercolor mountains painting;210
watercolor nursery art;170
wedding couple clipart;170
wedding veil clipart;170
watercolor flowers art;170
watercolor flowers fabric;170
watercolor flowers ideas;170
christmas lights clipart transparent;170
rainbow clipart transparent background;170
summer clipart transparent background;170
volleyball clipart transparent;170
maple leaves watercolor;170
rainbow clipart pastel;170
watercolor birds for beginners;170
watercolor birds tattoo;170
watercolor winter trees;170
winter watercolor trees;170
easy watercolor landscapes for beginners;170
watercolor flower png;170
watercolor art for nursery;170
cute watercolor animals;140
watercolor winter;140
watercolor jellyfish clipart;140
watercolor flowers design;140
free transparent clipart;140
nurse clipart transparent background;140
how to paint leaves in watercolor;140
how to paint leaves with watercolor;140
watercolor leaves tutorial;140
watercolor background high resolution;140
watercolor background wash;140
how to watercolor roses;140
watercolor birds flying;140
watercolor pumpkins clipart;140
aesthetic watercolor painting;140
aesthetic watercolor paintings;140
watercolor aesthetic;140
watercolor beach houses;140
watercolor landscapes step by step;140
blue ridge mountains watercolor;140
aesthetic watercolor;110
watercolor spring;110
watercolor ocean animals;110
watercolor flowers frame;110
watercolor flowers pattern;110
watercolor flowers nails;110
eyes clipart transparent background;110
frog clipart transparent background;110
glasses clipart transparent;110
rose clipart transparent background;110
sparkle clipart transparent;110
eucalyptus leaves watercolor;110
pastel easter egg clipart;110
watercolor greenery background;110
watercolor halloween card;110
watercolor halloween cards;110
aesthetic watercolor painting ideas;110
watercolor splashes png;90
watercolor dog clipart;90
watercolor animals for beginners;90
watercolor animals tutorial;90
watercolor ideas flowers;90
cowboy hat clipart transparent background;90
earth clipart transparent;90
elephant clipart transparent background;90
light bulb clipart transparent;90
sunflower clipart transparent background;90
watercolor leaves background;90
watercolor texture background;90
watercolor background techniques;90
watercolor background texture;90
how to paint birds in watercolor;90
watercolor spring landscape;90
easy winter watercolor painting;90
whimsical christmas trees clipart;90
aesthetic watercolor wallpaper;90
watercolor bird houses;90
famous watercolor landscapes;90
easy watercolor mountains;90
watercolor mountains sunset;90
watercolor mountains tattoo;90
watercolor flowers transparent background;90
watercolor splash png;90
pastel flower png;90
watercolor autumn;70
watercolor flower clipart free;70
watercolor graphics;70
watercolor leaves png;70
watercolor pink bow clipart;70
watercolor texture png;70
watercolor easter eggs clipart;70
watercolor rainbow clipart;70
watercolor animals art;70
wedding clipart indian;70
wedding clipart png;70
watercolor flowers and birds;70
watercolor flowers green;70
watercolor flowers peonies;70
watercolor flowers sketch;70
watercolor flowers vintage;70
daisy clipart transparent background;70
disco ball clipart transparent;70
food clipart transparent;70
grass clipart transparent;70
microphone clipart transparent background;70
moon clipart transparent;70
robot clipart transparent background;70
ruler clipart transparent background;70
watercolor wreath tutorial;70
wave clipart transparent;70
watercolor leaves art;70
watercolor leaves border;70
watercolor leaves print;70
watercolor background blue;70
watercolor background tattoo;70
watercolor painting cute animals;70
cute pastel rainbow clipart;70
oil pastel clipart;70
magnolia home watercolor roses wallpaper;70
watercolor roses wallpaper;70
watercolor birds and flowers;70
watercolor birds art;70
watercolor birds images;70
watercolor birds nest;70
watercolor pictures of birds;70
simple winter watercolor;70
watercolor winter paintings;70
watercolor halloween painting;70
watercolor mushrooms tutorial;70
chinese watercolor landscapes;70
how to watercolor landscapes;70
japanese watercolor landscapes;70
how to paint mountains watercolor;70
watercolor mountains and trees;70
watercolor mountains background;70
watercolor mountains tutorial;70
junk journal clipart;50
watercolor fabric print;50
watercolor leaves clipart;50
watercolor animals cute;50
wedding ceremony clipart;50
wedding venue clipart;50
watercolor flowers and butterflies;50
watercolor flowers beginner;50
watercolor flowers on canvas;50
watercolor flowers outline;50
watercolor flowers rose;50
watercolor flowers tattoo design;50
watercolor flowers vector;50
watercolor flowers with black outline;50
bed clipart transparent;50
cute clipart transparent background;50
eyes clipart transparent;50
frame clipart transparent;50
key clipart transparent background;50
library clipart transparent background;50
orange clipart transparent background;50
sticky note clipart transparent;50
watercolor background painting;50
pastel heart clipart;50
pastel stars clipart;50
watercolor paint splashes;50
watercolor roses clipart;50
watercolor birds of paradise;50
watercolor birds on a wire;50
watercolor paper texture png;50
watercolor winter forest;50
watercolor halloween clipart;50
watercolor pumpkins background;50
abstract watercolor butterflies;50
aesthetic watercolor background;50
watercolor painting aesthetic;50
watercolor fabric prints;50
watercolor print fabric;50
pastel goth png;50
minwax color wash transparent layering color;50
boho watercolor;40
watercolor seamless pattern;40
watercolor unicorn clipart;40
funny wedding clipart;40
wedding card clipart;40
wedding clipart bride and groom;40
wedding clipart easy;40
wedding clipart free black and white;40
wedding clipart funny;40
wedding clipart transparent background;40
mini watercolor flowers;40
watercolor flowers birthday card;40
watercolor flowers easy step by step;40
watercolor flowers illustration;40
watercolor flowers landscape;40
watercolor flowers nail art;40
watercolor flowers template;40
watercolor flowers tutorial step by step;40
ball clipart transparent background;40
goat clipart transparent background;40
harry potter clipart transparent;40
lemon clipart transparent;40
pink flower clipart transparent;40
transparent unicorn clipart;40
zebra clipart transparent background;40
watercolor ginkgo leaves;40
watercolor wreath ideas;40
watercolor background green;40
pastel disney clipart;40
pastel rainbow with clouds clipart;40
watercolor greenery border;40
how to paint loose watercolor roses;40
watercolor roses background;40
watercolor roses simple;40
watercolor birds drawing;40
watercolor birds on a branch;40
spring watercolor paintings easy;40
watercolor spring background;40
watercolor winter birds;40
watercolor pumpkins and gourds;40
whimsical flowers clipart;40
whimsical heart clipart;40
cozy little landscapes in watercolor;40
transparent orange watercolor;40
pink watercolor flowers png;40
hand painted clipart;30
harry potter watercolor clipart;30
watercolor nativity clipart;30
watercolor thanksgiving clipart;30
watercolor valentine clipart;30
how to paint animals watercolor;30
watercolor animals png;30
watercolor animals simple;30
beach wedding clipart;30
wedding clipart church;30
wedding clipart frame;30
wedding decorations clipart;30
wedding flowers clipart black and white;30
wedding clipart simple;30
wedding dress on hanger clipart;30
boho watercolor painting;30
watercolor flowers easy tutorial;30
watercolor flowers no background;30
watercolor flowers stickers;30
watercolor flowers with pen outline;30
aesthetic clipart transparent background;30
dinosaur clipart transparent;30
disney clipart transparent;30
floral clipart transparent background;30
horse clipart transparent;30
love clipart transparent background;30
lunch box clipart transparent background;30
mango clipart transparent background;30
nature clipart transparent background;30
watercolor wreath painting;30
watercolor wreath with salt;30
western clipart transparent background;30
watercolor leaves tattoo;30
watercolor negative painting leaves;30
watercolor background art;30
watercolor background dark;30
watercolor background design;30
watercolor background for portrait;30
watercolor background hd;30
watercolor background purple;30
watercolor background red;30
pastel border clipart;30
pastel christmas tree clipart;30
pastel dinosaur clipart;30
pastel goth clipart;30
pastel hot air balloon clipart;30
pastel rainbow clipart free;30
pastel unicorn clipart;30
watercolor flowers graphics;30
watercolor roses png;30
watercolor roses step by step;30
watercolor autumn flowers;30
watercolor winter animals;30
watercolor winter background;30
watercolor winter barn;30
watercolor winter birch trees;30
watercolor winter cards;30
watercolor winter flowers;30
winter watercolor easy;30
watercolor halloween art;30
watercolor halloween background;30
watercolor winter wreath;30
watercolor halloween ideas;30
how to paint butterflies in watercolor;30
how to paint watercolor butterflies;30
watercolor butterflies and flowers;30
watercolor coffee filter butterflies;30
whimsical clipart free;30
aesthetic watercolor art;30
aesthetic watercolor doodles;30
aesthetic watercolor drawing;30
aesthetic watercolor flowers;30
aesthetic watercolor ideas;30
watercolor farm animals clipart;30
watercolor mountains wallpaper;30
watercolor png transparent;30
printable watercolor art;30
watercolor flowers png transparent;30
pastel rainbow transparent background;30
pastel yellow star png;30
watercolor flowers;22
watercolor paintings of flowers;22
acrylic paint clipart;20
floral clipart png;20
hand painted png;20
watercolor astronaut clipart;20
watercolor card making;20
watercolor clipart flowers;20
watercolor elements;20
watercolor fruit clipart;20
watercolor fruits png;20
4th of july watercolor clipart;20
christmas tree watercolor clipart;20
mickey mouse watercolor clipart;20
sunflower watercolor clipart;20
watercolor dragonfly clipart;20
watercolor elephant clipart;20
watercolor farm clipart;20
watercolor grass clipart;20
watercolor horse clipart;20
watercolor animals for nursery;20
wedding clipart cartoon;20
wedding clipart design;20
wedding clipart hindu;20
25th wedding anniversary clipart;20
60th wedding anniversary clipart;20
silver wedding rings clipart;20
boho watercolor art;20
boho watercolor flowers;20
watercolor flowers bunch;20
watercolor flowers circle;20
watercolor flowers corner;20
watercolor flowers diy;20
watercolor flowers hydrangea;20
watercolor flowers in pots;20
watercolor flowers in vase tutorial;20
watercolor flowers invitation;20
minecraft clipart transparent background;20
quick watercolor flowers;20
transparent clipart images;20
transparent clipart png;20
watercolor flowers leaves;20
watercolor flowers procreate;20
watercolor flowers realistic;20
watercolor flowers tulips;20
watercolor flowers video;20
angel clipart transparent background;20
dessert clipart transparent background;20
easy watercolor christmas wreath;20
hello kitty clipart transparent;20
mermaid clipart transparent background;20
snoopy clipart transparent;20
vinyl record clipart transparent background;20
watercolor eucalyptus wreath;20
watercolor wreath card;20
watercolor wreath with bow;20
christmas wreath watercolor tutorial;20
watercolor leaves and flowers;20
watercolor leaves pattern;20
watercolor leaves wallpaper;20
watercolor rose leaves;20
cute watercolor animals easy;20
watercolor background aesthetic;20
watercolor background brown;20
watercolor background landscape;20
watercolor background tutorial;20
watercolor background wallpaper;20
watercolor garden background;20
watercolor background ideas easy;20
watercolor background nature;20
watercolor background orange;20
watercolor background pastel;20
watercolor background sunset;20
watercolor background trees;20
watercolor background vector;20
watercolor background yellow;20
watercolor underwater background;20
flower clipart pastel;20
greenery watercolor png;20
pastel backpack clipart;20
pastel disco ball clipart;20
pastel gingerbread house clipart;20
pastel lollipop clipart;20
watercolor greenery clipart;20
watercolor greenery painting;20
nursery room clipart;20
watercolor roses border;20
watercolor roses in vase;20
chinese watercolor birds;20
rustic watercolor painting;20
watercolor floral seamless pattern;20
watercolor spring ideas;20
watercolor woodland animals clipart;20
watercolor woodland animals png;20
watercolor autumn forest;20
watercolor autumn painting;20
watercolor autumn wreath;20
watercolor spring tree;20
watercolor winter clipart;20
watercolor winter landscape tutorial;20
winter watercolor wallpaper;20
watercolor christmas clipart free;20
watercolor christmas wreath clipart;20
watercolor winter sky;20
fall watercolor pumpkins;20
watercolor pumpkins for beginners;20
watercolor sea animals easy;20
whimsical pumpkin clipart;20
whimsical snowman clipart;20
whimsical tree clipart;20
watercolor paintings of old houses;20
japanese watercolor mountains;20
watercolor landscapes to paint;20
watercolor mountains png;20
watercolor mountains simple;20
watercolor brush strokes png;20
watercolor brush strokes tutorial;20
watercolor margarita png;20
transparent watercolor technique;20
tree watercolor png;20
watercolor on transparent paper;20
watercolor splash transparent background;20
watercolor teddy bear png;20
watercolor vines png;20
autumn watercolor clipart;20
spring clipart watercolor;20
watercolor safari animals clipart;20
watercolor spring flowers clipart;20
watercolor t-shirt design;20
pastel flowers transparent background;20
alcohol ink png;10
baseball watercolor clipart;10
boho watercolor clipart;10
elegant floral clipart;10
pastel aesthetic png;10
pastel floral clipart;10
pastel seamless pattern;10
pastel watercolor png;10
safari watercolor clipart;10
vintage watercolor clipart;10
watercolor alphabet clipart;10
watercolor animal clipart;10
watercolor animals clipart;10
watercolor autumn clipart;10
watercolor background transparent;10
watercolor birds png;10
watercolor boho rainbow;10
watercolor bundle;10
watercolor clipart animals;10
watercolor clipart christmas;10
watercolor food clipart;10
watercolor greenery png;10
watercolor planner stickers;10
watercolor shirt design;10
watercolor woodland clipart;10
dinosaur watercolor clipart;10
fall leaves watercolor clipart;10
free watercolor clipart for commercial use;10
giraffe watercolor clipart;10
greenery watercolor clipart;10
ice cream watercolor clipart;10
january watercolor clipart;10
leaf watercolor clipart;10
nautical watercolor clipart;10
november watercolor clipart;10
nurse watercolor clipart;10
ocean watercolor clipart;10
watercolor christmas lights clipart;10
watercolor clipart black and white;10
watercolor clipart free download;10
watercolor clipart png;10
watercolor donut clipart;10
watercolor easter bunny clipart;10
watercolor eucalyptus clipart;10
watercolor hummingbird clipart;10
watercolor lighthouse clipart;10
watercolor moon clipart;10
watercolor owl clipart;10
watercolor travel clipart;10
watercolor turtle clipart;10
floral png clipart;10
geometric watercolor animals;10
how to draw watercolor animals;10
watercolor animals drawing;10
watercolor animals easy step by step;10
watercolor animals elephant;10
watercolor animals nursery;10
yellow watercolor clipart;10
clipart wedding black and white;10
ganesh ji clipart for wedding card;10
hindu wedding clipart colour;10
indian wedding elephant clipart;10
south indian wedding couple clipart;10
watercolor rainbow animals;10
wedding card border design clipart;10
wedding clipart background;10
wedding clipart black and white png;10
wedding clipart blue;10
wedding clipart christian;10
wedding clipart colour;10
wedding clipart colour png;10
wedding clipart couple;10
wedding clipart cute;10
wedding clipart flower;10
wedding clipart ganesh;10
wedding clipart hd;10
wedding clipart png black and white;10
wedding couple black and white clipart;10
wedding envelope clipart;10
wedding knot clipart;10
30th wedding anniversary clipart;10
game over wedding clipart;10
love birds clipart wedding;10
nepali wedding clipart;10
wedding border clipart png;10
wedding clipart line art;10
wedding clipart logo;10
wedding clipart new;10
wedding clipart png hd;10
wedding clipart png transparent;10
wedding clipart red colour;10
wedding clipart transparent;10
wedding clipart vector;10
wedding invitation logo clipart;10
wedding leaf clipart;10
wedding reception chair clipart;10
wedding ribbon clipart;10
wedding rose clipart;10
wedding theme clipart;10
wedding vinayagar clipart;10
wedding vows clipart;10
boho watercolor background;10
boho watercolor rainbow;10
boho watercolor wallpaper;10
watercolor boho pattern;10
watercolor flowers aesthetic;10
watercolor flowers and bees;10
watercolor flowers and leaves;10
watercolor flowers and plants;10
watercolor flowers black outline;10
watercolor flowers desktop wallpaper;10
watercolor flowers doodle;10
watercolor flowers fall;10
watercolor flowers for cards;10
watercolor flowers garland;10
watercolor flowers happy birthday;10
watercolor flowers hd;10
watercolor flowers high resolution;10
watercolor flowers how to paint;10
watercolor flowers in jar;10
flowers using watercolor;10
how to draw flowers using watercolor;10
how to paint flowers using watercolor;10
jenna rainey watercolor flowers;10
quick and easy watercolor flowers;10
watercolor flowers journal;10
watercolor flowers loose;10
watercolor flowers minimalist;10
watercolor flowers modern;10
watercolor flowers mothers day;10
watercolor flowers on cookies;10
watercolor flowers orange;10
watercolor flowers png hd;10
watercolor flowers seamless pattern;10
watercolor flowers set;10
watercolor flowers spring;10
watercolor flowers steps;10
watercolor flowers sunflowers;10
watercolor flowers tutorial easy;10
watercolor flowers vector png;10
watercolor flowers wedding;10
watercolor flowers with pen;10
blue watercolor wreath;10
easter wreath watercolor;10
easy watercolor flower wreath;10
how to paint a watercolor christmas wreath;10
how to paint a watercolor wreath;10
kuromi clipart transparent;10
minecraft clipart transparent;10
ribbon clipart transparent;10
simple watercolor christmas wreath;10
teacher clipart png transparent;10
transparent background png clipart;10
transparent objects clipart;10
watercolor advent wreath;10
watercolor and salt wreath;10
watercolor wreath border;10
watercolor wreath easy;10
watercolor wreath fall;10
watercolor wreath simple;10
green watercolor leaves background;10
green watercolor wreath;10
how to draw leaves watercolor;10
how to draw leaves with watercolor;10
how to make leaves with watercolor;10
rose watercolor wreath;10
simple watercolor leaves;10
sunflower wreath watercolor;10
watercolor branches and leaves;10
watercolor christmas leaves;10
watercolor eucalyptus leaves png;10
watercolor floral wreath png;10
watercolor flower wreath tutorial;10
watercolor greenery wreath;10
watercolor laurel wreath;10
watercolor lavender wreath;10
watercolor leaves autumn;10
watercolor leaves card;10
watercolor leaves corner;10
watercolor leaves design;10
watercolor leaves drawing;10
watercolor leaves easy;10
watercolor leaves for beginners;10
watercolor leaves frame;10
watercolor leaves illustration;10
watercolor leaves invitation;10
watercolor leaves wreath;10
watercolor wreath salt;10
watercolor leaves png transparent;10
watercolor leaves procreate;10
watercolor leaves step by step;10
watercolor leaves transparent;10
watercolor leaves vector;10
watercolor magnolia leaves;10
watercolor painting using leaves;10
watercolor background abstract;10
watercolor background animation;10
watercolor background beige;10
watercolor background black;10
watercolor background black and white;10
watercolor background blue and pink;10
watercolor background blue and yellow;10
watercolor background blue green;10
watercolor background border;10
watercolor background calligraphy;10
watercolor background canva;10
watercolor background cards;10
watercolor background christmas;10
watercolor background circle;10
watercolor background colorful;10
watercolor background dark blue;10
watercolor background drawing;10
watercolor background easy;10
watercolor background effect;10
watercolor background fall;10
watercolor background for calligraphy;10
watercolor background for invitation;10
watercolor background for quotes;10
watercolor background forest;10
watercolor background frame;10
watercolor background galaxy;10
watercolor background gold;10
watercolor background gray;10
watercolor background how to;10
watercolor background iphone;10
watercolor eucalyptus leaf background;10
watercolor spring flowers background;10
art journal watercolor background;10
background using watercolor;10
calligraphy quotes with watercolor background;10
starry night watercolor background;10
watercolor background 4k;10
watercolor background invitation;10
watercolor background leaves;10
watercolor background light;10
watercolor background light blue;10
watercolor background mandala;10
watercolor background mandala art;10
watercolor background multicolor;10
watercolor background neutral;10
watercolor background ombre;10
watercolor background on canvas;10
watercolor background phone;10
watercolor background photoshop;10
watercolor background pink and blue;10
watercolor background plain;10
watercolor background portrait;10
watercolor background procreate;10
watercolor background quotes;10
watercolor background rainbow;10
watercolor background scenery;10
watercolor background sky;10
watercolor background splash;10
watercolor background summer;10
watercolor background tattoo design;10
watercolor background teal;10
watercolor background template;10
watercolor background vertical;10
watercolor background video;10
watercolor background violet;10
watercolor background white;10
watercolor background with flowers;10
watercolor background with gold;10
watercolor background with quotes;10
watercolor background with sketch pen;10
watercolor unicorn background;10
yellow orange watercolor background;10
clipart de pastel;10
pastel boho rainbow clipart;10
pastel clipart flowers;10
pastel ice cream clipart;10
pastel ice cream cone clipart;10
watercolor greenery frame;10
watercolor greenery wedding invitations;10
watercolor pastel rainbow clipart;10
easy watercolor roses for beginners;10
elephant nursery clipart;10
free nursery clipart;10
jack and jill nursery rhyme clipart;10
loose watercolor roses tutorial;10
nursery animal clipart;10
nursery clipart black and white;10
nursery clipart free;10
nursery rhyme characters clipart;10
nursery word clipart;10
plant nursery clipart;10
watercolor roses for beginners;10
watercolor roses frame;10
woodland nursery clipart;10
how to watercolor paint birds;10
loose watercolor birds tutorial;10
love birds drawing watercolor;10
watercolor birds in flight;10
watercolor birds in sky;10
rustic watercolor background;10
rustic watercolor wedding invitations;10
watercolor spring art;10
watercolor spring bouquet;10
watercolor spring cards;10
watercolor spring florals;10
watercolor spring flowers easy;10
watercolor spring wallpaper;10
woodland animals watercolor clipart;10
spring flowers watercolor tutorial;10
watercolor autumn animals;10
watercolor autumn background;10
watercolor autumn leaves background;10
watercolor spring landscape paintings;10
watercolor spring landscape tutorial;10
watercolor spring wreath;10
autumn watercolor painting ideas;10
watercolor autumn landscape tutorial;10
watercolor autumn leaves tutorial;10
watercolor autumn trees tutorial;10
watercolor autumn tutorial;10
watercolor winter art;10
watercolor winter berries;10
watercolor winter cabin;10
watercolor winter deer;10
watercolor winter easy;10
watercolor winter foliage;10
watercolor winter hat;10
watercolor winter landscape easy;10
watercolor winter trees tutorial;10
merry christmas watercolor clipart;10
tim holtz winter watercolor 2;10
watercolor halloween cat;10
watercolor winter ideas;10
watercolor winter images;10
watercolor winter mountains;10
watercolor winter night;10
watercolor winter painting ideas;10
watercolor winter scenes easy;10
watercolor winter sunset;10
watercolor winter tree painting;10
watercolor winter tutorial;10
watercolor winter wallpaper;10
halloween watercolor drawing;10
halloween watercolor painting easy;10
how to paint pumpkins in watercolor;10
how to paint watercolor pumpkins;10
how to watercolor mushrooms;10
how to watercolor pumpkins;10
loose watercolor pumpkins;10
painting pumpkins watercolor;10
pumpkins in watercolor;10
watercolor halloween card ideas;10
watercolor halloween costume;10
watercolor halloween pictures;10
watercolor halloween tutorial;10
watercolor halloween wallpaper;10
watercolor painting ideas halloween;10
watercolor butterflies background;10
watercolor butterflies coffee filters;10
watercolor butterflies easy;10
watercolor butterflies images;10
watercolor butterflies png;10
watercolor paintings of mushrooms;10
whimsical frame clipart;10
whimsical house clipart;10
whimsical santa clipart;10
whimsical sun clipart;10
aesthetic drawing ideas watercolor;10
aesthetic drawing watercolor;10
aesthetic watercolor art easy;10
aesthetic watercolor easy;10
farm animals watercolor clipart;10
sea animals watercolor painting;10
watercolor farm animals png;10
watercolor painting ideas aesthetic;10
watercolor sea animals clipart;10
watercolor wallpaper aesthetic;10
aesthetic watercolor jellyfish;10
aesthetic watercolor landscape;10
aesthetic watercolor painting background;10
aesthetic watercolor painting easy;10
aesthetic watercolor painting flowers;10
aesthetic watercolor painting ideas easy;10
aesthetic watercolor painting scenery;10
aesthetic watercolor stickers;10
aesthetic watercolor wallpaper desktop;10
how to paint houses in watercolor;10
easy watercolor paintings mountains;10
how to make mountains with watercolor;10
how to watercolor mountains easy;10
watercolor foggy mountains;10
watercolor landscape with mountains;10
watercolor mountains and lake;10
watercolor mountains beginner;10
watercolor mountains for beginners;10
watercolor mountains how to;10
watercolor mountains night;10
watercolor mountains step by step;10
watercolor mountains tutorial easy;10
watercolor painting ideas mountains;10
watercolor rocky mountains;10
autumn leaves watercolor png;10
bird watercolor png;10
boho rainbow watercolor;10
cat watercolor png;10
earth watercolor png;10
easter watercolor png;10
elephant watercolor png;10
green watercolor splash png;10
happy birthday watercolor png;10
hello kitty watercolor png;10
house watercolor png;10
hydrangea watercolor png;10
lion watercolor png;10
mermaid watercolor png;10
navy blue watercolor flowers png;10
olive branch watercolor png;10
orange watercolor flowers png;10
orchid watercolor png;10
owl watercolor png;10
peacock watercolor png;10
ribbon watercolor png;10
sky watercolor png;10
watercolor christmas png free;10
watercolor flowers png free download;10
watercolor globe png;10
watercolor png background;10
watercolor png black;10
watercolor png blue;10
watercolor png flower;10
watercolor png green;10
watercolor png orange;10
watercolor png pink;10
watercolor png purple;10
watercolor png yellow;10
watercolor tropical flowers png;10
blue watercolor transparent;10
flower watercolor transparent background;10
pink watercolor roses png;10
rainbow watercolor png;10
rose watercolor png;10
transparent watercolor background;10
transparent watercolor butterfly;10
transparent watercolor drawing;10
transparent watercolor flowers tutorial;10
transparent watercolor leaves;10
transparent watercolor palette;10
transparent watercolor sunflower;10
tree png top view watercolor;10
unicorn watercolor png;10
watercolor brush vector png;10
watercolor bundles;10
watercolor flower border frame transparent;10
watercolor png red;10
watercolor splash transparent;10
watercolor stain png;10
watercolor trees top view png;10
watercolor turtle png;10
watercolor yellow flowers png;10
yellow watercolor splash png;10
burgundy watercolor flowers png;10
free printable watercolor wall art;10
leaves png watercolor;10
pastel watercolor background png;10
pastel watercolor flowers png;10
pastel watercolor splash png;10
printable watercolor wall art;10
red watercolor flowers png;10
watercolor boho clipart;10
watercolor floral border clipart;10
watercolor floral clipart free;10
watercolor floral wreath clipart;10
watercolor flower print fabric;10
watercolor flowers blue png;10
watercolor flowers png free;10
watercolor forest animals clipart;10
watercolor green leaves png;10
watercolor purple flowers png;10
watercolor tropical leaves png;10
winter watercolor png;10
woodland watercolor clipart;10
yellow watercolor flowers png;10
cute pastel png;10
globos rosa pastel png;10
pastel de cumpleaños png;10
pastel de cumpleaños png sin fondo;10
pastel heart emoji png;10
pastel logo png;10
pastel png aesthetic;10
pastel png animado;10
pastel png dibujo;10
pastel png transparent;10
pastel rainbow heart png;10
watercolor floral art prints;10
circulo rosa pastel png;10
pastel png sin fondo;10
pastel png vector;10
hand drawn watercolor flowers;10
hand painted flowers png;10
watercolor landscapes;8
watercolor background;6
wedding clipart;6
wedding cliparts;6
watercolor backgrounds;6
watercolor birds;3
watercolor mountains;3
watercolor roses;3
wedding rings clipart;3
roses in watercolor;3
watercolor of roses;3
watercolor of birds;3
butterflies in watercolor;3
watercolor paintings of butterflies;3
mountains in watercolor;3
watercolor of mountains;3
watercolor paintings mountains;3
watercolor paintings of mountains;3
watercolor animals;2
watercolor pumpkins;2
watercolor flowers easy;2
watercolor flowers paintings;2
watercolor paintings of pumpkins;2
watercolor paintings of landscapes;2
watercolor houses;1
watercolor mushrooms;1
watercolor leaves;1
transparent clipart;1
watercolor floral clipart;1
watercolor flowers clipart;1
watercolor halloween;1
watercolor flowers tutorial;1
watercolor flowers background;1
watercolor flowers tattoo;1
leaves in watercolor;1
watercolor leaves fall;1
watercolor painting autumn leaves;1
transparent heart clipart;1
fall leaves watercolor;1
watercolor background floral;1
watercolor autumn leaf;1
watercolor autumn leaves;1
autumn leaves in watercolor;1
halloween watercolor;1
houses in watercolor;1
watercolor florida houses;1
watercolor houses paintings;1
painting houses in watercolor;1
watercolor landscapes easy;1
watercolor painting of houses;1
alcohol ink sublimation;0
baby shower clipart;0
commercial use watercolor;0
watercolor clipart bundle;0
watercolor graphics bundle;0
gym watercolor clipart;0
watercolor baby elephant clipart;0
watercolor clipart etsy;0
watercolor clipart school;0
watercolor halloween clipart free;0
easy watercolor animals for kids;0
watercolor woodland animals nursery;0
botanical clipart png;0
sublimation clipart png;0
rustic watercolor;0
watercolor fashion clipart;0
soft watercolor png;0
vibrant watercolor clipart;0
watercolor alphabet png;0
watercolor numbers clipart;0
watercolor floral frames;0
aquarelle clipart;0
watercolor illustration png;0
watercolor sublimation png;0
watercolor tumbler design;0
sublimation watercolor clipart;0
watercolor scrapbooking;0
junk journal watercolor;0
botanical watercolor clipart;0
watercolor pets png;0
watercolor wildlife png;0
aquarelle animals;0
aesthetic watercolor clipart;0
rustic watercolor png;0
soft watercolor elements;0
delicate watercolor art;0
watercolor frames png;0
watercolor borders clipart;0
watercolor textures png;0
watercolor shapes clipart;0
watercolor objects png;0
isolated watercolor png;0
watercolor baby clipart;0
watercolor nature clipart;0
watercolor landscapes png;0
watercolor summer png;0
watercolor winter png;0
watercolor magic clipart;0
watercolor fantasy png;0
watercolor sweets clipart;0
beautiful watercolor png;0
elegant watercolor clipart;0
watercolor design elements;0
watercolor invitations clipart;0
hand painted watercolor png;0
digital watercolor clipart;0
creative watercolor png;0
soft pastel graphics;0
pastel sublimation png;0
pastel background transparent;0
hand drawn watercolor;0
painted elements png;0
hand painted floral clipart;0
hand painted animals png;0
gouache clipart;0
gouache png;0
gouache floral elements;0
painted brush strokes png;0
alcohol ink clipart;0
alcohol ink background transparent;0
soft aesthetic clipart;0
dreamy clipart png;0
ethereal floral png;0
delicate pastel clipart;0
vintage pastel png;0
color wash transparent;0
painted textures png;0
pastel nursery clipart;0
soft colors png;0
pastel boho clipart;0
watercolor and ink clipart;0
fine art clipart png;0
artistic floral png;0
pastel wedding clipart;0
soft painted graphics;0
handcrafted clipart png;0
brush painted clipart;0
painted botanicals png;0
pastel abstract png;0
light color clipart;0
painted baby shower png;0
pastel woodland animals;0
hand painted seamless pattern;0
dreamy pastel background;0
soft glow clipart;0
painted shapes png;0
watercolor clipart vintage;0
watercolor clipart set;0
watercolor clipart winter;0
watercolor clipart wedding;0
watercolor clipart birthday;0
watercolor clipart princess;0
watercolor paint brush clipart;0
purple butterfly clipart watercolor;0
cute farm watercolor clipart;0
pencil watercolor clipart;0
watercolor rose floral clipart frame;0
watercolor fairy garden clipart;0
watercolor clipart autumn;0
watercolor clipart aesthetic;0
air transport watercolor clipart;0
ariel watercolor clipart;0
bride and groom watercolor clipart;0
alice in wonderland clipart watercolor;0
watercolor artist clipart;0
polar bear watercolor clipart;0
watercolor clipart butterfly;0
watercolor clipart background;0
watercolor clipart baby;0
watercolor clipart birds;0
watercolor clipart beach;0
watercolor clipart blue;0
watercolor clipart bow;0
watercolor clipart cat;0
watercolor clipart collage;0
watercolor clipart disney;0
watercolor clipart drinks;0
donald duck watercolor clipart;0
daisy clipart watercolor;0
dragon watercolor clipart;0
watercolor christmas decor clipart;0
baby dino watercolor clipart;0
daisy duck watercolor clipart;0
watercolor clipart easter;0
watercolor egg clipart;0
elsa watercolor clipart;0
watercolor fairy tale clipart blue fairytale castle clipart - etsy;0
elsa frozen watercolor clipart;0
earth watercolor clipart;0
watercolor clipart food;0
watercolor clipart family;0
watercolor clipart fruit;0
watercolor clipart fall;0
vintage floral watercolor clipart;0
watercolor clipart girl;0
watercolor clipart garden;0
watercolor gardening clipart;0
green watercolor flowers clipart wedding;0
golf watercolor clipart;0
grapes watercolor clipart;0
watercolor clipart halloween;0
house clipart watercolor;0
watercolor honey bee clipart;0
hello kitty watercolor clipart;0
watercolor hippo clipart;0
hydrangea watercolor clipart;0
hibiscus watercolor clipart;0
watercolor christmas house clipart;0
watercolor clipart images;0
italy clipart watercolor;0
monster inc clipart watercolor;0
monsters inc watercolor clipart;0
free watercolor clipart vintage images;0
watercolor clipart flowers wedding invitations;0
watercolor illustration clipart;0
bride clipart illustrations watercolor;0
watercolor christmas clipart illustrations;0
island watercolor clipart;0
june watercolor clipart;0
watercolor juice clipart;0
fourth of july watercolor clipart;0
jesus watercolor clipart;0
jungle animals watercolor clipart;0
watercolor mason jar clipart;0
japanese watercolor clipart;0
watercolor clipart kids;0
watercolor clipart kitchen;0
kitten watercolor clipart;0
kid watercolor clipart;0
watercolor knitting clipart;0
koala clipart watercolor;0
lion king watercolor clipart;0
kuromi watercolor clipart;0
kindergarten clipart watercolor;0
watercolor clipart letters;0
buzz lightyear watercolor clipart;0
watercolor lady clipart;0
lilac watercolor clipart;0
london watercolor clipart;0
lemons watercolor clipart;0
little prince clipart watercolor;0
watercolor clipart mermaid;0
moana clipart watercolor;0
watercolor mickey clipart;0
minnie watercolor clipart;0
watercolor music notes clipart;0
mediterranean watercolor clipart;0
mouse watercolor clipart;0
music clipart watercolor;0
martini watercolor clipart;0
math watercolor clipart;0
watercolor clipart nature;0
nativity scene watercolor clipart;0
watercolor nursery clipart;0
new year watercolor clipart;0
finding nemo watercolor clipart;0
watercolor floral alphabet number clipart;0
nemo watercolor clipart;0
watercolor christmas ornaments clipart;0
octopus watercolor clipart;0
watercolor oranges clipart;0
orchid watercolor clipart;0
ostern clipart watercolor;0
watercolor outer space clipart;0
cake on stand watercolor clipart;0
office watercolor clipart;0
watercolor clipart preppy;0
watercolor clipart plants;0
watercolor peonies clipart;0
purple flower watercolor clipart;0
pool watercolor clipart;0
queen watercolor clipart;0
quail watercolor clipart;0
watercolor road clipart;0
watercolor red barn clipart;0
roses watercolor clipart;0
watercolor rose floral clipart;0
rapunzel watercolor clipart;0
roadtrip watercolor clipart;0
rabbit watercolor clipart;0
high resolution & fine watercolor clipart;0
race cars watercolor clipart;0
red flowers watercolor clipart;0
watercolor clipart summer;0
watercolor clipart spring;0
watercolor clipart star;0
watercolor clipart seasons;0
watercolor stop sign clipart;0
squirrel watercolor clipart;0
sweet christmas watercolor clipart;0
watercolor scissors clipart;0
watercolor clipart toy story;0
watercolor clipart tree;0
teacher clipart watercolor;0
watercolor blue teddy bear clipart;0
tractor watercolor clipart;0
taylor swift watercolor clipart;0
underwater watercolor clipart;0
undersea watercolor clipart;0
usa watercolor clipart;0
watercolor under the sea clipart;0
baby unicorn watercolor clipart;0
watercolor clipart vintage botanical;0
vintage christmas watercolor clipart;0
watercolor vineyard clipart;0
volcano watercolor clipart;0
watercolor vase clipart;0
valentines day watercolor clipart;0
watercolor vintage books library clipart;0
watercolor volleyball clipart;0
watercolor clipart woodland animals;0
xmas watercolor clipart;0
yoga clipart watercolor;0
watercolor new york clipart;0
yellow watercolor flower clipart;0
zootopia watercolor clipart;0
zebra watercolor clipart;0
2026 watercolor clipart;0
free floral clipart png;0
floral design clipart png;0
frame leaves floral clipart png vector element;0
16 png dog clipart, funny puppy floral pet kids sublimation cartoon nursery illustration;0
floral border wedding clipart png;0
watercolor floral clipart png;0
wedding floral clipart png;0
watercolor animals paintings;0
watercolor animals simple illustrations;0
watercolor animals illustration;0
watercolor animals simple tutorial;0
watercolor animals for kids;0
watercolor animals easy how to paint;0
baby animals watercolor;0
watercolor drawing easy simple animals;0
ocean animals watercolor painting easy;0
watercolor baby animals easy;0
watercolor australian animals;0
watercolor animals in love;0
watercolor sea animals tattoo;0
watercolor animals deer;0
watercolor easy sea animals;0
watercolor painting of cute animals;0
watercolor animals aesthetic;0
watercolor animals abstract;0
watercolor animals and flowers;0
watercolor animals autumn;0
watercolor animals andrea nelson;0
watercolor animals and plants;0
watercolor animals and nature;0
watercolor animals baby;0
watercolor animals birthday;0
watercolor animals bunny;0
watercolor animals bird;0
watercolor animals birthday card;0
watercolor animals blue;0
watercolor animals bear;0
watercolor animals background;0
watercolor animals beginner;0
watercolor animals butterfly;0
watercolor animals baby room;0
watercolor animals black and white;0
watercolor animals christmas;0
watercolor animals cartoon;0
watercolor animals cow;0
watercolor animals colorful;0
watercolor animals card;0
watercolor animals cute easy;0
watercolor animals collage;0
watercolor animals cute watercolour;0
watercolor animals canva;0
watercolor animals cat and dog;0
watercolor animals dog;0
watercolor animals duck;0
watercolor animals doing human things;0
watercolor animals drinking;0
watercolor animals design;0
watercolor animals dancing;0
digital watercolor illustrations animals;0
cute animals drawing watercolor;0
watercolor art animals deer;0
watercolor animals easy for kids;0
watercolor animals easy lion;0
watercolor animals easy tutorial;0
watercolor animals easy cute;0
watercolor animals easy cow;0
watercolor animals easy simple;0
watercolor animals eating;0
watercolor animals eyes;0
watercolor animals funny;0
watercolor animals forest;0
watercolor animals farm;0
watercolor animals fish;0
watercolor animals for baby room;0
watercolor animals family;0
watercolor animals for children;0
watercolor animals flamingo;0
watercolor animals free printable;0
watercolor animals giraffe;0
watercolor animals goat;0
watercolor animals goose;0
watercolor animals green;0
animals in glasses watercolor;0
good morning watercolor cute animals;0
watercolor garden animals;0
watercolor animals with glasses;0
ghost animals watercolor;0
watercolor group of animals;0
watercolor art animals giraffe;0
watercolor animals horse;0
watercolor animals hard;0
watercolor animals how to;0
watercolor animals halloween;0
watercolor animals hedgehog;0
animals hugging watercolor;0
watercolor animals birthday hat;0
watercolor paintings animals hard;0
how to watercolor sea animals;0
watercolor animals with hats;0
watercolor animals ideas;0
watercolor animals in clothes;0
watercolor animals in forest;0
watercolor animals in winter;0
watercolor animals in the rain;0
watercolor animals in nature;0
watercolor animals inspiration;0
watercolor animals invitation;0
watercolor animals jellyfish;0
watercolor animals jungle;0
watercolor baby jungle animals;0
watercolor jungle animals nursery art;0
japanese watercolor animals;0
cute jungle animals watercolor;0
jungle animals watercolor illustration;0
watercolor jungle animals png;0
watercolor sea animals jellyfish;0
watercolor animals kids;0
watercolor animals kissing;0
watercolor art animals for kids;0
cute watercolor animals kawaii;0
watercolor astronaut animals wallpaper for kids room;0
watercolor art kids animals;0
watercolor sea animals kids;0
kawaii animals watercolor;0
watercolor kids illustration animals;0
animals for kids watercolor;0
kids watercolor painting ideas animals;0
watercolor animals love;0
watercolor animals lion;0
watercolor animals landscape;0
watercolor animals ladybug;0
land animals watercolor;0
watercolor cute animals in love;0
little watercolor animals;0
watercolor landscapes with animals;0
watercolor farm animals landscape;0
landscape watercolor with animals;0
loose watercolor paintings animals;0
watercolor animals mouse;0
watercolor animals mom and baby;0
watercolor animals monkey;0
watercolor mini animals;0
miniature watercolor paintings animals;0
marine animals watercolor;0
mother and baby animals watercolor;0
watercolor sea animals with masking fluid;0
mothers day watercolor cards animals;0
mothers day watercolor animals;0
watercolor mosaic animals;0
watercolor animals nature;0
watercolor art nature animals;0
watercolor forest animals nursery;0
andrea nelson watercolor animals;0
watercolor sea animals nursery;0
watercolor nursery art animals;0
forest animals watercolor woodland nursery;0
nature watercolor paintings animals;0
watercolor animals ocean;0
watercolor animals otter;0
watercolor animals owl;0
watercolor animals octopus;0
watercolor ocean animals cute;0
watercolor paintings of animals wildlife;0
watercolor sea animals ocean;0
watercolor painting of sea animals;0
watercolor of forest animals;0
wet on wet watercolor animals;0
watercolor animals party;0
wedding clipart bengali;0
wedding clipart cdr;0
wedding clipart kalash;0
wedding clipart png colour;0
baby shower animal clipart;0
baby shower clipart black and white;0
baby shower clipart boy;0
baby shower clipart free;0
baby shower clipart girl;0
baby shower clipart images;0
baby shower clipart png;0
baby shower invitation clipart;0
elephant baby shower clipart;0
urdu wedding clipart;0
winnie the pooh baby shower clipart;0
woodland baby shower clipart;0
boho watercolor palette;0
watercolor flowers guide;0
watercolor animals pattern;0
watercolor animals penguin;0
watercolor animals panda;0
watercolor animals printables;0
watercolor animals paint;0
watercolor animals poster;0
watercolor animals pictures;0
watercolor animals playing;0
watercolor animals peeking;0
quick watercolor animals;0
quirky animals watercolor;0
watercolor animals realistic;0
watercolor animals reading;0
watercolor animals rabbit;0
watercolor animals red;0
watercolor animals red panda;0
watercolor resist animals;0
realistic watercolor paintings animals;0
rainforest animals watercolor;0
watercolor animals step by step;0
watercolor animals sea;0
watercolor animals simple cat art;0
watercolor animals simple step by step;0
watercolor animals simple beautiful;0
watercolor animals safari;0
watercolor animals sketch;0
watercolor animals stickers;0
watercolor animals simple cow;0
watercolor animals tutorial step by step;0
watercolor animals tattoo;0
watercolor animals tiger;0
watercolor animals turtle;0
watercolor animals together;0
watercolor forest animals tutorial;0
watercolor art two animals;0
watercolor step by step tutorials animals;0
under water animals watercolor;0
underwater animals watercolor art;0
under the sea watercolor animals;0
unique watercolor paintings ideas animals;0
watercolor underwater animals;0
underwater animals watercolor painting;0
watercolor animals video;0
watercolor animals valentines;0
vintage animals watercolor;0
watercolor valentine animals;0
valentines day watercolor animals;0
valentines cards watercolor animals;0
watercolor valentine cards animals;0
watercolor children illustration vintage animals;0
watercolor animals wallpaper;0
watercolor animals winter;0
watercolor animals with balloons;0
watercolor animals with flowers;0
watercolor animals whimsical;0
watercolor animals with background;0
watercolor animals woodland;0
watercolor animals with pen;0
watercolor animals with party hats;0
watercolor animals with clothes;0
xmas animals watercolor;0
watercolor zentangle animals;0
watercolor zoo animals paintings;0
watercolor baby zoo animals;0
2 animals watercolor;0
3 animals watercolor;0
big 5 animals watercolor;0
wedding clipart free download printable;0
wedding clipart free png;0
wedding clipart png background;0
hindu wedding couple clipart black and white;0
pink wedding clipart;0
wedding mahal clipart;0
girl wedding clipart;0
wedding invitation background clipart;0
wedding god clipart;0
wedding clipart aesthetic;0
autumn wedding clipart;0
clipart wedding clip art;0
sikh wedding couple clipart black and white;0
indian wedding clipart containing bride and groom;0
wedding aisle clipart;0
wedding cake clipart clip art;0
wedding clipart black;0
wedding clipart black & white;0
wedding clipart box design;0
wedding clipart barat;0
wedding clipart bride;0
wedding clipart clip art free printable;0
wedding clipart canva;0
wedding clipart corner;0
wedding clipart colorful;0
wedding clipart drawing;0
wedding clipart dil;0
wedding clipart dulha dulhan;0
wedding clipart dulha;0
wedding dance clipart;0
wedding dancing clipart;0
indian wedding decoration clipart;0
indian wedding dinner clipart;0
wedding guest dress clipart;0
wedding clipart english;0
wedding clipart elephant;0
elegant wedding clipart;0
eucalyptus wedding clipart;0
wedding events clipart;0
wedding entrance clipart;0
elephant clipart for wedding card;0
wedding rings engagement clipart;0
marathi wedding elements clipart;0
wedding clipart free vector graphics;0
wedding clipart free printables clip art;0
wedding clipart floral;0
wedding clipart free cdr;0
wedding clipart free download pink;0
wedding clipart flower girl;0
wedding clipart ganpati;0
wedding clipart green;0
wedding clipart golden;0
wedding clipart groom;0
gujrati wedding clipart;0
girl indian wedding shoes clipart;0
indian wedding garland clipart;0
wedding clipart hd png;0
wedding clipart heart;0
wedding clipart haldi;0
hindu wedding clipart black;0
hijab wedding clipart;0
wedding card clipart hindu;0
hindu wedding thali clipart;0
homecoming wedding couple clipart;0
wedding clipart invitation;0
wedding clipart icon;0
wedding clipart islamic;0
wedding clipart ideas;0
indian wedding clipart png transparent;0
wedding invites clipart;0
wedding invitation text clipart;0
jesus wedding clipart;0
wedding jaggo clipart;0
wedding card jhumar clipart;0
jai bhim wedding clipart;0
ganesh ji wedding clipart;0
wedding clipart kannada;0
wedding clipart kids;0
radha krishna wedding clipart;0
indian wedding knot clipart;0
kandian wedding couple clipart;0
wedding couple kissing clipart;0
kashi yatra wedding clipart;0
kerala wedding clipart;0
krishna wedding clipart;0
kerala hindu wedding clipart;0
wedding clipart line;0
wedding clipart logo png;0
sri lankan wedding couple clipart;0
love clipart wedding;0
indian wedding lunch clipart;0
wedding card line clipart;0
wedding logo design clipart;0
wedding clipart muslim;0
wedding clipart marathi;0
wedding clipart multicolor;0
mountain wedding clipart;0
precious moments wedding clipart;0
muslim wedding clipart free;0
malay wedding clipart;0
wedding murugan clipart;0
god murugan wedding clipart;0
muslim wedding cards clipart;0
muslim wedding card design clipart;0
wedding clipart name;0
wedding name plate clipart;0
wedding card name box clipart;0
shadi card matter in use this clipart for wedding card, invitation clipart name box 1;0
wedding card name clipart;0
new wedding clipart black & white;0
wedding clipart outline;0
wedding outfit clipart;0
wedding oorvalam clipart;0
wedding guest outfit clipart;0
clipart of wedding;0
bride and groom indian wedding outfit clipart;0
groom on horse indian wedding clipart;0
odia wedding clipart;0
indian wedding outfits clipart wallpaper image side;0
clipart wedding ring on a finger;0
wedding clipart png black;0
wedding clipart purple;0
wedding clipart party;0
wedding pagdi clipart;0
wedding quote clipart;0
wedding clipart quotes and calligraphy text in png;0
wedding clipart red;0
wedding clipart ring;0
wedding clipart round;0
wedding ring ceremony clipart;0
wedding clipart shubh vivah;0
wedding clipart sang;0
wedding clipart shape;0
wedding clipart swastik;0
wedding clipart stickers;0
wedding clipart swagat;0
sister wedding clipart;0
wedding sang clipart png;0
wedding clipart text;0
wedding clipart tamil;0
wedding title clipart;0
wedding thamboolam clipart;0
wedding bhojan thali clipart;0
wedding urvalam clipart;0
wedding umbrella clipart;0
up wedding clipart;0
urdu wedding card clipart;0
wedding clipart vintage;0
wedding vidai clipart;0
vintage wedding cake clipart;0
wedding varghodo clipart;0
victorian wedding clipart;0
wedding clipart watercolor;0
wedding clipart whimsical;0
yellow wedding clipart;0
yoruba wedding family entrance clipart;0
1st wedding anniversary clipart;0
3 tier wedding cake clipart;0
32nd wedding anniversary clipart;0
wedding 3d clipart;0
50 wedding anniversary clipart;0
60th wedding clipart;0
baby shower clipart free printable;0
baby shower clipart clip art;0
baby shower clipart marathi;0
baby shower clipart background;0
baby shower clipart printable;0
baby shower clipart green;0
baby shower clipart for girl;0
boho baby shower clipart;0
pumpkin baby shower clipart;0
baby shower moon clipart;0
baby shower image clipart;0
mexican baby shower clipart;0
baby boy baby shower clipart;0
baby shower boy girl clipart;0
baby shower decorations clipart;0
baby shower bunny clipart;0
winter baby shower clipart;0
baby boy and girl shower clipart png;0
baby shower airplane theme clipart;0
hot air balloon baby shower theme clipart;0
baby shower boy and girl clipart;0
baby shower clipart blue;0
toile de jouy baby shower clipart;0
baby shower dress clipart;0
dinosaur baby shower clipart;0
baby shower mom dad clipart;0
duck baby shower clipart;0
baby shower elements clipart;0
fall baby shower clipart;0
baby shower boy clipart free printables;0
cute baby girl for baby shower clipart set;0
baby shower clipart free printable templates;0
girl baby shower clipart purple;0
goose baby shower clipart;0
baby shower boy or girl clipart;0
locally grown baby shower clipart;0
silly goose baby shower clipart;0
silly goose baby shower theme clipart;0
baby shower clipart hd;0
baby shower he or she clipart;0
hello kitty baby shower clipart;0
here comes the son baby shower clipart;0
honey bee baby shower clipart;0
halloween baby shower clipart;0
baby shower clipart indian;0
baby shower ideas clipart;0
baby shower krishna clipart;0
lavender baby shower clipart;0
lemon baby shower clipart;0
little pumpkin baby shower clipart;0
cielito lindo baby shower clipart;0
baby shower lady clipart;0
baby shower clipart mom to be;0
baby shower mother clipart;0
baby shower niño clipart;0
gender neutral baby shower clipart;0
neutral baby shower clipart;0
baby shower clipart outline;0
orange baby shower clipart;0
baby shower clipart purple;0
baby shower props clipart;0
baby shower pink clipart;0
pooh baby shower clipart;0
baby shower rainbow clipart;0
peter rabbit baby shower clipart;0
baby shower round clipart;0
red baby shower clipart;0
baby shower clipart set;0
baby shower clipart twins;0
baby shower themes clipart;0
baby shower teddy bear clipart;0
baby shower toys clipart;0
teddy bear baby shower theme clipart;0
baby shower teddy clipart;0
under the sea baby shower clipart;0
vintage baby shower clipart;0
western baby shower clipart;0
baby shower women clipart;0
baby shower watercolor clipart;0
winnie pooh baby shower clipart;0
we can bearly wait baby shower clipart;0
baby shower clipart yellow;0
boho watercolor painting easy;0
boho watercolor painting inspiration;0
boho watercolor ideas;0
boho watercolor painting ideas;0
boho watercolor template;0
boho watercolor painting wall decor;0
boho watercolor painting floral;0
boho watercolor tattoo;0
boho watercolor baby clothes gender reveal;0
watercolor boho paintings;0
watercolor floral wedding invitations boho chic;0
watercolor flower boho;0
geometrical watercolor boho art;0
boho clip art watercolor flowers;0
boho watercolor art easy;0
boho watercolor art inspiration;0
watercolor paintings boho art;0
boho drawing hippie art hand drawn watercolor;0
boho art painting watercolor;0
boho chic watercolor art;0
aesthetic watercolor boho art;0
watercolor animals boho;0
boho animal watercolor;0
boho watercolor birthday card;0
boho watercolor bookmark;0
boho watercolor baby clothes;0
boho watercolor birds;0
boho watercolor baby;0
boho watercolor christmas cards;0
boho watercolor cards;0
boho watercolor christmas;0
watercolor boho chic;0
cute boho watercolor;0
boho watercolor instagram highlight covers;0
boho watercolor dress;0
boho watercolor decor;0
diy boho watercolor art;0
watercolor blue of different shades gradient boho polka dot;0
boho watercolor easy;0
easy boho watercolor paintings;0
boho watercolor florals;0
watercolor burgundy red floral rustic boho;0
boho flower bouquet watercolor;0
boho flowers watercolor png;0
watercolor burgundy red floral rustic boho wedding invitation;0
boho floral watercolor;0
boho rainbow floral watercolor;0
boho watercolor green;0
boho baby girl watercolor;0
boho girl watercolor;0
boho watercolor illustration;0
boho watercolor invitation;0
boho watercolor landscape;0
boho leaves watercolor;0
modern boho watercolor;0
watercolor boho moon;0
boho nursery watercolor;0
boho watercolor painting nursery;0
boho chic nursery watercolor;0
boho watercolor painting tutorial;0
boho style watercolor painting;0
boho rainbow watercolor painting;0
boho watercolor sun;0
simple watercolor paintings boho;0
simple watercolor boho;0
boho style watercolor;0
boho watercolor wall art;0
flowers in a vase drawing watercolor painting;0
watercolor botanical flowers illustration art;0
watercolor art for beginners step by step flowers drawing;0
watercolor flowers allover pattern;0
watercolor flowers allover;0
watercolor flowers all over design;0
watercolor flowers and hummingbirds;0
watercolor flowers bunch png;0
watercolor flowers bookmark;0
watercolor flowers background wallpapers;0
watercolor flowers black;0
watercolor flowers card easy;0
watercolor flowers collage;0
watercolor flowers canva;0
watercolor flowers cutout;0
watercolor flowers cute;0
watercolor flowers chinese;0
watercolor flowers colorful;0
watercolor flowers composition;0
watercolor flowers digital;0
watercolor flowers daman;0
watercolor flowers dark;0
watercolor flowers drawing watercolour;0
watercolor flowers daffodil;0
watercolor flowers digital art;0
watercolor flowers dahlia;0
watercolor flowers easy simple;0
watercolor flowers easy card;0
watercolor flowers elements;0
watercolor flowers envelope;0
watercolor flowers easy tulip;0
watercolor flowers easy kids;0
watercolor flowers easy painting;0
watercolor flowers easy blue;0
watercolor flowers elegant;0
watercolor flowers for kids;0
watercolor flowers full page;0
watercolor flowers forget me not;0
watercolor flowers for invitation;0
watercolor flowers fineliner;0
watercolor flowers from above;0
watercolor flowers gold;0
watercolor flowers gift card;0
watercolor flowers greeting card;0
watercolor flowers graphic;0
watercolor flowers gif;0
watercolor flowers growing;0
watercolor flowers glitter;0
watercolor flowers graphic design;0
watercolor flowers green and white;0
watercolor flowers hibiscus;0
watercolor flowers horizontal;0
watercolor flowers hanging;0
watercolor flowers highlight cover;0
watercolor flowers heart;0
watercolor flowers hortensia;0
watercolor flowers in vase easy;0
watercolor flowers individual;0
transparent clipart aesthetic;0
watercolor flowers 101;0
watercolor flowers layers;0
girl clipart transparent background;0
preppy clipart transparent;0
school clipart transparent;0
watercolor wreath diy;0
winnie the pooh clipart transparent;0
fall wreath watercolor tutorial;0
how to draw leaves in watercolor;0
tropical wreath watercolor;0
watercolor hydrangea leaves;0
watercolor leaves how to;0
watercolor realistic leaves;0
watercolor tutorial fall leaves;0
watercolor flowers in a vase paintings;0
watercolor flowers in field;0
watercolor flowers imgbb;0
watercolor flowers japanese;0
watercolor flowers jar;0
watercolor flowers jasmine;0
mason jar with flowers watercolor;0
watercolor july flowers;0
watercolor jungle flowers;0
watercolor flowers in jars;0
june watercolor flowers;0
jasmin flowers watercolor;0
watercolor jar of flowers;0
watercolor flowers kids;0
watercolor flowers kids art;0
watercolor flowers kindergarten;0
watercolor flowers kids craft;0
watercolor flowers kitchen;0
watercolor flowers for kindergarten;0
watercolor art for kids flowers;0
watercolor flowers paintings for kids;0
watercolor for kids flowers;0
kosmos flowers watercolor;0
watercolor koi fish tattoo lotus flowers;0
watercolor flowers lily;0
watercolor flowers lillies;0
watercolor flowers lotus;0
watercolor flowers line art;0
watercolor flowers lily of the valley;0
watercolor flowers letter;0
watercolor flowers leaf;0
watercolor flowers mothers day card;0
watercolor flowers mini;0
watercolor flowers messy;0
watercolor flowers motifs;0
watercolor flowers meadow;0
watercolor flowers magnolia;0
watercolor flowers macbook wallpaper;0
watercolor flowers minimal;0
watercolor flowers marigold;0
watercolor flowers no stem;0
watercolor flowers name;0
watercolor flowers neutral;0
watercolor flowers nature;0
watercolor flowers name cards;0
watercolor flowers nails tutorial;0
watercolor flowers new;0
watercolor flowers nursery;0
watercolor flowers night;0
watercolor flowers orchid;0
watercolor flowers outlined in ink;0
watercolor flowers on card;0
watercolor flowers on nails;0
watercolor flowers on vine;0
watercolor flowers on dark background;0
watercolor flowers on wall;0
watercolor flowers on pottery;0
watercolor flowers paintings tutorials;0
watercolor flowers paintings backgrounds;0
watercolor flowers paintings easy;0
watercolor flowers quote;0
watercolor flowers with q tips;0
quick watercolor paintings flowers;0
watercolor flowers with quote;0
qtip watercolor flowers;0
watercolor flowers reference;0
watercolor flowers ring;0
watercolor flowers rose tutorial;0
watercolor flowers round;0
watercolor flowers rose pink;0
watercolor flowers rainbow;0
watercolor flowers red pink;0
watercolor flowers repeat;0
watercolor flowers red rose;0
watercolor flowers simple card;0
watercolor flowers summer;0
watercolor flowers still life;0
watercolor flowers tiny;0
watercolor flowers tropical;0
watercolor flowers tutorial videos;0
watercolor flowers tut;0
watercolor flowers unique;0
watercolor umbrella with flowers;0
close up watercolor flowers;0
flowers painting using watercolor;0
watercolor tattoo for women unique flowers;0
uterus flowers watercolor;0
johnny jump up flowers watercolor;0
watercolor flowers violet;0
watercolor flowers valentines;0
watercolor flowers vase paintings;0
watercolor flowers videos tutorial;0
watercolor flowers vibrant;0
watercolor flowers variety;0
watercolor flowers very easy;0
watercolor flowers with black ink;0
watercolor flowers wallpaper iphone;0
watercolor flowers wedding invitations;0
watercolor flowers wallpaper desktop;0
watercolor flowers with background;0
watercolor xmas flowers;0
watercolor flowers yellow and orange;0
watercolor flowers yellow and pink;0
yellow and purple watercolor flowers;0
yellow flowers watercolor illustration;0
loose watercolor flowers yellow;0
yellow flowers watercolor adisorn;0
watercolor yellow flowers background;0
pink orange yellow watercolor flowers;0
simple watercolor flowers yellow;0
watercolor yellow flowers pattern;0
watercolor thank you flowers;0
zinnias flowers watercolor;0
zentangle flowers with watercolor;0
zentangle watercolor flowers;0
watercolor zinnia flowers;0
zinnia flowers watercolor painting;0
zen tangle flowers watercolor;0
zinnia flowers drawing watercolor painting;0
watercolor 2 flowers;0
watercolor flowers 2026;0
2d watercolor flowers;0
watercolor flowers set of 3;0
3 flowers watercolor;0
watercolor flowers 3d;0
watercolor flowers bouquet 3d;0
3d watercolor paper flowers;0
3 watercolor flowers;0
watercolor flowers 4k;0
4 watercolor flowers;0
5 minute watercolor flowers;0
70s watercolor flowers;0
transparent clipart hulk png;0
transparent clipart background images;0
cinnamoroll clipart transparent;0
new year clipart transparent;0
winter transparent clipart;0
ribbon decoration transparent background png clipart;0
transparent background antler clipart;0
flower clipart black and white clip art free transparent;0
purple aesthetic resources, paint computer software transparent background png clipart;0
botanical clipart transparent;0
blue clipart transparent;0
download free download spiderman clipart spider-man organism - spiderman png transparent png;0
donuts png transparent clipart image;0
deer clipart transparent;0
evil eye clipart transparent;0
football field clipart transparent background;0
hibiscus flower clipart transparent;0
grape vine clipart transparent background;0
green clipart transparent;0
gift clipart transparent;0
cute girl clipart transparent background;0
hydrangea clipart transparent;0
teacher image clipart with transparent background;0
kids clipart transparent background;0
kids clipart transparent;0
lace clipart transparent;0
laptop mockup t-shirt, barbed wire transparent background png clipart;0
cookie monster clipart transparent;0
clipart mushroom transparent background;0
super mario clipart transparent;0
one piece wanted poster, one piece wanted poster transparent background png clipart;0
transparent pngs basket clipart;0
roblox clipart png transparent;0
ribbon transparent background png clipart;0
retro clipart with transparent background;0
rosette png transparent clipart;0
pink ribbon transparent background png clipart;0
transparent scrapbook clipart;0
clipart wisconsin transparent background;0
transparent classic winnie the pooh clipart;0
y2k clipart transparent;0
21 clipart transparent;0
watercolor wreath floral;0
watercolor wreath christmas easy;0
watercolor wreath floral easy;0
watercolor christmas cards wreath;0
watercolor art christmas wreath;0
wreaths watercolor;0
watercolor winter wreaths;0
lavender flower wreath watercolor;0
valentine watercolor wreath;0
mistletoe wreath watercolor;0
watercolor wreath autumn;0
watercolor wreath art;0
autumn wreath watercolor tutorial;0
autumn leaves wreath watercolor;0
apple wreath watercolor;0
autumn wreath watercolor simple;0
watercolor a wreath;0
watercolor wreath bow;0
watercolor wreath blue;0
watercolor wreath background;0
blue flower wreath watercolor;0
watercolor bird wreath;0
watercolor boxwood wreath;0
christmas wreath with bow watercolor;0
blue watercolor floral wreath;0
watercolor blueberry wreath;0
cherry blossom wreath watercolor;0
watercolor wreath christmas cards;0
watercolor wreath christmas tutorial;0
watercolor wreath christmas simple;0
christmas floral wreath watercolor;0
watercolor christmas wreath diy;0
watercolor holiday cards wreath;0
christmas wreath watercolor card;0
door wreath watercolor;0
wreath on door watercolor;0
watercolor door with wreath;0
floral wreath drawing watercolor;0
christmas wreath drawing watercolor;0
watercolor daisy wreath;0
watercolor christmas cards diy wreath;0
wreath drawing watercolor;0
door with christmas wreath watercolor;0
christmas wreath watercolor paintings easy;0
easy watercolor fall wreath;0
easy watercolor floral wreath;0
easter egg wreath watercolor;0
watercolor vector wreath with green eucalyptus leaves and branches;0
easter flower watercolor wreath;0
easy watercolor christmas cards wreath;0
watercolor wreath floral tutorial;0
watercolor wreath floral summer;0
flower wreath watercolor simple;0
gold wreath watercolor;0
grapevine wreath watercolor;0
green leaf wreath watercolor;0
watercolor flower wreath gold;0
green floral wreath watercolor;0
watercolor wreath heart;0
watercolor wreath holly;0
valentine heart wreath watercolor;0
harvest wreath watercolor;0
watercolor flower heart wreath;0
holiday watercolor wreath;0
hydrangea wreath watercolor;0
heart shaped watercolor wreath;0
christmas cards handmade watercolor wreath;0
watercolor wreath illustration;0
wreath in watercolor;0
christmas wreath watercolor ideas;0
christmas wreath in watercolor;0
christmas wreath illustration watercolor;0
christmas card watercolor ideas wreath;0
watercolor jar wreath;0
4th of july watercolor wreath;0
january wreath watercolor;0
watercolor wreath leaf;0
olive leaf wreath watercolor;0
lemon watercolor wreath;0
lilac wreath watercolor;0
leave wreath watercolor;0
watercolor floral wreath monogram letter a;0
loose florals watercolor wreath;0
march wreath watercolor;0
mushroom wreath watercolor;0
magnolia wreath watercolor;0
merry christmas wreath watercolor;0
watercolor november wreath;0
watercolor new year wreath;0
watercolor name wreath;0
watercolor wreath on door;0
watercolor wreath of flowers;0
watercolor olive wreath;0
oval floral wreath watercolor;0
watercolor bow on wreath;0
october wreath watercolor;0
olive branch wreath watercolor;0
watercolor wreath pink;0
watercolor poinsettia wreath;0
pine wreath watercolor;0
salt watercolor painting wreath;0
watercolor pumpkin wreath;0
watercolor painting christmas wreath;0
pink watercolor flower wreath;0
pink christmas wreath watercolor;0
q tip watercolor wreath;0
red floral wreath watercolor;0
red roses wreath watercolor;0
rustic wreath watercolor;0
red christmas wreath watercolor;0
watercolor pink rose wreath;0
watercolor wreath spring;0
watercolor wreath summer;0
watercolor salt christmas wreath;0
simple fall wreath watercolor;0
watercolor wreath tutorial step by step;0
watercolor wreath thanksgiving;0
watercolor tulip wreath;0
watercolor valentines wreath;0
vintage wreath watercolor;0
watercolor vine wreath;0
watercolor wreath with bird;0
watercolor wreath winter;0
watercolor wreath wedding;0
xmas watercolor wreath;0
watercolor leaves corner border;0
botanical watercolor leaves how to paint;0
watercolor tree with leaves;0
watercolor winter leaves;0
leaves bouquet watercolor;0
tree watercolor no leaves;0
watercolor leaves allover;0
watercolor leaves abstract;0
watercolor leaves allover pattern;0
watercolor leaves and vines;0
watercolor leaves and berries;0
watercolor leaves and branches;0
watercolor leaves aesthetic;0
watercolor leaves and ladybugs;0
watercolor leaves and stems;0
watercolor leaves bunch;0
watercolor leaves blue;0
watercolor leaves bookmark;0
watercolor leaves bouquet;0
watercolor leaves brown;0
watercolor leaves branches;0
watercolor leaves banner;0
watercolor leaves craft;0
watercolor leaves circle;0
watercolor leaves canva;0
watercolor leaves colorful;0
watercolor leaves composition;0
watercolor fall leaves cards;0
watercolor leaves doodle;0
watercolor leaves digital;0
dried leaves watercolor;0
fall leaves drawing autumn watercolor;0
small watercolor leaves daman;0
easy leaf drawing watercolor leaves;0
oak leaves drawing watercolor painting;0
watercolor leaves elements;0
eucalyptus leaves watercolor illustration;0
watercolor autumn leaves easy;0
easy watercolor leaves for beginners;0
fall leaves watercolor paintings easy;0
watercolor eucalyptus leaves tutorial;0
easy watercolor paintings leaves;0
watercolor effect leaves;0
watercolor leaves falling;0
watercolor leaves for kids;0
watercolor leaves flowers;0
watercolor leaves fall kids;0
watercolor leaves for flowers;0
watercolor portraits with shadows from leaves;0
watercolor filler leaves;0
watercolor leaves green;0
watercolor leaves garland;0
blue green leaves watercolor;0
gingko leaves watercolor;0
golden leaves watercolor;0
botanical watercolor leaves green;0
geometric with leaves watercolor pattern;0
green watercolor leaves border;0
leaves on ground watercolor;0
watercolor green leaves pattern;0
hanging leaves watercolor;0
watercolor autumn leaves how to paint;0
watercolor leaves tutorial step by step how to paint;0
watercolor hibiscus leaves;0
watercolor leaves ideas;0
watercolor leaves invite;0
watercolor leaves image;0
watercolor leaves in vase;0
leaves in the wind watercolor;0
botanical illustration watercolor leaves;0
fall leaves in watercolor;0
negative space watercolor leaves;0
watercolor leaves monstera;0
watercolor leaves on the ground;0
watercolor leaves practice;0
watercolor leaves realistic;0
cute animals to watercolor;0
watercolor background diy;0
watercolor background how to make;0
watercolor background lettering;0
watercolor leaves jungle;0
jesus leaves the 99 watercolor;0
japanese maple leaves watercolor;0
jungle leaves watercolor png;0
watercolor leaves kids;0
watercolor leaves kids craft;0
autumn leaves watercolor kids;0
watercolor leaves fall art project for kids;0
watercolor leaves landscape;0
watercolor leaves motif;0
watercolor fall maple leaves;0
montesera leaves watercolor;0
matcha leaves watercolor;0
moringa leaves watercolor;0
mango leaves watercolor;0
maple leaves watercolor painting;0
watercolor leaves nails;0
watercolor fall leaves nails;0
watercolor tree with no leaves;0
nature leaves watercolor;0
nature study watercolor leaves;0
negative painting watercolor tutorials leaves;0
negative watercolor leaves;0
watercolor leaves on tree;0
watercolor leaves on ground;0
watercolor leaves outline;0
watercolor leaves on branch;0
watercolor of fall leaves;0
olive leaves watercolor art prints;0
pile of leaves watercolor;0
oak leaves and acorns watercolor;0
olive tree leaves watercolor;0
orange watercolor leaves;0
watercolor leaves preschool;0
watercolor leaves paintings easy;0
watercolor leaves printable;0
watercolor leaves purple;0
watercolor using real leaves;0
watercolor rose with leaves;0
roses leaves watercolor;0
crayon resist watercolor leaves;0
red leaves watercolor;0
watercolor roses and leaves;0
rose leaves watercolor painting;0
watercolor with real leaves;0
watercolor painting with real leaves;0
watercolor rose leaves tutorial;0
watercolor leaves simple;0
watercolor leaves shadow;0
watercolor leaves seamless pattern;0
watercolor leaves stickers;0
watercolor leaves set;0
watercolor leaves shading;0
watercolor leaves study;0
safari watercolor leaves;0
simple watercolor paintings leaves;0
simple watercolor fall leaves;0
watercolor leaves tutorial step by step;0
watercolor leaves tropical;0
watercolor leaves texture;0
watercolor leaves tutorial simple;0
watercolor leaves tree;0
watercolor leaves trail;0
watercolor art using leaves;0
watercolor using leaves;0
watercolor leaves vines;0
watercolor vine leaves;0
watercolor leaves wedding invitation;0
watercolor leaves with pen;0
watercolor leaves with gold;0
watercolor leaves with flowers;0
watercolor leaves wall art;0
yellow leaves watercolor;0
watercolor zentangle leaves;0
4 leaves clover watercolor;0
he leaves the 99 watercolor;0
leaves the 99 watercolor;0
botanical flowers bunch png clipart;0
watercolor illustrations people;0
watercolor illustrations summer sky;0
watercolor illustrations simple;0
watercolor illustrations book;0
watercolor illustrations animals;0
watercolor illustrations cute;0
watercolor illustrations kids;0
watercolor illustrations for children;0
kitchen watercolor art food illustrations;0
floral illustrations watercolor;0
christmas card art watercolor illustrations;0
watercolor character illustrations;0
baby illustrations watercolor;0
watercolor winter illustrations;0
watercolor splash background vector illustrations;0
watercolor flowers illustrations;0
birds in watercolor illustrations;0
watercolor illustrations aesthetic;0
watercolor illustrations art;0
watercolor art fashion illustrations;0
watercolor anime art illustrations;0
whimsical art illustrations watercolor painting;0
watercolor and colored pencil illustrations;0
watercolor branding illustrations;0
watercolor illustrations birthday;0
watercolor illustrations beach;0
watercolor illustrations birds;0
watercolor illustrations blue;0
story book illustrations watercolor;0
childrens book watercolor illustrations;0
botanical watercolor illustrations;0
watercolor illustrations childrens book;0
watercolor illustrations christmas;0
cup of tea watercolor illustrations;0
watercolor cat illustrations;0
children watercolor illustrations;0
cake watercolor illustrations;0
cozy watercolor illustrations;0
croquis watercolor fashion illustrations;0
watercolor illustrations digital;0
digital watercolor illustrations simple;0
digital watercolor illustrations anime;0
drawing watercolor ideas illustrations;0
birthday cake watercolor drawing art illustrations;0
marine life drawing illustrations watercolor;0
hand drawn watercolor illustrations;0
watercolor drink illustrations;0
dessert watercolor food illustrations;0
digital watercolor illustrations nature;0
digital watercolor illustrations food;0
watercolor illustrations easy;0
easter watercolor illustrations;0
elephant watercolor painting illustrations;0
food illustrations watercolor easy;0
digital watercolor illustrations easy;0
watercolor illustrations food;0
watercolor illustrations for kids;0
watercolor illustrations for beginners;0
watercolor illustrations flower;0
watercolor illustrations for books;0
watercolor illustrations forest;0
ramen watercolor food illustrations;0
meal watercolor food illustrations;0
watercolor studio ghibli illustrations;0
watercolor girl illustrations;0
watercolor ghibli illustrations;0
girly art illustrations painting watercolor;0
watercolor girl art illustrations;0
girl drawing watercolor illustrations;0
girly art illustrations watercolor;0
gouache and watercolor illustrations;0
watercolor illustrations, royalty-free vector graphics & clip art;0
green watercolor illustrations;0
watercolor girl painting illustrations;0
watercolor art girls illustrations;0
watercolor illustrations horizontal;0
watercolor house illustrations;0
red riding hood watercolor illustrations;0
happy new year watercolor illustrations;0
harry potter watercolor art illustrations;0
halloween watercolor illustrations;0
watercolor house painting illustrations;0
harry potter watercolor paintings illustrations;0
holiday illustrations watercolor;0
harry potter watercolor illustrations;0
hummingbird art drawing illustrations watercolor;0
watercolor illustrations ideas;0
japanese watercolor illustrations;0
watercolor japanese art illustrations;0
moomin illustrations tove jansson watercolor;0
watercolor sketchbook journal ideas illustrations;0
kids book illustrations watercolor;0
watercolor kids art illustrations;0
watercolor kid book illustrations;0
frida kahlo watercolor illustrations;0
watercolor illustrations landscape;0
line and wash watercolor illustrations;0
line art watercolor illustrations;0
digital watercolor illustrations landscape;0
watercolor love illustrations;0
loose watercolor illustrations;0
little prince watercolor illustrations;0
watercolor love art illustrations;0
watercolor leaf illustrations;0
minimal watercolor illustrations;0
mushroom watercolor illustrations;0
mango watercolor illustrations;0
watercolor model fashion illustrations;0
watercolor medical illustrations;0
mini watercolor illustrations;0
macaron watercolor illustrations;0
magical watercolor illustrations;0
meat watercolor illustrations;0
watercolor illustrations nature;0
neurographic art watercolor illustrations;0
nutcracker christmas watercolor illustrations;0
new year watercolor illustrations;0
watercolor illustrations of people;0
watercolor illustrations of buildings;0
watercolor owl illustrations;0
cup of tea art illustrations watercolor;0
original watercolor painting art illustrations;0
watercolor illustrations procreate;0
watercolor illustrations portrait;0
watercolor paintings illustrations;0
watercolor fish painting illustrations;0
watercolor painting food illustrations;0
pen and watercolor illustrations;0
watercolor portraits abstract illustrations;0
watercolor couple portrait illustrations;0
red watercolor illustrations;0
peter rabbit watercolor illustrations;0
watercolor red background illustrations;0
rosemary watercolor illustrations;0
red fox art illustrations watercolor painting;0
watercolor robots illustrations;0
realistic watercolor illustrations;0
sailor watercolor illustrations;0
storybook watercolor illustrations;0
snack watercolor food illustrations;0
soft watercolor illustrations;0
small watercolor illustrations;0
watercolor toys illustrations;0
watercolor travel illustrations;0
teddy bear watercolor art illustrations;0
tiny watercolor illustrations;0
tropical watercolor illustrations;0
watercolor winnie the pooh illustrations;0
teapot watercolor illustrations;0
watercolor storybook art illustrations underwater;0
watercolor veggies food illustrations;0
vintage watercolor illustrations;0
vegetables watercolor food illustrations;0
watercolor illustrations wallpaper;0
watercolor illustrations wedding;0
yoga watercolor illustrations;0
yoga drawing illustrations watercolor;0
cute watercolor animals simple;0
cute watercolor animals simple easy;0
cute watercolor animals christmas;0
cute watercolor animals birthday;0
cute watercolor animals paintings;0
cute watercolor animals couple;0
cute watercolor animals cat;0
cute watercolor art animals;0
cute watercolor baby animals;0
watercolor cute animals easy;0
cute watercolor paintings aesthetic animals;0
cute forest animals watercolor;0
watercolor art for beginners cute animals;0
cute drawings watercolor animals;0
cute watercolor drawings easy animals;0
cute watercolor ideas animals easy;0
easy watercolor paintings animals cute;0
watercolor art cute animals easy;0
cute watercolor paintings easy animals simple;0
cute family animals watercolor;0
cute farm animals watercolor;0
watercolor cartoon cute funny animals;0
pure color flowers watercolor graffiti cute animals;0
watercolor ideas cute animals;0
cute animals in watercolor;0
cute animals watercolor illustration;0
cute little animals watercolor;0
cute watercolor paintings of animals;0
cute safari animals watercolor;0
cute sea animals watercolor;0
two cute animals watercolor;0
watercolor cute animals tutorial;0
junk journal clipart collection;0
junk journal clipart black and white;0
junk journal clipart collection old vintage paper;0
clipart junk journal;0
watercolor background patterns;0
watercolor background ideas tutorial;0
blue pink purple watercolor background;0
watercolor background flower;0
watercolor paper background design;0
watercolor art background video;0
watercolor background architecture;0
watercolor background anime;0
watercolor background autumn;0
watercolor background art gcse;0
watercolor background a4 size;0
watercolor background art journal;0
watercolor background aesthetic pastel;0
watercolor background animals;0
watercolor background blue sky;0
watercolor background black drawing;0
watercolor background biru;0
watercolor background city;0
watercolor background cream;0
watercolor background clouds;0
watercolor background computer;0
watercolor background color;0
watercolor background cartoon;0
watercolor background desktop;0
watercolor background design aesthetic;0
watercolor background digital;0
watercolor background dark red;0
watercolor background design ideas;0
watercolor background drawing ideas;0
watercolor background dark green;0
watercolor background earth tones;0
watercolor background elegant;0
watercolor background earthy;0
watercolor background elements;0
watercolor background environment;0
watercolor background easter;0
watercolor background elevation;0
watercolor easter egg background;0
enchanted forest watercolor background;0
watercolor background for card;0
watercolor background for kids;0
watercolor background for letter;0
watercolor background gradient;0
watercolor background green blue;0
watercolor background green pink;0
watercolor background green and blue;0
watercolor background green brown;0
watercolor background green landscape;0
watercolor background gcse;0
watercolor background gingham;0
watercolor background horizontal;0
watercolor background house;0
watercolor background heart;0
watercolor background handmade;0
watercolor background hitam;0
watercolor background halloween;0
watercolor background hills;0
watercolor background handlettering;0
watercolor background ideas art journals;0
watercolor background ideas aesthetic;0
watercolor background illustration;0
watercolor background ideas for portrait;0
watercolor background ipad;0
watercolor background ideas simple;0
watercolor background ibis paint;0
watercolor background journal;0
watercolor background jungle;0
watercolor background jesus;0
watercolor background japan;0
watercolor background japanese;0
watercolor 4th of july background;0
jellyfish watercolor painting with background;0
watercolor jellyfish with background;0
jewel tone watercolor background;0
watercolor background for journal;0
jungle theme watercolor background;0
watercolor background kids;0
kawaii watercolor background;0
background watercolor krem;0
watercolor kitchen background;0
krishna watercolor background;0
kid watercolor background;0
khaki watercolor background;0
kindergarten watercolor background;0
background kertas watercolor;0
background kuning watercolor;0
koi fish watercolor background;0
watercolor background laptop;0
watercolor background landscape hd;0
watercolor background lines;0
watercolor background love;0
watercolor background lilac;0
watercolor background lavender;0
watercolor background letter;0
watercolor background mountain;0
watercolor background maroon;0
watercolor background minimal;0
watercolor background macbook;0
watercolor background mac;0
watercolor background making;0
watercolor background minimalist;0
watercolor background mixed media;0
watercolor background mint green flower;0
watercolor background night;0
watercolor background night sky;0
watercolor background navy;0
watercolor background nude;0
watercolor background navy blue;0
green watercolor background nature;0
natural watercolor background;0
nantucket watercolor background;0
nautical watercolor background;0
watercolor background ocean;0
watercolor background on paper;0
watercolor background one color;0
watercolor background orange and blue;0
watercolor background olive green;0
watercolor background off white;0
watercolor background olive;0
watercolor background orange brown;0
watercolor background overlay;0
high quality watercolor background;0
quotes on watercolor background;0
watercolor background quotes inspirational;0
quote watercolor background;0
quote with watercolor background;0
quote with watercolor background tattoo;0
quick watercolor background;0
watercolor background ideas for quotes;0
watercolor background reference;0
watercolor background room;0
watercolor background red and green;0
watercolor background red and blue;0
watercolor background round;0
watercolor background red orange;0
watercolor background red and black;0
watercolor background repeat;0
watercolor background royal;0
watercolor background rain;0
watercolor background simple;0
watercolor background stripes;0
watercolor background soft;0
watercolor background solid color;0
watercolor background shades;0
watercolor background square;0
watercolor background school;0
watercolor background tutorial videos;0
watercolor background tattoo ideas;0
watercolor background town;0
watercolor background under the sea;0
watercolor background ungu;0
urban background watercolor;0
undersea watercolor background;0
under water background watercolor;0
background ideas using watercolor;0
under the sea watercolor background painting;0
unique watercolor background;0
stampin up watercolor wash background;0
watercolor background vintage;0
watercolor background videos splash;0
watercolor background vibrant;0
watercolor background valentines;0
watercolor background ideas vintage;0
watercolor background ideas video;0
watercolor background wallpaper laptop;0
watercolor background wedding;0
watercolor background water;0
watercolor background wedding invitation;0
watercolor background with golden foil;0
watercolor background wallpaper summer;0
xmas watercolor background;0
watercolor background yellow and orange;0
watercolor background yellow and blue;0
watercolor background yellow green;0
watercolor background yellow and pink;0
yellow sky watercolor background;0
yellow and green watercolor background;0
watercolor art background yellow;0
yellow and white watercolor background;0
yellow and brown watercolor background;0
zootopia watercolor background;0
zentangle with watercolor background;0
zentangle on watercolor background;0
watercolor background 16:9;0
watercolor background 2 colors;0
3d watercolor background;0
blue watercolor background 4k;0
watercolor graphics canva;0
watercolor graphics christian;0
watercolor graphics design;0
pink watercolor graphics;0
floral illustration watercolor graphics;0
watercolor easter graphics;0
vintage watercolor graphics;0
watercolor summer graphics;0
watercolor fruit graphics;0
watercolor wedding graphics;0
how to paint watercolor greenery;0
how to watercolor greenery;0
pastel leaves clipart;0
pastel school supplies clipart;0
watercolor greenery art;0
watercolor greenery tutorial;0
baby nursery clipart;0
watercolor loose roses;0
watercolor roses procreate;0
green watercolor texture png;0
watercolor birds nest tutorial;0
watercolor birds of prey;0
watercolor architecture graphics;0
watercolor art graphics;0
green watercolor graphics;0
floral watercolor graphics;0
watercolor animal graphics;0
aesthetic watercolor graphics;0
architectural graphics watercolor;0
watercolor birthday graphics;0
watercolor baby graphics;0
blue watercolor graphics;0
watercolor beach graphics;0
church watercolor graphics;0
christmas graphics watercolor;0
cute watercolor graphics;0
fun watercolor graphics;0
fall watercolor graphics;0
motion graphics illustration sketch watercolor;0
motion graphics watercolor;0
watercolor style graphics;0
spring watercolor graphics;0
watercolor school graphics;0
watercolor sorority graphics;0
travel watercolor graphics;0
yellow watercolor graphics;0
watercolor greenery easy;0
watercolor greenery christmas;0
greenery watercolor paintings;0
greenery pattern watercolor;0
watercolor greenery card;0
greenery in watercolor;0
watercolor greenery texture;0
watercolor winter greenery;0
watercolor christmas cards greenery;0
watercolor greenery flowers;0
watercolor greenery simple;0
watercolor greenery and flowers;0
watercolor greenery bookmark;0
greenery drawing watercolor;0
watercolor floral greenery;0
watercolor flowers and greenery;0
watercolor holiday greenery;0
watercolor ideas greenery;0
watercolor greenery landscape;0
greenery leaves watercolor;0
loose watercolor greenery;0
simple greenery watercolor paintings;0
watercolor greenery tattoo;0
pastel clipart aesthetic;0
pastel cliparts;0
pastel clipart png;0
cute pastel clipart;0
star clipart pastel;0
pastel mickey mouse clipart;0
butterflies clipart pastel;0
pastel party hat clipart;0
pastel fall clipart;0
pastel candyland clipart;0
butterfly pastel clipart;0
pastel arrow clipart;0
pastel flowers aesthetic clipart;0
pastel animal clipart;0
clipart arcoiris pastel;0
pastel pink hot air balloon clipart;0
pastel autumn clipart;0
pastel abc blocks clipart;0
pastel apple clipart;0
pastel balloon arch clipart;0
bee clipart pastel;0
pastel blue butterfly clipart;0
pastel pink balloon clipart;0
pink pastel balloons clipart;0
pastel ballons clipart;0
pastel purple butterfly clipart;0
pastel blue bow clipart;0
pastel dessert clipart;0
donut clipart pastel;0
pastel dino clipart;0
pastel donuts clipart;0
rebanada de pastel clipart;0
pastel de nata clipart;0
clipart pastel de cumpleaños;0
pastel daisy clipart;0
easter clipart pastel;0
pastel pink flowers clipart;0
pastel fairy clipart;0
blue flower pastel clipart;0
pastel colored flowers clipart;0
pastel frame clipart;0
pastel flower bouquet clipart;0
pastel yellow flower clipart;0
pastel grass clipart;0
pastel green clipart;0
pastel gingerbread clipart;0
pastel green butterfly clipart;0
pastel pink heart clipart;0
halloween pastel clipart;0
kawaii pastel clipart;0
pastel kids clipart;0
pastel christmas lights clipart;0
pastel candy land clipart;0
light blue soft pastel watercolor clipart;0
labubu pastel clipart;0
pastel mermaid tail clipart;0
pastel mushroom clipart;0
pastel mickey clipart;0
pastel macarons clipart;0
pastel mermaid clipart;0
pastel minnie mouse clipart;0
pastel number 1 clipart;0
nutcracker pastel clipart;0
pastel ocean clipart;0
pastel rainbow clipart printable;0
rainbow pastel color clipart;0
pastel colour rainbow clipart;0
pastel roses clipart;0
pastel ribbon clipart;0
school pastel clipart;0
pastel sunflower clipart;0
pastel sweets clipart;0
pastel toy story clipart;0
summer clipart pastel;0
strawberry clipart pastel;0
pastel snowman clipart;0
pastel spring clipart;0
pastel sun clipart;0
teacher clipart pastel;0
pastel circus tent clipart;0
teaching clipart pastel;0
pastel tree clipart;0
pastel watercolor clipart;0
pastel witch clipart;0
pastel wildflower clipart;0
pastel yellow clipart;0
watercolor splashes art;0
watercolor splashes aesthetic;0
watercolor splashes green;0
watercolor splashes blue;0
watercolor splashes texture;0
watercolor splashes design;0
how to create watercolor splashes;0
soft watercolor splashes;0
watercolor water splashes;0
blue watercolor splashes;0
pastel watercolor splashes;0
red watercolor splashes;0
splashes of watercolor;0
abstract watercolor splashes;0
bright watercolor splashes;0
black watercolor splashes;0
how to make watercolor splashes;0
light watercolor splashes;0
pink watercolor splashes;0
yellow watercolor splashes;0
watercolor borders design;0
watercolor borders floral;0
watercolor borders simple;0
watercolor borders for cards;0
watercolor borders easy;0
watercolor borders for project;0
watercolor borders ideas;0
page borders watercolor;0
christmas watercolor borders;0
watercolor flowers background borders;0
borders using watercolor;0
borders with watercolor;0
blue watercolor borders;0
watercolor paintings borders;0
watercolor card borders;0
watercolor rose borders;0
aesthetic watercolor borders;0
watercolor art borders;0
cute borders watercolor;0
flower borders design watercolor;0
page borders design watercolor;0
borders for watercolor;0
watercolor florals borders;0
watercolor geometric borders;0
green watercolor borders;0
borders in watercolor;0
watercolor leaf borders;0
watercolor painting with borders;0
pretty watercolor borders;0
watercolor paper borders;0
watercolor painted borders;0
nursery clipart illustrations;0
nursery clipart for kids;0
nursery cliparts;0
winnie the pooh nursery clipart;0
nursery girl clipart;0
nursery class clipart;0
baby boy nursery clipart;0
cute nursery clipart;0
farm animals clipart black and white nursery;0
boho nursery clipart;0
blue nursery clipart;0
baby girl nursery clipart;0
nursery boy clipart;0
dragon nursery watercolor clipart;0
nursery decor clipart;0
green nursery clipart;0
nursery kids clipart;0
pink nursery clipart;0
safari nursery clipart;0
nursery school clipart;0
space nursery clipart;0
nursery teacher clipart;0
welcome to nursery clipart;0
toile nursery clipart;0
vintage nursery clipart;0
whimsical nursery clipart;0
watercolor roses bouquet;0
watercolor roses painting simple;0
watercolor roses card;0
watercolor paintings flowers roses;0
roses, peonies, watercolor florals;0
watercolor simple roses;0
english roses watercolor;0
roses watercolor tattoo design;0
watercolor paintings white roses;0
watercolor roses garden;0
roses watercolor painting easy;0
watercolor art for beginners roses;0
watercolor roses art;0
watercolor roses aesthetic;0
watercolor roses abstract;0
watercolor roses and peonies;0
tulips and roses watercolor;0
watercolor art ideas roses;0
white and pink roses watercolor;0
watercolor art for beginners simple easy roses;0
watercolor and ink roses;0
red and white roses watercolor;0
watercolor roses blue;0
watercolor roses bookmark;0
watercolor roses bunch;0
watercolor roses banner;0
red roses bouquet watercolor;0
pink watercolor roses background;0
watercolor bouquet of roses;0
watercolor beach roses;0
watercolor roses corner;0
roses watercolor card painting;0
watercolor cards roses;0
watercolor climbing roses;0
a court of thorns and roses watercolor;0
watercolor red roses clipart;0
christmas roses watercolor;0
birthday card watercolor roses;0
cabbage roses watercolor;0
colorful roses watercolor;0
watercolor roses diy;0
watercolor roses design;0
watercolor roses drawing;0
how to draw watercolor roses;0
white roses drawing watercolor;0
dark roses watercolor;0
how to draw roses with watercolor;0
digital watercolor roses;0
dark red roses watercolor;0
dried roses watercolor;0
flower drawing watercolor roses;0
easy watercolor paintings roses;0
how to paint roses easy watercolor;0
watercolor roses tutorial easy;0
watercolor roses flowers;0
watercolor flower roses;0
flower bouquet watercolor roses;0
flower watercolor paintings roses;0
watercolor field of roses;0
roses from watercolor;0
garden of roses watercolor;0
green roses watercolor;0
girl with roses watercolor;0
how to make watercolor roses;0
how to make roses with watercolor;0
how to watercolor white roses;0
how to watercolor roses video tutorials;0
watercolor roses illustration;0
watercolor roses invitation;0
roses in watercolor watercolour;0
red roses in watercolor;0
roses in a vase watercolor;0
watercolor inspo roses;0
pink roses in watercolor;0
roses in vase watercolor painting;0
watercolor roses loose;0
watercolor roses leaves;0
roses landscape watercolor;0
loose watercolor roses tutorial step by step;0
roses and lilies watercolor;0
little watercolor roses;0
loose watercolor flowers roses;0
light pink roses watercolor;0
how to paint loose watercolor roses step by step;0
metallic watercolor roses;0
mini roses watercolor;0
watercolor marker roses;0
maroon roses watercolor;0
watercolor roses nails;0
watercolor roses on fabric;0
watercolor vase of roses;0
orange roses watercolor;0
bunch of roses watercolor painting;0
watercolor art of roses;0
bouquet of roses watercolor painting;0
watercolor painting of roses;0
watercolor roses pattern;0
watercolor roses purple;0
watercolor roses print;0
watercolor roses red;0
watercolor roses sketch;0
watercolor roses stickers;0
watercolor roses side view;0
skull and roses watercolor;0
sunflower and roses watercolor painting;0
sunflower and roses watercolor;0
spray roses watercolor;0
watercolor roses tut;0
watercolor roses tutorial step by step;0
tea roses watercolor;0
red roses watercolor painting tutorial;0
watercolor yellow roses tutorial;0
watercolor roses vintage;0
watercolor valentine roses;0
roses vase watercolor;0
valentines watercolor roses;0
vintage watercolor flowers pink roses;0
watercolor roses white;0
watercolor roses with leaves;0
watercolor roses wedding invitation;0
watercolor roses yellow;0
yellow roses watercolor painting;0
yellow roses in watercolor;0
wood y blush roses y lantern watercolor wedding invitation;0
2 roses watercolor;0
watercolor texture png transparent;0
texture watercolor png;0
watercolor grass texture png;0
pink watercolor texture png;0
watercolor wash texture png;0
brown watercolor texture png;0
blue watercolor texture png;0
beige watercolor texture png;0
sky watercolor texture png;0
watercolor birds paintings;0
watercolor birds easy step by step;0
watercolor birds simple;0
watercolor birds paintings simple;0
blue birds watercolor;0
easy birds watercolor;0
spring birds watercolor;0
watercolor blobby birds;0
summer birds watercolor;0
drawing birds with watercolor;0
birds on branches watercolor;0
birds winter watercolor;0
mini watercolor paintings birds;0
watercolor birds abstract;0
watercolor birds and animals;0
watercolor birds and butterflies;0
watercolor birds and bees;0
ink and wash watercolor birds;0
watercolor art birds beautiful;0
two birds on a wire watercolor;0
watercolor pen and ink birds;0
watercolor sky and birds;0
watercolor art for beginners simple birds;0
watercolor birds background;0
watercolor birds blind shutter;0
watercolor birds bookmark;0
watercolor birds beginners;0
watercolor birds birthday card;0
watercolor birds birthday;0
watercolor birds blue;0
watercolor birds black;0
watercolor birds cute;0
watercolor birds cards;0
watercolor birds christmas;0
watercolor birds cartoon;0
watercolor birds cardinal;0
watercolor birds colorful;0
watercolor birds couple;0
watercolor birds christmas cards;0
watercolor birds chickadee;0
watercolor birds collage;0
watercolor birds doodle;0
watercolor birds diy;0
watercolor birds distance;0
how to draw watercolor birds;0
drawing ideas watercolor birds;0
birds drawing watercolor painting;0
birds drawing in watercolor;0
birds flying drawing art watercolor painting;0
birds love drawing watercolor painting;0
watercolor birds easy painting;0
watercolor birds easy for kids;0
watercolor birds eye view;0
watercolor birds easy tutorial;0
watercolor birds easy flying;0
watercolor birds eggs;0
watercolor birds eye;0
watercolor effect birds;0
cute easy watercolor birds;0
simple watercolor birds easy;0
watercolor birds funny;0
watercolor birds for kids;0
watercolor birds flowers;0
watercolor birds flying away;0
watercolor birds far away;0
watercolor birds forest;0
family birds watercolor;0
birds and flowers watercolor;0
fat watercolor birds;0
grumpy birds watercolor;0
green watercolor birds;0
painting watercolor grumpy birds;0
watercolor garden birds;0
watercolor birds how to;0
humming birds in watercolor;0
watercolor humming birds;0
birds house watercolor;0
how to paint watercolor birds on a branch;0
watercolor birds with hats;0
humming birds watercolor paintings;0
birds holding banner watercolor;0
birds holding ribbon watercolor;0
watercolor birds in the sky;0
watercolor birds illustration;0
watercolor birds in winter;0
watercolor birds in tree;0
watercolor birds in distance;0
watercolor birds in snow;0
watercolor birds ideas;0
watercolor birds in a row;0
watercolor birds in nest;0
japanese birds watercolor;0
watercolor birds kids;0
birds kissing watercolor;0
birds in birch tree forest watercolor paint for kids;0
birds watercolor karl martens;0
watercolor birds landscape;0
cute watercolor paintings little birds;0
three little birds tattoo watercolor;0
watercolor landscape with birds;0
cute love birds watercolor;0
watercolor painting love birds;0
watercolor birds on a line;0
line and wash watercolor sketches birds;0
watercolor love birds card;0
watercolor loose birds;0
little birds watercolor;0
watercolor mini birds;0
migratory birds watercolor;0
metallic watercolor birds;0
mother’s day watercolor card birds;0
minimalist watercolor birds;0
watercolor birds nest with eggs;0
nature watercolor birds;0
birds nest watercolor painting;0
watercolor paintings nature birds;0
watercolor baby birds in nest;0
watercolor birds on a wire easy;0
watercolor birds on branches;0
watercolor birds on tree;0
watercolor birds on beach;0
watercolor birds on a fence;0
watercolor birds paintings abstract;0
watercolor birds paintings easy;0
watercolor birds pattern;0
watercolor birds print;0
watercolor birds peacock;0
painting ideas watercolor birds;0
watercolor quirky birds;0
quick watercolor birds;0
watercolor birds realistic;0
watercolor birds robin;0
red birds watercolor;0
realistic birds watercolor painting;0
watercolor birds step by step;0
watercolor birds singing;0
watercolor birds silhouette;0
watercolor birds sparrow;0
watercolor birds spring;0
watercolor birds sky;0
watercolor birds silly;0
watercolor birds south africa;0
watercolor birds sketch;0
watercolor snow birds;0
watercolor birds tutorial watercolour;0
watercolor birds to paint;0
watercolor birds wallpaper;0
watercolor woodland animals tutorial;0
spring watercolor ideas for kids;0
autumn in watercolor;0
watercolor birds tutorial easy;0
watercolor birds tattoo design;0
consider the birds watercolor;0
watercolor tutorial step by step beginner birds;0
two watercolor birds;0
watercolor birds video;0
watercolor valentine cards birds;0
valentine watercolor birds;0
birds eye view watercolor;0
vintage birds watercolor;0
watercolor birds with flowers;0
watercolor birds whimsical;0
watercolor birds winter;0
watercolor birds woodpecker;0
watercolor birds walking on beach;0
watercolor birds wedding;0
watercolor xmas birds;0
yellow watercolor birds;0
watercolor zentangle birds;0
2 birds watercolor;0
2 birds watercolor painting;0
3 birds watercolor;0
3 little birds watercolor tattoo;0
3 little birds watercolor;0
4 birds watercolor;0
watercolor seamless patterns;0
watercolor seamless patterns collection;0
watercolor seamless pattern imgbb;0
seamless watercolor abstract pattern;0
watercolor flower seamless pattern;0
cute seamless pattern watercolor;0
seamless patterns vintage floral watercolor;0
watercolor wildflower seamless pattern;0
watercolor geometric seamless pattern;0
panjabi abstract watercolor seamless pattern;0
seamless watercolor patterns;0
easter watercolor seamless pattern;0
coastal sailboat watercolor artwork seamless pattern;0
seamless pattern with watercolor hand draw flowers and leaves;0
seamless pattern teddy bear with balloons watercolor illustration;0
blue watercolor seamless pattern;0
watercolor botanical seamless pattern;0
watercolor butterfly seamless pattern;0
watercolor christmas seamless pattern;0
watercolor effect seamless pattern;0
seamless watercolor floral pattern neutral tones;0
watercolor flowers pattern seamless;0
green floral watercolor seamless pattern for free;0
watercolor heart seamless pattern;0
lemon watercolor seamless pattern;0
watercolor leaf seamless pattern;0
watercolor mango seamless pattern;0
watercolor rose seamless pattern;0
watercolor texture seamless pattern;0
rustic watercolor flowers;0
rustic watercolor stationery;0
rustic watercolor clipart;0
rustic watercolor christmas;0
rustic watercolor art;0
rustic watercolor landscape;0
rustic watercolor ideas;0
rustic door watercolor;0
watercolor rustic barn;0
watercolor rustic painting;0
watercolor paintings rustic;0
rustic cabin watercolor;0
rustic country watercolor artwork;0
watercolor rustic church;0
rustic barns watercolor;0
rustic farm watercolor;0
rustic floral watercolor;0
rustic farmhouse watercolor;0
rustic fence watercolor;0
rustic flower watercolor;0
watercolor inspiration rustic faces;0
rustic house watercolor;0
rustic kitchen watercolor;0
watercolor woodland animals easy;0
watercolor woodland animals christmas;0
watercolor woodland animals illustration;0
watercolor woodland animals scene;0
watercolor art woodland animals;0
watercolor winter woodland animals;0
woodland drawing forest animals watercolor;0
easy watercolor woodland animals;0
baby woodland animals watercolor;0
nursery woodland animals print watercolor;0
watercolor woodland animals illustrations;0
watercolor baby animals woodland creatures;0
cute woodland animals watercolor;0
woodland animals watercolor paintings;0
simple watercolor woodland animals;0
watercolor bouquets of flowers;0
bouquets watercolor;0
watercolor flower bouquets;0
wildflower bouquets watercolor;0
watercolor tulip bouquets;0
watercolor floral bouquets;0
watercolor wedding bouquets;0
easy watercolor bouquets;0
watercolor vase of flowers bouquets;0
easy watercolor flower bouquets;0
bouquets of flowers watercolor;0
watercolor spring paintings;0
watercolor spring easy;0
watercolor spring nails;0
watercolor art spring for kids;0
springer spaniel watercolor painting;0
spring summer watercolor;0
spring flowers drawing watercolor;0
spring roll watercolor;0
watercolor easy spring;0
birthday spring watercolor cards;0
cute watercolor frame with spring flowers;0
watercolor spring animals;0
watercolor spring art kids;0
watercolor spring art easy;0
watercolor spring aesthetic;0
watercolor spring art for kids;0
aesthetic watercolor spring pastel butter yellow;0
spring watercolor wall art;0
spring animals watercolor painting;0
april spring watercolor;0
watercolor art spring landscape easy;0
spring abstract watercolor;0
watercolor spring bird;0
watercolor spring birthday card;0
watercolor spring bookmarks;0
watercolor spring blossom;0
watercolor spring bunny;0
watercolor spring break;0
watercolor spring bulbs;0
watercolor spring border;0
watercolor spring banner;0
watercolor spring butterfly;0
watercolor spring craft;0
watercolor spring crafts for kids;0
watercolor spring chicken;0
watercolor spring cottage;0
watercolor spring colors;0
watercolor spring card ideas;0
watercolor spring craft kids;0
watercolor spring city;0
watercolor spring drawing;0
watercolor spring doodles;0
watercolor spring daffodils;0
watercolor spring decor;0
spring watercolor diy;0
spring watercolor desktop wallpaper;0
spring watercolor ducks;0
spring watercolor painting duck;0
spring watercolor design;0
spring watercolor letter. monogram a. sublimation design.;0
spring drawing for kids watercolor;0
watercolor spring easter;0
watercolor spring elements;0
easy spring watercolor cards;0
early spring watercolor;0
spring flower watercolor easy;0
spring watercolor painting easter;0
watercolor spring landscape easy;0
easy spring watercolor art;0
watercolor spring flowers wallpaper;0
watercolor spring flowers free printable;0
watercolor spring flowers paintings;0
watercolor spring forest;0
watercolor spring field;0
watercolor spring flower wreath;0
watercolor spring flowers border;0
watercolor spring flowers card;0
watercolor spring garden;0
watercolor spring girl;0
watercolor spring gnome;0
watercolor spring garland;0
watercolor spring gnome how to;0
watercolor spring graphics;0
spring garden watercolor painting;0
spring watercolor 2nd grade;0
spring watercolor green;0
spring garden illustration watercolor;0
spring greeting card watercolor;0
spring grass watercolor;0
watercolor spring house;0
hot spring watercolor;0
happy spring watercolor card;0
happy spring watercolor;0
spring watercolor horizontal;0
spring cards handmade watercolor;0
hello spring watercolor;0
spring hills watercolor;0
watercolor spring illustration;0
watercolor spring icons;0
watercolor spring inspiration;0
watercolor spring image;0
spring watercolor idea;0
spring in watercolor;0
spring watercolor ideas simple;0
kids watercolor painting ideas spring;0
spring flowers watercolor illustration;0
spring flowers in watercolor;0
watercolor paintings ideas spring;0
japanese spring watercolor;0
japan spring watercolor;0
watercolor spring kids;0
spring watercolor for kids;0
spring watercolor crafts for kids;0
spring watercolor painting kids;0
spring watercolor art kids;0
kindergarten spring watercolor;0
spring watercolor projects for kids;0
watercolor spring leaves;0
watercolor spring lake;0
spring lamb watercolor;0
spring landscapes watercolor;0
london spring watercolor;0
early spring landscape watercolor;0
watercolor spring meadow;0
watercolor mountain spring;0
spring mini watercolor paintings;0
spring morning watercolor;0
watercolor mouse spring;0
mini spring watercolor;0
spring mountains watercolor;0
watercolor spring nature;0
watercolor spring nail art;0
watercolor spring newborn baby;0
watercolor spring notecard;0
new york spring watercolor;0
spring nail designs watercolor;0
spring watercolor nail;0
spring drawing nature watercolor painting;0
spring nature watercolor painting;0
nyc spring watercolor;0
watercolor spring onion;0
spring watercolor outline;0
spring onion watercolor painting;0
spring onions watercolor;0
watercolor painting of spring;0
watercolor of spring flowers;0
first day of spring watercolor;0
watercolor drawing of spring;0
watercolor spring pictures;0
watercolor spring paintings easy;0
watercolor spring painting ideas;0
watercolor spring pattern;0
watercolor spring phone wallpaper;0
watercolor spring png;0
watercolor spring print;0
spring blossom watercolor painting;0
spring watercolor prints;0
watercolor spring rain;0
watercolor spring roll;0
watercolor spring rabbit;0
blue spring ride watercolor;0
rainy spring watercolor;0
spring rolls watercolor;0
spring river watercolor;0
spring robin watercolor;0
watercolor spring scene;0
watercolor spring simple;0
watercolor spring stickers;0
watercolor spring season;0
watercolor spring sun;0
watercolor spring tutorial;0
watercolor spring tulips;0
spring watercolor crafts for toddlers;0
spring time watercolor;0
spring watercolor trees;0
spring time watercolor cards;0
spring landscape watercolor painting tutorials;0
spring watercolor painting tulips;0
spring themed watercolor painting;0
spring vibes watercolor;0
spring village watercolor;0
vintage spring watercolor;0
spring vegetable watercolor;0
spring watercolor video;0
watercolor spring widgets;0
watercolor spring wreath tutorial;0
watercolor spring wedding;0
watercolor spring wedding invitations;0
watercolor spring water;0
watercolor spring wildflowers;0
spring watercolor thank you card;0
spring watercolor yellow;0
watercolor autumn art;0
watercolor autumn easy;0
autumn trees painting watercolor;0
simple autumn watercolor paintings;0
pumpkin illustration autumn watercolor;0
watercolor autumn paintings;0
autumn tree watercolor paintings;0
watercolor autumn mountains;0
mid autumn festival lantern watercolor;0
abstract watercolor autumn landscape;0
watercolor autumn aesthetic;0
watercolor autumn abstract;0
watercolor autumn acorn;0
watercolor autumn bookmark;0
watercolor autumn birch trees;0
watercolor autumn berries;0
watercolor autumn bird;0
watercolor autumn border;0
watercolor autumn bouquet;0
watercolor autumn birthday card;0
autumn basket watercolor;0
autumn flower bouquet watercolor;0
autumn bridge watercolor;0
watercolor autumn cards;0
watercolor autumn city;0
watercolor autumn coffee;0
watercolor autumn colors;0
watercolor autumn children;0
autumn watercolor cottage;0
watercolor cute autumn;0
autumn composition watercolor;0
cosy autumn watercolor;0
autumn watercolor cake;0
autumn card watercolor;0
watercolor autumn drawing;0
watercolor autumn design;0
watercolor autumn diy;0
watercolor autumn doodle;0
autumn watercolor doodles;0
autumn scenery drawing watercolor;0
autumn flowers drawing watercolor painting;0
autumn deer watercolor;0
autumn watercolor drawings;0
autumn front door watercolor;0
dreamy autumn watercolor wallpaper;0
watercolor autumn elements;0
watercolor autumn salt effect;0
easy watercolor painting autumn;0
easy autumn watercolor paintings;0
watercolor art easy autumn;0
easy watercolor ideas autumn;0
autumn watercolor paintings easy fall;0
autumn landscape watercolor easy;0
autumn watercolor landscapes easy;0
autumn watercolor painting ideas easy;0
watercolor autumn fruits;0
watercolor autumn frame;0
watercolor autumn food;0
watercolor autumn foliage;0
watercolor autumn floral;0
watercolor autumn fall;0
watercolor autumn for kids;0
autumn forest path watercolor;0
watercolor pumpkins autumn fall leaves;0
watercolor autumn girl;0
watercolor autumn gnome;0
autumn girl watercolor painting;0
autumn watercolor greeting cards;0
autumn garden watercolor;0
autumn garland watercolor;0
autumn watercolor ghost;0
autumn grass watercolor;0
watercolor autumn house;0
watercolor autumn halloween;0
hedgehog watercolor autumn;0
autumn watercolor houses;0
autumn watercolor paintings house;0
autumn harvest watercolor;0
autumn home watercolor;0
autumn watercolor how to;0
hello autumn watercolor;0
how to paint autumn trees watercolor;0
happy autumn watercolor;0
watercolor autumn illustration;0
watercolor autumn ideas;0
simple watercolor ideas autumn;0
fall watercolor ideas autumn;0
autumn watercolor invitation;0
watercolor paintings ideas autumn;0
autumn watercolor icon;0
japanese autumn watercolor;0
japan autumn watercolor;0
watercolor autumn kids;0
kawaii autumn watercolor;0
autumn watercolor paintings for kids;0
autumn watercolor paintings kids;0
autumn watercolor art for kids;0
autumn watercolor for kids;0
autumn activities for kids watercolor;0
autumn kitchen watercolor;0
watercolor autumn landscape paintings;0
watercolor autumn landscape easy;0
watercolor autumn leaves frame;0
watercolor autumn leaves border;0
watercolor autumn lake;0
watercolor autumn mushroom;0
mid autumn watercolor;0
autumn mushrooms watercolor;0
watercolor art mid autumn;0
autumn minimalist watercolor;0
mid autumn watercolor painting;0
mini watercolor autumn;0
autumn moon watercolor;0
mini watercolor paintings autumn;0
autumn watercolor mouse;0
watercolor autumn nails;0
autumn watercolor nature;0
autumn night watercolor;0
autumn watercolor nail art;0
autumn nature watercolor wedding invite;0
autumn in new york watercolor;0
autumn nail watercolor;0
new york autumn watercolor;0
watercolor paintings autumn nature;0
watercolor autumn oak leaves;0
watercolor paintings of autumn;0
watercolor pile of autumn leaves;0
oak autumn watercolor;0
watercolor autumn pumpkin;0
watercolor autumn pattern;0
watercolor autumn palette;0
watercolor autumn png;0
watercolor autumn park;0
watercolor autumn painting ideas;0
watercolor autumn paint;0
watercolor autumn park scene;0
watercolor autumn rain;0
watercolor autumn road;0
rainy autumn watercolor;0
autumn river watercolor;0
autumn rose watercolor;0
watercolor autumn sky;0
watercolor autumn scene;0
watercolor autumn sunset;0
watercolor autumn stickers;0
watercolor autumn simple;0
watercolor autumn season;0
watercolor autumn sweater;0
autumn watercolor steps;0
watercolor autumn trees landscapes;0
watercolor autumn theme;0
watercolor autumn things;0
watercolor autumn tea;0
watercolor autumn tattoo;0
autumn watercolor landscapes tutorials;0
watercolor autumn vibes;0
autumn vibe watercolor;0
autumn watercolor tutorial videos;0
autumn watercolor video;0
autumn vegetables watercolor;0
watercolor autumn landscape video;0
vintage autumn watercolor;0
autumn village watercolor;0
watercolor autumn wallpaper;0
watercolor autumn wedding;0
watercolor autumn window;0
watercolor autumn woods;0
20 diy autumn watercolor paintings;0
watercolor winter scenes tutorials;0
watercolor winter landscape simple;0
landscape watercolor paintings winter;0
watercolor bookmarks ideas winter;0
winter cozy watercolor;0
winterscape watercolor;0
winter solstice art watercolor;0
winter landscape with watercolor;0
watercolor winter art for kids;0
watercolor winter art easy;0
watercolor winter aesthetic;0
watercolor winter art for beginners;0
watercolor winter art preschool;0
watercolor winter art kids;0
watercolor winter abstract;0
watercolor winter art project;0
watercolor winter art simple;0
watercolor winter birthday card;0
watercolor winter bookmarks;0
watercolor winter barn scenes;0
watercolor winter branch;0
watercolor winter bouquet;0
watercolor winter bunny;0
watercolor winter bird paintings;0
watercolor winter city;0
watercolor winter christmas;0
watercolor winter cards ideas;0
watercolor winter cottage;0
watercolor winter craft;0
watercolor winter church scenes;0
watercolor winter church;0
watercolor winter cards diy;0
watercolor winter cityscape;0
watercolor winter drawing;0
watercolor winter doodles;0
watercolor winter dog;0
winter season drawing watercolor easy;0
winter composition drawing watercolor;0
winter scenery drawing watercolor village;0
easy winter watercolor drawing;0
diy watercolor winter;0
winter watercolor drawings;0
winter watercolor design;0
winter landscape drawing watercolor;0
watercolor winter elements;0
winter watercolor scene easy;0
easy winter watercolor cards;0
winter elf watercolor;0
winter watercolor paintings easy kids;0
easy watercolor winter paintings for beginners;0
easy watercolor winter bird;0
watercolor winter florals;0
watercolor winter forest tutorial;0
watercolor winter forest landscape;0
watercolor winter for kids;0
watercolor winter farm;0
watercolor winter forest animals;0
watercolor winter fruit;0
watercolor art for winter;0
winter watercolor crafts for kids;0
watercolor winter girl;0
watercolor winter gnomes;0
white houses on winter watercolor art 4th grade;0
winter gloves watercolor;0
watercolor winter snow globe;0
winter watercolor greeting cards;0
girl in winter watercolor;0
winter garden watercolor;0
winter watercolor gift tags;0
winter goose watercolor;0
winter garland watercolor;0
watercolor winter house;0
watercolor winter scenes how to paint;0
diy watercolor pumpkins;0
watercolor pumpkins printable;0
green watercolor butterflies;0
watercolor butterflies craft;0
whimsical ladybug clipart;0
watercolor winter hat craft;0
watercolor winter holiday;0
watercolor winter blowing snow the highway;0
how to watercolor winter trees;0
winter holiday cards watercolor;0
harry potter winter watercolor;0
winter houses watercolor;0
winter watercolor paintings houses;0
happy birthday watercolor winter;0
watercolor winter illustration;0
watercolor winter icons;0
watercolor wallpaper iphone winter;0
winter watercolor idea;0
watercolor art inspo winter;0
watercolor ink winter;0
painting ideas watercolor winter;0
christmas card ideas watercolor winter scenes;0
winter jasmine watercolor;0
winter watercolor january;0
winter watercolor journal;0
winter jacket watercolor;0
japan winter watercolor;0
japanese winter watercolor;0
watercolor winter kids;0
winter watercolor painting kids;0
salt watercolor painting for kids winter;0
winter watercolor kindergarten;0
winter tree watercolor for kids;0
winter watercolor art projects for kids;0
watercolor winter paintings for kids;0
winter watercolor projects for kids;0
watercolor art for kids winter;0
watercolor winter landscape paintings;0
watercolor winter landscape background;0
watercolor winter lake;0
watercolor winter lantern;0
watercolor winter light;0
watercolor winter landscape art;0
watercolor winter lighthouse;0
watercolor winter mountain landscape;0
watercolor winter mittens;0
watercolor winter mouse;0
watercolor winter mountain scene;0
watercolor winter mug;0
misty winter watercolor;0
winter mitten watercolor;0
winter watercolor moon;0
mountain winter watercolor;0
winter mice watercolor;0
minimalist winter watercolor;0
watercolor winter night scenes;0
watercolor winter nails;0
watercolor winter night sky;0
watercolor winter nature;0
watercolor winter nail art;0
nyc winter watercolor;0
winter night landscape watercolor;0
winter new york street painting watercolor;0
winter night watercolor paintings;0
new york winter watercolor;0
winter night scene watercolor;0
watercolor winter owl;0
watercolor winter ornaments;0
watercolor winter olympics;0
watercolor paintings of winter;0
winter watercolor ornament;0
watercolor hijab outfit winter;0
landscape watercolor of a snowy path in the woods in winter;0
winter oak tree watercolor;0
wet on wet watercolor winter;0
winter ocean watercolor;0
winter watercolor objects;0
watercolor winter pine tree;0
watercolor winter penguin;0
watercolor winter postcard;0
watercolor winter plants;0
watercolor winter paintings easy;0
watercolor winter phone wallpaper;0
watercolor winter people;0
watercolor winter paint;0
quick winter watercolor;0
watercolor winter romance;0
watercolor winter rabbit;0
watercolor winter river;0
watercolor winter road;0
watercolor winter robin;0
winter red berries watercolor;0
winter rose watercolor;0
red winter watercolor;0
winter crayon resist watercolor for kids;0
winter red barn watercolor;0
winter watercolor resist;0
watercolor winter simple;0
watercolor winter stampin up cards;0
watercolor winter scenes simple;0
watercolor winter stickers;0
watercolor winter solstice;0
watercolor winter snow;0
watercolor winter trees landscape;0
watercolor winter theme;0
watercolor winter town;0
watercolor winter train;0
watercolor winter trees for kids;0
watercolor winter things;0
winter watercolor simple trees;0
birch trees winter watercolor;0
stampin up watercolor winter;0
stampin up watercolor winter cards;0
watercolor winter village;0
watercolor winter vibes;0
winter village drawing watercolor;0
vintage winter watercolor paintings;0
winter village watercolor painting;0
vintage watercolor winter;0
watercolor art winter village;0
winter watercolor video;0
winter village illustration watercolor;0
winter vegetables watercolor;0
winter vibe watercolor;0
watercolor winter window;0
watercolor winter wonderland;0
watercolor winter wedding invitations;0
watercolor winter wallpaper iphone;0
watercolor winter woods;0
watercolor xmas cards winter scenes;0
winter watercolor thank you cards;0
thank you card watercolor winter;0
winter watercolor thank you;0
winter watercolor thank you cards diy;0
stampers anonymous winter watercolor 2;0
watercolor christmas clipart bundle;0
watercolor christmas cliparts;0
blue christmas watercolor clipart;0
christmas watercolor cliparts;0
clipart watercolor christmas;0
pink christmas watercolor clipart;0
watercolor halloween art for kids;0
watercolor halloween cards diy;0
watercolor halloween pumpkin;0
watercolor halloween bookmarks;0
watercolor halloween easy;0
watercolor halloween n cats;0
watercolor halloween birthday card;0
easy watercolor halloween paintings;0
white crayon and watercolor halloween;0
step by step halloween watercolor;0
halloween watercolor invitation;0
halloween watercolor candy corn;0
watercolor halloween black cat;0
watercolor halloween simple;0
art watercolor halloween;0
halloween watercolor cute;0
halloween town watercolor;0
watercolor halloween art easy;0
watercolor halloween art ghost;0
watercolor halloween art witch;0
watercolor halloween animals;0
watercolor halloween art kids;0
watercolor halloween art ideas;0
halloween aesthetic watercolor;0
halloween watercolor nail art;0
halloween animal watercolor;0
watercolor halloween bat;0
halloween watercolor painting black cat;0
halloween bats watercolor;0
halloween birthday watercolor;0
watercolor art for beginners halloween;0
watercolor halloween clipart bundle;0
halloween watercolor painting step by step;0
watercolor halloween cards handmade;0
watercolor halloween cards for kids;0
watercolor halloween cookies;0
watercolor halloween crafts for kids;0
watercolor halloween characters;0
watercolor halloween crafts;0
watercolor halloween dog;0
watercolor halloween doodles;0
watercolor halloween decor;0
watercolor halloween drawings;0
halloween watercolor doodle;0
halloween draw watercolor;0
disney halloween watercolor;0
diy halloween watercolor painting;0
halloween watercolor art easy drawing;0
diy halloween watercolor;0
easy watercolor halloween card;0
easy halloween watercolor cards;0
halloween watercolor art easy;0
halloween watercolor elements;0
halloween painting ideas easy watercolor;0
fall watercolor paintings easy halloween;0
easy halloween watercolor tutorial;0
easy watercolor art for beginners halloween;0
watercolor halloween for kids;0
watercolor halloween flowers;0
watercolor halloween forest;0
halloween watercolor frankenstein;0
halloween floral watercolor;0
fall halloween watercolor;0
halloween flower watercolor;0
halloween watercolor craft for kids;0
watercolor halloween ghost;0
watercolor halloween gnome;0
halloween graveyard watercolor;0
halloween watercolor ghosts;0
halloween gnomes watercolor;0
halloween greeting card watercolor;0
halloween girl watercolor;0
salt glue and watercolor painting halloween;0
halloween ghost watercolor painting;0
watercolor halloween house;0
watercolor halloween hat;0
watercolor halloween illustration;0
watercolor halloween invitation;0
kids watercolor painting ideas halloween;0
halloween watercolor cards ideas;0
halloween watercolor icons;0
halloween watercolor art ideas;0
cute watercolor ideas halloween;0
halloween in watercolor;0
simple watercolor ideas halloween;0
cute halloween illustration watercolor;0
watercolor halloween kids;0
kids watercolor halloween cards;0
halloween watercolor painting for kids;0
halloween watercolor ideas kids;0
halloween watercolor ideas for kids;0
watercolor halloween landscape;0
loose watercolor halloween;0
watercolor art halloween landscape;0
watercolor halloween moon;0
watercolor halloween monsters;0
halloween mouse watercolor;0
halloween makeup watercolor;0
mickey halloween watercolor;0
halloween makeup using watercolor;0
halloween mushroom watercolor;0
mini halloween watercolor paintings;0
halloween makeup with watercolor;0
watercolor halloween nails;0
halloween night watercolor;0
halloween owl watercolor;0
october halloween watercolor;0
watercolor halloween png;0
watercolor halloween painting ideas;0
watercolor halloween pattern;0
watercolor halloween phone wallpaper;0
simple halloween watercolor painting;0
peanuts halloween watercolor;0
retro halloween watercolor;0
watercolor halloween scene;0
watercolor halloween spider;0
watercolor halloween stickers;0
watercolor halloween sky;0
watercolor halloween step by step;0
watercolor halloween skull;0
watercolor halloween skeleton;0
watercolor halloween scary;0
halloween watercolor painting spider;0
spooky watercolor halloween art;0
watercolor halloween tattoo;0
watercolor halloween tree;0
watercolor halloween tags;0
how to watercolor halloween;0
things to watercolor halloween;0
tiny watercolor paintings halloween;0
halloween themed watercolor;0
halloween watercolor templates;0
halloween watercolor tutorials;0
vintage halloween watercolor;0
halloween watercolor video;0
vintage halloween art watercolor;0
watercolor halloween witch;0
watercolor halloween wreath;0
watercolor halloween widget;0
zucca halloween watercolor;0
watercolor pumpkins autumn;0
watercolor pumpkins tutorial;0
watercolor pumpkins painting;0
watercolor pumpkins autumn tutorial;0
watercolor pumpkins for kids;0
watercolor pumpkins easy;0
watercolor pumpkins tutorial easy;0
watercolor pumpkins autumn art;0
watercolor pumpkins kids;0
watercolor pumpkins halloween;0
watercolor pumpkins wallpaper;0
painted pumpkins watercolor;0
pink watercolor pumpkins;0
watercolor white pumpkins;0
watercolor pumpkins and flowers;0
watercolor and ink pumpkins;0
watercolor pumpkins and sunflowers;0
watercolor pumpkins video;0
fall watercolor paintings pumpkins;0
watercolor pumpkins autumn leaves;0
watercolor pumpkins and mushrooms;0
pumpkins watercolor art;0
andrea nelson watercolor pumpkins;0
blue watercolor pumpkins;0
watercolor pumpkins card;0
watercolor pumpkins to paint on greeting cards;0
cute pumpkins watercolor;0
watercolor pumpkins foil;0
watercolor pumpkins flowers;0
pumpkins on a fence watercolor;0
watercolor pumpkins with flowers;0
fall watercolor ideas pumpkins;0
watercolor and glue pumpkins;0
pen and ink watercolor pumpkins;0
watercolor pumpkins leaves;0
watercolor pumpkins with markers;0
stack of pumpkins watercolor;0
watercolor on pumpkins;0
watercolor pumpkins preschool;0
watercolor pumpkins painting simple;0
watercolor pumpkins pink;0
watercolor pumpkins procreate;0
watercolor pumpkins stacked;0
watercolor pumpkins simple;0
smashing pumpkins watercolor;0
watercolor pumpkins tutorial painting;0
truck with pumpkins watercolor;0
thanksgiving watercolor pumpkins;0
pumpkins to watercolor;0
3 watercolor pumpkins;0
watercolor mushrooms easy;0
watercolor mushrooms painting;0
watercolor mushrooms and flowers;0
watercolor mushrooms clipart;0
watercolor mushrooms simple;0
watercolor mushrooms art;0
watercolor mushrooms house;0
watercolor mushrooms colorful;0
snails and mushrooms watercolor;0
mini watercolor mushrooms;0
watercolor bookmarks mushrooms;0
watercolor painting ideas mushrooms;0
watercolor paintings mushrooms;0
watercolor paint mushrooms;0
christmas mushrooms watercolor;0
colorful watercolor mushrooms;0
watercolor flowers and mushrooms;0
watercolor drawing mushrooms;0
abstract watercolor mushrooms;0
watercolor art mushrooms easy;0
watercolor art for beginners mushrooms;0
watercolor and ink mushrooms;0
step by step watercolor mushrooms;0
blue mushrooms watercolor;0
easy watercolor paintings for beginners mushrooms;0
beginner watercolor mushrooms;0
cute watercolor mushrooms;0
chanterelle mushrooms watercolor;0
easy watercolor paintings mushrooms;0
forest mushrooms watercolor;0
fantasy mushrooms watercolor;0
fall mushrooms watercolor;0
glowing mushrooms watercolor;0
how to paint mushrooms watercolor;0
watercolor illustration mushrooms;0
watercolor ideas mushrooms;0
mushrooms in watercolor;0
loose watercolor mushrooms;0
watercolor pictures of mushrooms;0
oyster mushrooms watercolor;0
watercolor of mushrooms;0
simple watercolor paintings mushrooms;0
pink mushrooms watercolor;0
red mushrooms watercolor;0
tree mushrooms watercolor;0
watercolor fairies painting;0
watercolor fairies easy;0
watercolor fairies illustrations;0
watercolor fairies png;0
watercolor fairies clipart;0
fairies illustration watercolor;0
disney fairies watercolor;0
simple watercolor fairies;0
whimsical watercolor fairies;0
watercolor art fairies;0
flower fairies watercolor;0
watercolor christmas fairies;0
sleeping beauty fairies watercolor;0
cute watercolor fairies;0
fairies drawing watercolor;0
fairies in watercolor;0
watercolor paintings of fairies;0
watercolor paintings fairies;0
tinkerbell fairies watercolor;0
whimsical clipart envelop;0
whimsical cliparts;0
whimsical clipart illustration;0
whimsical clipart summer;0
whimsical 4th of july clipart;0
whimsical birthday cake clipart;0
whimsical food clipart;0
whimsical woodland clipart;0
whimsical cottagecore clipart;0
whimsical bunny clipart;0
whimsical dragon clipart;0
whimsical floral clipart;0
whimsical aesthetic clipart;0
whimsical black and white clipart;0
whimsical christmas animals clipart;0
whimsical art clipart;0
whimsical animals clipart;0
whimsical angel clipart;0
whimsical spring animals clipart;0
whimsical beach animal clipart;0
autumn whimsical clipart;0
whimsical christmas clipart bundle;0
whimsical boy clipart;0
whimsical bird clipart;0
whimsical birthday girl clipart;0
whimsical girl with messy bun clipart;0
whimsical beach clipart;0
whimsical easter bunny clipart;0
whimsical teddy bear clipart;0
whimsical banner clipart;0
whimsical duck clipart;0
whimsical christmas fluffy dogs clipart;0
whimsical dinosaur clipart;0
whimsical dragonfly clipart;0
whimsical valentine's day clipart;0
whimsical dog clipart;0
whimsical mothers day clipart;0
whimsical st patricks day clipart;0
whimsical dance couple clipart;0
whimsical hand drawn clipart;0
whimsical easter clipart;0
whimsical fall clipart;0
whimsical fairies clipart;0
whimsical fairy clipart;0
whimsical forest clipart;0
good morning whimsical clipart;0
whimsical girls clipart;0
whimsical garden clipart;0
whimsical spring girl clipart;0
whimsical halloween clipart;0
whimsical highland cow clipart;0
whimsical kitchen clipart;0
whimsical kids clipart;0
whimsical music clipart;0
whimsical mushroom clipart;0
whimsical owl clipart;0
whimsical princess clipart;0
whimsical rabbit clipart;0
whimsical school clipart;0
whimsical wedding svg clipart;0
whimsical spring clipart;0
whimsical star clipart;0
whimsical thanksgiving clipart;0
whimsical unicorn clipart;0
whimsical valentines clipart;0
watercolor butterflies painting;0
watercolor butterflies tutorial;0
watercolor butterflies wallpaper;0
watercolor butterflies clipart;0
watercolor butterflies art;0
watercolor butterflies flying;0
watercolor butterflies purple;0
butterflies wallpaper watercolor;0
colorful butterflies art watercolor painting;0
little butterflies watercolor;0
butterflies watercolor clipart;0
butterflies watercolor aesthetic;0
watercolor of butterflies;0
butterflies watercolor tattoo;0
3 butterflies watercolor;0
watercolor butterflies and dragonflies;0
lilac and pink watercolor butterflies wallpaper;0
watercolor moths and butterflies;0
watercolor wildflowers and butterflies;0
watercolor garden with flowers and butterflies;0
watercolor art of butterflies;0
watercolor flowers and butterflies tattoo;0
watercolor butterflies card;0
watercolor butterflies cut out;0
cute watercolor butterflies;0
colorful butterflies watercolor;0
colorful butterflies art watercolor painting easy;0
colorful butterflies art watercolor painting acrylic;0
diy watercolor butterflies;0
butterflies drawing watercolor;0
butterflies and flowers drawing watercolor painting;0
easy watercolor butterflies for beginners;0
watercolor butterflies for kids;0
watercolor flowers butterflies;0
butterflies and flowers watercolor;0
watercolor paintings of flowers and butterflies;0
flowers with butterflies watercolor;0
watercolor butterflies green;0
watercolor garden with butterflies;0
how to watercolor butterflies;0
watercolor butterflies illustration;0
watercolor ideas butterflies;0
watercolor butterflies kids;0
loose watercolor butterflies;0
watercolor butterflies monarch;0
metallic watercolor butterflies;0
watercolor butterflies on flowers;0
watercolor butterflies printable;0
watercolor butterflies preschool;0
watercolor butterflies print;0
pastel watercolor butterflies;0
butterflies pink watercolor;0
watercolor painted butterflies;0
watercolor butterflies painting watercolour;0
watercolor butterflies simple;0
tiny watercolor butterflies;0
three butterflies watercolor;0
two butterflies watercolor;0
yellow watercolor butterflies;0
watercolor sea animals tutorial;0
watercolor sea animals wallpaper;0
watercolor sea animals simple;0
watercolor sea animals background;0
watercolor sea animals sting ray;0
aesthetic watercolor girl;0
aesthetic watercolor girl drawing;0
watercolor baby farm animals;0
aesthetic watercolor set;0
aesthetic watercolor tutorial;0
watercolor sea animals png;0
watercolor sea animals paintings;0
watercolor sea animals fish;0
watercolor sea animals collage;0
watercolor painting ideas sea animals;0
sea animals watercolor illustration;0
sea animals watercolor paintings;0
sea animals watercolor background;0
watercolor inspo sea animals;0
watercolor sea animals art;0
watercolor sea animals animation;0
watercolor sea animals blue;0
baby sea animals watercolor;0
watercolor art for beginners sea animals;0
watercolor sea animals step by step;0
watercolor bookmarks sea animals;0
watercolor sea animals cartoon;0
watercolor sea animals cute;0
watercolor sea animals cards;0
watercolor sea animals drawing;0
sea animals drawing easy realistic watercolor;0
sea animals drawing realistic watercolor;0
watercolor art sea animals easy;0
easy watercolor paintings sea animals;0
sea animals watercolor painting easy;0
watercolor sea animals for kids;0
watercolor sea animals how to;0
watercolor art ideas sea animals;0
sea animals in watercolor;0
watercolor ideas sea animals;0
watercolor art sea animals octopus;0
watercolor sea animals purple;0
pink watercolor sea animals;0
watercolor paint sea animals;0
watercolor sea animals shark;0
watercolor art animals sea turtles;0
sea animals to watercolor;0
watercolor art sea animals tutorial;0
watercolor sea animals whale;0
watercolor sea animals whale shark;0
watercolor dinosaurs paintings;0
watercolor dinosaurs clipart;0
watercolor dinosaurs png;0
watercolor ideas dinosaurs;0
baby dinosaurs watercolor;0
cute watercolor dinosaurs;0
watercolor art dinosaurs;0
dinosaurs watercolor illustration;0
easy watercolor dinosaurs;0
dinosaurs watercolor;0
watercolor farm animals nursery;0
watercolor farm animals easy;0
watercolor farm animals tutorial;0
watercolor farm animals birthday;0
watercolor farm animals party;0
watercolor farm animals simple;0
watercolor farm animals sheep;0
watercolor farm animals cute;0
watercolor farm animals wallpaper;0
watercolor paintings farm animals;0
whimsical watercolor farm animals;0
funny farm animals watercolor;0
christmas farm animals watercolor;0
farm animals watercolor painting;0
watercolor cow painting farm animals;0
farm animals drawing watercolor;0
farm animals watercolor illustration;0
farm animals in watercolor;0
food watercolor clipart;0
watercolor mug painting coffee cups;0
two coffee cups watercolor;0
watercolor paintings of coffee cups;0
stacked coffee cups watercolor;0
coffee cups watercolor;0
two cups of coffee watercolor;0
watercolor cups of coffee;0
watercolor painting coffee cups;0
fashion watercolor clipart;0
aesthetic watercolor art ideas;0
aesthetic watercolor painting nature;0
aesthetic watercolor scenery painting;0
aesthetic watercolor art easy simple;0
aesthetic watercolor art easy ocean;0
watercolor inspo aesthetic easy;0
painting ideas easy simple aesthetic watercolor;0
aesthetic nature drawing watercolor easy;0
aesthetic watercolor art easy flowers;0
aesthetic watercolor art ideas nature;0
aesthetic watercolor art easy sunset;0
aesthetic watercolor art ideas simple;0
aesthetic watercolor art ideas easy;0
aesthetic watercolor art face;0
aesthetic watercolor art easy fruit;0
aesthetic watercolor bookmark;0
aesthetic watercolor birthday card;0
aesthetic watercolor background pastel;0
aesthetic watercolor bookmarks diy;0
aesthetic watercolor beach;0
aesthetic watercolor blue;0
aesthetic watercolor butterfly;0
aesthetic watercolor border ideas;0
aesthetic watercolor background blue;0
aesthetic watercolor bday cards;0
aesthetic watercolor border;0
aesthetic watercolor cards;0
aesthetic watercolor collage;0
aesthetic watercolor card ideas;0
aesthetic watercolor christmas cards;0
aesthetic watercolor christmas;0
aesthetic watercolor cute;0
aesthetic watercolor christmas wallpaper;0
aesthetic watercolor clock;0
aesthetic watercolor cross;0
aesthetic watercolor character;0
aesthetic watercolor camera;0
aesthetic watercolor drawing ideas;0
aesthetic watercolor drawing easy;0
aesthetic watercolor drawing simple;0
aesthetic watercolor design;0
aesthetic watercolor drawing tutorial;0
aesthetic watercolor doodle art;0
aesthetic watercolor drawing girl;0
aesthetic watercolor dog;0
aesthetic watercolor drinks;0
aesthetic watercolor desktop wallpaper;0
aesthetic watercolor easy art;0
aesthetic watercolor easy painting;0
aesthetic watercolor eye;0
aesthetic watercolor elements;0
aesthetic watercolor easy drawing;0
watercolor drawings aesthetic easy;0
aesthetic anime watercolor art easy;0
aesthetic watercolor flower drawing;0
aesthetic watercolor flowers wallpaper;0
aesthetic watercolor flower painting;0
aesthetic watercolor fruit;0
aesthetic watercolor food;0
aesthetic watercolor flowers simple;0
aesthetic watercolor frame;0
aesthetic watercolor floral;0
aesthetic watercolor fall;0
aesthetic watercolor flower background;0
aesthetic watercolor forest;0
aesthetic watercolor girl art;0
aesthetic watercolor green;0
aesthetic watercolor girl painting;0
watercolor art simple aesthetic green;0
gambar aesthetic watercolor;0
aesthetic green watercolor background;0
aesthetic girly watercolor;0
watercolor aesthetic god;0
indian girl aesthetic watercolor painting;0
aesthetic watercolor house;0
aesthetic watercolor heart;0
aesthetic watercolor horizontal;0
aesthetic watercolor house painting;0
hands watercolor aesthetic;0
watercolor paintings ideas aesthetic house;0
watercolor painting aesthetic hobby;0
horse aesthetic watercolor;0
watercolor aesthetic hobby;0
aesthetic hibiscus watercolor;0
hogwarts aesthetic watercolor;0
aesthetic watercolor ideas easy;0
aesthetic watercolor illustration;0
aesthetic watercolor ideas flowers;0
aesthetic watercolor icon;0
aesthetic watercolor images;0
aesthetic watercolor ideas simple;0
aesthetic watercolor inspo easy;0
aesthetic watercolor inspiration;0
aesthetic watercolor iphone wallpaper;0
aesthetic watercolor italy;0
aesthetic watercolor indian;0
aesthetic watercolor journal;0
aesthetic watercolor jellycat;0
aesthetic watercolor painting journal;0
watercolor aesthetic japan;0
june aesthetic watercolor;0
january aesthetic watercolor;0
jesus wallpaper aesthetic watercolor;0
watercolor japanese aesthetic;0
jane austen aesthetic watercolor;0
jesus watercolor painting aesthetic;0
jesus watercolor aesthetic;0
watercolor kit aesthetic;0
knight aesthetic watercolor;0
radha krishna aesthetic watercolor;0
aesthetic watercolor art koi fish;0
krishna watercolor painting aesthetic easy;0
kolkata aesthetic watercolor;0
krishna watercolor aesthetic;0
radha krishna watercolor painting aesthetic easy;0
krishna aesthetic painting watercolor;0
aesthetic watercolor art korean;0
radha krishna watercolor painting aesthetic;0
korean aesthetic watercolor painting;0
aesthetic watercolor landscape painting;0
aesthetic watercolor landscape easy;0
aesthetic watercolor lotus;0
aesthetic watercolor london;0
aesthetic watercolor leaf;0
aesthetic watercolor laptop wallpaper;0
aesthetic watercolor love;0
aesthetic watercolor lemon;0
aesthetic watercolor letter;0
aesthetic watercolor lily;0
aesthetic watercolor leaves;0
aesthetic watercolor moon;0
aesthetic watercolor matcha;0
aesthetic watercolor mini;0
aesthetic watercolor macbook wallpaper;0
watercolor aesthetic mountains;0
moody watercolor aesthetic;0
watercolor aesthetic mushroom;0
aesthetic watercolor art minimalist;0
medieval aesthetic watercolor;0
aesthetic book mark watercolor;0
moon drawings aesthetic watercolor;0
music watercolor aesthetic;0
aesthetic watercolor nature;0
aesthetic watercolor nature drawing;0
aesthetic watercolor nature painting;0
aesthetic watercolor paintings nature;0
watercolor nails aesthetic;0
new years aesthetic watercolor;0
watercolor night aesthetic;0
watercolor new york aesthetic;0
navy blue watercolor aesthetic;0
math notes aesthetic watercolor;0
simple watercolor paintings nature aesthetic;0
aesthetic watercolor ocean;0
aesthetic watercolor objects;0
aesthetic watercolor orchid;0
aesthetic watercolor orange;0
aesthetic drawing of flowers watercolor;0
ocean watercolor art aesthetic;0
orange watercolor background aesthetic;0
painting ideas on canvas aesthetic watercolor;0
aesthetic things to paint on canvas watercolor;0
aesthetic watercolor painting on paper;0
watercolor painting aesthetic outside;0
october aesthetic watercolor;0
aesthetic watercolor painting beach;0
aesthetic watercolor painting face;0
aesthetic watercolor painting anime;0
aesthetic watercolor quotes;0
ipad wallpaper aesthetic high quality watercolor;0
aesthetic watercolor art with quotes;0
aesthetic watercolor reference;0
aesthetic watercolor room decor;0
aesthetic watercolor rose;0
aesthetic watercolor rangoli;0
aesthetic watercolor red;0
rhode island aesthetic watercolor;0
aesthetic red watercolor painting;0
river aesthetic watercolor;0
watercolor retro aesthetic;0
watercolor aesthetic room;0
aesthetic watercolor art romantic;0
aesthetic watercolor sketch;0
aesthetic watercolor scenery;0
aesthetic watercolor simple;0
aesthetic watercolor summer;0
aesthetic watercolor sketchbook;0
aesthetic watercolor scenery drawing;0
aesthetic watercolor sunset;0
aesthetic watercolor strawberry;0
aesthetic watercolor supplies;0
aesthetic watercolor turtle;0
aesthetic watercolor tattoo;0
aesthetic watercolor travel;0
aesthetic watercolor things;0
aesthetic watercolor tree;0
aesthetic watercolor texture;0
aesthetic watercolor thank you card;0
aesthetic watercolor tulips;0
aesthetic watercolor art tutorial;0
aesthetic christmas tree watercolor;0
aesthetic watercolor scenery painting tutorial;0
aesthetic painting using watercolor;0
urban watercolor aesthetic;0
usa aesthetic watercolor;0
aesthetic drawing using watercolor;0
used watercolor palette aesthetic;0
drawing ideas aesthetic using watercolor;0
aesthetic watercolor set up;0
watercolor painting set up aesthetic;0
unicorn watercolor aesthetic;0
unique watercolor paintings aesthetic;0
urban painting watercolor aesthetic;0
aesthetic watercolor vintage;0
aesthetic valentines day cards watercolor;0
vampire aesthetic watercolor painting;0
watercolor art aesthetic view;0
watercolor valentine cards aesthetic;0
aesthetic watercolor art video;0
aesthetic watercolor art vintage;0
bookmarks handmade watercolor aesthetic vintage;0
view aesthetic watercolor;0
watercolor aesthetic video;0
vintage painting aesthetic watercolor;0
watercolor bookmarks ideas aesthetic vintage;0
aesthetic watercolor widgets;0
aesthetic watercolor wallpaper iphone;0
aesthetic watercolor wall decor;0
aesthetic watercolor wall art;0
aesthetic watercolor wallpaper ipad;0
aesthetic watercolor wallpaper pastel;0
aesthetic watercolor whale;0
aesthetic watercolor watermelon;0
aesthetic watercolor winter;0
yellow aesthetic watercolor;0
yellow aesthetic wallpaper watercolor;0
watercolor aesthetic y2k;0
you with the dark curls you with the watercolor eyes aesthetic;0
blue and yellow aesthetic watercolor;0
yoga aesthetic watercolor;0
yellow watercolor background aesthetic;0
yearning aesthetic watercolor;0
laptop wallpaper hd 1080p aesthetic watercolor;0
2000s aesthetic watercolor;0
2026 aesthetic watercolor;0
70s aesthetic watercolor;0
80s aesthetic watercolor;0
90s aesthetic watercolor;0
watercolor houses simple;0
watercolor houses tutorial;0
watercolor houses illustration;0
watercolor houses in a row;0
watercolor houses easy;0
watercolor houses christmas;0
watercolor houses art;0
watercolor houses whimsical;0
watercolor houses ideas;0
watercolor houses on hill;0
watercolor houses snow;0
watercolor line and wash houses;0
watercolor landscape with houses;0
watercolor wonky houses;0
watercolor ink houses;0
street houses watercolor;0
watercolor hills and houses;0
watercolor row houses;0
small watercolor houses;0
christmas watercolor ideas houses;0
line and wash watercolor sketches houses;0
old houses watercolor;0
how to watercolor houses;0
watercolor art of houses;0
amsterdam houses watercolor;0
amsterdam canal houses watercolor;0
architecture watercolor houses;0
abstract watercolor houses;0
watercolor and ink houses;0
background houses watercolor;0
beginner watercolor houses;0
watercolor birdhouse bird houses;0
watercolor cottages beach houses;0
watercolor barns and houses;0
beach houses watercolor painting;0
brick houses watercolor;0
watercolor art for beginners houses;0
whimsical watercolor beach houses;0
watercolor paintings of bird houses;0
watercolor houses city;0
copenhagen houses watercolor;0
watercolor colorful houses;0
crooked houses watercolor;0
cute houses watercolor;0
watercolor pc wallpaper christmas houses;0
watercolor christmas card houses;0
christmas cards watercolor houses;0
watercolor drawing of houses;0
houses drawing watercolor;0
diy watercolor houses;0
dutch houses watercolor;0
watercolor doodles houses;0
danish houses watercolor;0
pen and ink drawings with watercolor houses;0
european houses watercolor;0
watercolor paintings easy houses;0
easy watercolor whimsical houses;0
watercolor art easy houses;0
watercolor fairy houses;0
funky watercolor houses;0
fall houses watercolor;0
san francisco houses watercolor;0
watercolor houses with flowers;0
watercolor funny houses;0
whimsical watercolor fairy houses;0
fairytale houses watercolor;0
gingerbread houses watercolor;0
greek houses watercolor;0
watercolor painting ideas houses;0
houses painted in watercolor;0
watercolor art ideas houses;0
italian watercolor houses;0
watercolor japanese houses;0
mike jackson watercolor quirky houses;0
little houses watercolor;0
watercolor light houses;0
loose watercolor houses;0
london houses watercolor;0
watercolor or stylized look old houses;0
watercolor art little houses;0
watercolor landscape paintings village houses;0
watercolor landscape houses;0
light houses painting watercolor;0
watercolor mini houses;0
watercolor mushroom houses;0
miniature houses watercolor;0
watercolor modern houses;0
watercolor row of houses;0
watercolor of houses;0
watercolor old houses paintings;0
painting houses watercolor;0
watercolor paint houses;0
watercolor with pen houses;0
harry potter art watercolor hogwarts houses;0
watercolor pencil houses;0
quirky houses watercolor;0
watercolor scandinavian houses;0
watercolor stone houses;0
watercolor snowy houses;0
watercolor sketch houses;0
simple watercolor paintings houses;0
two houses watercolor;0
watercolor tiny houses;0
how to watercolor whimsical houses;0
watercolor town village houses;0
watercolor town houses;0
how to watercolor paint houses;0
watercolor tree houses;0
urban watercolor houses;0
victorian houses watercolor;0
watercolor village houses;0
3d watercolor houses;0
watercolor landscapes simple;0
watercolor landscapes sunset;0
watercolor landscapes abstract;0
watercolor landscapes for kids;0
watercolor landscapes mountains;0
watercolor landscapes beach;0
watercolor landscapes aesthetic;0
watercolor paintings scenery easy landscapes;0
landscapes paintings watercolor;0
watercolor view landscapes;0
watercolor painting nature landscapes;0
pastel watercolor landscapes;0
expressive watercolor landscapes;0
watercolor christmas landscapes;0
italian landscapes watercolor;0
watercolor landscapes art;0
pen and ink watercolor landscapes;0
landscapes horizontal forest and water watercolor;0
fall watercolor paintings landscapes autumn;0
abstract watercolor paintings landscapes beautiful;0
pen and ink landscapes with watercolor;0
loose abstract watercolor landscapes;0
watercolor art ideas landscapes;0
watercolor landscapes beginners;0
beautiful watercolor paintings nature landscapes;0
watercolor paintings for beginners landscapes;0
easy watercolor paintings for beginners landscapes;0
watercolor paintings landscape beautiful landscapes;0
watercolor paintings for beginners landscapes abstract;0
easy watercolor paintings landscapes step by step;0
watercolor buildings landscapes;0
watercolor landscapes colorful;0
watercolor landscapes city;0
cute landscapes watercolor;0
coastal watercolor landscapes;0
countryside watercolor landscapes;0
christmas scenery pictures landscapes watercolor;0
watercolor country landscapes;0
watercolor cliff landscapes;0
cool landscapes watercolor;0
watercolor landscapes diy;0
watercolor landscapes drawing;0
dreamy watercolor landscapes;0
desert watercolor landscapes;0
scenery drawing pencil landscapes watercolor;0
drawing landscapes watercolor painting;0
watercolor drawings landscapes;0
drawing scenery landscapes watercolor;0
village drawing landscapes watercolor easy;0
village drawing landscapes watercolor painting;0
desert watercolor paintings landscapes;0
village drawing landscapes watercolor;0
watercolor landscapes elementary;0
easy landscapes for watercolor;0
easy watercolor paintings landscapes simple;0
easy watercolor paintings landscapes;0
winter watercolor paintings landscapes easy;0
watercolor landscapes fall;0
watercolor landscapes forest;0
watercolor landscapes flowers;0
fall watercolor paintings landscapes simple;0
genshin landscapes watercolor;0
green landscapes watercolor;0
ghibli scenery landscapes watercolor;0
watercolor garden landscapes;0
watercolor landscapes horizontal;0
watercolor landscapes with houses;0
watercolor hills landscapes;0
how to paint watercolor landscapes videos;0
easy watercolor paintings landscapes horizontal;0
mountains in watercolor landscapes;0
winter landscapes in watercolor;0
indian watercolor paintings landscapes landscapes;0
watercolor inspo landscapes;0
abstract landscapes in watercolor;0
watercolor landscapes kids;0
easy watercolor paintings landscapes for kids;0
easy watercolor landscapes for kids;0
watercolor landscapes mini;0
monochromatic watercolor landscapes;0
messy watercolor landscapes;0
minimalist watercolor landscapes;0
modern impressionism landscapes watercolor;0
watercolor paintings mountains landscapes;0
milind mulick watercolors landscapes watercolor;0
minimal watercolor landscapes;0
watercolor art mountains landscapes;0
watercolor landscapes night;0
neurographic watercolor landscapes;0
simple watercolor paintings nature landscapes;0
nature paintings watercolor landscapes;0
nature illustration landscapes watercolor;0
nature landscapes watercolor;0
realistic watercolor paintings nature landscapes;0
easy watercolor paintings landscapes nature;0
nita engle watercolor landscapes;0
watercolor landscapes ocean;0
one point perspective drawing landscapes watercolor;0
sunrise over mountains watercolor;0
watercolor mountains procreate;0
watercolor mountains video;0
png watercolor leaf;0
watercolor baby elephant png;0
watercolor flower border frame transparent png;0
watercolor flower brush strokes;0
watercolor girl png;0
watercolor icons png;0
watercolor png tree;0
transparent watercolor tutorial;0
watercolor landscapes pink;0
watercolor landscapes professional;0
quick watercolor landscapes;0
watercolor landscapes realistic;0
watercolor river landscapes;0
landscapes reference watercolor;0
watercolor realistic paintings landscapes;0
watercolor landscapes sea;0
watercolor landscapes summer;0
snowy landscapes watercolor;0
lake scenery landscapes watercolor;0
scenery watercolor landscapes;0
watercolor landscapes trees;0
william turner watercolor landscapes;0
watercolor landscapes with trees;0
tuscan watercolor landscapes;0
watercolor paintings tutorials videos landscapes;0
watercolor tutorial landscapes;0
tiny watercolor landscapes;0
simple watercolor paintings landscapes tutorial;0
urban watercolor sketching landscapes;0
watercolor landscapes vertical;0
vibrant watercolor landscapes;0
vintage watercolor landscapes;0
vintage watercolor paintings landscapes;0
watercolor paintings tutorials videos landscapes beautiful;0
village drawing landscapes watercolor painting easy;0
watercolor landscapes winter;0
watercolor landscapes with people;0
watercolor landscapes with flowers;0
watercolor landscapes with water;0
watercolor landscapes with ink;0
watercolor mountains simple tutorial;0
watercolor mountains simple landscapes;0
watercolor mountainscape;0
watercolor bookmarks ideas mountains;0
watercolor forest and mountains;0
watercolor step by step mountains;0
watercolor marker art mountains;0
watercolor tree and mountains;0
wasatch mountains watercolor;0
watercolor mountains and flowers;0
watercolor mountains and clouds;0
watercolor mountains and sunset;0
watercolor mountains and water;0
watercolor mountains and river;0
watercolor mountains art;0
watercolor mountains at night;0
watercolor mountains and valleys;0
watercolor mountains and wildflowers;0
watercolor mountains abstract;0
watercolor mountains bookmark;0
watercolor mountains black and white;0
watercolor mountains brown;0
watercolor mountains blue;0
watercolor mountains black;0
watercolor art for beginners mountains;0
watercolor beach mountains;0
watercolor mountains card;0
watercolor mountains colorful;0
watercolor mountains colorado;0
chinese mountains watercolor;0
faith can move mountains watercolor;0
watercolor birthday card mountains;0
snow capped mountains watercolor;0
christmas mountains watercolor;0
watercolor cards ideas mountains;0
watercolor mountains canva element keyword;0
china mountains watercolor;0
watercolor mountains desert;0
watercolor mountains drawing;0
watercolor mountains detailed;0
watercolor mountains diy;0
dark watercolor mountains;0
how to do watercolor mountains;0
draw mountains watercolor;0
drawing ideas mountains watercolor;0
distant mountains watercolor;0
pen and ink drawings with watercolor mountains;0
watercolor art mountains easy drawings;0
mountains drawing watercolor easy;0
sunset watercolor painting easy mountains;0
watercolor snowy mountains easy;0
easy watercolor paintings for beginners mountains;0
easy watercolor mountains how to paint;0
watercolor mountains and trees easy;0
watercolor ideas easy mountains;0
watercolor art easy mountains;0
easy watercolor mountains for beginners;0
watercolor mountains fall;0
watercolor mountains flowers;0
watercolor mountains for kids;0
watercolor mountains with flowers;0
mountains and flowers watercolor;0
forest watercolor mountains;0
watercolor mountains green;0
great smoky mountains watercolor;0
green mountains watercolor painting;0
grey mountains watercolor;0
watercolor mountains simple green;0
watercolor great smokey mountains;0
gradient watercolor mountains;0
great smoky mountains national park watercolor;0
watercolor mountains horizontal;0
watercolor mountains house;0
how to paint snowy mountains watercolor;0
watercolor mountains and hills;0
how to make watercolor mountains;0
house in the mountains watercolor;0
watercolor mountains illustration;0
watercolor mountains in the distance;0
watercolor mountains ideas;0
watercolor sunset in the mountains;0
watercolor ink mountains;0
japanese watercolor art mountains;0
watercolor mountains kids;0
watercolor mountains lake;0
watercolor landscape paintings mountains;0
mountains and lake watercolor;0
landscape mountains painting watercolor;0
layered mountains watercolor;0
landscape ideas painting watercolor mountains;0
watercolor line art mountains;0
landscape watercolor mountains and trees;0
watercolor mountains mini;0
watercolor mountains night sky;0
mountains at night watercolor;0
watercolor paintings nature mountains;0
watercolor nature mountains;0
watercolor mountains orange;0
watercolor sunset over mountains;0
watercolor art of mountains;0
watercolor ocean and mountains;0
watercolor mountains purple;0
watercolor pine trees and mountains;0
watercolor mountains with quote;0
watercolor mountains realistic;0
rainbow mountains watercolor;0
mountains and river watercolor;0
watercolor river mountains;0
watercolor mountains with river;0
road and mountains watercolor;0
watercolor red mountains;0
rock mountains watercolor;0
watercolor paintings blue ridge mountains;0
rainbow mountains peru watercolor;0
watercolor mountains snow;0
watercolor mountains sun;0
watercolor mountains sketch;0
watercolor mountains sunrise;0
watercolor mountains scenery;0
watercolor mountains summer;0
watercolor mountains trees;0
watercolor mountains tutorial videos;0
watercolor mountains tut;0
three sisters mountains watercolor;0
utah mountains watercolor;0
watercolor art landscape village mountains;0
watercolor mountains winter;0
watercolor mountains with snow;0
watercolor mountains with trees;0
watercolor mountains with lake;0
watercolor mountains with cross;0
watercolor mountains wedding;0
watercolor brush strokes background;0
watercolor brush strokes practice;0
watercolor brush strokes texture;0
watercolor brush strokes exercise;0
watercolor brush strokes pattern;0
watercolor brush strokes tattoo;0
watercolor brush strokes background pink;0
watercolor brush strokes flowers;0
watercolor brush strokes aesthetic;0
watercolor brush strokes blue;0
soft watercolor brush strokes;0
watercolor brush strokes brown;0
watercolor tattoo abstract brush strokes;0
watercolor brush strokes background abstract;0
abstract watercolor brush strokes;0
watercolor art brush strokes;0
simple watercolor paintings abstract art brush strokes;0
paint brush strokes clip art watercolor shape design image;0
download free png of colorful watercolor brush strokes transparent png;0
green watercolor brush strokes;0
pink watercolor brush strokes;0
watercolor brush strokes background png;0
pastel watercolor brush strokes;0
red watercolor brush strokes;0
black watercolor tattoo brush strokes;0
digital planner stickers watercolor;0
floral watercolor frames;0
watercolor floral border design frames;0
watercolor floral border frames;0
watercolor pngs;0
watercolor png texture;0
watercolor png splash;0
watercolor png aesthetic;0
watercolor png icon;0
flowers border watercolor png;0
tree watercolor painting png;0
watercolor minnie mouse png;0
watercolor race car png;0
school watercolor png;0
santa watercolor png;0
watercolor png art;0
avengers watercolor png;0
arcobaleno watercolor png;0
watercolor christmas art png;0
alice watercolor png;0
watercolor art flower png;0
stitch and angel watercolor png;0
watercolor airplane png;0
autumn watercolor png;0
easter bunny watercolor png;0
birthday watercolor png;0
watercolor brush spot png;0
watercolor blue bow png;0
bees watercolor png;0
boat png watercolor;0
watercolor png cute;0
watercolor png clipart;0
champagne watercolor png;0
cake png watercolor;0
coffee watercolor png;0
coconut tree watercolor png;0
watercolor circus png;0
construction watercolor png;0
dumbo watercolor png;0
watercolor diya png;0
duck png watercolor;0
watercolor dragon png;0
dusty blue watercolor flowers png;0
daffodil watercolor png;0
watercolor dove png;0
watercolor doodles png;0
delicate watercolor flowers png;0
watercolor disney princess png;0
watercolor drawings png;0
watercolor png elements;0
tree elevation png watercolor;0
envelope watercolor png;0
excavator watercolor png;0
watercolor brush effect png;0
elsa watercolor png;0
watercolor png frame;0
flores rosas watercolor png;0
watercolor flower vine png;0
watercolor fountain png;0
food png watercolor;0
flores png watercolor;0
watercolor flower png bunch;0
galaxy watercolor png;0
grapes watercolor png;0
watercolor baby girl png;0
grass bed watercolor png;0
gingerbread house watercolor png;0
globos watercolor png;0
watercolor png heart;0
santa hat watercolor png;0
hotel watercolor png;0
watercolor hills png;0
human watercolor png;0
hojas watercolor png;0
watercolor hydrangeas png;0
spidey and his amazing friends watercolor png;0
watercolor ivy png;0
red checkered beach towel picnic blanket in watercolor cloth beach towel png;0
watercolor flower png images;0
ice cream watercolor png;0
watercolor italy png;0
pink checkered beach towel picnic blanket in watercolor cloth beach towel png;0
floral invitation template free watercolor flowers png;0
monsters inc png watercolor;0
checkered beach towel picnic blanket in watercolor cloth beach towel png;0
jungle watercolor png;0
jellyfish watercolor png;0
jasmine flower watercolor png;0
watercolor journal png;0
japanese watercolor png;0
jirafa watercolor png;0
jessie watercolor png;0
jesus watercolor png;0
japan watercolor png;0
lion king watercolor png;0
watercolor kids png;0
koala watercolor png;0
koi fish watercolor png;0
watercolor lilies png;0
watercolor letter png;0
watercolor love png;0
lighthouse watercolor png;0
lamp watercolor png;0
little prince watercolor png;0
watercolor png moon;0
mariposa watercolor png;0
mosque watercolor png;0
matcha watercolor png;0
super mario watercolor png;0
mario bros watercolor png;0
marigold watercolor png;0
watercolor monster truck png;0
mushroom png watercolor;0
watercolor numbers png;0
night sky watercolor png;0
watercolor nature png;0
nube watercolor png;0
notebook watercolor png;0
nutcracker watercolor png;0
watercolor nativity png;0
navidad watercolor png;0
olive watercolor png;0
olaf watercolor png;0
olive tree watercolor png;0
octopus watercolor png;0
ocean watercolor png;0
old rose watercolor flower png;0
orsetto watercolor png;0
watercolor png plants;0
watercolor png palette;0
peter rabbit watercolor png;0
watercolor pink ribbon png;0
rocks watercolor png;0
watercolor red flower png;0
watercolor png sun;0
watercolor png stickers;0
summer watercolor png;0
watercolor sunset png;0
png trees watercolor;0
watercolor frame png transparent;0
under the sea watercolor png;0
umbrella watercolor png;0
vintage watercolor png;0
vegetables watercolor png;0
vine watercolor png;0
vintage watercolor flowers png;0
vegetation watercolor png;0
tree top view png photoshop watercolor;0
watercolor png wedding;0
yellow watercolor flower png;0
zootopia watercolor png;0
zebra watercolor png;0
zootopia 2 watercolor png;0
clipart stitch aquarelle;0
clipart fleur aquarelle;0
clipart ourson aquarelle;0
clipart noel aquarelle;0
clipart aquarelle;0
clipart anniversaire aquarelle;0
clipart animaux aquarelle;0
transparent watercolor landscape;0
transparent watercolor brush ibis paint;0
transparent watercolor art;0
transparent watercolor scenery;0
transparent watercolor still life;0
watercolor floral transparent;0
transparent petals watercolor;0
watercolors and transparent acrylic frame;0
transparent watercolor ideas;0
watercolor tree transparent background;0
watercolor art abstract transparent backgrounds;0
doors and windows in transparent watercolor technique;0
watercolor flower png transparent background;0
watercolor hydrangea transparent background;0
transparent watercolor composition;0
watercolor cloud transparent;0
transparent effect watercolor;0
transparent watercolor flower paintings;0
transparent watercolor fruit;0
transparent fabric watercolor;0
transparent floral watercolor painting;0
transparent glass watercolor;0
how to watercolor transparent flowers;0
how to paint transparent objects watercolor;0
transparent watercolor illustration;0
transparent flowers in watercolor;0
online transparent watercolor painting instruction;0
transparent watercolor lotus;0
watercolor transparent layers;0
mini transparent watercolor pallete;0
transparent watercolor portrait;0
watercolor tree png transparent;0
watercolor splash transparent png;0
watercolor stain png transparent;0
transparent watercolor tree;0
transparent watercolor texture;0
transparent watercolor tulips;0
watercolor flower illustration png;0
watercolor bundle of flowers;0
watercolor flower bundles;0
flower bundle watercolor;0
watercolor rose bundle;0
watercolor lavender bundle;0
watercolor flowers bundle;0
watercolor elements canva;0
watercolor elements png;0
watercolor elements wedding;0
watercolor elements in canva;0
watercolor elements flowers;0
watercolor elements art;0
watercolor elements food;0
watercolor elements tattoo;0
watercolor elements nature;0
watercolor elements blue;0
watercolor elements of art;0
watercolor elements coffee;0
watercolor sangeet elements;0
watercolor elements on canva;0
carnival watercolor elements;0
medical elements watercolor;0
underwater elements watercolor;0
watercolor tattoo design elements;0
party elements watercolor;0
school watercolor elements;0
watercolor floral elements video;0
italian watercolor elements;0
golf elements watercolor;0
elements of art watercolor;0
autumn elements watercolor;0
alice in wonderland watercolor elements;0
canva elements watercolor animals;0
abstract watercolor elements;0
watercolor art canva elements;0
pink and purple wallpaper with watercolor elements;0
beach watercolor elements;0
baptism elements watercolor;0
canva elements watercolor background;0
watercolor floral background with hand drawn flower elements;0
watercolor branding elements;0
baby watercolor elements;0
birthday elements watercolor;0
watercolor baby shower elements;0
watercolor border elements;0
baby boy watercolor elements;0
watercolor elements cute;0
canva elements watercolor keyword;0
canva pro elements watercolor;0
chinese new year elements watercolor;0
watercolor flower canva elements;0
collage elements watercolor;0
canva elements free watercolor;0
chinese watercolor elements;0
watercolor decor elements;0
valentines day watercolor elements;0
five elements of nature painting watercolor;0
watercolor football elements;0
four elements watercolor;0
canva elements food watercolor;0
canva watercolor floral elements;0
flower watercolor elements;0
watercolor garden elements;0
green watercolor elements;0
watercolor garden canva elements;0
watercolor graduation elements;0
watercolor graphic elements;0
haldi watercolor elements;0
harry potter elements watercolor;0
watercolor illustration elements;0
5 elements of nature illustration watercolor;0
interior elements watercolor;0
indian watercolor elements;0
wedding invite elements watercolor;0
wedding elements illustration watercolor;0
watercolor indian wedding elements;0
italy elements watercolor;0
christmas elements illustration watercolor;0
japan elements watercolor;0
japanese watercolor elements;0
watercolor jungle elements;0
watercolor elements kids;0
canva keywords elements watercolor;0
canva elements keyword watercolor flower;0
watercolor landscape elements;0
watercolor library elements;0
mermaid elements watercolor;0
watercolor music elements;0
watercolor elephant nursery art;0
watercolor print on fabric;0
pastel png background;0
pastel png pack;0
watercolor mughal elements;0
watercolor mehendi elements;0
natural elements watercolor;0
watercolor nursery elements;0
ocean elements watercolor;0
orange watercolor elements;0
winnie the pooh watercolor elements;0
picnic elements watercolor;0
watercolor paintings elements;0
watercolor pubmat elements;0
pastel watercolor elements;0
canva elements watercolor people;0
pink watercolor elements;0
elements watercolor painting;0
red watercolor elements;0
watercolor rose elements;0
reception watercolor elements;0
watercolor rajasthani elements;0
summer watercolor elements;0
watercolor small elements;0
simple watercolor elements;0
spring watercolor elements;0
space elements watercolor;0
watercolor style elements;0
watercolor sky elements;0
snow white elements watercolor;0
safari elements watercolor;0
watercolor scrapbook elements;0
watercolor tropical elements;0
travel elements watercolor;0
watercolor tree elements;0
4 elements tattoo watercolor;0
toy story elements watercolor;0
under the sea elements watercolor;0
vintage watercolor elements;0
yellow watercolor elements;0
4 elements watercolor;0
5 elements watercolor;0
watercolor shirt designs;0
t shirt design watercolor;0
watercolor design shirt;0
watercolor christmas art free printable;0
watercolor scripture art free printable;0
watercolor line art printable;0
teal watercolor wall art printable;0
watercolor landscape printable wall art;0
watercolor art free printable;0
fall watercolor art free printable;0
valentine watercolor painting heart art printable;0
watercolor art for beginners printable;0
bathroom watercolor art free printable;0
printable arabic calligraphy art prints watercolor;0
kitchen watercolor art free printable;0
printable watercolor art free printables;0
spring watercolor art free printable;0
watercolor art lessons tutorials printable;0
watercolor floral fabric print;0
abstract watercolor fabric print;0
watercolor prints fabric;0
scrapbooking watercolor;0
scrapbooking with watercolor;0
scrapbooking and watercolor;0
junk journal watercolor swatches;0
watercolor junk journal;0
junk journal stickers watercolor;0
junk journal with watercolor;0
watercolor junk journal ideas;0
watercolor art junk journal;0
watercolor junk journal pages;0
pink floral watercolor clipart;0
watercolor wildflower floral clipart;0
blue watercolor floral clipart;0
watercolor floral bouquet clipart;0
watercolor floral letters alphabet clipart;0
floral wreath watercolor printable clipart;0
watercolor flowers png images;0
watercolor wedding flowers png;0
watercolor flowers corner png;0
watercolor flowers paintings png;0
watercolor flowers art png;0
watercolor botanical flowers png;0
watercolor blue flowers png transparent;0
digital watercolor flowers png;0
watercolor green flowers png;0
watercolor lavender flowers png;0
watercolor rose flowers png;0
watercolor botanical clipart;0
botanical leaves watercolor png;0
boho baby watercolor clipart;0
sea animals watercolor clipart;0
watercolor baby animals clipart;0
cute animals watercolor clipart;0
watercolor tropical animals clipart;0
birds png watercolor;0
watercolor forest tree clipart,woodland;0
aquarelle animals easy;0
easy aquarelle ideas animals;0
aquarelle painting animals;0
aquarelle illustration animals;0
aquarelle cute animals;0
sea animals aquarelle;0
aquarelle painting cute animals;0
aquarelle painting sea animals;0
aquarelle art animals;0
jungle aquarelle animals;0
aquarelle painting ideas animals;0
animals aquarelle;0
aquarelle baby animals;0
aquarelle christmas animals;0
cute aquarelle drawing animals;0
aquarelle drawing animals;0
farm animals aquarelle;0
aquarelle inspiration animals;0
aquarelle marine animals;0
aquarelle nails animals;0
aquarelle painting ocean animals;0
aquarelle ocean animals;0
aquarelle water animals;0
baby bottle clipart watercolor;0
watercolor baby boy clipart;0
baby dinosaur watercolor clipart;0
watercolor baby bear clipart;0
baby dragon watercolor clipart;0
baby girl clipart watercolor;0
newborn baby watercolor clipart;0
watercolor baby clothes clipart;0
baby animal watercolor clipart;0
baby lion watercolor clipart;0
watercolor nursery art ideas;0
watercolor nursery art boy;0
watercolor nursery art girl;0
watercolor nursery art simple;0
watercolor nursery art ocean;0
watercolor nursery art tutorial;0
watercolor nursery art name;0
watercolor nursery art bunny;0
watercolor nursery art easy;0
watercolor nursery art bear;0
baby nursery watercolor art;0
watercolor nursery art diy;0
watercolor name nursery art;0
nursery wall art watercolor;0
woodland watercolor nursery art;0
baby giraffe watercolor nursery art;0
watercolor baby name nursery art;0
watercolor art for boy nursery;0
baby bunny watercolor nursery art;0
watercolor baby fox nursery art;0
watercolor boy nursery wall art;0
baby owl watercolor nursery art;0
nursery watercolor art butterfly;0
christian nursery watercolor art;0
watercolor dog nursery art;0
duck watercolor nursery art;0
watercolor art for girl nursery;0
floral watercolor nursery art;0
baby girl nursery watercolor art;0
watercolor lion nursery art;0
abstract nursery art watercolor print;0
vintage watercolor nursery art;0
fall clipart autumn clip art watercolor;0
fruits watercolor png;0
watercolor card making inspiration;0
watercolor card making ideas;0
card making watercolor;0
valentines day card making ideas watercolor;0
watercolor background tutorial card making;0
card making ideas for beginners watercolor techniques;0
watercolor art prints free printables;0
watercolor painting cake art prints;0
california art prints ~ coastal and landmark watercolor paintings;0
wall art prints watercolor;0
family watercolor illustration art prints;0
watercolor scripture art prints;0
lilly pulitzer watercolor art prints;0
watercolor shabby chic art prints;0
watercolor cocktail art prints;0
watercolor fish simple art prints;0
autumn watercolor illustration art prints;0
light blue watercolor background art prints;0
watercolor art plants botanical prints;0
blue hydrangea watercolor art prints;0
christmas wallpaper watercolor art prints;0
cute watercolor art prints;0
christmas watercolor art prints;0
watercolor flower art prints;0
watercolor wedding gift art prints;0
watercolor art abstract geometric prints;0
painting ideas watercolor inspiration art prints;0
kitchen art prints watercolor;0
pastel pngs;0
pastel png icon;0
pastel png cute;0
pastel png gif;0
pastel png fresh pastel;0
pastel png blue;0
pastel png azul;0
pastel png stickers;0
pastel png comida;0
arco íris png pastel;0
numero 1 rosa pastel png;0
sticker aesthetic blue pastel png;0
blue png pastel;0
pastel yellow aesthetic icon png;0
png rosa azul e amarelo pastel;0
pastel png aesthetic icon;0
pastel png art;0
pastel png amarillo;0
pastel png aesthetic hombre;0
png azul e rosa pastel;0
pastel png blanco;0
pastel png blanco y negro;0
pastel png black background;0
pastel png border;0
pastel png bow;0
pastel png banner;0
pastel png birthday;0
blue gradient background pastel png;0
pastel blue core png;0
pastel png cumpleaños;0
pastel png chocolate;0
pastel png clothes;0
pastel png cutecore;0
pastel png cartoon;0
pastel png celeste;0
pastel png cupcake;0
pastel png collage;0
pastel png carrd;0
pastel png color;0
pastel png desenho;0
pastel png drawing;0
pastel png deco;0
pastel png draw;0
pastel png de cumpleaños;0
pastel png de chocolate;0
dinosaurios color pastel png;0
pastel de coraline png;0
pastel decoracion png;0
fundo do mar tom pastel png;0
pastel png emoji;0
pastel png edit;0
pastel png element;0
png rosa e roxo pastel;0
png azul e verde pastel;0
png amarelo e azul pastel;0
pastel en caja png;0
pastel emo png;0
pastel de queijo e presunto png;0
pastel png frame;0
pastel png fresa;0
pastel png flower;0
pastel png food;0
pastel png for edits;0
pastel png fondo negro;0
blue pastel flower png;0
flor azul pastel png;0
pastel foods png;0
pastel png green;0
pastel png gacha;0
pastel png grande;0
pastel png graphics;0
pastel garden png;0
pastel goth icon png;0
green and pink pastel png;0
pastel goth character png;0
pastel png hombre;0
pastel png hear me out;0
pastel png heart;0
pastel png header;0
pastel pink heels png;0
pastel highlighters png;0
pastel mal hecho png;0
pastel green heart png;0
png bunga hijau pastel;0
pastel frito na hora png;0
pastel png icon aesthetic;0
pastel png icon blue;0
pastel png icon green;0
icon rosa pastel png;0
icon pink pastel png;0
rainbow pastel png icon;0
pastel pink app icons png;0
imagenes png rosa pastel;0
pastel app icon png;0
pastel journal png;0
pastel jelly cat png;0
pastel festa junina png;0
juminocore pastel png;0
pastel de festa junina png;0
pastel jirai kei png;0
jaune pastel png;0
coxinha e pastel juntos png;0
japan pastel png;0
jorge el curioso pastel png;0
japanese pastel png;0
pastel japones png;0
pastel png kawaii;0
t shirt roblox png kulit pastel y2k;0
png biru pastel kartun;0
kue pastel png;0
png ungu pastel kartun;0
png kartun pastel;0
guerreras kpop pastel png;0
png kuning pastel;0
kupu kupu ungu pastel png;0
good notes stickers png pastel kawaii lumi moods;0
kawaiicore pastel png;0
png bintang kuning pastel;0
pastel png lace;0
pastel png long;0
pastel png lila;0
png rosa pastel laço;0
pastel lps png;0
pastel lindo png;0
borboleta png lilas pastel;0
pastel lilac png;0
pastel purple lace png;0
icon png laranja pastel;0
png stiker lucu pastel;0
pastel png moodboard;0
pastel png morado;0
pastel png minecraft;0
pastel png makanan;0
pastel png music;0
mariposa tono pastel png;0
png soft morado pastel;0
pastel minnie png;0
mariposa rosado pastel png;0
pastel de moras png;0
pastel png negro;0
pastel png niño;0
pastel png naranja;0
pastel nurse png;0
nube azul pastel png;0
pastel de cumpleaños niño png;0
pastel nail polish png;0
nube celeste pastel png;0
pastel png overlay;0
pastel png orange;0
overlays png pastel;0
pastel pink and orange png;0
png oren pastel;0
flower oil pastel png;0
pastel haldi outfit png;0
pastel objects png;0
pastel yellow outfit png;0
blue oil pastel png;0
pastel orange dress png;0
pastel orange macbook folder png;0
pastel png purple;0
pastel png pixel;0
pastel png para colorear;0
pastel png pastel;0
pastel png pfp;0
pastel png party;0
chicken pastel png;0
pastel queijo png;0
pastel de queso png;0
quote png pastel;0
quinceañera rosa pastel png;0
pastel de carne com queijo png;0
pastel quotes png;0
pastel quemado png;0
pastel quadrado png;0
pastel png rosa;0
pastel png rainbow;0
pastel png red;0
pastel png rebanada;0
pastel png realista;0
pastel png ribbon;0
pastel png silueta;0
pastel png star;0
pastel png scrapbook;0
pastel png sheet;0
pastel png sin velas;0
pastel png soft;0
pastel png summer;0
pastel png sanrio;0
pastel png text;0
pastel png things;0
pastel blue top png;0
flores tons pastel png;0
flor tom pastel png;0
coração tom pastel png;0
arco íris tom pastel png;0
stitch tom pastel png;0
pastel png unicorn;0
png ungu pastel cute;0
pastel unicorn horn png;0
bunga ungu pastel png;0
png ungu pastel pita;0
png poster ungu pastel;0
background ungu pastel png;0
unicornio tonos pastel png;0
pastel ufo png;0
t shirt roblox png ungu pastel;0
pastel png verde;0
pastel png vintage;0
baloes verde pastel png;0
decoración verde pastel png;0
pure vanilla pastel blue png;0
icons verdes pastel png;0
violet pastel png;0
pastel de red velvet png;0
png vermelho pastel;0
png color verde pastel;0
pastel png widget;0
pastel png white;0
pastel png watermark;0
pastel png wallpaper;0
pastel png white background;0
wallpaper aesthetic rosa pastel anime png;0
pastel wings png;0
pink pastel widget png;0
bunga warna pastel png;0
winnie the pooh pastel png;0
wax seal png pastel;0
png xanh pastel;0
pastel xv png;0
pastel png yellow;0
png cute yellow pastel;0
pastel yellow png stickers;0
pink blue and yellow pastel png;0
pastel pink yellow blue png;0
yellow pink pastel png;0
yandex.disk scrapbook png pastel;0
t shirt roblox png y2k emo evade pastel;0
pastel yellow and pastel pink png;0
pastel de zanahoria png;0
pastel de zarzamora png;0
rebanada de pastel de zanahoria png;0
pastel zombie png;0
pastel zanahoria png;0
pastel 1 png;0
numero 1 pastel png;0
pastel 18 png;0
1 pastel png;0
pastel 2 pisos png;0
pastel de 2 pisos png;0
numero 2 png rosa pastel;0
pastel png 2d;0
2016 pastel png;0
2000s pastel png;0
pastel goth 2014 png;0
numero 3 rosa pastel png;0
pastel de 3 leches png;0
pastel 3 pisos png;0
pastel de 3 pisos png;0
pastel 3 leches png;0
pastel png 3d;0
blue pastel png 3d;0
png pink pastel 3d;0
png ungu pastel 3d;0
png biru pastel 3d;0
png hijau pastel 3d;0
3d pastel rainbow png;0
numero 4 rosa pastel png;0
numero 5 rosa pastel png;0
numero 6 rosa pastel png;0
numero 8 rosa pastel png;0
80s pastel png;0
numero 9 rosa pastel png;0
pastel 90s png;0
pebble design soft graphics pastel;0
floral clipart pastel;0
transparent background pastel;0
pastel stars transparent background;0
plain pastel background transparent;0
pastel pink transparent background;0
pastel aesthetic pngs;0
pastel aesthetic png stickers;0
stiker aesthetic png pastel;0
red aesthetic soft pastel png;0
cupcake png aesthetic pastel;0
purple pastel aesthetic png;0
rosa aesthetic pastel png;0
pastel rainbow png aesthetic;0
pastel aesthetic icon png;0
icon iphone aesthetic pink pastel png;0
png aesthetic morado pastel;0
background aesthetic pastel purple png;0
png blue pastel aesthetic;0
happy birthday png aesthetic pastel;0
pastel brown png aesthetic;0
png icons aesthetic blue pastel;0
cute background aesthetic pink pastel png;0
pastel pink and blue aesthetic png;0
border design aesthetic pastel green png;0
background biru polos pastel aesthetic png;0
background aesthetic pastel png;0
pinggiran bingkai aesthetic png pastel;0
pastel cumpleaños aesthetic png;0
cute pastel aesthetic png;0
pastel core aesthetic png;0
pastel color aesthetic png;0
pastel colors png aesthetic;0
childhood png pastel rainbow aesthetic;0
imagenes color azul pastel aesthetic png;0
pastel de cumpleaños aesthetic png;0
pastel candy aesthetic png;0
cosas verdes aesthetic pastel png;0
png decoration aesthetic pastel;0
decoracion png aesthetic azul pastel;0
pastel dibujo aesthetic png;0
icons png aesthetic dark blue pastel;0
pastel de chocolate aesthetic png;0
t shirt roblox png aesthetic y2k emo pastel;0
pastel aesthetic elements png;0
elemen aesthetic png pastel;0
t shirt roblox png aesthetic y2k emo pastel boy;0
fall png aesthetic pastel;0
soft wallpaper aesthetic pastel flower png;0
fondo rojo aesthetic pastel png;0
purple flower png aesthetic pastel;0
fondos rosas aesthetic pastel lisos png;0
wallpaper aesthetic rosa pastel flores png;0
fondo azul pastel aesthetic vintage png;0
frame aesthetic png pastel;0
pastel flowers aesthetic png;0
pink flowers aesthetic pastel png;0
soft wallpaper aesthetic pastel green flower png;0
pastel green png aesthetic;0
stiker aesthetic green pastel png;0
pastel goth aesthetic png;0
gelembung teks aesthetic png pastel;0
pastel green aesthetic icon png;0
gif rosa pastel aesthetic png;0
soft aesthetic green pastel png;0
background aesthetic pastel green png;0
pastel green stickers aesthetic printable png;0
pastel green and pink aesthetic png;0
pastel green icons aesthetic png;0
hiasan aesthetic png pastel;0
png aesthetic hijau pastel;0
icon png hijau pastel aesthetic;0
hiasan vintage aesthetic png pastel;0
icon png aesthetic pink pastel;0
pastel yellow icons aesthetic png;0
icons aesthetic pink pastel png;0
icons aesthetic verde pastel png;0
post it png aesthetic pastel;0
icons rosa pastel aesthetic png;0
pastel purple icons aesthetic png;0
t shirt roblox png aesthetic kulit pastel pink;0
png kuning pastel aesthetic;0
t shirt roblox png aesthetic kulit pastel blue;0
sobekan kertas aesthetic png pastel;0
kawaii pastel aesthetic png;0
kotak teks aesthetic png pastel;0
t shirt roblox png aesthetic kulit pastel black;0
coretan kuas aesthetic png pastel;0
t shirt roblox png aesthetic kulit pastel;0
light blue aesthetic wallpaper pastel icon png;0
light orange aesthetic pastel background png;0
mentahan aesthetic png pastel;0
pastel mermaid aesthetic png;0
icons aesthetic morados pastel png;0
messy pastel aesthetic png;0
icons aesthetic naranja pastel png;0
note paper aesthetic png brown pastel;0
pastel orange aesthetic png;0
pastel orange icons aesthetic png;0
pastel red aesthetic png;0
soft yellow aesthetic pastel png;0
pastel pink stickers aesthetic printable png;0
soft pastel png aesthetic;0
aesthetic pastel star png;0
pastel space aesthetic png;0
textbox png aesthetic pastel;0
washi tape png aesthetic pastel yellow;0
washi tape png aesthetic pastel;0
tanda panah aesthetic pastel png;0
washi tape png aesthetic pastel blue;0
ungu pastel aesthetic png;0
pastel pink png aesthetic vintage;0
png aesthetic verde pastel;0
washi tape png aesthetic pastel purple;0
yellow aesthetic pastel png;0
soft yellow aesthetic pastel background plain png;0
soft yellow aesthetic pastel background anime png;0
pink and yellow aesthetic pastel png;0
hand painted flower clipart;0
frame png images ,hand painted png transparent background;0
painted hand png;0
hand painted bride png images, marry, wedding, wedding dress png transparent background;0
hand painted tree png;0
hand drawn watercolor illustration;0
hand-drawn watercolor;0
hand drawn watercolor pattern;0
hand drawn watercolor christmas cards;0
hand drawn watercolor art;0
hand drawn watercolor cards;0
hand drawn watercolor frame;0
hand drawn watercolor painting;0
hand drawn watercolor people;0
hand drawn watercolor background;0
hand drawn menu watercolor;0
illustration hand drawn watercolor;0
hand-drawn watercolor illustration;0
hand drawn watercolor painting easter picture;0
architecture rendering watercolor hand drawn;0
watercolor hand drawn animal alphabet;0
arch frame outline hand drawn watercolor;0
hand drawn birthday cards watercolor;0
wedding invitations watercolor floral hand drawn;0
watercolor hand-drawn illustration;0
illustrations hand drawn watercolor;0
watercolor hand drawn wedding invitations;0
hand drawn watercolor style hair dryer illustration;0
soft watercolor hand drawn illustration;0
clipart gouache;0
himi gouache png;0
paint gouache png;0
gouache texture png;0
gouache painting png;0
gouache set png;0
soft girl aesthetic clipart;0
moodboard png vintage pastel;0
pastel de cumpleaños vintage png;0
png soft colors;0
pastel seamless patterns;0
pastel floral pattern seamless;0
seamless pattern pastel;0
pastel easter seamless pattern;0
pastel gingham seamless pattern;0
pastel heart seamless pattern;0
pastel halloween seamless pattern;0
pastel christmas seamless pattern;0
pastel goth seamless pattern;0
seamless pattern oil pastel;0
pastel blue seamless pattern;0
pastel rainbow seamless pattern;0
seamless patterns pastel;0
pastel pattern seamless;0
pastel abstract seamless pattern;0
pastel color seamless pattern;0
cute seamless pattern pastel;0
pastel green fabric texture seamless pattern;0
pastel flower seamless pattern;0
kawaii pastel seamless pattern;0
pastel abstract shapes png;0
color light clipart;0
woodland animals pastel;0
dreamy pastel backgrounds;0
dreamy pastel background aesthetic;0
dreamy pastel background pink;0
pastel dreamy background;0
dreamy background pastel landscape;0
dreamy soft pastel background;0
pastel blue dreamy background;0
dreamy pastel floral background;0
dreamy background pastel green;0
dreamy pastel watercolor background;0
dreamy pastel sky background;0
dreamy pastel cloud background;0
pastel pink dreamy background;0
pastel dreamy aesthetic background;0
dreamy pastel abstract background;0
dreamy pastel gradient background;0
dreamy pastel galaxy background;0