vintage nursery;880
safari nursery;880
safari nursery room;880
pink nursery;880
sage green nursery;880
teddy bear nursery ideas;880
jungle nursery ideas;880
jungle theme for nursery;880
jungle theme nursery;880
enchanted forest nursery;880
moon and stars nail art;880
moon and stars nail designs;880
blue nursery rug;880
nursery pink;880
diy wall art ideas;880
nursery ideas jungle;880
nursery room essentials;880
nursery theme jungle;880
essentials for nursery;880
nursery essentials;880
nursery decor hobby lobby;720
nursery decor jungle theme;720
nursery prints;720
forest nursery;720
jungle nursery;720
teddy bear nursery;720
nursery decor woodland animals;720
woodland animal nursery decor;720
woodland creature nursery decor;720
teddy bear decor for nursery;720
teddy bear nursery decor;720
teddy bear nursery theme;720
jungle nursery room;720
moon and stars background;720
moon and stars tattoo ideas;720
nursery rhymes printables;720
nursery room closet;720
nursery room layout;720
nursery room mural;720
nursery room prints;720
nursery room yellow;720
printable nursery rhymes;720
nursery decor green;590
nursery decor twins;590
vintage nursery prints;590
woodland nursery rug;590
printable wall decor;590
gender neutral nursery colors;590
floral nursery decor;590
floral nursery ideas;590
floral nursery wallpaper;590
moon and stars dress;590
star wars nursery;590
pink nursery wallpaper;590
diy wall art large;590
large wall art diy;590
printable wall decorations;590
wall decor printable;590
nursery ideas for twins;590
nursery ideas green;590
nursery ideas themes;590
twin nursery ideas;590
nursery ideas twins;590
nursery design for twins;590
nursery room must haves;590
nursery room pictures;590
nursery room set up;590
nursery room theme ideas;590
nursery room setup;590
nursery theme ideas;590
nursery themes for twins;590
nursery themes ideas;590
nursery pictures;590
pictures for nursery room;590
free printable wall art;590
printable wall art free;590
ocean nursery theme;480
nursery decor western;480
gallery wall for nursery;480
nursery gallery wall;480
boho nursery;480
vintage sports nursery;480
woodland nursery wallpaper;480
woodland wallpaper nursery;480
safari nursery rug;480
safari nursery wallpaper;480
blue nursery;480
forest green nursery;480
ocean nursery decor;480
ocean nursery ideas;480
floral nursery rug;480
bear nursery accessories;480
bear nursery decor;480
bear nursery theme;480
masha and the bear nursery rhymes;480
moon and stars earrings;480
moon and stars nails;480
moon and stars night sky;480
nursery blue;480
pink nursery curtains;480
diy wood wall art;480
diy wall art with wood;480
diy wall art wood;480
nursery ideas disney;480
nursery room checklist;480
nursery room colors;480
nursery room for twins;480
nursery room organization;480
nursery room paint colors;480
nursery room sign;480
airplane nursery theme;480
disney nursery themes;480
nursery themes disney;480
nursery rhymes clipart;390
elephant nursery decor;390
nursery decor animals;390
nursery decor elephant;390
nursery decor shelves;390
vintage nursery lamp;390
safari nursery wall art;390
animal nursery;390
classic nursery;390
earth tone nursery;390
floral nursery;390
giraffe nursery;390
goose nursery decor;390
ocean nursery;390
nursery wall art safari;390
safari nursery wall decor;390
gender neutral nursery wallpaper;390
floral nursery curtains;390
animal nursery decor;390
animal nursery ideas;390
animal nursery theme;390
animal theme nursery;390
animal-themed nursery ideas;390
animal nursery rug;390
bear nursery ideas;390
garden nursery plants;390
bear nursery rug;390
elephant nursery ideas;390
elephant nursery theme;390
giraffe in nursery;390
giraffe nursery room;390
giraffe for nursery;390
moon and stars coloring pages;390
moon and stars decor;390
moon and stars decorations;390
sage green nursery paint;390
pink nursery chair;390
harry potter nursery ideas;390
nursery ideas animals;390
nursery ideas for small rooms;390
nursery ideas small room;390
nursery paint ideas;390
nursery room paint ideas;390
nursery room painting ideas;390
nursery shelf decorations;390
under the sea nursery decorations;390
nursery rhyme pictures;390
nursery rhymes with pictures;390
pictures of nursery rhymes;390
moon and stars nursery decor;320
moon and stars nursery ideas;320
moon and stars nursery theme;320
unisex nursery decor ideas;320
vintage nursery rhyme prints;320
nursery wall decor safari;320
vintage nursery art;320
vintage nursery artwork;320
vintage nursery chair;320
elephant nursery;320
urban jungle nursery;320
floral nursery theme;320
garden nursery theme;320
rose garden nursery;320
bunny nursery decor;320
bunny nursery ideas;320
bunny nursery theme;320
bunny rabbit nursery decor;320
duck nursery decor;320
duck nursery ideas;320
duck nursery theme;320
elephant nursery room;320
moon and stars tattoo designs;320
moon and stars light;320
moon and star nursery decor;320
star and moon nursery theme;320
cloud decor for nursery;320
cloud nursery decor;320
sage green nursery decor;320
gingham nursery chair;320
bedroom wall art diy;320
diy wall art bedroom;320
diy wall art for living room;320
diy wall art for bedroom;320
unisex nursery ideas;320
unisex nursery design;320
nursery guest room combo;320
nursery room decor;320
nursery room wall;320
nursery room layout ideas;320
nursery room storage ideas;320
nursery room wall ideas;320
unisex nursery room ideas;320
moon and stars nursery;260
nursery decor diy;260
nursery decor etsy;260
nursery diy decor;260
nursery decor pink;260
nursery prints animals;260
art prints for nursery;260
art prints nursery;260
nursery room art prints;260
nursery wall decor ideas;260
nursery wall decoration ideas;260
vintage nursery wall art;260
vintage nursery wall decor;260
woodland nursery bedding sets;260
woodland nursery wall art;260
woodland nursery wall decor;260
bear nursery;260
beige nursery;260
bunny nursery;260
cottagecore nursery;260
diy nursery decor;260
duck nursery;260
goose nursery;260
lavender nursery;260
nursery art prints;260
nursery wall art ideas;260
nursery wall art woodland;260
jungle nursery wallpaper;260
forest nursery decor;260
forest nursery wallpaper;260
ocean nursery rug;260
animal nursery prints;260
animal nursery wallpaper;260
animal nursery rhymes;260
duck nursery rhyme;260
elephant for nursery;260
moon and stars at night;260
moon and stars cake;260
moon and stars cartoon;260
moon and stars night;260
moon and stars quotes;260
star and moon nursery;260
cloud nursery accessories;260
cloud nursery ideas;260
cloud nursery rug;260
cloud nursery theme;260
pink nursery accessories;260
pink nursery decor;260
pink nursery dresser;260
pink nursery rocking chair;260
pink nursery theme;260
nursery art printable;260
diy nursery decorations;260
diy wall art canvas;260
diy wall art on canvas;260
nursery ideas diy;260
nursery ideas ikea;260
simple nursery ideas;260
nursery ideas simple;260
travel theme nursery;260
beatrix potter nursery accessories;260
nursery decorations diy;260
framed art for nursery;260
framed nursery art;260
nursery printable art;260
nursery decor purple;210
vintage nursery wallpaper;210
classic nursery rhymes book;210
classic nursery rhymes songs;210
woodland nursery bedding;210
fox nursery;210
nursery clipart;210
shark nursery;210
teddy bear nursery bedding;210
teddy bear nursery lamp;210
teddy bear nursery rhyme;210
animal nursery wall art;210
care bear nursery;210
vintage teddy bear nursery;210
giraffe nursery decor;210
giraffe nursery ideas;210
giraffe nursery theme;210
nursery elephant lamp;210
moon and stars design;210
moon and stars lamp;210
moon and stars pattern;210
moon and stars quilt;210
moon and stars ring;210
star wars nursery decor;210
sage green nursery furniture;210
sage green nursery rug;210
blue nursery curtains;210
blue nursery paint colors;210
blue nursery paint;210
pink nursery ideas;210
pink nursery decor ideas;210
pink nursery lamp;210
pink nursery room ideas;210
gingham nursery curtains;210
easy wall art diy;210
diy wall art easy;210
diy wall art painting ideas;210
nursery ideas pink;210
nursery ideas purple;210
nursery ideas yellow;210
nursery classroom design;210
nursery room quotes;210
adventure nursery theme;210
princess nursery theme;210
unique nursery themes;210
framed wall art for nursery;210
framed wall art nursery;210
printable wall art etsy;210
mother goose nursery decor;170
ocean theme nursery decor;170
nursery decor modern;170
nursery posters;170
boho nursery furniture;170
minimalist nursery;170
watercolor nursery art;170
classic pooh nursery decor;170
woodland nursery curtains;170
woodland nursery lamp;170
cloud nursery;170
nursery poster;170
teddy bear nursery rug;170
teddy bear nursery wall art;170
teddy bear nursery wall decor;170
jungle nursery rug;170
animal nursery lamp;170
bunny nursery rhyme;170
elephant themed nursery;170
giraffe nursery bedding;170
giraffe lamp nursery;170
moon and stars art;170
moon and stars mobile;170
moon and stars stencil;170
moon and stars stickers;170
full moon nursery;170
star nursery rug;170
the man in the moon nursery rhyme;170
cloud nursery wallpaper;170
cloud wallpaper for nursery;170
sage green nursery ideas;170
blue nursery chair;170
blue nursery dresser;170
blue nursery wallpaper;170
pink nursery paint colors;170
grey and pink nursery;170
pink and gray nursery;170
pink nursery glider;170
pink nursery pillow;170
gingham nursery glider;170
wall art diy;170
wall decor printable free;170
modern nursery ideas;170
nursery room floor plan;170
nursery setup ideas;170
elephant theme nursery;170
hanging decorations for nursery;170
nursery room posters;170
posters for nursery room;170
printable kitchen wall art;170
gender neutral nursery rug;140
mushroom nursery decor;140
cottagecore nursery decor;140
silly goose nursery decor;140
nursery name decor;140
nursery decor name;140
nursery poster art;140
nursery rhymes poster;140
nursery room poster;140
nursery wall decor flowers;140
rustic nursery decor;140
rustic nursery ideas;140
rustic nursery theme;140
minimalist nursery decor;140
minimalist nursery design;140
minimalist nursery ideas;140
woodland nursery furniture;140
woodland nursery wall decals;140
safari jungle nursery decor;140
safari themed nursery decor;140
blue jean teddy bear nursery;140
jungle safari nursery ideas;140
safari nursery wall decals;140
safari nursery wall stickers;140
forest lake nursery;140
floral nursery wall art;140
floral wall decor nursery;140
floral nursery wall decals;140
spring garden nursery;140
bunny nursery lamp;140
old mother goose nursery rhyme;140
giraffe nursery rug;140
moon and stars craft;140
moon and stars emoji;140
moon and stars engagement ring;140
moon and stars finger tattoo;140
moon and stars painting;140
moon and stars logo;140
moon and stars ornaments;140
moon and stars wall decor;140
moon and stars wedding dress;140
cloud nursery shelves;140
pink and blue nursery;140
pink nursery paint;140
diy wall art decor;140
diy wall art fabric;140
diy wall art with fabric;140
nursery design studio;140
nursery guest room;140
nursery room chair;140
outdoor nursery themes;140
cute nursery accessories;140
nursery rhyme posters;140
printable wall art decor;140
mermaid nursery decor;110
winnie the pooh nursery prints;110
nursery wall decor name;110
boho nursery rug;110
vintage airplane nursery;110
vintage baseball nursery;110
vintage nursery dresser;110
vintage nursery furniture;110
vintage nursery rhymes;110
vintage nursery rug;110
rustic woodland nursery;110
blush pink nursery;110
botanical nursery;110
deer nursery decor;110
lavender nursery decor;110
mermaid nursery;110
mushroom nursery;110
nursery wall art name;110
gender neutral nursery paint colors;110
gender neutral nursery green;110
safari nursery lamp;110
safari nursery light;110
jungle themed nursery ideas;110
forest nursery rug;110
animal nursery art;110
animal nursery artwork;110
floral nursery wall decor;110
animal nursery pictures;110
bear nursery rhyme;110
deer nursery ideas;110
nursery shark;110
goose nursery rhymes;110
mermaid nursery ideas;110
mermaid nursery theme;110
large giraffe nursery;110
moon and stars centerpieces;110
moon and stars gif;110
moon and stars mug;110
moon and stars outline;110
moon and stars poem;110
moon and stars svg;110
moon and stars tattoo behind ear;110
navy blue nursery;110
blue nursery glider;110
beige nursery rug;110
free nursery rhyme printables;110
nursery rhymes printables free;110
diy wall art projects;110
nursery room divider;110
lamb nursery themes;110
accessories for nursery;110
nursery animal artwork;110
nursery artwork animals;110
nursery artwork ideas;110
nursery pictures animals;110
nursery pictures of animals;110
winnie the pooh pictures for nursery;110
free printable nursery rhymes;110
printable nursery rhymes free;110
gender neutral nursery wall decor;90
fox nursery decor;90
gold nursery decor;90
hello kitty nursery decor;90
nursery decor yellow;90
boho nursery wall decor;90
boho nursery wall art;90
vintage nursery fabric;90
vintage nursery ideas;90
pastel nursery;90
woodland nursery art;90
woodland nursery artwork;90
woodland nursery decals;90
woodland nursery mobile;90
woodland nursery prints;90
safari nursery animals;90
safari nursery curtains;90
woodland nursery theme ideas;90
gingham nursery;90
hobby lobby nursery wall art;90
nursery wall art elephant;90
unicorn nursery;90
teddy bear sports nursery;90
underwater nursery decor;90
underwater nursery ideas;90
underwater nursery theme;90
floral themed nursery;90
safari animal nursery;90
bear nursery wall art;90
garden nursery names;90
bear nursery wall decor;90
bunny nursery wallpaper;90
fox nursery ideas;90
fox nursery theme;90
elephant nursery rhyme;90
elephant nursery wall art;90
nursery rhymes elephant;90
moon valley nursery;90
moon and stars aesthetic;90
moon and stars costume;90
moon and stars drawing easy;90
moon and stars hand tattoo;90
moon and stars in the sky;90
crescent moon with 3 stars;90
moon and stars spine tattoo;90
moon and stars sternum tattoo;90
moon nursery rhymes;90
star nursery nebula;90
cloud light for nursery;90
cloud nursery light;90
cloud nursery mobile;90
star themed nursery;90
sage green nursery dresser;90
grey and blue nursery;90
sage green nursery wallpaper;90
blue nursery rocking chair;90
gold and pink nursery;90
pink nursery mirror;90
diy wall art for bathroom;90
nursery design board;90
nursery room art;90
nursery room artwork;90
nursery room essentials list;90
nursery themes neutral;90
construction nursery theme;90
nursery themes stars;90
nursery essentials list;90
wooden nursery accessories;90
yellow nursery accessories;90
custom nursery artwork;90
nursery rhyme artwork;90
nursery pictures for wall;90
wall paintings for nursery;90
canvas art for nursery;90
nursery canvas art;90
moon and stars nursery rug;70
nursery decor pillows;70
nursery decor stars;70
etsy nursery prints;70
rustic nursery;70
rustic nursery furniture;70
vintage nursery themes;70
minimalist nursery furniture;70
classic nursery furniture;70
classic nursery rhyme lyrics;70
shabby chic nursery;70
woodland fairy nursery;70
safari nursery art;70
safari nursery artwork;70
blue gingham nursery;70
cozy nursery;70
nursery wall art bunny;70
nursery wall art canvas;70
nursery wall art etsy;70
nursery wall art jungle;70
nursery wall art neutral;70
safari animal nursery decor;70
safari nursery decor ideas;70
teddy bear nursery art;70
teddy bear nursery wallpaper;70
gender neutral nursery art;70
gender neutral nursery artwork;70
safari nursery decals;70
jungle nursery wall art;70
safari nursery room ideas;70
safari nursery stuffed animals;70
safari nursery theme ideas;70
forest animals nursery decor;70
jungle nursery room ideas;70
jungle nursery theme ideas;70
jungle nursery wall decals;70
jungle nursery wall decor;70
jungle nursery wall stickers;70
forest nursery wall decals;70
ocean nursery wallpaper;70
ocean nursery wall art;70
ocean nursery wall decals;70
ocean nursery wall decor;70
animal head nursery;70
animal heads for nursery;70
deer nursery rug;70
bunny nursery art;70
bunny nursery wall art;70
goose nursery theme;70
elephant nursery wall decor;70
little mermaid nursery;70
moon and stars embroidery;70
moon and stars garland;70
moon and stars henna;70
moon and stars icon;70
moon and stars keychain;70
moon and stars wedding theme;70
moon and 3 stars;70
moon and stars love quotes;70
moon and stars photography;70
moon and stars quilt pattern;70
moon and stars shoulder tattoo;70
moon and stars vector;70
star nursery decor;70
star nursery theme;70
sage green nursery chair;70
sage green nursery curtains;70
sage green nursery paint colors;70
unicorn nursery decor;70
unicorn nursery ideas;70
unicorn nursery theme;70
unicorn theme nursery;70
unicorn themed nursery;70
blue nursery decor;70
blue nursery ideas;70
light sage green nursery;70
blue nursery lamp;70
pink nursery furniture;70
lavender nursery ideas;70
beige nursery chair;70
diy wall art painting;70
diy wall art quotes;70
diy wall art paint;70
diy wall art with cardboard;70
gray nursery ideas;70
nursery ideas blue;70
nursery ideas grey;70
nursery inspiration neutral;70
nursery room lighting ideas;70
library theme nursery;70
unique nursery artwork;70
nursery classroom pictures;70
nursery canvas wall art;70
printable wall art black and white;70
printable wall art set;70
free printable office wall art;70
printable wall art for office;70
nursery wall art printables;50
eric carle nursery decor;50
high end nursery decor;50
nursery decor amazon;50
nursery decor clouds;50
nursery decor inspiration;50
nursery rhymes illustrations;50
90s nursery decor;50
nursery decor themes;50
nursery decor unique;50
zoo animal nursery decor;50
peter rabbit prints nursery;50
nursery wall decor quotes;50
nursery gallery wall ideas;50
boho mirror for nursery;50
vintage nursery curtains;50
pastel nursery decor;50
pastel nursery rug;50
woodland nursery mural;50
woodland nursery fabric;50
woodland nursery pictures;50
deer nursery;50
night sky nursery;50
nursery wall art alphabet;50
nursery wall art animals;50
nursery wall art giraffe;50
nursery wall art printable;50
nursery wall art prints;50
gender neutral nursery furniture;50
safari nursery furniture;50
jungle nursery animals;50
jungle nursery mural;50
safari nursery pictures;50
floral nursery wall;50
underwater themed nursery;50
nursery stuffed animal storage;50
animal nursery curtains;50
garden nursery decor;50
zoo animal nursery ideas;50
zoo animal nursery theme;50
bunny nursery print;50
bunny print for nursery;50
fox rug nursery;50
fox theme nursery;50
fox themed nursery;50
jemima puddle duck nursery;50
yellow duck themed nursery;50
elephant mobile nursery;50
giraffe nursery wall art;50
mermaid themed nursery;50
moon and stars doodle;50
moon and stars face paint;50
moon and stars foot tattoo;50
moon and stars line art;50
moon and stars matching tattoo;50
moon and stars outfit;50
moon and stars sketch;50
moon and stars tattoo men;50
moon and stars watercolor;50
90s moon and stars decor;50
moon nursery decor;50
moon nursery theme;50
star nursery space;50
star nursery wallpaper;50
sky blue nursery;50
twinkle little star nursery;50
pink nursery room;50
pink nursery recliner;50
beige nursery ideas;50
lavender nursery rug;50
pink nursery wall art;50
pink nursery wall decor;50
beige nursery bedding;50
beige nursery decor;50
beige nursery paint;50
blush pink nursery decor;50
printable wall art for nursery;50
diy wall art canvas ideas;50
bible verse wall decor printable;50
nursery design inspiration;50
nursery room hospital;50
nursery room pink;50
safari pictures for nursery;50
safari pictures nursery;50
nursery printable wall art;50
printable nursery wall art;50
printable wall art nursery;50
blue gingham nursery chair;40
blue gingham nursery curtains;40
jungle animals nursery decor;40
nursery prints free;40
elephant nursery prints;40
free nursery printables;40
safari nursery prints;40
nursery wall decor diy;40
boho nursery curtains;40
boho nursery wallpaper;40
vintage nursery bookshelf;40
vintage nursery rocking chair;40
vintage nursery shelf;40
vintage nursery shelves;40
watercolor nursery prints;40
woodland nursery bookshelf;40
woodland nursery shelf decor;40
nursery wall art disney;40
nursery wall art diy;40
underwater nursery;40
rustic woodland nursery decor;40
woodland forest nursery decor;40
watercolor prints for nursery;40
gender neutral nursery inspiration;40
teddy bear nursery pictures;40
gender neutral nursery curtains;40
jungle decals for nursery;40
jungle nursery decals;40
safari nursery mobile;40
forest nursery decals;40
ocean nursery art;40
floral nursery art;40
botanical garden nursery;40
garden nursery rhymes;40
fox nursery rhymes;40
goose nursery art;40
duck decor for nursery;40
shark nursery decor;40
shark nursery theme;40
elephant nursery wallpaper;40
little mermaid nursery ideas;40
little mermaid nursery theme;40
moon and stars banner;40
moon and stars birthday cake;40
moon and stars embroidery pattern;40
moon and stars graphic;40
moon and stars illustration;40
moon and stars 1nonly;40
moon and stars theme;40
sage green and grey nursery ideas;40
sage green nursery colors;40
sage green rocking chair nursery;40
pink and gold nursery ideas;40
pink nursery art;40
pink nursery inspiration;40
pink nursery walls;40
beige nursery curtains;40
beige nursery glider;40
blush pink nursery curtains;40
sage green and blush pink nursery;40
diy nursery decor ideas;40
diy wall art black and white;40
diy wall decor for nursery;40
lds nursery printables;40
diy wall art nursery;40
diy wall art paper;40
diy wall art with paper;40
nursery ideas in parents room;40
printable quotes for wall decor;40
nursery ideas modern;40
nursery design layout;40
nursery room drawing;40
nursery aesthetic;40
nursery styles;40
ralph lauren theme nursery;40
teddy bear pictures for nursery;40
free printable nursery;40
moon and stars nursery wall decor;30
nursery decor for shelves;30
nursery decor gender neutral;30
nursery decor hanging from ceiling;30
3d nursery wall decor;30
nursery decor trends;30
nursery prints fabric;30
nursery prints vintage;30
under the sea nursery wall decor;30
nursery gallery wall art;30
nursery gallery wall frames;30
boho nursery art;30
boho nursery artwork;30
boho nursery prints;30
vintage nursery mirror;30
vintage nursery mobile;30
vintage nursery pictures;30
vintage nursery room;30
rustic nursery dresser;30
cozy nursery rug;30
classic nursery books;30
pastel nursery colors;30
hobby lobby woodland nursery;30
watercolor nursery;30
nursery quote wall art;30
peter rabbit nursery wall art;30
you are my sunshine wall art nursery;30
boho rainbow nursery decor;30
gender neutral nursery color palette;30
hobby lobby safari nursery;30
jungle nursery bedding;30
jungle nursery curtains;30
safari nursery inspiration;30
forest nursery mural;30
jungle nursery lamp;30
ocean nursery decals;30
pine forest nursery;30
floral nursery mobile;30
botanical nursery theme;30
felt animal heads nursery;30
garden nursery design;30
bear nursery wallpaper;30
bunny nursery mobile;30
bunny nursery pictures;30
bunny pictures for nursery;30
fox and the hound nursery;30
goose nursery wall art;30
shark theme nursery;30
shark themed nursery;30
whale shark nursery;30
elephant art for nursery;30
elephant nursery art;30
elephant nursery artwork;30
gray and pink elephant nursery;30
moon and stars aesthetic wallpaper;30
moon and stars ankle tattoo;30
moon and stars back tattoo;30
moon and stars background aesthetic;30
moon and stars birthday theme;30
moon and stars cake ideas;30
moon and stars crochet blanket;30
moon and stars cross stitch;30
moon and stars easy drawing;30
moon and stars hair accessories;30
moon and stars iphone wallpaper;30
moon and stars neck tattoo;30
moon and stars phone wallpaper;30
moon and stars wallpaper iphone;30
moon and stars wrist tattoo;30
harvest moon nursery;30
nursery star ceiling;30
cloud mirror for nursery;30
cloud nursery wall decor;30
sky nursery theme;30
star light nursery;30
star wars nursery mural;30
night sky nursery theme;30
night sky themed nursery;30
blue nursery colors;30
blue nursery furniture;30
blue nursery pillow;30
blue nursery theme;30
blue nursery wall;30
pink elephant nursery;30
pink nursery bedding;30
pink nursery colors;30
pink nursery hamper;30
beige nursery wallpaper;30
beige nursery furniture;30
beige nursery recliner;30
earth tone nursery decor;30
pink and beige nursery;30
blush pink nursery paint;30
blush pink nursery rug;30
blush pink nursery wallpaper;30
gingham nursery recliner;30
nursery printables free;30
free nursery rhymes sequencing printables;30
printable christmas wall decor;30
lds nursery ideas;30
nursery ideas lds;30
nursery classroom;30
nursery room name signs;30
nursery room paintings;30
nursery setups;30
nursery furniture essentials;30
nursery pictures ideas;30
nursery rhyme paintings;30
paintings for a nursery;30
printable wall art for bedroom;30
printable wall art for living room;30
star nursery;27
prairie moon nursery;22
cottagecore nursery ideas;20
cottagecore nursery wallpaper;20
dark cottagecore nursery;20
nursery art printables;20
nursery illustrations;20
nursery room clipart;20
grey nursery decor;20
jungle book nursery decor;20
nursery decor above crib;20
nursery decor art;20
watercolor animals for nursery;20
nursery decor on a budget;20
nursery printables;20
unique nursery wall decor;20
vintage bear nursery decor;20
vintage nursery art prints;20
nursery wall decor neutral;20
lion wall decor nursery;20
boho nursery inspiration;20
boho nursery bedding;20
boho nursery color palette;20
boho nursery dresser;20
boho nursery lamp;20
boho nursery mirror;20
boho nursery room ideas;20
vintage mickey nursery;20
vintage nursery accessories;20
vintage nursery bedding;20
vintage nursery photos;20
vintage nursery toys;20
nursery watercolor;20
rustic nursery shelves;20
cozy nursery ideas;20
sims 4 cozy cabin nursery;20
classic nursery decor;20
classic nursery ideas;20
classic nursery themes;20
cozy cabin nursery sims 4 cc;20
pastel nursery ideas;20
pastel nursery wallpaper;20
shabby chic nursery decor;20
shabby chic nursery ideas;20
enchanted woodland nursery;20
pastel rainbow nursery decor;20
safari nursery mural;20
woodland nursery hamper;20
woodland nursery inspiration;20
woodland nursery name sign;20
woodland nursery painting;20
woodland nursery quilt;20
woodland nursery room ideas;20
woodland nursery shelves;20
woodland nursery sign;20
woodland nursery stickers;20
cloud wall art nursery;20
nursery flower wall art;20
nursery wall art flowers;20
printable nursery art;20
stork nursery;20
lion king nursery wall art;20
nursery wall art modern;20
nursery wall art set;20
woodland fairy nursery decor;20
teddy bear nursery chair;20
teddy bear nursery curtains;20
teddy bear nursery prints;20
gender neutral nursery paint;20
jungle nursery art;20
safari nursery stickers;20
forest nursery art;20
forest nursery curtains;20
forest nursery wall art;20
ocean nursery lamp;20
ocean nursery mobile;20
ocean nursery prints;20
ocean nursery rhymes;20
ocean themed nursery mural;20
floral nursery bedding;20
botanical nursery decor;20
botanical theme nursery;20
botanical themed nursery;20
mushroom nursery rug;20
mushroom nursery theme;20
animal head nursery decor;20
animal kingdom nursery;20
garden nursery ideas;20
bear nursery art;20
bear nursery bedding;20
bear nursery print;20
garden nursery rug;20
home nursery garden;20
japanese garden nursery;20
bear mountain nursery;20
bear nursery pictures;20
deer head for nursery;20
deer nursery art;20
nursery deer head;20
bunny nursery bedding;20
bunny nursery rug;20
fox nursery wallpaper;20
duck nursery art;20
duck nursery wall art;20
duck nursery wallpaper;20
goose nursery bedding;20
goose nursery mobile;20
goose nursery wallpaper;20
duck nursery bedding;20
duck wallpaper for nursery;20
elephant nursery painting;20
elephant nursery pictures;20
elephant painting for nursery;20
giraffe nursery art;20
giraffe nursery painting;20
giraffe nursery print;20
giraffe nursery wallpaper;20
giraffe painting for nursery;20
moon and stars bedroom;20
moon and stars crochet;20
moon and stars fine line tattoo;20
moon and stars gender reveal;20
moon and stars halloween costume;20
moon and stars hand embroidery;20
moon and stars headpiece;20
moon and stars journal;20
moon and stars knitting pattern;20
moon and 3 stars tattoo;20
moon and stars line drawing;20
moon and stars makeup;20
moon and stars mural;20
moon and stars painting easy;20
moon and stars party theme;20
moon and stars pixel art;20
moon and stars ramadan;20
moon and stars real;20
moon and stars room decor;20
moon and stars simple drawing;20
moon and stars tattoo shoulder;20
moon and stars tattoos for women;20
moon and stars vase;20
moon and stars veil;20
moon and stars wallpaper aesthetic;20
moon and stars wedding;20
you're my moon and stars;20
goodnight moon nursery decor;20
moon lamp nursery;20
cloud nursery lamp;20
twinkle twinkle little star nursery theme;20
sage green nursery accent wall;20
sage green nursery bedding;20
sky themed nursery decor;20
blue nursery art;20
blue nursery room;20
sage green and yellow nursery;20
sage green nursery wall;20
sage green nursery wall decor;20
blue nursery recliner;20
blue nursery wall art;20
blue nursery wall decor;20
pink and navy nursery;20
pink and teal nursery;20
pink nursery fabric;20
pink nursery shelves;20
lavender and sage nursery;20
beige nursery dresser;20
earth tone nursery ideas;20
gingham nursery decor;20
blush pink nursery ideas;20
free printable nursery art;20
diy wall art acrylic paint;20
diy wall art tree;20
3d butterfly wall art diy;20
cute printable wall decor;20
nursery ideas on a budget;20
nursery ideas with white crib;20
nursery inspiration gender neutral;20
stardew valley nursery design;20
nursery room accent wall;20
nursery room necessities;20
montessori style nursery;20
victorian style nursery;20
western style nursery;20
nursery setup checklist;20
nursery theme ideas gender neutral;20
hello kitty nursery theme;20
knight nursery theme;20
the little prince nursery theme;20
nursery rhyme party decorations;20
nursery room decorations;20
nursery art decor;20
safari animal pictures for nursery;20
vintage nursery rhyme pictures;20
humpty dumpty nursery rhyme printable;20
three little kittens nursery rhyme printable;20
sky nursery;18
nursery room carpet;14
nursery room rug;14
moon stars;12
twinkle twinkle little star nursery rhymes;12
nursery room bookshelf;12
nursery room furniture;12
cloud moon and stars nursery;10
elephant moon and stars nursery;10
gender neutral nursery pictures;10
gender neutral nursery wall colors;10
moon and stars decal nursery;10
moon and stars nursery art;10
moon and stars nursery mobile;10
moon and stars nursery prints;10
moon and stars nursery wall art;10
moon and stars nursery wallpaper;10
moon stars and clouds nursery;10
nursery decor printables;10
nursery decor stars and moon;10
deer antler nursery decor;10
deer nursery wall decor;10
lavender nursery wall decor;10
ocean theme nursery rug;10
vintage goose decor nursery;10
blue and white gingham nursery;10
blue gingham wallpaper nursery;10
elephant nursery clipart;10
free nursery clipart;10
free nursery wall art printables;10
jack and jill nursery rhyme clipart;10
nursery animal clipart;10
nursery clipart black and white;10
nursery clipart free;10
nursery icon png;10
nursery plants png;10
nursery rhyme characters clipart;10
nursery rhyme graphics;10
nursery word clipart;10
plant nursery clipart;10
woodland nursery clipart;10
easy diy nursery decor;10
nursery decor above changing table;10
nursery decor checklist;10
nursery decor crafts;10
nursery decor crib;10
nursery decor curtains;10
nursery decor floral;10
nursery decor frames;10
nursery decor jungle;10
watercolor animals nursery;10
3d flower wall decor nursery;10
3d nursery decor;10
nursery 2 class decorations;10
nursery decor lamp;10
nursery decor letters;10
nursery decor lighting;10
nursery decor mirror;10
nursery decor mountains;10
nursery decor must haves;10
nursery decor photos;10
nursery decor pictures;10
nursery decor prints;10
nursery decor quotes;10
nursery decor rainbow;10
nursery decor rug;10
nursery decor sage green;10
nursery decor tree;10
nursery decor uk;10
nursery decor wallpaper;10
nursery prints set of 3;10
quirky nursery decor;10
sims 4 nursery decor;10
zebra nursery decor;10
black and white nursery prints;10
harry potter nursery prints;10
initial prints for nursery;10
islamic nursery prints;10
jungle prints for nursery;10
large nursery prints;10
lion king nursery prints;10
modern nursery prints;10
nursery letter prints;10
nursery prints black and white;10
nursery prints neutral;10
nursery prints quotes;10
nursery prints rainbow;10
nursery prints safari;10
prints for nursery wall;10
sage green nursery prints;10
set of 3 nursery prints;10
set of three nursery prints;10
under the sea nursery prints;10
humpty dumpty nursery rhyme poster;10
nursery open day poster;10
nursery poster design;10
nursery poster ideas;10
nursery poster mockup;10
nursery poster prints;10
the nursery nurse poster;10
modern nursery art prints;10
nursery wall decor above crib;10
elegant nursery wall decor;10
nursery jungle wall decor;10
nursery wall decor above changing table;10
nursery wall decor animals;10
nursery wall decor letters;10
nursery wall decor woodland;10
ocean themed nursery wall decor;10
boho nursery room;10
neutral rainbow nursery decor;10
neutral safari nursery decor;10
boho elephant nursery;10
boho nursery accent wall;10
boho nursery blackout curtains;10
boho nursery bookshelf;10
boho nursery chair;10
boho nursery colors;10
boho nursery crib;10
boho nursery floor lamp;10
boho nursery light;10
boho nursery light fixture;10
boho nursery lighting;10
boho nursery mobile;10
boho nursery name sign;10
boho nursery paint colors;10
boho nursery rainbow;10
boho nursery rocker;10
boho nursery rocking chair;10
boho nursery shelves;10
boho nursery sign;10
boho ocean nursery;10
vintage nursery animals;10
vintage nursery crib;10
vintage nursery decor ideas;10
vintage nursery design;10
vintage nursery frames;10
vintage nursery gallery wall;10
diy rustic nursery decor;10
rustic modern nursery;10
rustic nursery art;10
rustic nursery bookshelf;10
rustic nursery curtains;10
rustic nursery name sign;10
rustic white nursery furniture;10
vintage nursery sims 4;10
minimalist nursery art;10
minimalist nursery room;10
rustic name signs nursery;10
rustic nursery rug;10
rustic nursery sign;10
watercolor floral nursery;10
watercolor nursery animals;10
watercolor nursery decor;10
watercolor nursery paintings;10
watercolor nursery wallpaper;10
cozy nursery sims 4;10
minimalist nursery list;10
minimalist nursery organization;10
minimalist nursery wallpaper;10
benjamin moore classic gray nursery;10
classic disney nursery;10
classic french nursery rhymes;10
classic mickey nursery;10
classic nursery design;10
modern shabby chic nursery;10
pastel nursery art;10
pastel nursery wall art;10
valia cozy cabin nursery;10
pastel nursery curtains;10
pastel nursery furniture;10
pastel nursery prints;10
woodland nursery animal prints;10
woodland nursery area rug;10
woodland nursery art prints;10
woodland nursery color scheme;10
woodland nursery colors;10
woodland nursery cross stitch;10
woodland nursery diy;10
safari nursery animal prints;10
woodland nursery floor lamp;10
woodland nursery garland;10
woodland nursery green;10
woodland nursery images;10
woodland nursery lamp shade;10
woodland nursery letters;10
woodland nursery light;10
woodland nursery light fixture;10
woodland nursery lighting;10
woodland nursery mirror;10
woodland nursery name;10
woodland nursery night light;10
woodland nursery paint colors;10
woodland nursery quotes;10
woodland nursery room;10
woodland nursery stencils;10
woodland nursery storage;10
woodland nursery wall;10
woodland nursery wall mural;10
digital nursery prints;10
downloadable nursery prints;10
hand painted nursery wall art;10
harry potter nursery wall art;10
nursery wall art floral;10
nursery wall art mockup;10
nursery wall art painting;10
nursery wall art quotes;10
golden retriever nursery wall art;10
large wall art for nursery;10
lavender nursery wall art;10
nursery wall art letters;10
nursery wall art pictures;10
nursery wall art rainbow;10
nursery wall art set of 3;10
ocean themed nursery wall art;10
outer space nursery wall art;10
owl nursery wall art;10
set of 3 nursery wall art;10
under the sea nursery wall art;10
unicorn nursery wall art;10
unisex nursery wall art;10
vintage woodland nursery decor;10
woodland bear nursery decor;10
woodland nursery decor ideas;10
woodland theme nursery wall decor;10
boho floral nursery decor;10
boho nursery decor ideas;10
boho nursery shelf decor;10
diy safari nursery decor;10
nursery boho wall decor;10
gender neutral nursery yellow;10
teddy bear nursery mobile;10
teddy bear nursery theme ideas;10
teddy bear picnic nursery;10
vintage sports teddy bear nursery;10
gender neutral nursery accent wall;10
gender neutral nursery bedding sets;10
gender neutral nursery for twins;10
safari nursery frames;10
safari nursery green;10
jungle animal nursery art;10
jungle animal pictures for nursery;10
jungle garland nursery;10
jungle themed letters for nursery;10
safari nursery hamper;10
safari nursery images;10
safari nursery lampshade;10
safari nursery letters;10
safari nursery mirror;10
safari nursery painting;10
safari nursery prints free;10
safari nursery shelves;10
safari nursery wall;10
forest nursery bedding;10
forest nursery layout;10
jungle nursery mobile;10
jungle nursery pictures;10
jungle nursery prints;10
jungle nursery rhymes;10
jungle nursery stickers;10
jungle nursery wall;10
modern jungle nursery;10
woodland forest animals nursery;10
forest nursery wall decor;10
modern ocean nursery;10
ocean nursery decor ideas;10
sylvanian families forest nursery;10
floral elephant nursery;10
floral nursery decor ideas;10
floral nursery letters;10
floral nursery name sign;10
purple floral nursery decor;10
underwater nursery theme ideas;10
underwater nursery wallpaper;10
african animal nursery;10
botanical nursery ideas;10
botanical nursery wallpaper;10
botanical plant nursery;10
floral nursery sign;10
floral wall stickers nursery;10
mushroom forest nursery;10
mushroom nursery ideas;10
mushroom nursery wallpaper;10
mushroom woodland nursery;10
animal nursery canvas;10
animal nursery mobile;10
animal nursery photos;10
animal nursery room;10
animal nursery sign;10
animal nursery stickers;10
animal nursery wall decor;10
animal print nursery decor;10
animal wall heads nursery;10
australian animal nursery decor;10
jungle animal theme nursery;10
modern animal nursery;10
zoo animal pictures for nursery;10
bear and moon nursery;10
bear nursery curtains;10
bear nursery painting;10
garden cottage nursery;10
garden nursery business;10
garden nursery cafe;10
garden nursery logo;10
garden nursery name ideas;10
garden nursery pictures;10
garden nursery signs;10
garden nursery table;10
garden nursery wallpaper;10
herb garden nursery;10
house and garden nursery;10
lavender garden nursery;10
nursery garden quotes;10
nursery garden resources;10
over the garden wall nursery;10
rustic garden nursery;10
spring hill nursery garden plans;10
victorian garden nursery;10
zen garden nursery;10
bear nursery mobile;10
bear prints for nursery;10
deer mobile for nursery;10
floral deer nursery;10
honey bear nursery;10
koala bear nursery;10
koala bear nursery theme;10
maple bear nursery;10
pink deer nursery;10
polar bear nursery rhymes;10
white bear nursery;10
bunny themed nursery ideas;10
deer nursery wallpaper;10
flopsy bunny nursery;10
fox nursery art;10
fox nursery print;10
fox nursery wall art;10
fox painting for nursery;10
fox wall art nursery;10
little bunny nursery;10
little fox nursery;10
pink fox nursery;10
red fox nursery;10
woodland deer nursery;10
bunny nursery wall decor;10
duck duck goose nursery;10
duck nursery print;10
goose wallpaper for nursery;10
vintage bunny nursery decor;10
duck egg blue nursery;10
duck egg nursery;10
duck nursery mobile;10
duck pictures for nursery;10
mermaid nursery art;10
mermaid nursery wall art;10
cute elephant nursery;10
disney little mermaid nursery;10
diy elephant nursery decor;10
elephant and stars nursery;10
elephant drawing for nursery;10
elephant nursery drawing;10
elephant nursery mural;10
elephant nursery sign;10
elephant nursery theme ideas;10
elephant nursery wall;10
giraffe and elephant nursery;10
grey and white elephant nursery;10
little mermaid themed nursery;10
mermaid nursery rug;10
pink elephant nursery ideas;10
purple elephant nursery;10
purple mermaid nursery;10
sunflower and elephant nursery;10
vintage mermaid nursery;10
yellow and grey elephant nursery;10
giraffe inspired nursery;10
giraffe nursery wall;10
giraffe toy nursery;10
moon and stars birthday party;10
moon and stars ear tattoo;10
moon and stars first birthday;10
moon and stars forearm tattoo;10
moon and stars gift ideas;10
moon and stars header;10
moon and stars invitation;10
moon and stars invitation template;10
moon and stars jeans;10
pink giraffe nursery;10
moon and 2 stars tattoo;10
moon and stars keyboard;10
moon and stars laptop wallpaper;10
moon and stars leg tattoo;10
moon and stars line tattoo;10
moon and stars minimalist tattoo;10
moon and stars overlay;10
moon and stars party;10
moon and stars quotes short;10
moon and stars rh;10
moon and stars room;10
moon and stars royale high;10
moon and stars royale high outfit;10
moon and stars video;10
moon and stars yellow;10
moon with 3 stars tattoo;10
zentangle moon and stars;10
fiber optic star ceiling nursery;10
moon and 7 stars;10
moon and stars 4k;10
moon and stars 4k wallpaper;10
moon and stars 90s;10
moon night light nursery;10
moon nursery art;10
moon nursery ideas;10
moon nursery light;10
moon nursery print;10
moon nursery wallpaper;10
mr kate moon nursery;10
star and moon nursery rug;10
star curtains nursery;10
star nursery art;10
star nursery ideas;10
star nursery print;10
sun and moon nursery theme;10
cloud 9 nursery;10
cloud and hot air balloon nursery;10
cloud and stars nursery;10
cloud ceiling light nursery;10
cloud island floral fields nursery;10
cloud nursery art;10
cloud nursery prints;10
cloud nursery sims 4;10
cloud nursery wall art;10
harry potter star wars nursery;10
sky nursery decor;10
star nursery in space;10
star nursery mobile;10
star nursery wall art;10
star wars and harry potter nursery;10
star wars nursery prints;10
yellow star nursery;10
dream sky nursery;10
night sky nursery decor;10
pink unicorn nursery;10
purple unicorn nursery;10
sage green nursery accessories;10
unicorn nursery art;10
unicorn nursery print;10
blue nursery accent wall;10
sage green nursery panelling;10
sage green nursery room;10
sage green nursery set;10
blue nursery fabric;10
blue nursery paint ideas;10
blue nursery pictures;10
blue nursery room ideas;10
blue nursery shelves;10
hot pink nursery decor;10
light pink and gold nursery;10
mint and pink nursery;10
pink jungle theme nursery;10
pink lion king nursery;10
pink nursery accent wall;10
pink nursery chandelier;10
pink nursery letters;10
pink nursery light;10
pink nursery mobile;10
pink nursery ottoman;10
pink nursery pictures;10
beige nursery room;10
dusty lavender nursery;10
lavender and mint nursery;10
lavender and teal nursery;10
lavender area rug nursery;10
lavender nursery curtains;10
nursery pink 8058;10
blush pink and gold nursery;10
free nursery printables animals;10
gingham nursery bedding;10
diy nursery wall decor ideas;10
diy wall art above bed;10
diy wall art abstract;10
diy wall art aesthetic;10
diy wall art at home;10
diy wall art bathroom;10
diy wall art boho;10
diy wall art canvas painting;10
diy wall art cardboard;10
diy wall art decor ideas;10
diy wall art drawing;10
free woodland nursery printables;10
nursery dramatic play free printables;10
woodland nursery printables;10
diy embroidery hoop wall art;10
diy wall art flowers;10
diy wall art frame;10
diy wall art geometric;10
diy wall art gift;10
diy wall art ideas for living room;10
diy wall art living room;10
diy wall art modern;10
diy wall art mural;10
diy wall art outdoor;10
diy wall art plaster;10
diy wall art that looks expensive;10
diy wall art using fabric;10
diy wall art using foam board;10
diy wall art using wallpaper;10
mr kate diy wall art;10
aesthetic wall decor printable black and white;10
diy wall art with plaster;10
diy wall art with yarn;10
diy wall art yarn;10
korean aesthetic wall decor printable;10
louis vuitton wall art diy;10
printable wall decor for living room;10
printable wall decor free;10
printable wall decor ideas;10
you are my sunshine wall art diy;10
nursery ideas adopt me;10
nursery ideas bloxburg;10
nursery ideas clouds;10
nursery ideas colorful;10
nursery ideas for grandparents house;10
nursery ideas forest;10
printable wall decor quotes;10
1 bedroom apartment nursery ideas;10
nursery ideas 2026;10
nursery ideas jungle theme;10
nursery ideas moon and stars;10
nursery ideas mountains;10
nursery ideas rustic;10
nursery ideas safari;10
nursery ideas sage green;10
nursery ideas sims 4;10
nursery ideas stars;10
nursery ideas toca boca;10
nursery ideas uk;10
nursery ideas wallpaper;10
nursery ideas white furniture;10
nursery ideas with daybed;10
nursery ideas with grey crib;10
nursery ideas woodland;10
nursery ideas yellow walls;10
zen nursery ideas;10
nursery inspiration board;10
nursery paint inspiration;10
sims 3 nursery ideas;10
design a nursery quiz;10
nursery design drawing;10
nursery design embroidery;10
nursery design plan;10
nursery design tips;10
nursery uniform design;10
office/nursery design;10
tiny nursery design;10
unique nursery design;10
nursery room animals;10
nursery room background;10
nursery room bloxburg;10
nursery room childcare;10
nursery room frames;10
kardashian nursery room;10
nursery room green;10
nursery room ideas childcare;10
nursery room jungle theme;10
nursery room neutral;10
nursery room organization ideas;10
nursery room plan;10
nursery room signage;10
nursery room sims 4;10
nursery room toys;10
nursery room wardrobe;10
nursery room with bed;10
nursery room with daybed;10
bohemian style nursery;10
farm style nursery;10
farmhouse style nursery;10
french style nursery;10
hamptons style nursery;10
how to style a nursery;10
nursery style ideas;10
old style winnie the pooh nursery;10
scandi style nursery;10
vintage style nursery decor;10
angel theme nursery;10
nursery room makeover;10
nursery room setup ideas;10
nursery styling ideas;10
nursery theme cake;10
plant nursery setup ideas;10
hunting and fishing nursery theme;10
nursery theme decor;10
nursery zoo theme;10
nursery themes list;10
green nursery accessories;10
halloween decorations for nursery;10
hot air balloon nursery accessories;10
nursery decor accessories;10
nursery rhyme table decorations;10
nursery rhymes classroom decorations;10
nursery shelf accessories;10
popular nursery themes 2026;10
trending nursery themes 2025;10
ikea nursery essentials;10
nursery bag essentials;10
nursery cart essentials;10
nursery details;10
nursery essentials checklist;10
western nursery accessories;10
personalised nursery artwork;10
vintage artwork for nursery;10
free printable nursery rhyme posters;10
nursery animal posters;10
nursery educational posters;10
nursery posters animals;10
nursery rhyme posters free;10
nursery wall posters;10
the nursery nurse posters;10
woodland nursery posters;10
animal paintings for nursery;10
nursery paintings canvas;10
nursery pictures drawing;10
nursery pictures to print;10
art and craft ideas for nursery;10
diy nursery wall art ideas;10
hanging pictures in nursery;10
lds nursery pictures;10
nursery pictures pink;10
small nursery pictures;10
vintage pictures for nursery;10
digital nursery art;10
diy canvas art for nursery;10
gold framed nursery art;10
nursery canvas art diy;10
nursery classroom wall decoration ideas;10
nursery feature wall ideas;10
emoji nursery rhyme game free printable;10
free printable nursery drawer labels;10
free printable wall art kitchen;10
jack and jill nursery rhyme printable;10
nursery checklist printable;10
nursery printable activities;10
nursery printable worksheets;10
nursery rhyme quiz printable free;10
nursery rhymes printable pdf free download;10
nursery rhymes templates;10
printable animal pictures for nursery;10
printable nursery decor;10
printable nursery labels;10
printable nursery prints;10
printable nursery rhyme cards;10
printable nursery rhyme song cards;10
printable nursery worksheets;10
printable wall art abstract;10
printable wall art aesthetic;10
printable wall art bathroom;10
printable wall art bedroom;10
printable wall art boho;10
printable wall art collage;10
printable wall art design;10
printable wall art download;10
printable wall art pink;10
printable wall art quotes;10
free printable unicorn wall art;10
printable wall art flowers;10
printable wall art for bathroom;10
printable wall art for kitchen;10
printable wall art ideas;10
printable wall art kitchen;10
printable wall art pdf;10
printable wall art set of 3;10
unicorn wall art printable;10
moon and stars;8
moon nursery;8
moon with stars;8
nursery room recliner;8
nursery room wallpaper;8
nursery decorations;6
garden nursery;6
nursery decor;6
nursery room accessories;6
nursery room decoration;6
moon and stars tattoo;5
moon and stars watermelon;5
nursery room curtains;4
nursery room lamp;4
nursery room rocking chair;4
nursery decor wall;3
nursery wall decor;3
nursery decor wall art;3
nursery wall decoration;3
woodland nursery accessories;3
woodland nursery decor;3
woodland nursery design;3
woodland nursery ideas;3
woodland nursery theme;3
nursery wall art decor;3
nursery decor woodland;3
woodland nursery decorations;3
woodland themed nursery decor;3
crescent moon and stars;3
crescent moon with stars;3
sun moon and stars tattoo;3
sun moon stars tattoo;3
nursery room mirror;3
nursery room shelves;3
nursery room wall decor;3
wall decorations for nursery;3
nursery wall accessories;3
gender neutral nursery room;2
nursery decor winnie the pooh;2
gender neutral nursery;2
nursery wall art;2
nursery gender neutral;2
nursery ideas winnie the pooh;2
nursery room themes;2
nursery room hamper;2
nursery rooms;2
nursery room wall art;2
nursery themes;2
nursery theme;2
winnie the pooh nursery decorations;2
winnie the pooh nursery accessories;2
nursery artwork;2
nursery wall graphics;1
gender neutral nursery room ideas;1
nursery decor safari;1
nursery decor ideas;1
nursery decoration ideas;1
neutral nursery decor;1
nursery classroom decoration;1
nursery decor ideas neutral;1
nursery decor neutral;1
nursery decor vintage;1
nursery wall decor stickers;1
neutral nursery decor ideas;1
boho nursery decor;1
boho nursery ideas;1
gender neutral nursery decor ideas;1
boho nursery theme;1
vintage nursery decor;1
woodland nursery;1
safari nursery accessories;1
safari nursery ideas;1
safari nursery theme;1
classic nursery rhymes;1
woodland animal nursery;1
woodland creatures nursery;1
woodland nursery animals;1
classic winnie the pooh nursery;1
diy wall art;1
safari nursery decor;1
ocean theme nursery;1
gender neutral nursery themes;1
boho chic nursery decor;1
boho nursery decorations;1
gender neutral nursery ideas;1
gender-neutral nursery theme ideas;1
gender neutral nursery decor;1
gender neutral nursery design;1
forest nursery ideas;1
forest themed nursery;1
jungle nursery accessories;1
jungle nursery decor;1
jungle nursery design;1
jungle nursery theme;1
forest nursery theme;1
forest theme nursery;1
garden center nursery;1
moon and stars islam;1
stars and moon;1
moon and stars necklace;1
moon and stars drawing;1
moon and stars clipart;1
moon and stars fairy lamp;1
moon and stars images;1
moon and stars jewelry;1
moon and stars wallpaper;1
sun moon stars;1
moon and stars photo;1
moon and stars pictures;1
cow jumped over the moon nursery rhyme;1
nursery rhymes cow jumped over the moon;1
pink nursery carpet;1
pink nursery rug;1
nursery ideas decor;1
nursery ideas gender neutral;1
nursery ideas neutral;1
nursery inspiration;1
nursery inspirations;1
nursery design ideas;1
nursery design;1
nursery designs;1
nursery room decor ideas;1
nursery room decoration ideas;1
nursery room design ideas;1
nursery room inspiration;1
nursery room light;1
nursery room light fixture;1
nursery room lighting;1
nursery room ideas;1
nursery room storage;1
nursery room design;1
nursery room ideas neutral;1
nursery themes gender neutral;1
neutral nursery themes;1
nursery theme ideas neutral;1
nursery theme safari;1
nursery decorations ideas;1
gender neutral nursery decorations;1
printable wall art;1
gender neutral nursery rustic;0
moon and stars nursery boy;0
moon and stars nursery girl;0
baby boy ocean theme nursery;0
baby deer nursery decor;0
baby girl deer nursery decor;0
ocean theme nursery boy;0
ocean theme nursery ideas;0
baby girl room decor diy;0
baby nursery clipart;0
diy baby boy room decor ideas;0
diy baby room decor;0
diy baby room decor ideas;0
diy baby room wall decor;0
gender neutral nursery painting;0
gender neutral nursery plaid;0
gender neutral nursery peter rabbit;0
gender neutral nursery pastel;0
gender neutral nursery pooh bear;0
gender neutral nursery panelling;0
gender neutral nursery plants;0
gender neutral nursery purple;0
gender neutral nursery palette;0
gender neutral nursery quilt;0
gender neutral baby quilt patterns nursery ideas;0
gender neutral nursery with queen bed;0
gender-neutral nursery room inspiration;0
gender neutral nursery rug ideas;0
gender neutral nursery ralph lauren;0
gender neutral nursery rainbow;0
gender neutral nursery renter friendly;0
gender neutral nursery room design;0
gender neutral nursery religious;0
gender neutral nursery rust color;0
gender neutral nursery sage green;0
gender neutral nursery simple;0
gender neutral nursery small room;0
gender neutral nursery safari;0
gender neutral nursery stripes;0
gender neutral nursery seating ideas;0
gender neutral nursery small space;0
gender neutral nursery sunshine;0
gender neutral nursery sage;0
gender neutral nursery’s;0
gender neutral nursery storybook;0
gender neutral nursery space theme;0
gender neutral nursery twins;0
gender neutral nursery teddy bear;0
gender neutral nursery themes safari;0
gender neutral nursery traditional;0
gender neutral nursery themes yellow;0
gender neutral nursery travel;0
gender neutral nursery themes western;0
gender neutral nursery themes rustic;0
gender neutral nursery terracotta;0
gender neutral nursery thrifted;0
gender neutral nursery under the sea;0
gender neutral nursery unique;0
gender neutral nursery uk;0
unisex nursery ideas gender neutral;0
nursery unisex gender neutral;0
unisex nursery themes gender neutral;0
underwater nursery theme gender neutral;0
unique gender neutral nursery ideas;0
baby nursery unisex gender neutral;0
under the sea nursery theme gender neutral;0
unique nursery themes gender neutral;0
gender neutral nursery vision board;0
vintage nursery ideas gender neutral;0
vintage gender neutral nursery wallpaper;0
vintage western nursery gender neutral;0
vintage gender neutral nursery themes;0
gender neutral green vintage nursery;0
vintage modern nursery gender neutral;0
vintage storybook gender-neutral nursery decor;0
vintage circus nursery gender neutral;0
vintage nursery room inspiration gender neutral;0
vintage gender neutral nursery colors;0
gender-neutral nursery wallpaper ideas;0
gender neutral nursery with color;0
gender neutral nursery white crib;0
gender neutral nursery western;0
gender neutral nursery with white crib;0
gender neutral nursery whimsical;0
gender neutral nursery winnie the pooh;0
gender neutral nursery woodland;0
gender neutral nursery with wallpaper;0
gender neutral nursery yellow and green;0
gender neutral nursery yellow walls;0
gender neutral nursery yellow and blue;0
gender neutral nursery yellow stripes;0
you are my sunshine nursery theme gender neutral;0
baby nursery ideas yellow gender neutral;0
gender neutral baby nursery yellow;0
you are my sunshine nursery gender neutral;0
yellow nursery ideas gender neutral;0
43 gender neutral nursery room design to inpire you;0
gender neutral nursery zoo animals;0
zoo themed nursery gender neutral;0
zoo nursery theme gender neutral;0
zoo animal nursery theme gender neutral;0
nursery with 2 cribs gender neutral;0
gender neutral nursery 2026;0
2025 gender neutral nursery;0
gender neutral baby nursery 2025;0
sims 4 gender neutral nursery;0
sims 4 gender neutral nursery no cc;0
gender neutral nursery 90s;0
nursery wall decor printables;0
baby boy nursery wall decor free printables;0
moon and stars nursery gender neutral;0
moon and stars nursery wall paint ideas;0
moon and stars nursery baby girl;0
moon and stars nursery girl pink;0
moon and stars nursery painting;0
moon and stars nursery girl purple;0
boys nursery stars and moon;0
moon and stars themed nursery;0
moon and stars pink nursery;0
purple moon and stars nursery;0
sun moon stars rainbow nursery;0
moon and stars gender neutral nursery;0
moon and stars nursery artwork;0
moon and stars nursery aesthetic;0
moon and stars nursery accent wall;0
moon and stars nursery blue;0
moon and stars nursery black and white;0
baby nursery ideas stars and moon;0
stars and moon baby nursery;0
boy nursery ideas moon and stars;0
moon and stars nursery navy blue;0
sun moon and stars baby nursery;0
stars and moon baby boy nursery;0
moon stars nursery boys;0
moon and stars nursery color schemes;0
moon and stars nursery paint colors;0
moon stars clouds nursery;0
moon cloud stars nursery;0
moon stars clouds nursery boys;0
moon and stars nursery decor ideas;0
moon and stars nursery dark;0
moon and stars nursery drawing;0
diy moon and stars nursery projects;0
moon and stars nursery for girl;0
moon and stars painting for nursery;0
moon and stars nursery green;0
stars moon nursery girl;0
moon and stars girls nursery;0
sun moon stars nursery gender neutral;0
sun moon stars nursery girl;0
baby girl nursery themes stars the moon;0
moon and stars nursery theme girl;0
hobby lobby moon and stars nursery;0
sun moon and stars nursery ideas;0
baby nursery ideas neutral moon and stars;0
girl nursery ideas moon and stars;0
baby girl nursery room ideas moon and stars;0
baby boy nursery room ideas moon and stars;0
light blue moon and stars nursery;0
lavender moon and stars nursery;0
moon and stars nursery mural;0
moon and stars nursery name sign;0
moon and stars nursery neutral;0
moon and stars nursery navy;0
moon and stars nursery purple;0
moon and stars nursery picture;0
nursery room moon and stars;0
baby room moon and stars nursery themes;0
sun moon stars themed nursery;0
sun moon stars nursery theme;0
moon and stars twin nursery;0
baby boy nursery themes stars moon;0
baby boy nursery themes moon and stars;0
sun moon and stars nursery theme;0
moon stars nursery theme;0
vintage moon and stars nursery;0
moon and stars nursery wall;0
nursery with stars and moon;0
whimsical moon and stars nursery;0
you are my sun my moon and all my stars nursery;0
mushroom nursery decor girl;0
mushroom nursery decor diy;0
mushroom baby nursery decor;0
mushroom decor nursery;0
mushroom themed nursery decor;0
vintage mushroom decor nursery;0
cottagecore nursery girl;0
cottagecore nursery boy;0
cottagecore nursery aesthetic;0
cottagecore nursery art;0
cottagecore nursery prints;0
cottagecore nursery girl pink;0
cottagecore nursery wall art;0
cottagecore nursery theme;0
cottagecore nursery pink;0
cottagecore boy nursery;0
cottagecore garden nursery;0
girl nursery ideas cottagecore;0
moody cottagecore nursery;0
nursery cottagecore girl;0
simple cottagecore nursery;0
goose cottagecore nursery;0
cottagecore pink nursery;0
cottagecore nursery painting;0
vintage cottagecore nursery girl;0
cottagecore farm animal nursery;0
vintage cottagecore aesthetic nursery;0
cottagecore nursery wall art ideas;0
cottagecore nursery girl art;0
cottagecore animal nursery;0
cottagecore nursery boy blue;0
cottagecore nursery blue;0
cottagecore nursery baby girl;0
cottagecore nursery black crib;0
cottagecore baby boy nursery;0
baby girl nursery themes cottagecore;0
baby nursery cottagecore;0
boys cottagecore nursery;0
baby girl nursery cottagecore pink;0
butterfly cottagecore nursery;0
cottagecore bunny nursery;0
cottagecore nursery curtains;0
cottagecore nursery color palette ideas;0
cottagecore nursery cozy corner ideas;0
cottagecore nursery colorful;0
cottagecore nursery crib;0
cottagecore nursery changing table;0
cottagecore nursery colors;0
cottagecore nursery dresser;0
cottagecore nursery diy;0
cottagecore nursery decor ideas;0
cottagecore girl nursery decor;0
cottagecore nursery wall decor;0
cottagecore nursery shelf decor;0
diy cottagecore nursery decor;0
dark cottagecore baby nursery;0
cottagecore nursery embroidery;0
english cottagecore nursery;0
cottagecore nursery fairy;0
cottagecore nursery furniture ideas;0
cottagecore nursery furniture;0
cottagecore floral nursery;0
fantasy cottagecore nursery;0
cottagecore forest nursery;0
cottagecore farm nursery;0
cottagecore farmhouse nursery;0
fairytale cottagecore nursery;0
cottagecore nursery gallery wall;0
cottagecore nursery gender neutral;0
cottagecore nursery green;0
baby girl cottagecore nursery;0
goth cottagecore nursery;0
cottagecore nursery ideas girl;0
cottagecore nursery ideas boy;0
cottagecore nursery inspiration;0
cottagecore nursery rug ideas;0
cottagecore nursery lighting ideas;0
baby nursery ideas cottagecore;0
cottagecore nursery mural;0
cottagecore nursery mobile;0
minimal cottagecore nursery;0
cottagecore mushroom nursery;0
modern cottagecore nursery;0
cottagecore nursery neutral;0
cottagecore nursery purple;0
cottagecore nursery paint colors;0
pastel cottagecore nursery;0
cottagecore winnie the pooh nursery;0
cottagecore nursery rug;0
cottagecore nursery room;0
rustic cottagecore nursery;0
cottagecore nursery sims 4;0
cottagecore nursery shelf;0
sims 4 cc cottagecore nursery;0
cottagecore storybook nursery;0
strawberry cottagecore nursery;0
soft cottagecore nursery;0
cottagecore nursery twins;0
cottagecore twin nursery;0
cottagecore themed nursery;0
cottagecore unisex nursery;0
vintage cottagecore nursery;0
vintage cottagecore baby girl nursery;0
cottagecore nursery wall;0
cottagecore nursery white crib;0
whimsy cottagecore nursery;0
western cottagecore nursery;0
whimsical cottagecore nursery;0
cottagecore woodland nursery;0
witchy cottagecore nursery;0
cottagecore nursery yellow;0
ocean theme nursery girl;0
ocean theme nursery neutral;0
ocean theme nursery mobile;0
ocean theme nursery room;0
ocean theme nursery for girl;0
ocean theme nursery wallpaper;0
ocean theme nursery art;0
ocean theme nursery curtains;0
ocean theme boy nursery;0
subtle ocean theme nursery;0
ocean nursery theme ideas;0
girls ocean theme nursery;0
neutral ocean theme nursery;0
ocean life nursery theme;0
ocean theme nursery for boy;0
ocean girl nursery sea theme;0
nursery decor ocean sea theme;0
ocean animals nursery theme;0
ocean theme nursery wall art;0
ocean animal theme nursery;0
baby nursery ocean theme;0
boys ocean theme nursery;0
ocean nursery theme bright;0
ocean baby nursery sea theme;0
baby girl ocean nursery theme;0
ocean beach theme nursery;0
baby boy nursery ocean theme under the sea;0
ocean nursery boy sea theme;0
blue ocean theme nursery;0
colorful ocean theme nursery;0
cute ocean theme nursery;0
dark ocean theme nursery;0
nursery ideas girl ocean sea theme;0
green ocean theme nursery;0
ocean theme gender neutral nursery;0
boy nursery ideas ocean theme;0
nursery ideas ocean sea theme;0
ocean theme nursery lamp;0
ocean theme nursery mural;0
minimalist ocean theme nursery;0
ocean theme nursery painting;0
ocean theme nursery prints;0
pink ocean theme nursery;0
ocean theme nursery sign;0
simple ocean theme nursery;0
ocean surf theme nursery;0
vintage ocean theme nursery;0
ocean theme nursery wall;0
mermaid nursery decor ideas;0
lavender nursery decor ideas;0
lavender and sage nursery decor;0
nursery decor lavender;0
floral forest nursery;0
deer nursery decor inspiration;0
fawn nursery decor deer;0
deer head nursery decor baby boy;0
deer decor nursery;0
deer antler decor baby rustic nursery;0
pink deer nursery decor;0
deer girl nursery decor;0
goose nursery decor girl;0
goose nursery decor boy;0
goose baby nursery decor;0
nursery decor goose;0
goose nursery wall decor;0
goose decor for nursery;0
baby girl nursery decor goose;0
blue gingham nursery boy;0
blue gingham nursery girl;0
blue gingham nursery ideas;0
blue gingham nursery wallpaper;0
blue gingham nursery decor;0
blue gingham nursery rug;0
blue gingham nursery accent wall;0
blue nursery gingham;0
nursery with blue gingham curtains;0
blue gingham boys nursery;0
dark blue gingham nursery;0
blue gingham baby boy nursery;0
blue and white gingham boy nursery;0
boy nursery blue gingham;0
blue gingham duck nursery;0
blue gingham winnie the pooh nursery;0
blue and gingham nursery;0
pink and blue gingham nursery;0
blue and green gingham nursery;0
tan gingham and blue nursery;0
blue gingham cowboy nursery;0
nursery with blue gingham chair;0
dusty blue gingham nursery;0
baby boy nursery room ideas blue gingham;0
boy nursery ideas blue gingham;0
light blue gingham nursery;0
blue gingham puppy nursery;0
blue gingham themed nursery;0
blue gingham teddy bear nursery;0
blue white gingham nursery;0
watercolor animals wall art;0
baby room decor diy homemade wall art;0
baby room decor diy ideas;0
baby room decor diy homemade;0
diy baby room decor boy projects;0
daycare room design my wonderful walls - kid rooms + baby nursery diy wall decor;0
diy baby room decor girl crafts ideas;0
diy crafts baby room decor;0
diy baby room decor ideas wall art;0
baby boy room diy decor;0
baby boy room decor ideas diy nurseries wall art;0
diy room decor for baby;0
diy decor for baby boy room;0
baby girl room decor ideas diy wall art;0
baby boy room decor ideas diy wall art;0
diy baby girl room decor wall art;0
baby room ideas for boys diy decor wall art;0
baby girl gifts diy crafts room decor;0
diy baby boy room decor crafts;0
diy baby room decor cricut;0
baby boy room decor ideas diy crafts;0
baby girl canvas painting diy room decor;0
baby room decor ideas diy crafts;0
diy baby girl room decor craft ideas;0
cute diy baby room decor;0
cute baby girl room decor diy;0
baby boy canvas painting diy room decor;0
easy diy baby room decor;0
baby girl elephant nursery diy room decor;0
simple room decor ideas easy diy baby;0
easy diy baby boy room decor;0
newborn baby room decor diy easy;0
diy room decor for baby girl;0
baby room decor for boys diy;0
diy wall decor for baby room;0
diy baby girls room decor;0
diy baby room decor gender neutral;0
newborn baby girl room decor diy;0
baby room hanging decor diy;0
baby boy room decor ideas diy small spaces;0
diy baby room decor ideas boho;0
macrame baby room decor diy;0
diy baby room decor name;0
baby boy room decor ideas newborn diy;0
newborn baby room decor diy;0
newborn baby room wall decor diy;0
diy baby room decor boy nurseries;0
diy baby room decor girl organization ideas;0
diy room decor baby pink;0
baby room decor painting diy;0
safari baby room decor diy;0
diy safari baby room decor ideas;0
diy baby boy room decor wood signs;0
diy dollar tree baby room decor;0
baby girl room wall decor diy;0
baby welcome room decor diy;0
baby boy nursery wall art free printables;0
free woodland animal printables nursery art;0
baby girl free printables nursery art;0
nursery clipart illustrations;0
nursery clipart for kids;0
nursery cliparts;0
winnie the pooh nursery clipart;0
nursery girl clipart;0
nursery class clipart;0
baby boy nursery clipart;0
watercolor nursery clipart;0
cute nursery clipart;0
farm animals clipart black and white nursery;0
boho nursery clipart;0
blue nursery clipart;0
baby girl nursery clipart;0
nursery boy clipart;0
16 png dog clipart, funny puppy floral pet kids sublimation cartoon nursery illustration;0
dragon nursery watercolor clipart;0
nursery decor clipart;0
green nursery clipart;0
nursery kids clipart;0
pink nursery clipart;0
safari nursery clipart;0
nursery school clipart;0
space nursery clipart;0
nursery teacher clipart;0
welcome to nursery clipart;0
toile nursery clipart;0
vintage nursery clipart;0
whimsical nursery clipart;0
nursery pngs;0
nursery students png;0
nursery cartoon png;0
nursery rhyme png;0
nursery background png;0
tree nursery png;0
nursery items png;0
delico nursery png;0
nursery graduation png;0
nursery teacher png;0
baby nursery png;0
nursery art png;0
nursery wall art png;0
nursery aesthetic png;0
hot air balloon nursery png;0
boho rainbow nursery wall art png;0
bunny nursery png;0
baby girl nursery png;0
baby boy nursery png;0
nursery chair png;0
nursery class png;0
klaus delico nursery png;0
nursery decor png;0
nursery elements png;0
sylvanian families nursery png;0
sylvanian families nursery friends png;0
nursery furniture png;0
nursery garden png;0
nursery graduate png;0
kids nursery png;0
nursery kid png;0
nursery room png;0
nursery school png;0
sylvanian nursery png;0
nursery toys png;0
winnie the pooh nursery png;0
vintage nursery png;0
nursery wallpaper png;0
boy nursery graphics;0
nursery school graphics;0
nursery motion graphics;0
nursery designs graphics;0
nursery school fence wall colourful graphics ideas;0
baby girl nursery graphics;0
plant nursery graphics;0
nursery graphics;0
baby nursery illustrations;0
nursery art animals illustrations;0
winnie the pooh book illustrations nursery art;0
nursery school illustrations;0
nursery room illustrations;0
old nursery rhymes illustrations;0
beatrix potter illustrations nursery;0
illustrations nursery;0
nursery rhyme illustrations easy;0
cute nursery illustrations;0
childrens book illustrations vintage nursery rhymes;0
nursery rhyme illustrations modern;0
nursery rhymes illustrations art;0
vintage winnie the pooh illustrations nursery art;0
nursery animal illustrations;0
vintage baby nursery illustrations;0
vintage storybook illustrations for nursery;0
baby nursery decor;0
girl nursery decor;0
girl nursery wall decor;0
nursery decor bear;0
nursery decor boy;0
nursery decor essentials;0
nursery decor girl;0
nursery decor girl floral;0
nursery decor ideas boy;0
nursery decor ideas girl;0
watercolor paintings for baby room;0
watercolor woodland animals nursery;0
baby lion nursery decor;0
baby yoda nursery decor;0
blue and yellow nursery decor;0
nursery decor list;0
nursery decor rustic;0
nursery decor shelf;0
nursery prints boy;0
nursery prints girl;0
3 nursery prints;0
5x7 nursery prints;0
baby animal prints for nursery;0
baby elephant nursery prints;0
baby room decor girl;0
baby room decor ideas;0
baby room decor neutral;0
baby room decoration ideas;0
baby room decorations;0
classic winnie the pooh nursery prints;0
coastal nursery prints;0
educational nursery prints;0
jungle theme nursery prints;0
mermaid nursery prints;0
nursery prints download;0
nursery prints for baby girl;0
nursery prints free download;0
nursery prints printable;0
set of 4 nursery prints;0
unique nursery prints;0
illustrations for nursery;0
girl nursery illustrations;0
nursery rhymes vintage illustrations;0
nursery rhyme illustrations vintage;0
vintage illustrations nursery;0
nursery baby clipart;0
baby nursery watercolor art;0
baby nursery watercolor painting;0
baby watercolor painting nursery decor;0
baby giraffe watercolor nursery art;0
baby girl nursery watercolor painting;0
watercolor baby name nursery art;0
baby girl watercolor nursery;0
watercolor baby boy nursery;0
watercolor for baby nursery;0
baby watercolor nursery;0
watercolor baby girl nursery religious;0
baby bunny watercolor nursery art;0
watercolor baby fox nursery art;0
baby animals watercolor nursery;0
baby owl watercolor nursery art;0
baby boy nursery watercolor art;0
baby girl nursery watercolor art;0
watercolor painting for baby nursery;0
baby girl nursery watercolor floral;0
watercolor for baby girl nursery;0
baby girl nursery wallpaper watercolor;0
baby nursery paintings watercolor;0
watercolor forest animals nursery;0
watercolor jungle animals nursery art;0
watercolor sea animals nursery;0
watercolor nursery art animals;0
forest animals watercolor woodland nursery;0
nursery woodland animals print watercolor;0
watercolor farm animals nursery;0
baby boy room clipart;0
baby room clipart;0
baby room watercolor paintings;0
baby room watercolor art;0
baby room watercolor ideas;0
baby room watercolors;0
animal watercolor baby room;0
watercolor for baby room;0
watercolor animals for baby room;0
watercolor art baby girl room;0
watercolor baby boy room;0
baby girl room watercolor;0
watercolor for baby girl room;0
watercolor baby room;0
baby room watercolor;0
watercolor baby room art;0
baby room watercolor painting;0
watercolor baby room decor;0
duck watercolor baby room;0
watercolor for a baby room;0
watercolor animals baby room;0
watercolor art for baby girl room;0
watercolor art for baby room;0
watercolor art for baby boy room;0
baby room artwork watercolor;0
watercolor for baby boy room;0
watercolor ideas for baby room;0
watercolor painting for baby girl room;0
watercolor painting for baby boy room;0
baby girl room watercolor painting;0
watercolor baby room painting;0
baby boy room watercolor paintings;0
baby nursery elements;0
nursery decor above dresser;0
nursery decor above dresser boy;0
nursery decor aesthetic;0
nursery decor animal theme;0
nursery decor above bed;0
nursery decor above cot;0
nursery decor baby boy;0
nursery decor blue;0
nursery decor baby girl;0
nursery decor boy green;0
nursery decor bookshelf;0
nursery decor boy blue;0
nursery decor boy neutral;0
nursery decor colourful;0
nursery decor crochet;0
nursery decor christian;0
nursery decor colour;0
nursery decor classroom;0
nursery decor changing tables;0
nursery decor dresser;0
nursery decor diy boy;0
nursery decor diy girl;0
nursery decor dinosaur;0
nursery decor dark wood;0
nursery decor duck;0
nursery decor disney;0
nursery decor embroidery;0
nursery decor earthy;0
nursery decor eclectic;0
embroidery nursery wall decor;0
old english nursery decor;0
hand embroidered nursery decor;0
nursery decor for boys;0
nursery decor for girl;0
nursery decor floating shelves;0
nursery decor fun;0
nursery decor forest;0
nursery decor for renters;0
nursery decor farm;0
nursery decor forest theme;0
nursery decor girl vintage;0
nursery decor girl pink;0
nursery decor girl diy;0
nursery decor girl colorful;0
nursery decor girl neutral;0
nursery decor girl ideas;0
nursery decor green and pink;0
nursery decor hot air balloon;0
nursery decor handmade;0
nursery decor homemade;0
nursery decor hooks;0
nursery decor hanging;0
nursery decor half wall;0
nursery decor highland cow;0
nursery decor harry potter;0
nursery decor half wallpaper;0
nursery decor ideas wall;0
nursery decor ideas small room;0
nursery decor ideas for girl;0
nursery decor in parents room;0
nursery decor ideas above dresser;0
nursery decor i love you;0
nursery decor ideas colorful;0
japandi nursery decor;0
jameson baby name nursery decor;0
jungle nursery diy decor;0
baby room jungle theme nursery decor;0
jesus loves me nursery decor;0
nursery decor kids;0
kids nursery decor diy;0
knitted nursery decor;0
kawaii nursery decor;0
moon, star, and cloud nursery or kids' room decor;0
lion king nursery decor ideas;0
knit nursery decor;0
the lion king nursery decor;0
nursery decor layout;0
nursery decor luxury;0
nursery decor light blue;0
nursery decor lights;0
nursery decor laser;0
lds church nursery decor;0
nursery decor minimalist;0
nursery decor minimal;0
nursery decor mid century;0
nursery decor montessori;0
nursery decor moody;0
nursery decor mural;0
nursery decor moon and stars;0
nursery decor name signs;0
nursery decor nature;0
nursery decor neutral beige;0
nursery decor neutral green;0
nursery decor nature theme;0
nursery decor neutral girl;0
nursery decor neutral animal;0
nursery decor name banner;0
nursery decor over dresser;0
nursery decor over crib;0
nursery decor ocean;0
nursery decor over changing table;0
nursery decor orange;0
nursery decor old money;0
nursery decor outdoors;0
nursery decor on shelves;0
nursery decor organization;0
nursery decor painting;0
nursery decor panelling;0
nursery decor poster;0
nursery decor pink and green;0
nursery decor printable;0
nursery decor peter rabbit;0
quilt nursery decor;0
nursery wall decor quote;0
baby girl quotes newborn nursery decor;0
girl nursery quote decor;0
paper quilling baby nursery decor;0
nursery quote decor;0
quilling nursery decor;0
baby quilling ideas nursery decor;0
nursery decor rental;0
nursery decor room;0
nursery decor retro;0
nursery decor rocking chair;0
nursery decor rattan;0
nursery decor rabbit;0
peter rabbit nursery decor ideas;0
forest baby room cozy nursery | nursery decor & design;0
nursery room decor ideas neutral;0
nursery decor small room;0
nursery decor simple;0
nursery decor sewing projects;0
nursery decor sims 4 cc;0
nursery decor school;0
nursery decor sims 4;0
nursery decor sea theme;0
nursery decor trends 2026;0
nursery decor teddy bear;0
nursery decor toys;0
nursery decor theme ideas;0
nursery decor twins boy and girl;0
nursery decor traditional;0
nursery decor terracotta;0
nursery decor table;0
nursery decor unisex gender neutral;0
nursery decor under the sea;0
nursery decor ideas using berry avenue decal codes;0
nursery decor ideas using healing aloe benjamin moore paint;0
underwater nursery decor ideas;0
ultrasound nursery decor;0
unique nursery decor accents;0
ideas for using ikea dressers in nursery decor;0
nursery decor vintage girl;0
nursery decor vintage boy;0
nursery decor vintage sports;0
vintage nursery decor farmhouse;0
nursery decor ideas vintage;0
vertical nursery wall decor;0
vintage sports nursery shelf decor;0
vintage boy nursery decor ideas;0
vintage nursery boy wall decor ideas;0
nursery decor with nanit;0
nursery decor whimsical;0
nursery decor wood;0
nursery decor white furniture;0
nursery xmas decor;0
girl nursery decor yellow;0
adorable yellow nursery decor ideas;0
yellow nursery decor ideas;0
butter yellow nursery decor;0
yarn nursery decor;0
diy yarn nursery decor;0
baby zoo animals nursery decor;0
classroom decorations for nursery 1;0
nursery 1 class decorations;0
nursery 1 classroom decoration;0
class decorations for nursery 1;0
1st day of nursery decor;0
100 acre wood nursery decor;0
1950 nursery decor;0
classroom decor for nursery 2;0
nursery 2 decorations;0
nursery 2 classroom decorations;0
classroom decorations for nursery 2;0
nursery decor 2026;0
2000s nursery decor;0
nursery decor trend 2026;0
nursery decor ideas 2026;0
2026 nursery decor trends;0
psalm 23 nursery decor;0
nursery wall decor 2026;0
3 drawer dresser nursery decor;0
3 shelf wall decor nursery;0
nursery decor 3d warehouse;0
nursery decor 3d printed;0
3d butterfly wall decor nursery;0
3d printer nursery decor;0
sims 4 cc nursery decor;0
sims 4 cc nursery decor inspiration;0
sims 4 nursery wall decor cc;0
sims 4 nursery wall decor;0
sims 4 nursery decoration;0
sims 4 cc nursery decor ideas;0
the sims 4 nursery decor;0
sims 4 baby nursery decor cc;0
the sims 4 cc nursery decor;0
50s nursery decor;0
70s nursery decor;0
8 cube organizer decor nursery;0
9 cube organizer ideas decor nursery;0
nursery prints on fabric;0
nursery prints baby girl;0
nursery prints ideas;0
nursery prints christian;0
golden retriever nursery prints;0
pooh nursery prints;0
nursery prints landscape;0
western prints nursery;0
beach nursery art prints;0
nursery prints above cot;0
nursery prints above crib;0
nursery prints alphabet;0
nursery prints above dresser;0
nursery prints art;0
digital prints etsy nursery art;0
baby girl nursery art prints;0
nursery prints bunny;0
nursery prints blue;0
nursery prints baby boy;0
nursery prints bear;0
nursery prints black frame;0
nursery prints bible;0
nursery prints background;0
nursery prints bible verse;0
nursery prints colourful;0
nursery prints clothes;0
nursery prints cars;0
nursery prints corel draw;0
nursery prints cute;0
nursery prints circus;0
cute baby nursery prints;0
cool boy nursery prints;0
cottage nursery prints;0
nursery prints dog;0
nursery prints dress;0
nursery prints design;0
nursery prints duck;0
nursery prints drawing;0
nursery prints disney;0
nursery prints decor;0
nursery prints dragon;0
wall decor baby girl nursery art prints;0
duck hunting nursery paintings & prints;0
nursery prints easy;0
eclectic nursery prints;0
nursery room prints etsy;0
nursery prints for boys;0
nursery prints flowers;0
nursery prints for kids;0
nursery prints fun;0
nursery prints family;0
nursery prints floral;0
nursery prints for wall;0
nursery prints forest;0
nursery prints goose;0
nursery prints girl vintage;0
nursery prints gender neutral;0
nursery prints girl dress;0
nursery prints green;0
nursery prints girl free;0
golf prints for nursery;0
nursery golf prints;0
girl nursery wall art prints;0
nursery prints hot air balloon;0
nursery prints horizontal;0
highland cow nursery prints;0
hunting nursery prints;0
nursery horse art prints;0
nursery horse prints;0
vintage hunting nursery prints;0
baby horse nursery art prints;0
nursery prints illustration;0
baby panda illustration nursery prints;0
nursery wall prints ideas;0
baby lion illustration nursery prints;0
boy and girl nursery shared room ideas paintings & prints;0
baby names on wall in nursery paintings & prints;0
dog prints in nursery;0
baby boy drawing illustration nursery prints;0
baby rabbit illustration nursery prints;0
nursery prints jungle;0
safari nursery prints jungle animals;0
nursery prints kids;0
giraffe illustration kids nursery prints;0
nursery prints lion;0
labrador nursery prints;0
ralph lauren prints nursery;0
baby lamb nursery art prints;0
little boy nursery prints;0
nursery prints motifs;0
nursery prints moon;0
mushroom nursery prints;0
mixed prints nursery;0
minimalist nursery prints;0
marvel nursery prints;0
you are my sunshine nursery prints;0
mallard duck nursery prints;0
nursery prints name;0
nursery prints nature;0
nursery prints on fabric sheets;0
nursery prints over crib;0
nursery prints on fabric art;0
nursery prints on wall;0
nursery ocean prints;0
nursery art prints set of 3;0
cute nursery prints on fabric;0
nursery prints set of 2;0
nursery prints pink;0
nursery prints pdf;0
nursery prints pattern;0
nursery prints painting;0
quirky nursery prints;0
quote nursery prints;0
nursery prints rabbit;0
nursery rhymes prints;0
retro prints nursery;0
playroom nursery rhyme wall prints;0
nursery room pictures art prints;0
nursery room wall prints;0
nursery prints sketch;0
nursery prints set;0
nursery prints space;0
nursery prints swan;0
nursery prints sports;0
baby boy space theme nursery paintings & prints;0
safari animal nursery prints free;0
travel nursery prints;0
trending nursery prints;0
twin nursery prints;0
toy story nursery prints;0
taylor swift nursery prints;0
vintage winnie the pooh nursery prints;0
unisex nursery prints;0
vintage nursery wall prints;0
vintage cowboy nursery prints;0
bible verse prints for nursery;0
baby boy nursery vintage prints;0
vintage animal nursery prints;0
vintage boy nursery prints;0
vintage floral nursery prints;0
vintage nursery decor prints;0
nursery prints wall;0
nursery prints woodland;0
nursery prints winnie the pooh;0
nursery prints wallpaper;0
nursery prints watercolor;0
nursery prints whimsical;0
nursery prints western;0
nursery prints words;0
nursery prints wall art;0
neutral nursery wall prints;0
nursery prints yellow;0
nursery zoo animals art prints;0
nursery prints 3;0
sims 4 nursery prints;0
baby boy room decor;0
baby boy room decor ideas;0
baby girl room decor;0
baby room decor;0
baby room decor accessories;0
baby room decor boy;0
baby room decor gender neutral;0
baby room decor ideas boy;0
baby room decor ideas girl;0
baby room decor printables;0
baby room decor stickers;0
baby room wall decor;0
lavender baby room decor;0
lion king baby room decor;0
mickey mouse baby room decor;0
newborn baby room decor ideas;0
newborn baby room decorations;0
olive green baby room decor;0
baby farm animal wall art;0
baby highland cow wall art;0
baby lion wall art;0
baby monkey wall art;0
baby room decor woodland;0
baby room wall art painting;0
baby wall art;0
baby wall art animals;0
baby wall art decor;0
baby wall art diy;0
baby wall art ideas;0
baby wall art name;0
baby yoda room decor;0
baby yoda room decor ideas;0
diy baby name wall art;0
harry potter baby wall art;0
lil baby wall art;0
unicorn baby room decor;0
wall art for baby nursery;0
baby room wall prints;0
baby shark wall art;0
baby yoda wall art;0
nursery welcome poster;0
poster for nursery school;0
vintage baby nursery wall art;0
baby room decor diy;0
baby room decor ideas wall decorations;0
baby room decor for boys;0
baby room decor handmade wall art;0
newborn baby room decor;0
newborn baby boy room decor;0
newborn baby girl room decor;0
room decoration for newborn baby;0
baby room decor aesthetic;0
baby room decor animals;0
baby room decor art;0
baby room decor avatar world;0
baby room decor animal theme;0
baby room decor apartment;0
baby room decor above dresser;0
baby room decor adopt me;0
baby room decor for boys wall art;0
aesthetic baby blue room decor;0
toddler and baby room decor;0
baby room decor balloon;0
baby room decor bloxburg;0
baby room decor blue;0
baby room decor brown;0
baby room decor black and white;0
baby room decor bear;0
baby room decor berry ave;0
baby room decor black;0
baby room decor birthday;0
baby room decor bunny;0
baby room decor cc sims 4;0
baby room decor colorful;0
baby room decor crochet;0
baby room decor craft ideas;0
baby room decor canvas;0
baby room decor clouds;0
baby room decor codes berry ave;0
baby room decor codes;0
baby room decor craft;0
baby room decor color;0
baby room decor closet;0
baby room decor codes bloxburg;0
baby room decor daycare;0
baby room decor dinosaur;0
baby room decor drawing;0
baby room decor disney;0
baby room decor dark wood;0
baby room decor duck;0
baby room decor design;0
baby room decor door;0
baby room decor dark green;0
baby room decor embroidery;0
baby room decor elephants;0
baby room decor easy;0
baby elefant room decor;0
elegant baby room decor;0
eclectic decor baby room;0
baby girl nursery themes elephant pink room decor;0
embroidery baby room wall decor;0
earthy baby room decor;0
baby room decor for girl;0
baby room decor frames;0
baby room decor forest;0
baby room decor flowers;0
baby room decor for boys newborns;0
baby room decor first day;0
baby room decor for twins;0
baby room decor fairy;0
baby room decor for welcome;0
baby room decor green;0
baby room decor gray;0
baby room decor girl pink;0
baby room decor green wall;0
baby room decor green crib;0
baby room decor giraffe;0
baby room decor girl diy;0
baby room decor grey and white;0
baby room decor gifts;0
baby room decor handmade;0
baby room decor hospital;0
baby room decor hot air balloon;0
baby room decor hanging;0
baby room decor homemade;0
baby room decor harry potter;0
baby room decor hello kitty;0
baby room decor horse;0
halloween decor for baby room;0
welcome home baby girl room decor;0
room decor welcome home baby;0
baby room decor ideas neutral;0
baby room decor in parents room;0
baby room decor india;0
baby room decor ideas simple;0
baby room decor ideas handmade;0
baby room decor ideas daycare;0
baby room decor in hospital;0
baby room decor jirafa;0
baby room decor jungle theme;0
baby room decor jungle;0
baby room decor jesus;0
baby boy room decor jungle;0
baby boy room decor ideas animals jungle theme;0
baby boy nursery themes jungle room decor;0
baby room decor kindergarten;0
koala baby room decor;0
baby kids room decor;0
baby girl room decor hello kitty;0
hello kitty room decor baby;0
baby boy room decor ideas blue for kids;0
koala bear baby room nursery decor;0
knitted baby room decor;0
korean baby room decor;0
baby room decor luxury;0
baby room decor lighting;0
baby room decor light;0
baby room decor lilac;0
baby room decor lion;0
baby room decor letters;0
living room decor baby pink;0
baby blue and grey living room decor;0
ladder decor baby room;0
baby blue and gold living room decor;0
lavender baby room decor ideas;0
baby room decor minimalist;0
baby room decor montessori;0
baby room decor macrame;0
baby room decor modern;0
baby room decor minimal;0
baby room decor mirror;0
baby room decor mushroom;0
baby room decor moon;0
baby room decor mid century;0
mickey baby room decor;0
baby room decor neutral minimalist;0
baby room decor name;0
baby room decor neutral nursery themes;0
baby room decor nursery;0
baby room decor newborn;0
baby room decor neutral animal prints;0
baby room decor nature;0
baby room decor ocean;0
baby room decor orange;0
baby room decor on a budget;0
baby boy room decor ocean;0
oh baby room decor;0
olivia room decor baby;0
organizational tips for baby room decor;0
organic baby room decor;0
one year baby room decor;0
chest of drawers decor baby room;0
decor of baby room;0
baby room decor pink;0
baby room decor paintings;0
baby room decor pictures;0
baby room decor paper craft;0
baby room decor photos;0
baby room decor poster;0
baby room decor photo frame;0
baby room decor pictures art prints;0
baby room decor purple;0
baby room decor panda;0
baby room decor panelling;0
baby room decor rainbow;0
baby room decor real;0
baby room decor rabbit;0
baby room decor roblox codes;0
baby room decor simple;0
baby room decor small space;0
baby room decor shelves;0
baby room decor safari;0
baby room decor sims 4;0
baby room decor shelf;0
baby room decor simple ideas;0
baby room decor space;0
baby room decor sims 4 cc;0
baby room decor sage green;0
baby room decor toca boca;0
baby room decor twins;0
baby room decor theme;0
baby room decor toys;0
baby room decor table;0
baby room decor teddy;0
baby boy room decor theme;0
baby room decor under the sea;0
baby boy room decor ideas toddler bed;0
baby boy toy room decor;0
wall decor for toddler and baby shared room;0
baby room decor unisex wall colors;0
unisex baby room wall decor;0
baby girl room decor unicorn;0
unique baby girl room decor;0
unicorn room decor baby girls bedroom;0
unique baby room decor;0
unicorn baby nursery room decor;0
baby room decor vintage;0
baby room decor video;0
baby boy vintage room decor;0
vintage baby room wall decor;0
stardew valley baby room decor;0
valentines day baby room decor;0
baby blue vintage room decor;0
baby girl vintage room decor;0
baby room vinyl decor;0
victorian baby room decor;0
baby pink vintage room decor;0
vintage-inspired baby room decor ideas;0
baby room decor welcome;0
baby room decor wall;0
baby room decor with balloons;0
baby room decor wallpaper;0
baby room decor welcome home;0
baby room decor winnie the pooh;0
baby room decor with bed;0
baby room decor wall art;0
baby room decor with paper;0
baby room decor wood;0
baby room decor with stickers;0
baby room decor yellow;0
baby pink and yellow room decor;0
light pink and baby yellow room decor;0
2 year baby girl room decor;0
baby blue and yellow living room decor;0
room decor ideas baby yellow;0
1 year baby room decor;0
1 year baby boy room decor;0
butter yellow and baby pink room decor;0
you are my sunshine baby room decor;0
1 year baby boy room decoration;0
1 year baby girl birthday room decoration;0
1 year baby boy birthday room decoration;0
1 year baby birthday room decoration;0
1 month baby room decoration;0
1 year baby girl room decor;0
1 month baby room decoration ideas;0
1 year baby boy room decor ideas;0
1year baby room decor;0
baby 1st birthday room decor;0
2 bedroom 2 bath apartment with baby boy/guest room decorating ideas;0
2 year baby room decor;0
2 year baby boy room decor;0
baby room decor 2026;0
baby room decor 2000s;0
baby boy room decor 2025;0
baby girl room decor 2026;0
the sims 4 baby room decoration;0
sims 4 baby room decor;0
sims 4 cc house decor baby room;0
sims 4 cc baby room decor patreon;0
baby girl room decor sims 4;0
sims 4 cc gender-neutral baby room decor;0
the sims 4 cc baby room decor;0
6 month baby room decor;0
8 month old baby room decor;0
90s baby room decor;0
baby wall art pictures;0
baby wall art nursery;0
baby wall arts;0
baby wall art girl;0
baby wall art painting;0
baby wall art prints;0
baby wall art printable;0
baby wall art frame;0
baby wall artwork;0
baby girl embroidery hoop wall art;0
black baby girl wall art;0
baby girl wall art paint;0
emma baby name wall art;0
baby nursery wall art girl;0
baby yellow wall art;0
leo baby name wall art;0
baby wall art boy;0
baby wall art bear;0
baby wall art black and white;0
baby wall art craft;0
cricut baby wall art;0
baby picture collage ideas diy wall art;0
baby girl nursery wall art christian;0
christian baby girl wall art;0
custom baby wall art;0
baby care wall art;0
customized baby wall art;0
cute baby animals wall art;0
cool baby wall art;0
baby clothes wall art;0
cute baby wall art;0
baby wall art design;0
baby dinosaur wall art;0
framed baby dress wall art;0
dog and baby wall art;0
baby wall art elephant;0
embroidered baby wall art;0
baby embroidery wall art;0
embroidery hoop wall art baby;0
elena baby name wall art;0
everleigh baby name wall art;0
easy baby wall art;0
baby free printable wall art;0
baby foot print wall art;0
framed baby pictures wall art;0
baby pink floral wall art;0
baby boy wall art for nursery;0
baby room poster free printable wall art;0
baby girls nursery wall art;0
goth baby wall art;0
baby girl bedroom ideas small rooms wall art;0
baby girl vintage wall art;0
baby hospital wall art;0
baby horse wall art;0
high contrast baby wall art;0
baby hand print wall art;0
baby room hot air balloon wall art;0
baby girl wall hanging art diy;0
baby wall art image;0
islamic baby wall art;0
baby boy wall art ideas;0
islamic wall art for baby;0
baby nursery wall art ideas;0
josiah baby name wall art;0
baby poster ideas wall art kids rooms;0
baby krishna wall art;0
baby keepsake wall art;0
baby kids wall art;0
alphabet letters baby room wall art;0
baby room lion wall art;0
i love you wall art for baby;0
baby letter wall art;0
diy baby name letters boy wall art;0
liam baby boy name wall art;0
layla baby name wall art;0
modern baby wall art;0
baby monogram wall art;0
micah baby name wall art;0
mural wall art baby room;0
baby memory wall art;0
mural wall art baby girl;0
baby name wall art macrame;0
baby frame ideas memories wall art;0
baby milo wall art;0
muslim baby nursery islamic wall art;0
baby boy monogram wall art;0
beau baby name wall art;0
baby name print wall art;0
baby art on wall;0
set of 3 wall art baby;0
ocean baby wall art;0
wall art on baby pink wall;0
baby owl pictures wall art;0
baby wall art photos;0
baby playroom wall art;0
wall art prints baby blue;0
baby wall art quotes;0
baby quote wall art;0
baby girl room quotes wall art;0
quotes for baby room wall art;0
baby room quotes wall art;0
quilling baby boy wall art;0
baby boy room quotes wall art;0
baby girl sayings quotes wall art;0
baby wall art room;0
baby rabbit wall art;0
baby room animal wall art;0
baby room words wall art;0
baby room wall art set;0
3 piece wall art baby room;0
baby wall art set;0
sims 4 baby wall art;0
scarlett baby name wall art;0
sunshine baby nursery wall art;0
new baby signs wall art;0
stencil wall art baby room;0
simple wall art for baby room;0
baby boy nursery room ideas safari wall art;0
baby twins boy and girl nursery wall art;0
baby boy nursery themes nautical ideas wall art;0
baby tiger nursery wall art;0
textured wall art baby;0
baby tiger wall art;0
tree wall art baby room;0
textured wall art baby room;0
winnie the pooh baby room ideas wall art;0
winnie the pooh baby wall art;0
baby room unicorn wall art;0
baby boy wall art vintage;0
vintage baby wall art;0
vintage baby room wall art;0
violet baby name wall art;0
baby boy bible verses wall art;0
vintage baby girl room wall art;0
baby name vinyl wall art;0
vintage baby boy nursery wall art;0
xavier baby name wall art;0
baby blue and yellow wall art;0
baby zebra wall art;0
zoe baby name wall art;0
sims 4 cc baby wall art;0
90s baby wall art;0
nursery poster printables;0
nursery posters girl;0
nursery poster printables free prints;0
nursery poster wall;0
nursery poster boy;0
nursery poster animals;0
nursery poster set;0
nursery poster background;0
welcome back to nursery poster;0
nursery school design poster;0
nursery plant poster;0
nursery class decoration poster;0
bloxburg poster codes nursery;0
baby name nursery poster;0
winnie the pooh nursery posters;0
baby nursery poster printable;0
green nursery poster;0
baby poster nursery;0
charlotte the nursery nurse poster;0
dinosaur nursery poster;0
nursery poster aesthetic;0
nursery a poster;0
animal nursery poster;0
hot air balloon nursery poster;0
delicos nursery anime poster;0
nursery class activity poster;0
delico's nursery anime minimalist poster;0
nursery activity poster;0
nursery admission open poster;0
alphabet nursery poster;0
nursery poster bear;0
baby nursery personalized poster;0
the birth poster nursery;0
back to nursery poster;0
nursery poster cat;0
concert poster nursery;0
christian nursery poster;0
classroom rules poster for nursery;0
cute poster for nursery;0
children's nursery poster;0
class nursery poster;0
welcome to nursery class poster;0
nursery poster diy;0
first day of nursery poster;0
delico's nursery minimalist poster;0
delicos nursery poster;0
nursery enrollment poster;0
educational poster nursery;0
poster of staff in a nursery eyfs;0
elephant nursery poster;0
nursery education poster;0
earth day poster for nursery;0
nursery poster frame;0
nursery poster family;0
nursery poster for kids;0
flower nursery poster;0
vintage poster for nursery;0
farm nursery poster;0
poster ideas for nursery;0
nursery poster printables free prints printable;0
name poster for nursery;0
nursery poster girl;0
nursery poster green;0
nursery graduation poster;0
garden nursery poster;0
girl nursery room poster;0
baby nursery girl poster;0
goose nursery poster;0
girls nursery poster;0
nursery garden poster design;0
nursery school graduation poster;0
nursery poster horizontal;0
harry potter nursery poster;0
nursery home poster;0
health and safety poster nursery;0
nursery poster illustration;0
plants nursery poster ideas;0
nursery room poster ideas;0
poster promoting safety in nursery operations;0
baby nursery poster ideas;0
islamic nursery poster;0
independence day poster for nursery;0
nursery class poster ideas;0
nursery school poster ideas;0
jungle nursery poster;0
jesus poster nursery;0
nursery kids poster;0
kids nursery poster design;0
nursery poster landscape;0
nursery poster lion;0
last day of nursery poster;0
nursery learning poster;0
letter poster nursery;0
the nursery nurse mia poster;0
music poster nursery;0
the nursery nurse mialotte poster;0
marjorie the nursery nurse poster;0
you are my sunshine nursery poster;0
nursery poster name;0
plant nursery opening poster;0
nursery opening poster;0
ocean nursery poster;0
nursery school admission open poster;0
admission open creative poster for nursery;0
nursery poster pink;0
nursery poster quote;0
rainbow nursery poster;0
nursery room poster free printables;0
printable nursery rhyme poster;0
the nursery nurse reece poster;0
poster for nursery room;0
poster for nursery baby rooms;0
nursery poster safari;0
nursery students poster;0
nursery school poster background;0
sports nursery poster;0
delico’s nursery anime poster;0
nursery school admission poster;0
space nursery poster;0
nursery poster template;0
nursery tree poster;0
winnie the pooh nursery poster;0
nursery teacher poster;0
welcome to nursery poster;0
nursery poster vintage;0
nursery visit poster;0
vivian the nursery nurse poster;0
nursery poster watercolor;0
woodland nursery poster;0
nursery class wall poster;0
nursery wall decor poster;0
welcome poster for nursery;0
tuition classes poster nursery to 10th;0
sims 4 nursery poster;0
tutions poster nursery to 5th;0
tuition classes poster nursery to 5th;0
baby room prints free printables;0
baby room prints girl;0
baby room prints boy;0
baby room vintage prints;0
prints in baby room;0
baby room printables free wall prints;0
prints for baby girls room;0
baby girl room printables free prints;0
poster prints for baby room;0
poster prints baby room;0
baby prints room;0
baby room design gender neutral paintings & prints;0
baby pink room prints;0
animal prints baby room;0
baby room prints free printables wall art;0
animal prints for baby room;0
baby boy room wall decor;0
baby elephant wall decor;0
baby girl name wall decor;0
baby girl room wall prints;0
baby it's cold outside wall decor;0
baby nursery wall decor ideas;0
baby room art prints;0
baby shower wall decor;0
baby shower wall decorations;0
baby wall decor;0
baby wall decor animals;0
baby wall decor boy;0
baby wall decor diy;0
baby wall decor girl;0
baby wall decor ideas;0
baby wall decor stickers;0
baby wall decoration;0
boy nursery wall decor;0
cool baby room prints;0
how to decorate baby girl room wall;0
nursery art prints boy;0
nursery art prints girl;0
nursery wall decor boy;0
nursery wall decor girl;0
nursery wall decor ideas girl;0
oh baby wall decor;0
prints for baby boy room;0
prints for baby room;0
vintage baby wall decor;0
wall decor for baby girl;0
baby boy name nursery decor;0
boy nursery decor;0
boy nursery decor ideas;0
boy nursery decorations;0
diy nursery decor boy;0
hot air balloon nursery wall decor;0
nursery decoration boy;0
nursery wall decor gender neutral;0
nursery wall decor ideas boy;0
baby girl nursery decor;0
baby girl nursery decor for shelves;0
baby girl nursery wall decor ideas;0
boy girl twin nursery decor;0
diy nursery decor girl;0
elephant nursery decor girl;0
farm nursery decor boy;0
girl nursery decor ideas;0
girl nursery decorations;0
hobby lobby nursery decor boy;0
hobby lobby nursery decor girl;0
little boy nursery decor;0
mountain nursery decor girl;0
ocean nursery decor girl;0
twin girl nursery decor;0
winnie the pooh nursery decor girl;0
baby room pictures animal prints;0
baby room wall art prints;0
art prints for baby room;0
baby room decoration wall art prints;0
baby boy room decor wall prints;0
baby room decor prints;0
prints for baby room free printables;0
baby girl nursery room ideas flowers paintings & prints;0
poster prints baby girl room;0
baby girl room paintings & prints;0
baby girls room prints;0
nursery art prints gender neutral;0
nursery art prints floral;0
nursery art prints for boys;0
nursery art prints woodland;0
nursery art prints pink;0
nursery art prints animal;0
nursery art prints blue;0
baby animal prints nursery wall art;0
childrens bedroom art nursery prints;0
baby animals for nursery art prints;0
baby nursery colourful art prints;0
cool nursery art prints;0
christian nursery art prints;0
dinosaur nursery art prints;0
woodland nursery fox art prints;0
nursery wall art printable free prints pink;0
nursery wall art printable free prints animals;0
nursery wall art printable free prints baby rooms;0
baby sheep nursery art prints;0
swan princess nursery art prints;0
safari nursery prints wall art;0
winnie the pooh wall art prints nursery;0
whimsical nursery art prints;0
baby wall decoration ideas;0
baby wall decor crochet;0
baby wall decor painting;0
baby wall decor name;0
baby wall decor poster;0
baby wall decor ideas girl;0
baby wall decor ideas boy;0
baby girls room wall decor;0
baby girl welcome wall decoration;0
baby birthday wall decorations;0
wall decor for baby boy welcome;0
baby name wall decor cricut;0
baby pink wall decor bedroom;0
baby wall decor art;0
baby blue aesthetic wall decor;0
baby blue and pink wall decor;0
aesthetic baby wall decor;0
baby boy wall decor above crib;0
baby girl wall decor above crib;0
baby blue and white wall decor;0
baby wall decor bloxburg;0
baby girl wall decor room;0
baby wall decor cricut;0
baby corner in parents room wall decor;0
baby changing station wall decor;0
wall decor baby crib;0
baby cot wall decor;0
baby room wall decor crochet;0
baby girl nursery wall decor above crib;0
album cover wall decor lil baby;0
minimalist baby wall decor;0
baby boy elephant nursery diy wall decor;0
baby boy embroidery hoop wall decor;0
easy baby shower wall decor;0
etsy baby girl nursery wall decor;0
baby girl elephant nursery wall decor;0
baby wall decor frame;0
baby wall decor for boy;0
wall decor for baby shower boy;0
wall decor for neutral baby room;0
wall decor ideas for baby nursery;0
baby room wall decor for boys;0
wall decor for baby nurseries;0
baby foot print wall decor;0
wall decor bedroom for baby girl;0
baby girls wall decor;0
baby girl wall decor bedroom;0
sage green baby wall decor;0
gender neutral baby wall decor;0
baby girl nursery floral wall decor;0
baby wall hangings nursery decor;0
baby blue wall house decor;0
baby picture wall ideas home decor;0
welcome home baby girl wall decor;0
baby hand print wall decor;0
baby girl nursery hobby lobby wall decor;0
baby boy name diy decor wall hangings;0
baby shower wall decor at home;0
welcome home baby wall decor;0
baby girl name signs wall hangings room decor;0
baby wall decor ideas simple;0
room decor ideas baby pink wall;0
room decor ideas for baby pink wall;0
baby photo ideas wall decor;0
playroom wall mural my wonderful walls - kid rooms + baby nursery diy wall decor;0
baby blue kitchen wall decor;0
locally grown baby shower wall decor;0
baby blue living room wall decor;0
wall decor living room baby pictures;0
baby blue wall living room decor ideas;0
baby learning wall decor;0
baby boy name wall decor wooden letters;0
letter wall decor for nursery baby names;0
baby boy names lettering for wall decor;0
lil baby wall decor;0
baby name wall decor girls wood letters;0
baby name wall decor macrame;0
baby memory wall decor;0
macrame baby wall decor;0
mirror wall decor baby;0
baby memorial wall decor;0
baby milestone wall decor;0
macrame wall decor baby room;0
nanit baby monitor wall mount decor;0
mirror wall decor baby room;0
neutral baby wall decor;0
baby nursery wall decor boy;0
baby decor on wall;0
baby name on wall decor;0
cute paintings on canvas wall decor baby rooms;0
wall decor over baby crib;0
baby shower decor on wall;0
baby wall decor prints;0
pallet wall baby shower decor;0
baby shower decor photo wall;0
baby room wall decor punch;0
baby pics wall decor;0
baby girl wall decor quotes;0
baby wall decor shelves;0
baby wall decor simple;0
diy baby shower wall decor;0
baby signs wooden wall decor;0
baby girl wall shelf decor;0
baby shower dessert table wall decor;0
baby birth time wall decor;0
winnie the pooh baby shower wall decor;0
twin baby wall decor;0
baby boy nursery nautical theme wall decor;0
teddy bear baby shower wall decor;0
baby changing table wall decor;0
winnie the pooh baby wall decor;0
baby theme wall decor;0
baby ultrasound wall decor;0
vintage baby girl wall decor;0
vintage baby boy wall decor;0
baby wall decor with name;0
baby yellow wall decor;0
baby room wall decor yellow;0
baby blue and yellow wall decor;0
sims 4 baby wall decor;0
sims 4 cc baby wall decor;0
nursery wall decor above dresser;0
nursery wall decor shelves;0
nursery wall decor vintage;0
mirror and shelf wall decor nursery;0
wall decoration for nursery classroom;0
girls nursery wall decor ideas;0
girl nursery wall decor diy;0
pink floral nursery wall decor;0
wall decor for nursery for boy;0
nursery accent wall decor;0
pink accent wall nursery decor;0
nursery wall decor art;0
nursery wall decor above crib boy;0
nursery wall decor aesthetic;0
nursery wall decor above cot;0
nursery wall decor apartment;0
nursery wall decor and shelving;0
nursery wall decor above bed;0
nursery wall decor banner;0
nursery wall decor behind crib;0
nursery wall decor blue;0
nursery wall decor baby girl;0
nursery wall decor bible verse;0
nursery wall decor bunny;0
nursery wall decor books;0
nursery wall decor boy vintage;0
nursery wall decor butterfly;0
nursery wall decor baskets;0
nursery wall decor bears;0
nursery wall decor collage;0
nursery wall decor colorful;0
nursery wall decor christian;0
nursery wall decor changing table;0
nursery wall decor clouds;0
nursery wall decor corner;0
nursery wall decor crochet;0
nursery wall decor canvas;0
nursery wall decor church;0
church nursery decor wall decorations;0
cowboy nursery wall decor ideas;0
nursery wall decor dinosaur;0
nursery wall decor design;0
nursery wall decor duck;0
nursery wall decor dresser;0
nursery wall decor embroidery;0
nursery wall decor easy;0
embroidered nursery wall decor;0
eclectic nursery wall decor;0
nursery elephant wall decor;0
earthy nursery wall decor;0
embroidery hoop wall decor nursery;0
enchanted forest nursery wall decor;0
nursery wall decor floating shelves;0
nursery wall decor frames;0
nursery wall decor for boys;0
nursery wall decor for girl;0
nursery wall decor floral;0
nursery wall decor forest;0
nursery wall decor fabric;0
flower hanging wall decor nursery;0
nursery wall decor green;0
nursery wall decor girl above crib;0
nursery wall decor girl boho;0
nursery wall decor girl vintage;0
nursery wall decor golf;0
nursery wall decor girl green;0
nursery wall decor goose;0
gothic nursery wall decor;0
nursery wall decor hanging;0
nursery wall decor hooks;0
nursery wall hook decor;0
accordian wall hook decor nursery;0
cow hide wall decor ideas nursery;0
cowboy hat wall decor nursery;0
handmade nursery wall decor ideas;0
nursery wall decor ideas above crib;0
nursery wall decor inspiration;0
nursery wall decor ideas gender neutral;0
beadboard nursery wall decor ideas;0
adventure-themed nursery wall decor ideas;0
kid's jungle theme nursery wall decor;0
kids nursery wall decor;0
church nursery decor create-a-mural kids room ideas themes diy murals & wall decals;0
cute dinosaur painting. nursery decor & kids room wall art;0
nursery wall decor layout;0
nursery wall light decor;0
letter wall decor nursery;0
ralph lauren nursery wall decor;0
lilac nursery wall decor;0
lion nursery art wall decor;0
long nursery wall decor;0
nursery luminous wall decor;0
nursery wall decor mirror;0
nursery wall decor mountains;0
nursery wall decor minimalist;0
nursery wall decor minimal;0
mauve nursery wall decor;0
church nursery wall decor mural ideas;0
nursery room wall decor with mirror;0
mallard duck nursery wall decor;0
nursery wall decor name sign;0
nursery wall decor nature;0
nursery wall decor over dresser;0
nursery wall decor over crib;0
nursery wall decor over changing table;0
nursery wall decor ocean;0
over the dresser wall decor nursery;0
over dresser wall decor nursery boy;0
nursery wall decor over changing table girl;0
nursery wall decor over changing table boy;0
over the bed wall decor nursery;0
dream big little one nursery wall decor;0
ocean-themed wall decor for nursery;0
nursery wall decor printable;0
nursery wall decor pictures;0
nursery wall decor pink;0
nursery wall decor painting;0
nursery wall decor placement;0
nursery wall decor prints;0
nursery wall decor photos;0
nursery wall decor purple;0
nursery wall decor pooh;0
nursery wall decor rental;0
nursery wall decor rainbow;0
nursery wall decor ralph lauren;0
baby girl nursery room wall decor;0
rustic baby boy nursery wall decor;0
baby boy nursery room wall decor;0
boy nursery room wall decor;0
nursery wall decor shelf;0
nursery wall decor styling;0
nursery wall decor storage;0
nursery wall decor simple;0
nursery wall decor sports;0
nursery wall decor sims 4;0
nursery wall decor school;0
nursery wall decor shelving;0
nursery wall decor signs;0
nursery wall decor twins;0
classic winnie the pooh nursery decor vinyl wall decals;0
toy story nursery wall decor;0
twin nursery wall decor ideas;0
nursery changing table wall decor;0
animal theme nursery wall decor;0
upcycled nursery wall decor ideas;0
unique nursery wall decor ideas;0
nursery wall decor vintage boy;0
nursery wall decor vintage girl;0
vintage pink nursery wall decor;0
vintage boys nursery wall decor;0
vintage nursery wall decor for boys;0
vintage duck nursery wall decor;0
bible verse for nursery wall decor;0
nursery wall decor with mirror;0
nursery wall decor with name;0
nursery wall decor with shelves;0
nursery wall decor winnie the pooh;0
nursery wall decor wooden;0
nursery wall decor wallpaper;0
nursery wall decor with nanit;0
nursery wall decor window;0
nursery wall decor yellow;0
nursery wall decor 3d;0
boy nursery decor wall;0
boy nursery decor blue;0
boy nursery decor green;0
boy nursery decor above crib;0
boy nursery decor shelf;0
boy nursery decor vintage;0
boy nursery decor over crib;0
boy nursery decor diy;0
boy nursery decor above dresser;0
boy nursery decor above changing table;0
baby boy nursery decor above crib;0
traditional boy nursery decor;0
sage green boy nursery decor;0
boy nursery decor animals;0
baby boy nursery decor above dresser;0
boy nursery animal decor;0
antique nursery decor boy;0
american boy nursery decor;0
boy nursery wall decor above dresser;0
nursery decor for twins boy and girl;0
boy nursery decor blue and green;0
boy nursery decor colorful;0
boy nursery decor cars;0
boy nursery decor country;0
above crib nursery decor boy;0
baby boy crafts diy shower gifts nursery decor;0
highland cow nursery boy decor;0
boy nursery changing table decor;0
boy nursery corner decor;0
baby boy nursery country cowboy theme western decor;0
baby boy nursery changing table decor;0
boy nursery decor dresser;0
eclectic baby nursery boy decor;0
elephant nursery boy decor;0
easy diy nursery decor boy;0
decor for boy nursery;0
nursery decor for baby boy;0
baby boy nursery wall decor frames;0
boy name decor for nursery;0
wall decor ideas for boy nursery;0
forest green nursery boy decor;0
felt baby boy nursery decor;0
nursery decor for boy and girl;0
sage green baby boy nursery decor;0
gold nursery decor boy;0
baby boy room decor ideas themed nursery gender neutral;0
green boy nursery wall decor;0
nursery decor boy and girl;0
boy nursery decor hunting;0
homemade nursery decor boy;0
boy nursery hanging decor;0
nursery decor with baby boy door hangers;0
baby boy hunting nursery decor;0
diy nursery decor boy name hanging letters;0
diy and handmade baby boy nursery decor ideas;0
baby boy duck hunting nursery decor;0
boy nursery decor ideas blue;0
nursery boy decor room ideas;0
baby boy nursery room decor ideas;0
lodge nursery decor baby boy;0
little boy nursery wall decor;0
little boy baby room nursery decor;0
nursery monogram wall decor boy;0
minimalist baby boy nursery decor;0
modern boy nursery decor;0
minimalist boy nursery decor ideas;0
ocean nursery decor boy;0
over dresser nursery decor boy;0
ocean nursery baby boy decor;0
baby boy name plates nursery decor;0
baby boy nursery wall decor pictures;0
peter rabbit nursery boy decor;0
baby boy nursery personalized decor ideas;0
diy boy nursery decor projects wall art;0
winnie the pooh nursery boy decor;0
winne the pooh nursery decor boy;0
baby boy prince nursery room decor;0
boy room decor nursery;0
baby boy nursery room design cozy nursery | nursery decor & design;0
boy nursery decor sports;0
boy nursery decor shelves;0
boy nursery decor sage green;0
boy nursery decor simple;0
boy nursery decor signs;0
boy nursery decor safari;0
diy nursery decor boy small spaces;0
baby boy nursery shelves decor;0
boy nursery decor themes;0
toddler boy nursery decor;0
timeless boy nursery decor;0
thrifted nursery decor boy;0
under the sea nursery boy decor;0
unique boy nursery decor;0
vintage baby boy nursery decor;0
vintage boy nursery shelf decor;0
boy nursery decor woodland;0
nursery dresser wall decor boy;0
blue boy nursery wall decor;0
western baby boy nursery wall decor;0
girl nursery decor wall;0
girl nursery decor vintage;0
girl nursery decor colorful;0
girl nursery decor over crib;0
girl nursery decor diy;0
girl nursery decor above crib;0
girl nursery decor above dresser;0
girl nursery decor pink;0
girl nursery decor floral;0
girl nursery decor not pink;0
baby girl nursery book shelf decor;0
twin girl nursery decor room ideas;0
antique girl nursery decor;0
small nursery decor girl;0
whimsical nursery decor girl;0
girl nursery decor art;0
baby girl nursery above crib decor;0
girl nursery wall decor above dresser;0
girl nursery wall decor above crib;0
wall decor for baby girl nursery pink and gray;0
girl nursery wall decor above changing table;0
girl nursery decor boho;0
girl nursery decor butterfly;0
girl nursery decor blue;0
baby girl drawing ideas nursery decor;0
whimsical baby girl nursery decor;0
baby girl nursery ideas decor;0
baby girl nursery decor butterfly;0
classic nursery decor girl;0
baby girl nursery changing table decor;0
baby girl nursery crib decor;0
cute baby girl nursery decor;0
nursery above crib decor girl;0
nursery crib decor girl;0
girl nursery decor dark wood;0
emerson girl name nursery decor;0
elephant baby shower theme girl pink grey nursery decor;0
elliott girl name nursery decor;0
girl nursery decor flower;0
girl nursery floating shelf decor;0
nursery frames decor girl;0
baby girl nursery flower decor;0
baby girl nursery decor floral;0
baby girl nursery frames wall decor;0
baby girl floral nursery room decor;0
girl nursery decor green;0
girl nursery decor green and pink;0
baby girl nursery hanging decor;0
homemade nursery decor girl;0
hobby lobby baby girl nursery decor;0
girl nursery hanging decor;0
highland cow girl nursery decor;0
harry potter nursery girl decor;0
harry potter girl nursery room decor;0
small nursery ideas girl decor;0
girl nursery ideas wall decor;0
nursery initial wall decor girl;0
baby girl dresser decor nursery ideas;0
baby girl nursery room ideas wall decor printable;0
baby girl nursery room ideas butterfly wall decor;0
baby girl nursery room ideas butterfly wall decor printable;0
diy baby girl nursery decor wooden letters;0
lilac nursery baby girl decor;0
girl nursery decor modern;0
minimalist nursery decor girl;0
girl nursery mirror decor;0
baby girl nursery decor ideas modern;0
mauve nursery girl decor;0
nursery monogram wall decor girl;0
baby girl nursery wall decor with mirror;0
girl nursery decor neutral;0
over dresser nursery decor girl;0
girl nursery decor prints;0
baby girl pink nursery decor;0
girl nursery painting decor;0
baby girl pink nursery wall decor;0
girl nursery decor room ideas;0
rainbow nursery decor girl;0
nursery room girl decor;0
vintage girl nursery room decor;0
western nursery girl room decor;0
girl nursery decor simple;0
girl nursery decor shelves;0
girl nursery decor shelf;0
baby girl nursery decor simple;0
sage green nursery decor girl;0
surfer girl nursery decor;0
baby girl small nursery decor;0
girl nursery decor themes;0
twin girl nursery wall decor;0
traditional girl nursery decor;0
unique nursery decor girl;0
baby girl nursery vintage decor;0
nursery shelf decor girl vintage;0
girl nursery vintage wall decor;0
vintage girl nursery decor ideas;0
girl nursery decor wall art;0
girl nursery decor whimsical;0
girl nursery name wall decor;0
neutral nursery decor girl;0
neutral nursery decor boy;0
neutral nursery decorations;0
boho baby nursery;0
boho nursery boy;0
boho nursery girl;0
nursery gallery wall boy;0
nursery gallery wall girl;0
nursery gallery wall set;0
boho nursery for girl;0
desert boho nursery;0
vintage baby boy nursery;0
vintage baby nursery;0
vintage nursery boy;0
vintage nursery glider;0
vintage nursery poster;0
neutral nursery decorating tips;0
minimalist gender-neutral nursery decor;0
neutral nursery dresser decor;0
neutral wall decor nursery;0
nursery decor neutral panelling;0
ocean-themed gender-neutral nursery decor;0
neutral color nursery decor;0
neutral earthy nursery decor;0
diy gender-neutral nursery decor;0
diy gender neutral nursery decor wall art;0
rustic and farmhouse gender neutral nursery decor;0
nursery wall decor above crib gender neutral;0
baby room inspiration neutral nursery decor;0
baby nursery neutral wall decor;0
neutral baby girl nursery decor;0
neutral baby boy nursery decor;0
baby nursery decor neutral;0
modern baby room neutral cozy nursery | nursery decor & design;0
gender neutral baby nursery decor;0
baby nursery ideas neutral grey room decor;0
christian nursery decor gender neutral;0
gender-neutral church nursery decor ideas;0
neutral floral nursery decor;0
farm nursery decor gender neutral;0
gender neutral nursery wall decor inspiration;0
natural nursery decor gender neutral;0
simple nursery decor gender neutral;0
neutral nursery wall decor inspiration;0
gender neutral nursery decor room ideas;0
modern neutral nursery decor;0
neutral ocean nursery decor;0
neutral winnie the pooh nursery decor;0
neutral pink nursery decor;0
neutral nursery room decor;0
sage green nursery gender neutral decor;0
neutral nursery shelf decor;0
neutral nursery shelf decor ideas;0
small neutral nursery decor;0
space-themed gender-neutral nursery decor;0
neutral sports nursery decor;0
nursery shelf decor gender neutral;0
neutral twin nursery decor;0
vintage neutral nursery decor;0
vintage nursery decor gender neutral;0
whimsical gender-neutral nursery decor;0
neutral baby boy nursery wall decor;0
neutral girl nursery wall decor;0
nursery gallery wall layout;0
nursery gallery wall above crib;0
nursery gallery wall with mirror;0
nursery gallery wall vintage;0
nursery gallery wall with shelves;0
nursery gallery wall above dresser;0
nursery gallery wall baby girl;0
nursery gallery wall over crib;0
nursery gallery wall layout ideas;0
whimsical nursery gallery wall;0
bear nursery gallery wall;0
moody nursery gallery wall;0
outdoorsy nursery gallery wall;0
vintage boy nursery gallery wall;0
gallery wall nursery layout;0
woodland gallery wall nursery;0
nursery gallery wall embroidery;0
cottage core nursery gallery wall;0
nursery gallery wall around mirror;0
nursery gallery wall and shelves;0
nursery gallery wall animals;0
nursery gallery wall girl above crib;0
mirror and gallery wall nursery;0
americana nursery gallery wall;0
animal gallery wall nursery;0
antique nursery gallery wall;0
nursery gallery wall bright;0
nursery gallery wall banner;0
boys nursery gallery wall;0
gallery wall for baby girl nursery;0
vintage baby boy nursery gallery wall;0
blue nursery gallery wall;0
gallery wall baby boy nursery;0
nursery gallery wall corner;0
nursery gallery wall colorful;0
nursery gallery wall christian;0
nursery gallery wall crib;0
cottage nursery gallery wall;0
cowboy nursery gallery wall;0
cowgirl nursery gallery wall;0
coastal nursery gallery wall;0
nursery gallery wall dimensions;0
nursery gallery wall different frames;0
nursery gallery wall decor;0
nursery gallery wall diy;0
nursery gallery wall decal ideas;0
nursery gallery wall dresser;0
nursery gallery wall different shapes;0
dog nursery gallery wall;0
diy nursery gallery wall ideas;0
gallery wall over dresser nursery;0
dog themed nursery gallery wall;0
disney gallery wall nursery;0
eclectic gallery wall nursery;0
nursery gallery wall frame sizes;0
vintage gallery wall for nursery;0
forest nursery gallery wall;0
vintage frame gallery wall nursery;0
floral gallery wall nursery;0
mixed frame gallery wall nursery;0
fishing nursery gallery wall;0
gallery wall ideas for nursery;0
antique frame gallery wall nursery;0
nursery gallery wall girl vintage;0
nursery gallery wall girl with mirror;0
nursery gallery wall golf;0
nursery gallery wall gold frames;0
nursery gallery wall girl boho;0
nursery gallery wall green;0
hunting nursery gallery wall;0
harry potter nursery gallery wall;0
nursery gallery wall ideas girl;0
nursery gallery wall ideas boy;0
nursery gallery wall ideas with mirror;0
nursery gallery wall ideas with shelf;0
whimsical nursery gallery wall ideas;0
personalized nursery gallery wall ideas;0
nursery gallery wall theme ideas;0
gallery wall in nursery girl;0
small gallery wall ideas nursery;0
minimalist nursery gallery wall ideas;0
kids nursery gallery wall;0
small gallery wall layout nursery;0
ralph lauren nursery gallery wall;0
gallery wall layout with sizes nursery;0
little boy nursery gallery wall;0
nursery gallery wall mirror;0
mini gallery wall nursery;0
gallery wall mixed frames nursery;0
gallery wall with round mirror nursery;0
nursery gallery wall neutral;0
nursery gallery wall over dresser;0
ocean nursery gallery wall;0
nursery gallery wall photos;0
nursery gallery wall prints;0
nursery gallery wall pink;0
6 picture gallery wall nursery;0
photo gallery wall in nursery;0
winnie the pooh nursery gallery wall;0
nursery gallery wall with photo ideas;0
nursery gallery wall with pennant;0
photo gallery wall ideas nursery;0
newborn photo gallery wall nursery;0
nursery room gallery wall;0
gallery wall ideas nursery baby rooms;0
nursery gallery wall sizes;0
nursery gallery wall size guide;0
nursery gallery wall sports;0
nursery gallery wall sizing;0
nursery gallery wall sage;0
safari gallery wall nursery;0
vintage sports nursery gallery wall;0
gallery wall nursery with shelves;0
gallery wall with shelf nursery;0
nursery gallery wall template;0
nursery gallery wall vintage boy;0
girl nursery vintage gallery wall;0
vintage golf nursery gallery wall;0
vintage boys nursery gallery wall;0
vertical gallery wall nursery;0
vintage girls nursery gallery wall;0
nursery gallery wall with name;0
nursery gallery wall with name sign;0
nursery gallery wall with shelf;0
nursery gallery wall with artwork ideas;0
nursery gallery wall woodland;0
nursery gallery wall with sconces;0
nursery gallery wall with banner;0
nursery gallery wall whimsical;0
boho nursery neutral;0
boho nursery room inspiration;0
boho nursery wall;0
baby girl nursery ideas boho;0
earthy boho nursery;0
boho boys nursery ideas;0
boho western girl nursery;0
boho beach baby boy nursery;0
boho nursery girl accent wall;0
boho nursery animals;0
boho nursery aesthetic;0
boho nursery accent wall ideas;0
boho nursery accent ideas;0
boho nursery animal prints;0
boho nursery art ideas;0
boho nursery art print;0
boho nursery and guest room;0
boho nursery black crib;0
boho nursery boy green;0
boho nursery boy and girl;0
boho nursery baby girl;0
boho nursery blue;0
boho nursery bedroom;0
boho nursery board and batten;0
boho nursery colorful;0
boho nursery ceiling fan;0
boho nursery corner in parents room;0
boho nursery closet;0
boho nursery curtains baby rooms;0
boho nursery curtain ideas;0
boho nursery dresser decor;0
boho nursery design;0
boho nursery dark;0
boho nursery door hanger;0
earthy boho nursery boy;0
boho elephant nursery girl;0
elegant boho nursery;0
warm earthy boho nursery;0
earthy boho baby girl nursery;0
earth tone boho nursery;0
eclectic boho nursery;0
earthy boho nursery girl;0
earthy boho baby nursery;0
eclectic boho nursery girl;0
boho nursery flowers;0
boho nursery furniture ideas;0
boho nursery for boy;0
boho nursery fan;0
french country pink boho nursery;0
baby nursery ideas for girl boho;0
girl name signs for nursery boho;0
wild flower boho nursery;0
boho farmhouse nursery girl;0
boho nursery green;0
boho nursery girl pink;0
boho nursery girl sage green;0
boho nursery gender neutral;0
boho nursery girl decor;0
boho nursery girl neutral;0
boho nursery girl ideas;0
boho nursery girl colorful;0
boho nursery girl green;0
boho nursery girl paint colors;0
boho nursery hobby lobby;0
boho harry potter nursery;0
highland cow boho nursery;0
hunting boho nursery;0
hippie boho nursery;0
boho hippy nursery;0
boho hippie nursery girl;0
boho macrame wall hanging nursery;0
boho nursery ideas girl;0
boho nursery illustration;0
boho nursery ideas boy;0
boho nursery ideas neutral;0
boho nursery organization ideas;0
boho jungle nursery ideas;0
jungle boho nursery;0
boho jungle theme nursery;0
boho jungle nursery girl;0
boho jungle nursery boy;0
boho jungle nursery rug;0
boho lion king nursery;0
kids boho nursery;0
boho nursery lighting ideas;0
boho nursery letters;0
boho nursery laundry basket;0
lilac nursery baby girl boho;0
boho lion nursery;0
boho leopard nursery;0
boho nursery ceiling light;0
boho nursery mural;0
boho nursery mobile ideas;0
boho nursery macrame;0
boho nursery moody;0
moody boho nursery girl;0
mexican boho nursery;0
baby girl nursery themes boho modern;0
boho nursery name sign girl;0
boho nursery neutral green;0
boho nursery neutral paint colour;0
boho nursery neutral wallpaper;0
boho nursery neutral girl;0
boho nursery name;0
boho nursery neutral sage;0
boho nursery neutral boy;0
boho nursery orange;0
orange boho nursery girl;0
boho organic nursery;0
boho ocean nursery girl;0
pink and orange nursery boho;0
boho ocean boy nursery;0
baby girl nursery ocean boho;0
green and orange boho nursery;0
boho nursery boy burnt orange;0
olive green boho nursery;0
boho nursery pink;0
boho nursery painting;0
boho nursery pictures;0
boho nursery palette;0
boho nursery purple;0
boho nursery pattern;0
boho nursery play area inspiration;0
boho nursery poster;0
boho nursery paintings canvas;0
boho nursery pink and green;0
boho nursery quilt;0
boho nursery room design;0
boho nursery rug girl;0
boho nursery rug neutral;0
boho nursery rattan;0
boho nursery rug ideas;0
boho nursery shelf;0
boho nursery sage green;0
boho nursery storage ideas;0
boho nursery sunshine;0
boho nursery simple;0
boho nursery sims 4;0
boho nursery stickers;0
boho nursery theme ideas;0
boho nursery theme girl;0
boho nursery textile inspiration;0
boho nursery terracotta;0
boho nursery twins;0
boho nursery tapestry;0
boho nursery themes neutral;0
boho nursery textile ideas;0
boho palm tree nursery;0
boho tropical nursery;0
unisex boho nursery;0
boho unicorn nursery;0
boho nursery set up;0
boho under the sea nursery;0
boho unisex nursery ideas;0
boho nursery vibes;0
boho vintage girls nursery;0
vintage boho nursery girl;0
boho vintage nursery boy;0
vintage boho baby nursery;0
vintage boho nursery;0
vintage boho boys nursery;0
vintage boho baby girl nursery;0
victorian boho nursery;0
boho nursery white furniture;0
boho nursery white crib;0
boho nursery with black crib;0
boho nursery wallpaper accent walls;0
boho nursery wall color;0
boho nursery with white crib;0
boho nursery with grey crib;0
boho nursery yellow;0
boho girl nursery yellow;0
you are my sunshine nursery boho;0
pink and yellow boho nursery;0
baby girl nursery boho yellow;0
boho zoo nursery;0
boho nursery cc sims 4;0
sims 4 boho baby nursery set;0
boho 70s nursery;0
vintage nursery girl;0
vintage nursery ideas neutral;0
vintage nursery ideas girl;0
vintage nursery aesthetic;0
vintage nursery accent wall;0
vintage nursery art ideas;0
vintage nursery art girl;0
vintage nursery art boy;0
vintage nursery accessories ideas;0
vintage nursery armoire;0
vintage nursery blue;0
vintage nursery baby boy;0
vintage nursery boy theme ideas;0
vintage nursery baby girl;0
vintage nursery baby shower theme;0
vintage nursery background;0
vintage nursery boy blue;0
vintage nursery bookshelf ideas;0
vintage nursery colorful;0
vintage nursery color schemes;0
vintage nursery cross stitch;0
vintage nursery changing table;0
vintage nursery color palette;0
vintage nursery collage wall;0
vintage nursery curtains girl;0
vintage nursery colors;0
vintage nursery decor girl;0
vintage nursery decor boy;0
vintage nursery design girl;0
vintage nursery dresser ideas;0
vintage nursery design boy;0
vintage nursery decor inspiration;0
vintage nursery diy projects;0
vintage nursery decor for boys;0
vintage nursery embroidery;0
vintage earthy girl nursery;0
experts in vintage winnie the pooh nursery;0
vintage philadelphia eagles baby nursery;0
vintage elmo nursery;0
earthy vintage nursery;0
vintage english nursery;0
vintage english countryside nursery;0
vintage english garden nursery;0
vintage elegance nursery with black crib;0
vintage new england nursery;0
vintage nursery for girl;0
vintage nursery for boy;0
vintage nursery furniture ideas;0
vintage nursery floor lamp;0
vintage nursery frame wall;0
vintage nursery floral;0
vintage nursery floating shelves;0
vintage nursery flowers;0
vintage nursery furniture for boys;0
vintage nursery gender neutral;0
vintage nursery gallery wall girl;0
vintage nursery girl decor;0
vintage nursery green;0
vintage nursery girl pink;0
vintage nursery goose;0
vintage nursery girl art;0
vintage nursery gold crib;0
vintage nursery girl room;0
vintage nursery hamper;0
vintage nursery horse;0
vintage nursery hunting;0
vintage nursery hot air balloon;0
vintage nursery hand painted;0
vintage hunting nursery pictures;0
vintage hockey themed nursery;0
vintage baby boy hunting nursery;0
vintage highland cow nursery;0
vintage wall hook nursery;0
vintage horse theme nursery;0
vintage boys nursery hunting;0
vintage nursery ideas boy;0
vintage nursery illustration;0
vintage nursery inspiration;0
vintage nursery ideas colorful;0
vintage nursery ideas winnie the pooh;0
vintage nursery images;0
vintage nursery ideas pink;0
vintage nursery ideas twins;0
jenny lind crib nursery vintage;0
sweet jojo vintage floral nursery;0
vintage jungle cruise nursery;0
vintage jungle nursery ideas;0
vintage jungle theme nursery;0
vintage john deere nursery;0
vintage jungle safari nursery;0
vintage jungle nursery;0
vintage jeep nursery;0
vintage nursery dresser knobs;0
kids vintage nursery;0
korean-style vintage watercolor nursery illustration;0
vintage lion king nursery;0
vintage kitsch nursery;0
vintage kid nursery;0
vintage kitten nursery;0
hello kitty vintage wallpaper nursery;0
vintage kentucky nursery;0
vintage hello kitty nursery;0
korean-style vintage watercolor nursery illustration animal;0
vintage retro kitsch nursery;0
vintage nursery lighting;0
vintage nursery light fixture;0
vintage nursery light;0
vintage nursery laundry basket;0
vintage nursery light fixture ideas;0
vintage nursery lighting ideas;0
vintage nursery lampshade;0
vintage nursery lighting for boys;0
vintage nursery library;0
vintage nursery layout;0
vintage nursery look;0
vintage nursery mural;0
vintage nursery mood board;0
vintage nursery mobiles for boys;0
vintage nursery metal crib;0
vintage nursery mauve;0
vintage nursery mirror boy;0
vintage nursery monogram;0
vintage nursery mural ideas;0
vintage nursery moody;0
vintage nursery neutral;0
vintage nursery name sign;0
vintage nursery name sign ideas;0
vintage nursery nook;0
vintage nursery name banner;0
vintage nursery name;0
vintage nursery no wallpaper;0
vintage nursery nightstand;0
vintage nursery organization tips;0
vintage nursery organization;0
old vintage baby nursery;0
old cars vintage nursery;0
old vintage nursery girl;0
vintage ohio state nursery;0
vintage chest of drawers nursery;0
vintage outdoors boy nursery;0
old vintage car nursery;0
olive green vintage nursery;0
vintage organic boy nursery;0
nursery outdoor coffee shop vintage;0
vintage nursery paint colors;0
vintage nursery painting;0
vintage nursery pink;0
vintage nursery prints girl;0
vintage nursery prints boy;0
vintage nursery picture wall;0
rustic baby boy nursery;0
rustic baby girl nursery;0
rustic baby nursery;0
rustic boy nursery ideas;0
rustic mountain nursery;0
rustic mountain themed nursery;0
rustic nursery boy;0
rustic nursery colors;0
rustic nursery girl;0
rustic nursery green;0
rustic nursery inspiration;0
rustic nursery room ideas;0
minimalist nursery artwork;0
minimalist nursery boy;0
minimalist nursery decor ideas;0
rustic nursery wallpaper;0
sweet jojo watercolor floral nursery;0
watercolor elephant nursery art;0
watercolor nursery wall;0
watercolor nursery wall art;0
cozy nursery decor;0
minimalist nursery rocking chair;0
minimalist twin nursery;0
vintage nursery photo wall;0
vintage nursery quilt;0
vintage nursery quotes;0
vintage quail nursery;0
green quilt vintage nursery;0
vintage quilt baby nursery;0
quirky vintage nursery;0
vintage sports nursery quilt;0
vintage winnie the pooh nursery quotes;0
vintage girl nursery quilt;0
vintage nursery rhyme baby shower ideas;0
vintage nursery room inspiration;0
vintage nursery rhyme nursery;0
vintage nursery rhymes illustrations;0
vintage nursery room girl;0
vintage nursery room boy;0
vintage nursery rug ideas;0
vintage nursery rhyme baby shower theme;0
vintage nursery shelf decor;0
vintage nursery sports;0
vintage nursery sign;0
vintage nursery sims 4 cc;0
vintage nursery storage;0
vintage nursery’s;0
vintage nursery shelf decor ideas;0
vintage nursery shelving;0
vintage nursery side table;0
vintage nursery theme ideas;0
vintage nursery themes for boys;0
vintage nursery theme girl;0
vintage nursery teddy bear;0
vintage nursery twins;0
vintage nursery toy storage;0
vintage nursery themes boy;0
vintage nursery table lamp;0
vintage nursery trinkets;0
vintage nursery textiles ideas;0
vintage usa nursery;0
vintage unisex nursery decor;0
vintage once upon a time nursery;0
vintage usa theme nursery;0
vintage under the sea nursery;0
vintage unicorn nursery;0
vintage unique nursery themes;0
unisex nursery ideas vintage;0
vintage usa baby nursery;0
vintage nursery vibes;0
vintage nursery victorian;0
vintage nursery wall;0
vintage nursery wall decor ideas;0
vintage nursery white crib;0
vintage nursery with white crib;0
vintage nursery winnie the pooh;0
vintage nursery wall collage;0
vintage nursery wall art girl;0
vintage nursery yellow;0
vintage blue and yellow nursery;0
butter yellow vintage nursery;0
pale yellow nursery vintage;0
girl nursery vintage yellow;0
yellow and pink vintage nursery;0
vintage yellow boy nursery;0
vintage yankees nursery;0
yellow green vintage nursery;0
vintage duck nursery yellow;0
green and yellow vintage nursery;0
vintage zoo animal nursery;0
vintage zoo nursery;0
vintage zoo theme nursery;0
vintage formula 1 nursery;0
1920s nursery vintage;0
vintage 100 acre wood nursery;0
vintage baby nursery ideas 1950's;0
vintage 1950s nursery;0
vintage nursery 2026;0
vintage 2000s nursery;0
sims 4 vintage nursery;0
the sims 4 vintage nursery;0
vintage nursery 50s;0
vintage nursery 60s;0
vintage nursery 70s;0
vintage 70s baby nursery;0
vintage 80s nursery;0
vintage nursery 90s;0
vintage baby nursery 90s;0
vintage 90’s nursery;0
rustic nursery room ideas farmhouse;0
rustic nursery ideas girl;0
rustic nursery ideas neutral;0
rustic nursery room ideas neutral;0
rustic nursery room ideas girl;0
rustic woodland nursery ideas;0
rustic baseball nursery;0
rustic nursery accent wall ideas;0
rustic nursery accent wall;0
rustic nursery aesthetic;0
rustic america nursery;0
rustic animal-themed nursery;0
rustic airplane nursery;0
rustic woodland nursery accents;0
rustic farm animal nursery;0
rustic nursery wall art;0
rustic nursery bloxburg;0
rustic nursery baby boy;0
rustic nursery blue;0
rustic nursery baby girl;0
rustic bunny nursery theme;0
rustic theme nursery boy;0
modern rustic baby nursery;0
rustic nursery changing table;0
rustic chic nursery;0
rustic country girl nursery;0
baby boy nursery room ideas rustic country;0
girl nursery themes rustic country;0
baby girl nursery room ideas rustic country;0
baby girl nursery country rustic;0
rustic woodland nursery color palette;0
baby girl nursery themes rustic color schemes;0
rustic nursery decor ideas;0
rustic nursery dresser ideas;0
rustic nursery dresser inspiration;0
rustic farmhouse nursery decor;0
rustic dresser for nursery;0
baby diy projects nursery rustic;0
rustic earthy nursery ideas;0
rustic nursery furniture ideas;0
rustic nursery for girl;0
rustic farmhouse girl nursery;0
rustic farmhouse nursery ideas;0
rustic baby girl nursery farmhouse;0
rustic floral baby girl nursery;0
rustic farm nursery theme;0
rustic floral nursery ideas;0
rustic nursery gender neutral;0
baby girl nursery themes boho rustic;0
baby girl nursery themes rustic;0
rustic hunting lodge nursery ideas;0
heritage rustic nursery;0
baby boy nursery rustic hunting themes;0
rustic nursery ideas woodland;0
rustic nursery ideas boys;0
rustic nursery inspiration ideas;0
little boy nursery ideas rustic;0
little boy nursery rustic;0
modern rustic baby boy nursery;0
minimal rustic nursery;0
mallard duck nursery rustic;0
modern rustic nursery girl;0
modern rustic farmhouse nursery;0
baby girl nursery rustic modern;0
rustic modern nursery ideas;0
rustic modern boy nursery;0
rustic nursery organization ideas;0
organic rustic nursery;0
rustic orange nursery ideas;0
rustic orange baby nursery;0
rustic outdoor nursery;0
rustic outdoor nursery ideas;0
old rustic nursery;0
rustic orange nursery;0
rustic nursery pink;0
rustic nursery prints;0
rustic pink baby nursery;0
rustic plant nursery;0
rustic baby girl nursery pink;0
rustic patriotic nursery;0
rustic winnie the pooh nursery;0
rustic nursery room ideas pink;0
rustic purple nursery;0
rustic pink nursery ideas;0
rustic nursery room ideas boy;0
rustic nursery room;0
rustic nursery shelf decor ideas;0
rustic nursery sims 4;0
rustic nursery storage solutions;0
simple rustic nursery;0
rustic small nursery ideas;0
simple rustic nursery ideas;0
scandi rustic nursery;0
simple rustic girl nursery;0
rustic nursery theme ideas;0
nursery themes rustic;0
rustic twin nursery;0
rustic unisex nursery ideas;0
rustic vintage nursery ideas;0
vintage rustic nursery;0
vintage cowboy nursery rustic charm ideas;0
rustic baby boy nursery vintage;0
vintage rustic boy nursery;0
vintage rustic girl nursery;0
vintage rustic nursery room ideas;0
rustic nursery wall decor ideas;0
rustic nursery wall;0
rustic wildflower nursery;0
rustic woodland nursery boy;0
rustic woodsy nursery;0
rustic yellow nursery;0
watercolor nursery girl;0
watercolor nursery art ideas;0
watercolor nursery art boy;0
watercolor nursery art girl;0
watercolor nursery art simple;0
watercolor nursery illustration;0
watercolor nursery ideas;0
goose watercolor painting nursery;0
nursery watercolor wall;0
vintage watercolor nursery;0
watercolor nursery art bunny;0
watercolor nursery patterns;0
woodland watercolor nursery;0
watercolor nursery art ocean;0
watercolor nursery art tutorial;0
watercolor nursery art name;0
watercolor nursery art easy;0
watercolor nursery boy;0
watercolor nursery background;0
watercolor nursery bunny;0
watercolor nursery bear;0
watercolor painting for boy nursery;0
watercolor car nursery;0
cat watercolor nursery;0
cute nursery watercolor;0
cowboy watercolor nursery;0
coastal watercolor nursery;0
christian nursery watercolor art;0
boho chic nursery watercolor;0
watercolor cloud nursery;0
watercolor nursery dog;0
watercolor nursery art diy;0
diy watercolor for nursery;0
watercolor dragon nursery;0
watercolor painting nursery decor;0
watercolor dog portrait nursery;0
watercolor dog nursery art;0
dog watercolor painting for nursery;0
watercolor dog painting nursery;0
watercolor nursery elements;0
watercolor elephant nursery;0
easy nursery watercolor;0
easy watercolor for nursery;0
easy watercolor paintings for nursery;0
watercolor nursery flowers;0
simple watercolor for nursery;0
watercolor painting for girl nursery;0
watercolor art for girl nursery;0
watercolor art for boy nursery;0
watercolor goose nursery;0
watercolor painting nursery girl;0
gender neutral nursery watercolor;0
watercolor horse nursery;0
watercolor hunting nursery;0
hot air balloon watercolor nursery;0
watercolor initials nursery;0
watercolor ideas for nursery;0
nursery watercolor painting ideas;0
jungle animal watercolor nursery;0
watercolor jungle nursery;0
watercolor nursery letter;0
watercolor lion nursery art;0
lion nursery watercolor;0
watercolor lamb nursery;0
watercolor nursery mural;0
watercolor moon nursery;0
watercolor monogram nursery;0
watercolor nursery name sign;0
ocean watercolor nursery;0
octopus watercolor nursery;0
watercolor nursery pictures;0
winnie the pooh watercolor nursery;0
watercolor print nursery;0
watercolor nursery room;0
watercolor nursery rhymes;0
nursery rhyme watercolor;0
watercolor rainbow nursery;0
nursery room watercolor painting;0
watercolor rabbit nursery;0
watercolor nursery sign;0
under the sea watercolor nursery;0
simple nursery watercolor;0
safari nursery watercolor;0
nursery watercolor art set;0
watercolor nursery theme;0
watercolor themed nursery;0
watercolor tree nursery;0
watercolor tractor nursery;0
vintage watercolor nursery art;0
vintage watercolor paintings nursery;0
minimalist nursery girl;0
minimalist nursery ideas gender neutral;0
minimalist nursery room inspiration;0
minimalist nursery design ideas;0
minimalist nursery wall art;0
minimalist nursery ideas small spaces;0
girl nursery minimalist;0
girl nursery ideas minimalist;0
boy nursery ideas minimalist;0
minimalist nursery ideas safari;0
nursery room minimalist;0
minimal baby room minimalist nursery;0
minimalist girls nursery;0
modern minimalist girl nursery;0
nursery room girl minimalist;0
small nursery minimalist;0
minimalist nursery art ideas;0
minimalist nursery aesthetic;0
minimalist nursery accent wall;0
modern and minimalist nursery lighting ideas;0
room layout ideas for a minimalist nursery;0
modern and minimalist baby girl nursery ideas;0
modern and minimalist baby nursery ideas;0
minimalist nursery baby girl;0
minimalist nursery bookshelf ideas;0
minimalist nursery blue;0
minimalist nursery baby boy;0
minimalist nursery beige;0
boys minimalist nursery;0
minimalist nursery girl baby rooms;0
minimalist butterfly nursery;0
minimalist baby nursery gender neutral;0
minimalist nursery corner;0
minimalist nursery closet ideas;0
minimalist nursery chair ideas;0
minimalist nursery closet;0
minimalist nursery colorful;0
minimalist nursery closet organization ideas;0
calm minimalist nursery;0
minimalist black crib nursery ideas;0
minimalist coastal nursery;0
french country minimalist nursery ideas;0
changing table organization for minimalist nursery;0
minimalist nursery decor inspiration;0
minimalist nursery dresser ideas;0
minimalist design olive green nursery ideas;0
toca boca minimalist nursery design ideas;0
nursery room design minimalist;0
earthy minimalist nursery;0
minimalist nursery for girl;0
minimalist nursery floor lamp ideas;0
minimalist nursery furniture ideas;0
minimalist farmhouse nursery ideas;0
minimalist floral nursery;0
minimalist floral nursery decor ideas;0
modern minimalist nursery ideas for boys;0
minimalist nursery ideas for diy cribs;0
minimalist nursery green;0
minimalist nursery guest room ideas;0
baby girl minimalist nursery;0
minimalist harry potter nursery;0
minimalist nursery inspiration;0
minimalist nursery ideas girl;0
minimalist nursery ideas boy;0
minimalist nursery in bedroom;0
minimalist nursery ideas for cribs;0
minimalist jungle nursery ideas;0
minimalist jungle nursery;0
minimalist kids nursery;0
minimalist nursery light fixture ideas;0
minimalist ralph lauren nursery;0
minimalist nursery mural ideas;0
minimalist nursery mural;0
minimalist nursery name sign designs;0
minimalist nursery nook;0
minimalist nursery name sign;0
minimalist ideas for office nursery;0
organic minimalist nursery;0
minimalist ocean nursery;0
minimalist nursery painting;0
minimalist nursery pink;0
minimalist princess nursery;0
minimalist nursery rug placement ideas;0
minimalist baby girl nursery pink;0
minimalist disney princess nursery;0
vintage winnie the pooh nursery minimalist;0
winnie the pooh minimalist nursery;0
minimalist nursery room ideas;0
minimalist nursery room design;0
minimalist baby nursery small room;0
minimalist rainbow nursery;0
minimalist nursery small room;0
minimalist nursery storage;0
minimalist nursery school;0
minimalist storybook nursery ideas;0
minimalist toy story nursery;0
scandinavian nursery minimalist design;0
minimalist space nursery;0
safari minimalist nursery;0
minimalist nursery theme;0
tiny minimalist nursery;0
girl nursery themes minimalist;0
minimalist space theme nursery;0
minimalist unisex nursery ideas;0
vintage minimalist nursery;0
vintage minimalist girl nursery;0
minimalist nursery wall decor;0
minimalist nursery wallpaper ideas;0
minimalist nursery wall decor ideas;0
minimalist nursery white;0
minimalist nursery white furniture;0
minimalist nursery wall;0
minimalist nursery wall art ideas;0
minimalist whimsical nursery;0
minimalist dark wood nursery;0
cozy nursery girl;0
cozy nursery ideas gender neutral;0
cozy nursery boy;0
cozy nursery aesthetic;0
cozy nursery ideas colorful;0
cozy nursery ideas girl;0
cozy nursery room;0
cozy nursery ideas boy;0
cozy nursery ideas green;0
cozy nursery corner;0
nursery room cozy;0
cozy forest nursery;0
cozy nursery ideas with daybed;0
cozy cream nursery;0
baby nursery girl cozy;0
cozy nursery illustration;0
cozy boy nursery;0
cozy cottage nursery boy;0
cozy apartment nursery;0
cozy nursery art;0
warm and cozy girl nursery;0
cozy animal nursery;0
how to make a nursery cozy;0
bright and cozy nursery;0
cozy baby nursery aesthetic;0
nursery cozy area;0
creating a cozy corner with a nursery glider;0
calm and cozy nursery;0
cozy pink and blue nursery inspiration;0
cozy nursery brown;0
cozy nursery bedroom;0
cozy nursery bloxburg;0
cozy nursery blue;0
cozy nursery baby girl;0
baby boy nursery cozy vintage;0
cozy boy nursery blue;0
cozy cottage baby girl nursery;0
cozy nursery chair;0
cozy nursery colors;0
cozy nursery color schemes;0
cozy nursery colorful;0
cozy nursery curtains;0
cozy nursery classroom;0
cozy nursery design;0
nature-inspired decor for cozy nursery;0
cozy dark nursery;0
cozy nursery ideas dark;0
cozy nursery room design;0
eclectic cozy nursery;0
earthy cozy nursery;0
elegant cozy nursery;0
cozy nursery for boy;0
cozy nursery for girl;0
cozy nursery ideas for bloxburg baby room;0
cozy farmhouse nursery;0
cozy rugs for woodland nursery;0
neutral color palette for cozy nursery;0
cozy floral nursery;0
cozy ideas for office nursery;0
cozy corner for nursery;0
cozy nursery gender neutral;0
cozy nursery green;0
cozy nursery glider;0
cozy grey nursery;0
vintage cozy girl nursery;0
cozy grandma nursery;0
cozy home nursery;0
cozy nursery ideas simple;0
cozy nursery ideas gender neutral colors;0
cozy nursery ideas rustic;0
cozy nursery ideas gender neutral blue;0
cozy nursery ideas warm;0
cozy kids nursery;0
cozy nursery lighting;0
cozy nursery lamp;0
cozy nursery lighting ideas;0
cozy nursery or living room with baby items;0
cozy light nursery;0
cozy library nursery;0
cozy nursery room background landscape;0
cozy nursery with baby clothes, bassinet, and soft morning light;0
cozy nursery mural;0
moody cozy nursery;0
the sims 4 cozy soft twin modern nursery;0
minimal cozy nursery;0
cozy modern baby girl nursery;0
cozy mauve nursery;0
cozy maximalist nursery;0
cozy mid century nursery;0
minimalist cozy nursery;0
modern cozy nursery;0
cozy nursery nook;0
cozy nursery neutral;0
cozy nursery paint colors;0
cozy nursery photoshoot;0
cozy nursery paint;0
cozy pink nursery;0
cozy winnie the pooh nursery;0
cozy plant nursery;0
cozy pink nursery ideas;0
cozy pink girl nursery;0
playful cozy nursery;0
cozy corner coloring page nursery;0
cozy nursery rocking chair;0
cozy nursery room ideas;0
cozy nursery rocker;0
cozy nursery room inspiration;0
cozy nursery reading nook;0
small nursery room inspiration cozy;0
cozy nursery school;0
cozy nursery setup;0
cozy nursery with striped curtains;0
soft cozy nursery;0
cozy sunshine nursery;0
soft cozy girl nursery;0
simple cozy boy nursery;0
cozy storybook nursery;0
cozy nursery theme;0
cozy nursery the sims 4;0
boy nursery themes cozy;0
nursery themes cozy;0
cozy twin nursery;0
cozy teddy bear nursery;0
cozy traditional nursery;0
cozy unisex nursery;0
cozy nursery vibes;0
classic baby nursery;0
classic nursery art;0
classic nursery prints;0
pastel nursery artwork;0
shabby chic baby girl nursery;0
shabby chic baby nursery;0
baby boy nursery woodland;0
girl woodland nursery;0
pastel mint green nursery;0
pastel nursery dresser;0
pastel nursery wall decor;0
pastel pink nursery wallpaper;0
pastel yellow baby nursery;0
woodland baby nursery;0
woodland nursery boy;0
woodland nursery girl;0
woodland nursery theme girl;0
lambs and ivy woodland nursery;0
safari nursery boy;0
safari nursery girl;0
woodland nursery gender neutral;0
woodland nursery ideas girl;0
woodland nursery rug ideas;0
woodland nursery shelf;0
woodland nursery theme boy;0
woodland nursery trees;0
woodland nursery wall hanging;0
cozy nursery vintage;0
vintage cozy nursery ideas;0
valia cozy cabin nursery sims 4;0
cozy vintage boy nursery;0
cozy nursery wallpaper;0
whimsical cozy nursery;0
warm cozy neutral nursery;0
cozy winter nursery;0
nursery cozy warm;0
cozy bedroom with nursery;0
coco wyo cozy corner nursery;0
cozy yellow nursery;0
sims 4 cozy nursery;0
sims 4 cc cozy nursery;0
cozy nursery ideas sims 4;0
shabby chic nursery girl;0
shabby chic nursery boy;0
shabby chic nursery girl decor;0
shabby chic nursery wallpaper;0
shabby chic cottage nursery ideas;0
sage green and pink nursery shabby chic;0
shabby chic baby boy nursery;0
french shabby chic nursery;0
shabby chic girls nursery;0
pink shabby chic nursery;0
shabby chic vintage nursery;0
shabby chic baby girl nursery french country;0
baby girl nursery room ideas rustic shabby chic;0
french baby nursery shabby chic;0
cottage baby nursery shabby chic;0
vintage shabby chic nursery girl;0
vintage pink nursery shabby chic;0
classic nursery girl;0
classic nursery boy;0
classic nursery ideas vintage;0
classic nursery room;0
classic nursery rhymes preschool;0
classic nursery rhymes printable;0
baby boy nursery classic winnie the pooh;0
classic elegant baby girl nursery;0
classic nursery rhyme nursery;0
classic winnie the pooh nursery blue;0
classic green boys nursery;0
classic kids nursery;0
classic storybook nursery;0
classic pooh nursery girl;0
classic winnie the pooh themed nursery;0
classic pooh nursery theme ideas;0
classic nursery aesthetic;0
classic nursery artwork;0
pink and green classic nursery;0
classic american nursery;0
classic airplane nursery;0
classic blue and white nursery;0
classic pink and white nursery;0
vintage-style cribs for a classic nursery;0
classic antique nursery;0
classic americana boy nursery;0
classic boy nursery art;0
classic nursery baby boy;0
blue classic nursery;0
baby boy classic car nursery;0
classic baby girl nursery themes;0
little boy nursery classic;0
classic nursery dresser;0
nursery room design classic;0
classic disney boy nursery;0
classic disney nursery girl;0
classic dog nursery;0
classic vintage disney nursery;0
classic elegant nursery;0
classic english nursery;0
classic european nursery;0
classic eclectic nursery;0
classic farm nursery;0
french classic nursery;0
classic football nursery;0
classic feminine nursery;0
classic fairytale nursery;0
vintage-inspired cribs for a classic nursery;0
classic floral nursery;0
classic winnie the pooh nursery for girl;0
classic nursery gender neutral;0
classic nursery glider;0
classic nursery green;0
classic golf nursery;0
classic baby girl nursery room ideas;0
classic hunting nursery;0
classic nursery ideas girl;0
classic nursery ideas boy;0
classic nursery ideas neutral;0
classic nursery illustration;0
nursery ideas winnie the pooh classic;0
classic baby boy nursery ideas;0
nursery room inspiration classic;0
classic winnie the pooh nursery ideas neutral;0
classic kids books nursery;0
classic literature nursery;0
classic ralph lauren nursery;0
classic light blue nursery;0
classic luxury nursery;0
modern classic nursery;0
classic nancy meyers nursery;0
classic mickey mouse nursery;0
classic nursery rhymes malayalam;0
classic old money nursery;0
modern classic nursery ideas;0
modern classic baby girl nursery;0
modern classic girl nursery;0
modern classic nursery room;0
classic winnie the pooh nursery mural;0
classic nursery pink;0
classic winnie the pooh nursery pink;0
pooh classic nursery;0
classic pastel nursery;0
classic nursery room design;0
classic nursery ruby red;0
classic nursery rug;0
classic nursery sims 4;0
simple classic nursery;0
classic style nursery;0
soft classic nursery;0
classic vintage style nursery;0
classic safari nursery;0
classic storybook nursery themes;0
simple classic girl nursery;0
classic southern baby nursery;0
classic southern nursery girl;0
classic trucks nursery;0
classic car themed nursery;0
classic traditional girl nursery;0
classic vintage nursery;0
boy nursery classic vintage;0
girl nursery classic vintage;0
classic vintage baby nursery;0
classic vintage sports nursery;0
classic nursery wallpaper;0
classic whimsical nursery;0
classic boy nursery wallpaper;0
classic western baby boy nursery;0
classic yellow nursery;0
classic 90s nursery;0
pastel nursery girl;0
pastel nursery color palette;0
pastel nursery boy;0
pastel nursery room;0
pastel nursery aesthetic;0
pastel nursery theme;0
baby girl nursery colors palette pastel;0
pastel hot air balloon nursery;0
pastel yellow nursery walls;0
pastel yellow and purple nursery;0
pastel green girls nursery;0
pastel purple baby nursery;0
pastel yellow and cream nursery;0
nursery themes pastel;0
nursery color palette pastel;0
pastel duck nursery;0
pastel nursery animals;0
pastel yellow accent wall nursery;0
pastel pink nursery aesthetic;0
pastel pink and green nursery;0
oil pastel art nursery;0
pastel nursery background;0
pastel nursery baby girl;0
pastel nursery blue;0
baby girl nursery pastel colors;0
pastel green baby boy nursery;0
pastel green baby nursery;0
pastel blue nursery baby boy;0
baby boy pastel nursery;0
pastel nursery color palette ideas;0
pastel colours nursery;0
cute pastel nursery;0
pastel circus baby nursery;0
coastal pastel nursery;0
pastel disney nursery;0
danish pastel nursery;0
pastel circus nursery decor;0
soft pastel nursery decor;0
pastel nursery room decor ideas;0
pastel disney princess nursery;0
pastel dinosaur nursery;0
pastel floral nursery;0
pastel flower nursery;0
pastel fairy nursery;0
pastel color scheme for winnie the pooh nursery;0
pastel floral wallpaper nursery;0
pastel floral nursery girl;0
fun pastel nursery;0
pastel forest nursery;0
pastel floral baby nursery;0
pastel fantasy nursery;0
pastel colors for nursery;0
pastel nursery gender neutral;0
pastel gingham nursery;0
girls pastel nursery;0
nursery room pastel green;0
pastel baby girl nursery ideas;0
pastel harry potter nursery;0
pastel nursery ideas girl;0
pastel nursery ideas colour palettes;0
pastel nursery ideas gender neutral;0
pastel nursery ideas boy;0
pastel nursery illustration;0
pastel pink nursery ideas;0
baby nursery ideas neutral pastel;0
pastel nursery room inspiration;0
baby girl nursery room ideas color schemes pastel;0
pastel blue nursery ideas;0
pastel jungle theme nursery;0
pastel jungle nursery;0
kids nursery pastel;0
light pastel nursery;0
pastel lilac nursery;0
pastel lavender nursery;0
pastel nursery mural;0
pastel nursery moodboard;0
modern pastel nursery;0
pastel mint nursery;0
mixed pastel nursery;0
pastel meadow nursery;0
multicolor pastel nursery;0
pastel mermaid nursery;0
pastel maximalist nursery;0
pastel nursery neutral;0
nursery oil pastel;0
pastel ocean nursery;0
orange pastel nursery;0
pastel ocean themed nursery;0
pastel orange baby nursery;0
pastel pink and orange nursery;0
pastel outer space nursery;0
oil pastel art for nursery;0
pastel orange nursery ideas;0
pastel nursery painting;0
pastel nursery paint colors;0
pastel nursery room ideas;0
nursery room pastel yellow;0
pastel color nursery room;0
baby girl nursery room pastel;0
nursery room pastel colors;0
pastel nursery school;0
pastel star nursery;0
pastel toy story nursery;0
safari nursery pastel;0
pastel space nursery;0
soft pastel nursery color palette;0
soft pastel safari nursery;0
pastel sunset nursery;0
pastel sun nursery;0
soft pastel nursery art;0
pastel teal nursery;0
winnie the pooh nursery pastel yellow;0
baby girl nursery themes pastel;0
winnie the pooh nursery pastel;0
circus nursery theme pastel;0
pastel pokemon nursery theme;0
pastel yellow nursery theme;0
pastel unicorn nursery;0
pastel unisex nursery;0
pastel under the sea nursery;0
pastel nursery vintage;0
vintage pastel baby nursery;0
vintage pastel nursery ideas;0
pastel nursery wall;0
pastel yellow wall nursery;0
pastel western nursery;0
pastel whimsical nursery;0
pastel winnie pooh nursery;0
pastel watercolor nursery;0
pastel nursery yellow;0
pastel yellow nursery girl;0
pastel green and yellow nursery;0
pastel yellow girls nursery;0
pastel zoo nursery;0
sims 4 pastel nursery cc;0
90s pastel nursery;0
woodland nursery accent wall;0
woodland nursery aesthetic;0
woodland nursery art diy;0
woodland nursery activities;0
woodland nursery acrylic painting;0
woodland nursery blue;0
woodland nursery baby girl;0
woodland nursery boy decor;0
woodland nursery baby boy;0
woodland nursery boy forest theme;0
woodland nursery boy ideas;0
woodland nursery bookshelf ideas;0
woodland nursery blue walls;0
woodland nursery color palette;0
woodland nursery curtain ideas;0
woodland nursery crochet;0
woodland nursery crafts;0
woodland nursery canvas painting;0
woodland nursery color palette boy;0
woodland nursery changing table;0
woodland nursery colorful;0
woodland nursery dresser;0
woodland nursery dark green;0
woodland nursery diy project ideas;0
woodland nursery dark wood;0
woodland nursery embroidery;0
woodland nursery embroidery pattern;0
baby girl nursery themes enchanted forest woodland bedroom;0
eclectic woodland nursery;0
enchanting woodland nursery;0
woodland enchanted forest nursery;0
eclectic whimsical woodland nursery;0
enchanted woodland nursery girl;0
earthy woodland nursery;0
easy woodland nursery;0
enchanted woodland theme nursery;0
woodland nursery for girl;0
woodland nursery furniture ideas;0
woodland nursery for boy;0
woodland nursery for twins;0
woodland nursery floating shelves;0
woodland nursery fairy;0
woodland nursery feature wall;0
woodland nursery girl decor;0
woodland nursery green walls;0
woodland nursery gallery wall;0
woodland nursery girl pink;0
woodland nursery girl ideas;0
woodland nursery girl purple;0
woodland nursery girl wallpaper;0
woodland nursery grey crib;0
woodland nursery hedgehog;0
hunter green nursery boys woodland nursery;0
baby boy nursery woodland deer heads faux taxidermy;0
hunting nursery theme boy woodland;0
woodland nursery door hanger;0
hunting woodland nursery;0
hand painted woodland nursery;0
woodland nursery ideas boys;0
woodland nursery illustration;0
woodland nursery ideas gender neutral;0
woodland nursery ideas for boys;0
boy nursery ideas themes woodland;0
unique nursery ideas woodland;0
nursery ideas woodland deer;0
woodland jungle nursery;0
sweet jojo woodland nursery;0
baby girl woodland nursery forest theme kids rooms;0
woodland nursery lighting ideas;0
light green woodland nursery;0
woodland nursery name letters;0
woodland nursery mobile diy felt animals;0
woodland nursery mural forest friends;0
woodland nursery mushrooms;0
woodland nursery mood board;0
woodland nursery mural simple;0
woodland nursery minimal;0
woodland nursery mobile crochet;0
woodland nursery mountain wall;0
woodland nursery mural girl;0
woodland nursery neutral;0
woodland nursery name sign diy;0
woodland nursery no wallpaper;0
woodland nursery needlepoint;0
woodland nursery orange;0
woodland nursery organization tips;0
changing table organization for woodland nursery;0
outdoor-inspired woodland nursery ideas;0
olive green woodland nursery;0
closet organization ideas for woodland nursery;0
organization tips for woodland nursery;0
olive green nursery boy woodland;0
owl woodland nursery;0
burnt orange woodland nursery;0
green and orange woodland nursery;0
baby boy room themes outdoors woodland nursery;0
woodland nursery pink;0
woodland nursery painting diy;0
woodland nursery painting ideas;0
woodland nursery painted mural;0
woodland nursery pink and green;0
woodland nursery panelling;0
woodland nursery palette;0
woodland nursery quilt patterns;0
woodland nursery quilt ideas;0
woodland animals nursery quilt;0
woodland nursery boy quilt;0
woodland nursery rugs boy rooms;0
woodland nursery room inspiration;0
woodland nursery room design;0
woodland nursery rocking chair;0
woodland nursery rug options;0
woodland nursery reading nook;0
woodland nursery renter friendly;0
woodland nursery simple;0
woodland nursery sage green;0
woodland nursery small room;0
woodland nursery signs boy rooms;0
woodland nursery storage ideas;0
woodland nursery theme gender neutral;0
woodland nursery twins;0
woodland nursery theme wallpaper;0
woodland nursery tree mural;0
woodland nursery theme curtains;0
woodland nursery tree bookshelf;0
woodland nursery theme paint;0
woodland nursery set up;0
unisex nursery themes woodland;0
unisex woodland nursery ideas;0
woodland nursery vintage;0
woodland nursery vibes;0
vintage woodland baby nursery;0
woodland nursery girl vintage;0
woodland nursery bible verse;0
vintage woodland creatures nursery;0
vintage woodland themed nursery;0
vintage woodland animals nursery;0
woodland nursery boy vintage;0
vintage woodland nursery prints;0
vintage woodland nursery ideas;0
woodland nursery window treatments;0
woodland nursery watercolor;0
woodland nursery white crib;0
woodland nursery wall color;0
woodland nursery white furniture;0
woodland nursery wallpaper ideas;0
woodland nursery yellow;0
woodland nursery yellow walls;0
woodland nursery 2026;0
sims 4 woodland nursery cc;0
sims 4 woodland nursery;0
baby nursery safari theme;0
safari jungle animals baby nursery print;0
safari nursery mood board;0
neutral safari nursery green;0
boho girl safari nursery;0
nursery ideas green safari;0
safari nursery girl green;0
safari nursery accent wall;0
safari nursery aesthetic;0
safari nursery activities;0
safari nursery accessories ideas;0
safari nursery accent piece ideas;0
safari nursery art print;0
safari nursery art printable;0
safari nursery blue;0
safari nursery boy jungle theme;0
safari nursery boy ideas;0
safari nursery boy decor;0
safari nursery boy green;0
safari nursery boy blue;0
safari nursery bookshelf;0
safari nursery baby boy;0
safari nursery boy wallpaper;0
safari nursery black crib;0
safari nursery color palette;0
safari nursery curtain ideas;0
safari nursery color schemes;0
baby boy nursery ideas;0
baby elephant nursery wall art;0
baby room prints;0
nursery wall art baby girl;0
nursery wall art boy;0
nursery wall art download;0
nursery wall art girl;0
vintage baby girl nursery;0
baby girl woodland nursery decor;0
nursery wall art pink;0
nursery wall art size;0
nursery wall art stars;0
woodland baby nursery decor;0
woodland girl nursery wall decor;0
woodland nursery decor boy;0
woodland nursery decor girl;0
world map wall art nursery;0
baby boy elephant nursery ideas;0
baby boy nursery ideas animals;0
baby boy nursery ideas for small rooms;0
baby boy nursery ideas hunting;0
baby boy nursery ideas modern;0
baby boy nursery ideas peter rabbit;0
baby nursery ideas for boy;0
sleepy animals nursery;0
nursery printable downloads;0
nursery poster graphics;0
nursery watercolor clipart;0
nursery png;0
nursery watercolor png;0
nursery design elements;0
baby nursery watercolor;0
nursery wall art elements;0
nursery wall art clipart;0
nursery printable graphics;0
nursery decorative elements;0
nursery animals watercolor;0
neutral nursery clipart;0
nursery digital download;0
nursery craft graphics;0
nursery sticker graphics;0
nursery scrapbook elements;0
nursery floral clipart;0
nursery baby elements;0
nursery png elements;0
nursery illustration set;0
nursery art graphics;0
sleepy animal nursery;0
nursery picture set;0
nursery wall art above crib;0
nursery wall art collage;0
vintage girl nursery wall art;0
baby girl nursery room ideas boho wall art;0
baby girl nursery quotes wall art;0
vintage nursery wall art for boys;0
wall art collage nursery;0
nautical nursery wall art ideas;0
safari nursery boy wall art;0
nursery ideas girl wall art;0
sun nursery wall art;0
fun animals nursery canvas wall art;0
nursery wall art above dresser;0
nursery wall art arrangement;0
nursery wall art acrylic;0
nursery wall art and shelves;0
nursery wall art abstract;0
nursery wall art abc;0
nursery wall art aesthetic;0
nursery wall art affirmation;0
nursery wall art above cot;0
nursery wall art bible verse;0
nursery wall art bear;0
nursery wall art blue;0
nursery wall art bundle;0
nursery wall art baby boy;0
nursery wall art behind crib;0
nursery wall art birds;0
nursery wall art baby animals;0
nursery wall art brown;0
nursery wall art christian;0
nursery wall art colorful;0
nursery wall art cars;0
nursery wall art crib;0
nursery wall art cowboy;0
nursery wall art cow;0
cat nursery wall art;0
nursery class wall art;0
nursery wall art dogs;0
nursery wall art design;0
nursery wall art display;0
nursery wall art duck;0
nursery wall art dinosaur;0
nursery wall art drawings;0
nursery wall art decor ideas;0
nursery wall art digital;0
nursery wall art embroidered;0
embroidery nursery wall art;0
elephant baby girl nursery wall art;0
framed embroidery wall art nursery;0
enchanted forest nursery wall art;0
embroidery for nursery wall art;0
eclectic nursery wall art ideas;0
brown baby boy nursery wall art elephant;0
enchanted nursery wall art;0
nursery wall art frames;0
nursery wall art for boys;0
nursery wall art for girl;0
nursery wall art forest;0
nursery wall art farm;0
nursery wall art free printable;0
nursery wall art funky;0
nursery wall art gallery;0
nursery wall art goose;0
nursery wall art green;0
nursery wall art group board;0
nursery wall art gender neutral;0
nursery wall art girl floral;0
nursery wall art hot air balloon;0
nursery wall art handmade;0
nursery wall art horizontal;0
honey bee nursery wall art;0
hobbit nursery wall art ideas;0
harry potter nursery wall art ideas;0
duck hunting nursery wall art;0
henry nursery wall art;0
horse nursery wall art;0
nursery wall art ideas girl;0
nursery wall art inspiration;0
nursery wall art ideas neutral;0
nursery wall art ideas boy;0
nursery wall art illustration;0
nursery wall art initial;0
nursery wall art islamic;0
nursery wall art ideas for small spaces;0
nursery wall art images;0
nursery wall art ideas for boys;0
jungle safari nursery wall art;0
jesus wall art nursery;0
japandi nursery wall art;0
jungle theme nursery wall art;0
jungle nursery wall art ideas;0
animal wall art nursery jungle theme;0
ballerina. kids room wall art & nursery decor;0
kids wall art nursery;0
animal wall art nursery kids rooms;0
kindergarten wall decor nursery art;0
nursery / kids wall art;0
cute & funny. nursery decor & kids room wall art;0
kids & nursery wall art;0
world map wall art kids nursery decor;0
kid nursery wall art;0
koala nursery wall art;0
lion king nursery wall art ideas;0
nursery wall art layout;0
nursery wall art landscape;0
nursery wall art large;0
nursery wall art lion;0
nursery wall art lettering;0
baby library nursery wall art;0
diy large nursery wall art;0
song lyrics for nursery wall art;0
lyrics for nursery wall art;0
nursery wall art minimalist;0
nursery wall art mural;0
nursery wall art moon;0
nursery wall art mountains;0
nursery wall art monogram;0
nursery wall art minimal;0
moody nursery wall art;0
muslim nursery wall art;0
mixed wall art nursery;0
nursery wall art numbers;0
nursery wall art nature;0
nursery wall art ocean;0
nursery wall art over crib;0
nursery wall art over changing table;0
nursery wall art over dresser;0
ocean nursery wall art ideas;0
orange nursery wall art;0
baby boy nursery themes ocean wall art;0
ocean-themed nursery wall art ideas;0
nursery wall art printable free prints;0
nursery wall art printable boy;0
nursery wall art printable girl;0
nursery wall art placement;0
nursery wall art photos;0
nursery wall art painted;0
nursery wall art pastel;0
baby girl nursery quotes wall art bible verses;0
bible quotes for nursery wall art;0
quotes for a nursery wall art;0
girl nursery wall art quotes;0
cute nursery quotes wall art;0
boy nursery quotes wall art;0
nursery sayings quotes wall art;0
quotes for baby nursery wall art;0
nursery wall art red;0
nursery wall art rabbit;0
peter rabbit nursery wall art ideas;0
nursery room wall art diy;0
baby nursery room wall art;0
baby room decor diy girls wall art nursery ideas;0
nursery wall art sims 4 cc;0
nursery wall art size guide;0
nursery wall art set ideas;0
nursery wall art sports;0
nursery wall art sims 4;0
nursery wall art simple;0
nursery wall art ts4;0
nursery wall art teddy bear;0
nursery wall art template;0
nursery wall art twins;0
nursery wall art trio;0
nursery wall art trends;0
nursery wall art trends 2026;0
nursery wall art themes;0
nature-themed nursery wall art;0
forest-themed nursery wall art ideas;0
butterfly-themed wall art for nursery;0
vintage teddy bear nursery wall art;0
nursery wall art unique;0
under the sea nursery wall art ideas;0
nursery wall art mock up;0
underwater nursery wall art;0
nursery wall art vintage;0
vintage wall art for girl nursery;0
vintage nursery wall art printable;0
vintage baby girl nursery wall art;0
vintage boys nursery wall art;0
vintage car nursery wall art;0
vintage art gallery wall nursery;0
vintage sports nursery wall art;0
nursery wall art watercolor;0
nursery wall art with name;0
nursery wall art winnie the pooh;0
nursery wall art with mirror;0
nursery wall art words;0
nursery wall art western;0
nursery wall art yellow;0
i love you wall art for nursery;0
i love you wall art nursery;0
yellow nursery wall art ideas;0
psalm 139 nursery wall art;0
nursery wall art 2026;0
baby girl nursery wall art trends 2026;0
3 piece wall art nursery;0
nursery wall art 3d;0
3d butterfly wall art nursery;0
3d floral wall art nursery;0
sims 4 nursery wall art;0
sims 4 nursery wall art cc;0
pink printable nursery wall art set of 4 poster baby girl;0
woodland nursery decor diy;0
woodland nursery decor gender neutral;0
woodland nursery decor accents;0
woodland nursery name decor;0
baby woodland animals nursery wall decor;0
boy woodland nursery decor;0
diy woodland nursery decor free printable;0
woodland nursery diy decor;0
baby boy nursery decor woodland;0
painted woodland animals nursery decor;0
nursery decor ideas woodland;0
forest animal baby shower ideas woodland creatures nursery decor;0
boy baby shower ideas themes woodland animals nursery decor;0
woodland animal stencils nursery decor;0
woodland animal nursery wall decor;0
woodland animal nursery decor ideas;0
baby boy room decor ideas hunting woodland nursery;0
diy woodland nursery decor boy;0
nursery wall decor boy woodland;0
baby boy nursery woodland forest friends room decor;0
woodland canvas painting nursery decor;0
crochet woodland nursery decor;0
fox nursery decor woodland theme;0
girls woodland nursery decor;0
diy woodland nursery decor girl;0
woodland nursery wall decor ideas;0
woodland mountain nursery decor;0
macrame nursery decor woodland;0
woodland mushroom nursery decor;0
simple woodland nursery decor;0
nursery shelf decor woodland;0
diy woodland nursery decor wood signs;0
nursery woodland theme decor;0
baby boy nursery ideas green;0
baby boy nursery ideas blue;0
baby boy nursery ideas themed rooms;0
baby boy nursery ideas neutral;0
baby boy nursery ideas dinosaur;0
baby boy nursery ideas colorful;0
baby boy nursery ideas simple;0
baby boy nursery ideas bloxburg;0
baby boy nursery ideas sports;0
baby boy nursery ideas western;0
baby boy nursery ideas with black crib;0
baby boy nursery ideas country;0
baby boy nursery room ideas;0
baby boy nursery room ideas teddy bear;0
baby boy nursery room ideas blue accent walls;0
baby boy nursery room ideas with white crib;0
baby boy cowboy nursery room ideas;0
baby boy nursery room ideas themes color schemes gray;0
baby boy nursery room ideas gray crib;0
baby boy nursery room ideas neutral jungle;0
baby boy nursery ideas apartment;0
baby boy and girl nursery shared room ideas;0
baby boy nursery room ideas baby animals;0
baby boy nursery ideas blue and grey;0
toddler boy and baby boy shared room nursery ideas;0
baby boy animal nursery room ideas;0
baby boy nursery room ideas blue gray accent walls;0
baby nursery ideas for a boy;0
baby boy nursery room ideas airplanes;0
baby nursery ideas for boy animals;0
baby boy nursery ideas bear;0
baby boy nursery ideas baseball;0
baby boy nursery ideas blue and green;0
baby boy nursery ideas black;0
baby boy nursery ideas black crib;0
baby boy nursery ideas brown;0
baby boy nursery ideas blue and white;0
baby boy nursery ideas bright;0
baby boy nursery ideas beige;0
baby boy nursery ideas boho;0
baby boy nursery ideas clouds;0
baby boy nursery ideas cars;0
baby boy nursery ideas cowboy;0
baby boy nursery ideas cozy;0
baby boy nursery ideas colour;0
baby boy nursery ideas cute;0
baby boy nursery ideas celestial;0
baby boy nursery ideas coastal;0
baby boy nursery ideas disney;0
baby boy nursery ideas dark blue;0
baby boy nursery ideas duck;0
baby boy nursery ideas deer;0
baby boy nursery ideas dusty blue;0
baby boy nursery room ideas with daybed;0
baby boy disney nursery room ideas;0
diy rustic baby boy nursery decor ideas;0
baby boy nursery room ideas dark wood;0
baby boy duck hunting nursery room ideas;0
baby boy room decor ideas country rustic nursery;0
baby boy nursery room ideas elephants;0
baby boy nursery room ideas expresso;0
baby boy nursery theme ideas elephant;0
baby boy nursery room ideas easy;0
baby boy elephant nursery room ideas wall decor;0
easy baby boy nursery ideas;0
eclectic baby boy nursery decor ideas;0
baby boy nursery room elephant ideas;0
earthy baby boy nursery ideas;0
baby boy nursery room ideas elegant;0
baby boy nursery room ideas earthy;0
baby boy nursery ideas forest;0
baby boy nursery ideas fishing;0
baby boy nursery ideas farm;0
baby boy nursery ideas football;0
baby boy nursery ideas fun;0
baby nursery ideas for boy ocean;0
neutral baby nursery ideas for boy;0
simple baby nursery ideas for boy;0
baby nursery ideas for boy country cowboy room western theme farmhouse;0
baby boy nursery ideas golf;0
baby boy nursery ideas green and blue;0
baby boy nursery ideas gray crib;0
baby boy nursery room ideas garage;0
modern baby boy nursery room ideas color schemes gender neutral;0
baby boy nursery room ideas blue gender neutral;0
baby boy nursery ideas hot air balloon;0
baby boy nursery room ideas themes harry potter;0
baby boy nursery room ideas horses;0
baby boy hunting nursery room ideas;0
baby boy deer hunting nursery room ideas;0
baby boy nursery room ideas restoration hardware;0
baby boy nursery room ideas hot air balloons;0
baby boy nursery room ideas on a budget how to decorate;0
baby boy nursery room ideas hobby lobby;0
baby boy nursery ideas in parents room;0
baby boy nursery ideas jungle;0
baby boy jungle nursery room ideas;0
baby boy nursery room ideas farm john deere;0
baby boy nursery room ideas jungle noah ark;0
baby nursery ideas for boy jungle;0
baby boy nursery room ideas jungle theme;0
baby boy nursery ideas lion king;0
baby boy nursery room ideas lion king;0
baby boy nursery ideas light blue;0
baby boy nursery ideas ralph lauren;0
baby boy nursery lighting ideas;0
baby boy nursery room ideas ralph lauren;0
luxury baby boy nursery room ideas;0
baby boy nursery room ideas light wood;0
luxury baby nursery boy ideas;0
baby boy nursery room ideas light blue;0
baby boy nursery room ideas little man cave;0
baby boy nursery ideas mountain;0
baby boy wall mural nursery ideas;0
baby boy nursery mural ideas;0
baby boy nursery room ideas mountain;0
baby nursery ideas for boy modern;0
baby boy nursery room ideas mint green;0
baby boy nursery room ideas moody;0
baby boy nursery room ideas modern;0
modern and minimalist baby boy nursery ideas;0
baby boy nursery room ideas motorcycle;0
baby boy nursery ideas navy blue;0
baby boy nursery ideas nautical;0
baby boy nursery ideas nature;0
baby boy nursery ideas navy;0
baby boy nursery ideas ocean;0
baby boy nursery room ideas themes outer space;0
baby boy nursery room ideas ocean;0
baby nursery name on wall ideas boy;0
baby boy nursery room ideas burnt orange;0
baby boy nursery room ideas on a budget;0
baby boy nursery room ideas outdoors;0
baby boy nursery room ideas olive green;0
baby boy nursery room ideas sea ocean themes;0
outer space-themed baby boy nursery ideas;0
baby boy nursery room ideas peter rabbit;0
baby boy nursery room ideas buffalo plaid;0
baby boy nursery wall paint ideas;0
baby boy nursery room ideas paint;0
baby boy nursery room ideas black people;0
colorful and playful baby boy nursery ideas;0
baby boy nursery painting ideas canvas;0
winnie the pooh baby nursery ideas boy;0
baby boy nursery room ideas puppy;0
baby boy nursery ideas red;0
baby boy nursery ideas sage green;0
baby boy nursery ideas small rooms;0
baby boy nursery ideas safari;0
baby boy nursery ideas southern;0
baby boy nursery ideas space;0
baby boy nursery ideas star wars;0
baby boy nursery ideas soccer;0
baby boy nursery ideas themes;0
baby boy nursery ideas toy story;0
baby boy nursery ideas toca boca;0
baby boy nursery ideas teddy bear;0
baby boy nursery ideas trucks;0
baby boy nursery room ideas themes black white;0
baby boy nursery room ideas under the sea;0
cute baby boy names unique nursery ideas;0
baby boy nursery room ideas uk;0
baby boy nursery room ideas unique;0
unique baby boy nursery ideas;0
baby boy nursery upcycling ideas;0
unique baby boy nursery ideas themed rooms;0
baby boy nursery ideas vintage;0
baby nursery ideas for boy vintage;0
vintage baby boy nursery room ideas;0
vintage baby boy nursery decor ideas;0
baby boy nursery room ideas vintage car;0
vintage and timeless baby boy nursery ideas;0
vintage baby boy nursery room ideas travel themes;0
baby boy nursery room ideas vintage sports;0
baby boy nursery room ideas themes vintage airplanes;0
baby boy nursery ideas wallpaper;0
baby boy nursery ideas white crib;0
baby boy nursery ideas winnie the pooh;0
baby boy nursery ideas woodland;0
baby boy nursery ideas white walls;0
baby boy nursery ideas with grey crib;0
baby boy nursery wall color ideas;0
baby boy nursery ideas yellow;0
baby boy nursery room ideas blue and yellow;0
baby boy nursery room ideas yellow;0
baby boy nursery room ideas gray and yellow;0
yellow nursery ideas for baby boy;0
baby boy zoo nursery room ideas;0
baby boy nursery ideas 2026;0
baby boy nursery room ideas 2025;0
2025 baby boy nursery ideas;0
baby boy safari nursery decor;0
baby girl safari nursery decor;0
boho jungle nursery decor;0
boho nursery decor boy;0
boho nursery decor girl;0
safari nursery decor boy;0
safari nursery decor girl;0
watercolor baby animal nursery prints;0
teddy bear nursery girl;0
gender neutral nursery brown;0
gender neutral nursery lighting;0
gender neutral nursery ocean;0
gender neutral nursery on a budget;0
safari nursery floor lamp;0
safari nursery for girl;0
baby boy nursery room ideas sims 4;0
sims 4 baby boy nursery ideas;0
51 adorable baby boy nursery ideas;0
boho nursery decor inspiration;0
boho rainbow nursery decor ideas;0
pink boho nursery wall decor;0
boho nursery wall decor boy;0
boho macrame wall hanging nursery decor;0
boho baby nursery wall decor;0
natural boho nursery decor;0
boho nursery boy decor;0
boho chic nursery decor ideas;0
boho yellow nursery decor;0
boho floral nursery decor ideas;0
boho neutral nursery decor;0
boho baby room boy cozy nursery | nursery decor & design;0
boho church nursery decor;0
boho church nursery decor ideas;0
crochet nursery decor boho;0
highland cow nursery boho decor ideas;0
boho nursery decor diy;0
boho flower nursery decor;0
floral boho nursery wall decor;0
boho-inspired decor for baby nursery;0
boho flower wall decor nursery;0
girl nursery wall decor boho;0
boho girls nursery decor;0
diy boho nursery decor girl;0
baby girl boho nursery decor;0
baby girl nursery wall decor boho;0
hobby lobby boho nursery decor;0
boho rainbow nursery wall decor ideas;0
boho nursery shelf decor ideas;0
diy boho nursery decor ideas;0
boho nursery wall decor ideas;0
boho beach nursery decor ideas;0
boho nursery mauve with decor;0
modern boho yarn wall decor baby nursery;0
boho rainbow nursery wall decor;0
diy boho rainbow nursery decor;0
boho rattan wall shelf nursery decor;0
boho nursery shelves decor;0
boho sunshine nursery decor;0
boho sun nursery decor;0
vintage boho nursery decor;0
boho wildflower nursery decor;0
vintage baby girl nursery ideas;0
vintage baby girl nursery farmhouse;0
vintage baby girl nursery decor;0
vintage baby girl nursery pink;0
vintage baby girl nursery wallpaper;0
vintage baby girl nursery wall decor;0
vintage baby girl nursery gallery wall;0
vintage baby girl nursery yellow;0
vintage baby girl nursery pink and green;0
vintage baby girl nursery pink and gold;0
vintage baby girl nursery aesthetic;0
vintage baby girl nursery dresser;0
baby girl nursery cozy vintage;0
baby girl nursery room ideas vintage;0
vintage cottage baby girl nursery;0
vintage blue and pink baby girl nursery;0
vintage farm baby girl nursery;0
vintage modern baby girl nursery;0
baby girl nursery vintage minimal;0
vintage baby girl nursery purple;0
neutral vintage baby girl nursery;0
vintage inspired baby girl nursery;0
vintage baby girl nursery accent wall;0
vintage baby girl nursery amazon;0
vintage baby girl nursery art;0
vintage baby girl nursery artwork;0
vintage baby girl nursery yellow and pink;0
vintage antique baby girl nursery;0
vintage baby girl nursery blue;0
vintage baby girl nursery bunny;0
vintage baby girl nursery bookshelf;0
vintage baby girl nursery butterfly;0
vintage baby girl nursery black crib;0
vintage baby girl nursery curtains;0
vintage baby girl nursery colorful;0
vintage baby girl nursery with white crib;0
baby girl nursery vintage crib;0
vintage coastal baby girl nursery;0
classic vintage baby girl nursery;0
cute vintage baby girl nursery;0
vintage country baby girl nursery;0
vintage cottage core baby girl nursery;0
vintage baby girl nursery dark;0
vintage baby girl nursery dark wood;0
baby girl nursery vintage disney;0
baby girl nursery vintage duck;0
baby girl vintage nursery wall decor;0
vintage elegant baby girl nursery;0
baby girl nursery vintage eclectic;0
vintage baby girl nursery floral;0
vintage baby girl nursery furniture;0
vintage fairytale baby girl nursery;0
vintage nursery for baby girl;0
vintage floral baby girl nursery ideas;0
vintage flower nursery baby girl;0
baby girl nursery vintage flowers;0
baby nursery ideas for girl vintage;0
vintage french baby girl nursery;0
vintage baby girl nursery green;0
vintage baby girl nursery green and pink;0
vintage baby girl nursery goose;0
vintage baby girl nursery gingham;0
vintage horse baby girl nursery;0
baby girl nursery room ideas princess vintage;0
baby girl nursery room ideas boho vintage;0
baby girl nursery inspiration vintage;0
baby girl nursery room ideas pink vintage;0
unique baby girl names vintage nursery ideas;0
vintage ralph lauren nursery baby girl;0
vintage looking baby girl nursery;0
vintage baby girl nursery mood board;0
moody vintage baby girl nursery;0
baby girl nursery vintage mauve;0
vintage baby girl nursery name sign;0
baby girl nursery old vintage;0
vintage baby girl nursery paint colors;0
vintage baby girl nursery prints;0
vintage baby girl nursery paintings;0
baby girl nursery vintage princess;0
baby girl vintage pooh nursery;0
vintage baby girl nursery room ideas;0
vintage baby girl nursery rugs;0
baby girl nursery vintage rose;0
rustic vintage baby girl nursery;0
baby girl nursery room vintage;0
baby girl nursery vintage rug;0
vintage baby girl nursery shelf;0
vintage baby girl nursery’s;0
baby girl nursery vintage simple;0
baby girl vintage style nursery;0
baby girl nursery vintage shabby chic crib bedding;0
vintage southern baby girl nursery;0
baby girl nursery small space vintage;0
soft vintage baby girl nursery;0
vintage swan baby girl nursery;0
baby girl nursery vintage storybook;0
sage green vintage baby girl nursery;0
vintage baby girl nursery themes;0
vintage theme baby girl nursery;0
baby girl nursery themes boho vintage;0
baby girl vintage winnie the pooh nursery;0
vintage baby girl nursery victorian;0
vintage baby girl nursery wall;0
vintage baby girl nursery with gold crib;0
vintage western baby girl nursery;0
vintage whimsical baby girl nursery;0
vintage woodland baby girl nursery;0
watercolor prints nursery;0
baby lion watercolor nursery prints;0
watercolor baby bear nursery prints;0
watercolor baby elephant nursery prints;0
safari nursery decor diy;0
safari nursery decor jungle theme;0
safari nursery decoration;0
safari baby shower boy decorations diy nursery decor;0
safari nursery shelf decor;0
safari wall decor nursery jungle theme;0
safari boy nursery decor;0
nursery decor safari theme;0
safari nursery name decor;0
watercolor safari animals nursery decor;0
safari animal nursery decor ideas;0
safari themed letters nursery animal alphabet wall decor;0
baby safari nursery decor;0
baby safari nursery wall decor;0
jungle theme baby room boys safari nursery decor;0
safari nursery boy wall decor;0
crochet nursery decor safari;0
pink safari nursery room decor girly;0
neutral safari nursery decor ideas;0
diy safari nursery decor ideas;0
safari nursery wall decor ideas;0
pink safari nursery room decor;0
safari nursery room decor;0
safari themed nursery wall decor;0
vintage safari nursery decor;0
teddy bear nursery boy;0
teddy bear nursery theme boys;0
teddy bear nursery theme gender neutral;0
teddy bear nursery theme girl;0
teddy bear nursery theme for girl;0
teddy bear nursery blue;0
teddy bear gingham nursery;0
baby boy teddy bear nursery ideas;0
ralph lauren teddy bear nursery boy;0
sporty teddy bear nursery;0
teddy bear nursery color schemes;0
boy nursery ideas teddy bear;0
teddy bear sports nursery theme;0
teddy bear neutral nursery;0
teddy bear nursery aesthetic;0
teddy bear nursery artwork;0
teddy bear nursery accent wall;0
teddy bear nursery accessories ideas;0
teddy bear nursery activities;0
teddy bear nursery accessory ideas;0
sage green and teddy bear nursery;0
teddy bear nursery wall art ideas;0
teddy bear and green nursery;0
teddy bear nursery boy blue;0
teddy bear nursery black crib;0
teddy bear nursery baby boy;0
teddy bear nursery blanket;0
teddy bear nursery boy green;0
teddy bear nursery bloxburg;0
teddy bear nursery blue amazon;0
teddy bear nursery brown;0
teddy bear nursery book recommendations;0
teddy bear nursery colorful;0
teddy bear nursery cross stitch;0
teddy bear nursery craft ideas;0
teddy bear nursery crib;0
teddy bear nursery corner;0
teddy bear nursery crafts;0
cute teddy bear nursery;0
checkered teddy bear nursery;0
classic teddy bear nursery;0
teddy bear nursery decor ideas;0
teddy bear nursery diy projects;0
teddy bear nursery decor girl;0
teddy bear nursery diy;0
teddy bear nursery drawing;0
teddy bear drawing for nursery;0
baby boy nursery decor teddy bear;0
nursery room design teddy bear;0
teddy bear nursery shelf decor;0
teddy bear nursery theme decor;0
teddy bear nursery embroidery;0
teddy bear nursery for girl;0
teddy bear nursery furniture ideas;0
teddy bear nursery for boy;0
teddy bear nursery fun;0
teddy bear football nursery;0
teddy bear forest nursery;0
teddy bear fishing nursery;0
teddy bear with balloons wallpaper for nursery room;0
teddy bear picture for nursery;0
teddy bear nursery green;0
teddy bear nursery gender neutral;0
teddy bear nursery gift ideas;0
teddy bear nursery gallery wall;0
teddy bear nursery gingham;0
teddy bear girl nursery ideas;0
olive green teddy bear nursery;0
girls teddy bear nursery;0
baby girl nursery themes teddy bear;0
hot air balloon teddy bear nursery;0
teddy bear hockey nursery;0
teddy bear hot air balloon theme nursery;0
teddy bear nursery illustration;0
teddy bear nursery ideas boy;0
teddy bear in nursery;0
teddy bear baby nursery ideas;0
neutral nursery ideas teddy bear;0
teddy bear nursery theme pottery barn kids;0
teddy bear nursery light blue;0
teddy bear nursery light;0
vintage ralph lauren teddy bear nursery;0
little boy teddy bear nursery;0
ralph lauren teddy bear nursery girl;0
ralph lauren teddy bear nursery;0
ralph lauren teddy bear nursery theme;0
large teddy bear nursery;0
large teddy bear in nursery;0
teddy bear nursery mural;0
teddy bear nursery mood board;0
modern teddy bear nursery;0
teddy bear and moon nursery;0
teddy bear moon nursery;0
minimalist teddy bear nursery;0
teddy bear nursery name sign;0
teddy bear nursery neutral;0
teddy bear nursery navy blue;0
teddy bear nursery navy;0
old teddy bear nursery;0
old school teddy bear nursery;0
teddy bear nursery painting;0
teddy bear nursery pink;0
teddy bear nursery paint colors;0
teddy bear nursery personalized items;0
teddy bear nursery poster;0
teddy bear nursery pillow;0
teddy bear wall art nursery prints;0
teddy bear themed nursery pink;0
teddy bear polo nursery;0
teddy bear nursery quilt;0
teddy bear nursery room;0
teddy bear nursery room inspiration;0
teddy bear nursery ralph lauren;0
teddy bear nursery room ideas;0
teddy bear theme nursery room;0
teddy bear nursery shopping recommendations;0
teddy bear nursery sage green;0
teddy bear nursery sign;0
teddy bear nursery sports;0
teddy bear nursery shelf;0
teddy bear nursery storage;0
teddy bear nursery’s;0
simple teddy bear nursery;0
teddy bear sailor nursery;0
teddy bear nursery theme blue;0
teddy bear nursery theme vintage;0
teddy bear nursery theme green;0
teddy bear nursery theme ralph lauren;0
teddy bear nursery theme wall decals;0
teddy bear nursery theme sage green;0
unisex teddy bear nursery;0
teddy bear nursery vintage;0
vintage teddy bear baby boy nursery;0
vintage teddy bear nursery boy;0
vintage teddy bear theme nursery;0
vintage teddy bear nursery girl;0
vintage teddy bear nursery art;0
vintage baseball teddy bear nursery;0
vintage teddy bear nursery wall decor;0
blue vintage teddy bear nursery;0
teddy bear nursery wall color;0
teddy bear nursery wall;0
teddy bear nursery with blue;0
teddy bear nursery white crib;0
teddy bear nursery white furniture;0
teddy bear nursery with green;0
teddy bear nursery watercolor;0
teddy bear nursery yellow;0
sims 4 cc teddy bear nursery;0
90s teddy bear nursery;0
gender neutral nursery ideas colorful;0
gender neutral nursery colorful;0
gender neutral nursery ideas themes;0
gender neutral nursery vintage;0
gender neutral nursery ideas green;0
baby nursery ideas unisex gender neutral;0
wallpaper nursery gender neutral;0
light green gender neutral nursery;0
gender-neutral neutral nursery paint colors;0
nursery mural ideas gender neutral;0
twins nursery gender neutral;0
gender neutral nursery blue and green;0
gender neutral nursery animals;0
gender neutral nursery animal theme;0
gender neutral nursery accent ideas;0
gender neutral nursery aesthetic;0
gender neutral nursery antique;0
gender neutral nursery apartment;0
gender-neutral nursery art ideas;0
gender neutral nursery and toddler room;0
gender-neutral nursery accent wall ideas;0
gender neutral nursery blue;0
gender neutral nursery black crib;0
gender neutral nursery blue walls;0
gender neutral nursery butter yellow;0
gender neutral nursery bright;0
gender neutral nursery boho;0
gender neutral nursery bloxburg;0
gender neutral nursery bear;0
gender neutral nursery bedding ideas;0
gender neutral nursery colors paint;0
gender neutral nursery coastal;0
gender neutral nursery country;0
gender neutral nursery clouds;0
gender neutral nursery cottagecore;0
gender-neutral nursery closet ideas;0
gender neutral nursery christian;0
gender neutral nursery cozy;0
gender neutral nursery disney;0
gender neutral nursery dark wood;0
gender-neutral nursery decor ideas;0
gender neutral nursery dog theme;0
gender neutral nursery dark wood crib;0
gender neutral nursery ducks;0
gender neutral nursery dresser;0
gender neutral nursery dark wood floor;0
gender neutral nursery dark;0
gender neutral nursery dog;0
gender neutral nursery elephant theme;0
gender neutral nursery earth tones;0
gender neutral nursery english cottage;0
gender neutral nursery eclectic;0
gender neutral nursery earthy;0
gender neutral nursery elephant;0
gender neutral nursery edgy;0
gender neutral enchanted forest nursery;0
elegant baby nursery gender neutral;0
emerald green nursery gender neutral;0
elephant themed nursery gender neutral;0
eclectic gender neutral nursery designs;0
gender neutral nursery farmhouse;0
gender neutral nursery farm;0
gender neutral nursery furniture ideas;0
gender neutral nursery fun;0
gender neutral nursery for boy and girl;0
gender neutral nursery forest;0
gender neutral nursery farm animals;0
gender neutral nursery forest theme;0
gender neutral nursery feature wall;0
gender neutral nursery goose;0
gender neutral nursery gray;0
gender neutral nursery grey crib;0
gender neutral nursery gingham;0
gender neutral nursery gold crib;0
gender neutral nursery grey walls;0
gender neutral nursery grey carpet;0
gender neutral nursery green curtains;0
gender neutral nursery girl;0
gender neutral nursery gallery wall;0
gender neutral nursery golf;0
gender neutral nursery hot air balloon;0
gender neutral nursery hunting;0
gender neutral nursery harry potter;0
gender neutral nursery highland cow;0
gender neutral nursery half wall;0
gender neutral nursery horses;0
harry potter nursery theme gender neutral;0
gender neutral horse nursery;0
hunting nursery theme gender neutral;0
gender neutral nursery for grandparents house;0
hunter green nursery gender neutral;0
hobby lobby nursery decor gender neutral;0
gender neutral nursery ideas yellow;0
gender neutral nursery ideas woodland;0
gender neutral nursery ideas white crib;0
gender neutral nursery ideas small space;0
gender neutral nursery ideas animals;0
gender neutral nursery ideas for twins;0
gender neutral nursery ideas rustic;0
gender neutral nursery jungle;0
gender neutral nursery jesus;0
gender neutral nursery jungle theme;0
jungle safari gender-neutral nursery;0
jungle themed nursery gender neutral;0
baby jungle theme nursery gender neutral;0
gender neutral jungle nursery ideas;0
kids nursery gender neutral;0
gender neutral nursery themes disney the lion king;0
gender neutral kids room shared nursery ideas;0
gender neutral lion king nursery;0
kids nursery ideas gender neutral;0
gender neutral nursery light blue walls;0
gender neutral nursery light blue;0
gender neutral nursery light green;0
gender neutral nursery lemon;0
gender neutral nursery limewash;0
gender neutral nursery light yellow;0
gender neutral nursery light wood;0
gender neutral nursery lake;0
gender neutral nursery lavender;0
gender neutral nursery light fixture;0
gender-neutral nursery lamp ideas;0
gender neutral nursery mural;0
gender neutral nursery mood board;0
gender neutral nursery moody;0
gender neutral nursery modern;0
gender neutral nursery minimalist;0
gender neutral nursery mural ideas;0
gender neutral nursery mountains;0
gender neutral nursery mcm;0
gender neutral nursery montessori;0
gender neutral nursery mid century;0
gender-neutral nursery mirror ideas;0
gender neutral nursery moon and stars;0
gender neutral nursery nature;0
gender neutral nursery not beige;0
gender neutral nursery not green;0
gender neutral nursery nature theme;0
gender neutral nursery navy;0
gender neutral nursery noahs ark;0
gender neutral nursery navy blue;0
gender neutral nursery nautical;0
gender neutral nursery nancy meyers;0
gender neutral nursery no wallpaper;0
gender neutral nursery nook;0
gender neutral nursery name sign;0
gender neutral nursery orange;0
gender neutral nursery ocean theme;0
gender neutral nursery old money;0
gender neutral nursery olive green;0
gender neutral nursery outdoor;0
gender neutral nursery/office;0
gender neutral nursery organic modern;0
gender neutral nursery oak trim;0
gender neutral nursery oak;0
safari nursery colorful;0
safari nursery changing table;0
safari nursery curtains boy;0
safari nursery colors;0
safari nursery color scheme ideas;0
safari nursery crib;0
safari nursery cross stitch;0
safari nursery chair;0
safari nursery dark wood;0
safari nursery diy;0
safari nursery dresser;0
safari nursery dark green;0
safari nursery dresser ideas;0
safari nursery diy projects;0
safari nursery dresser decor;0
safari nursery embroidery;0
elegant safari nursery;0
enchanted safari nursery;0
earthy safari nursery;0
safari elephant nursery;0
elevated safari nursery;0
eclectic safari nursery;0
safari nursery furniture ideas;0
safari nursery floating shelves;0
safari nursery for boys;0
safari nursery for twins;0
safari nursery feature wall;0
safari nursery for baby arthur;0
name signs for nursery safari;0
crochet safari animals plush for nursery;0
safari nursery gender neutral;0
safari nursery green accent wall;0
safari nursery girl jungle theme;0
safari nursery green walls;0
jungle nursery girl;0
safari nursery quilt;0
safari nursery sign;0
forest nursery activities;0
forest nursery lamp;0
forest nursery mobile;0
forest nursery theme girl;0
forest nursery room;0
forest nursery school;0
ocean nursery boy;0
ocean nursery curtains;0
ocean nursery girl;0
ocean nursery theme girl;0
ocean themed nursery girl;0
safari nursery gallery wall;0
safari nursery green paint;0
safari nursery girl pink;0
safari nursery green crib;0
safari nursery grey carpet;0
hand painted safari nursery;0
safari hot air balloon nursery;0
restoration hardware nursery safari;0
hot air balloon and safari nursery;0
safari nursery door hanger;0
safari nursery ideas boy;0
safari nursery ideas gender neutral;0
safari nursery ideas girl;0
safari nursery illustration;0
safari nursery ideas neutral;0
safari nursery ideas yellow;0
safari nursery wall paint ideas;0
safari nursery jungle theme;0
safari jungle boy nursery;0
nursery wall decals animals jungle safari;0
jungle safari-themed nursery ideas;0
jungle safari nursery rug;0
kids safari nursery;0
lion king safari nursery;0
safari nursery light fixture;0
safari nursery lighting ideas;0
safari nursery letters jungle theme;0
safari nursery lighting;0
safari nursery lion;0
safari nursery lighting options;0
safari nursery light blue;0
safari nursery layout;0
safari nursery mural baby boy;0
safari nursery minimalist;0
safari nursery modern;0
safari nursery mobile ideas;0
safari nursery monkey;0
moody safari nursery;0
mirror for safari nursery;0
safari nursery neutral;0
safari nursery name signs;0
safari nursery name banner;0
safari nursery neutral jungle theme;0
safari nursery name;0
safari nursery orange;0
safari nursery organization ideas;0
burnt orange safari nursery;0
ocean safari nursery;0
olive green safari nursery;0
safari nursery paint colors;0
safari nursery panelling;0
safari nursery pink;0
safari nursery paint ideas;0
safari nursery photos;0
safari nursery painting diy;0
safari nursery quotes;0
safari nursery rug ideas;0
safari nursery room design;0
safari nursery room inspiration;0
safari nursery room boy;0
safari nursery rugs for baby room;0
safari nursery room girl;0
baby boy safari nursery room;0
safari theme nursery room;0
safari nursery sage green;0
safari nursery small room;0
safari nursery simple;0
safari nursery shelf;0
safari nursery storage ideas;0
safari nursery twins;0
safari nursery theme boy;0
safari nursery theme neutral;0
safari nursery theme girl;0
safari nursery theme inspiration;0
safari nursery toddler;0
baby girl nursery themes safari;0
twin nursery safari;0
urban safari nursery;0
unisex nursery ideas safari;0
unique nursery ideas safari;0
safari nursery vintage;0
safari nursery boy vintage;0
vintage safari nursery girl;0
vintage safari theme nursery;0
vintage safari nursery ideas;0
safari nursery with panelling;0
safari nursery wall art ideas;0
safari nursery wallpaper ideas;0
safari nursery wall art printable;0
safari nursery white crib;0
safari nursery yellow;0
safari nursery yellow walls;0
safari theme nursery yellow;0
pale yellow safari nursery;0
girl safari nursery yellow;0
safari animal nursery yellow;0
safari zoo nursery;0
safari nursery 2;0
sims 4 cc safari nursery;0
sims 4 safari nursery;0
lambs & ivy jungle safari gray/tan/white nursery 6-piece baby crib bedding set;0
jungle nursery boy;0
jungle nursery ideas safari theme;0
jungle nursery paint colors;0
baby boy nursery jungle;0
baby girl jungle nursery themes;0
boy's nursery design with a jungle animal theme;0
jungle themed nursery rug;0
jungle nursery ideas half green walls;0
ocean and jungle nursery;0
jungle theme nursery sign;0
jungle nursery activities;0
jungle nursery accent wall;0
jungle nursery aesthetic;0
jungle nursery animal heads;0
jungle nursery artwork;0
jungle nursery blue;0
jungle nursery boy safari theme;0
jungle nursery bookshelf ideas;0
jungle nursery baby boy;0
jungle nursery bookshelf;0
jungle nursery bright;0
jungle nursery bloxburg;0
jungle nursery black crib;0
jungle nursery brown;0
jungle nursery baby girl;0
jungle nursery color palette;0
jungle nursery colorful;0
jungle nursery curtain ideas;0
jungle nursery crafts;0
jungle nursery crochet;0
jungle nursery changing table;0
jungle nursery crib accessories;0
jungle nursery canopy;0
jungle nursery color schemes;0
disney jungle cruise nursery;0
jungle theme nursery paint colors;0
jungle nursery decals bloxburg;0
jungle nursery diy;0
jungle nursery dark wood;0
jungle nursery dark green;0
jungle nursery drawing;0
jungle nursery decor ideas;0
jungle nursery embroidery;0
eclectic jungle nursery;0
elephant jungle nursery;0
jungle explorer themed baby boy nursery;0
jungle explorer nursery;0
jungle nursery furniture ideas;0
jungle nursery for girl;0
jungle nursery for twins;0
jungle forest nursery;0
jungle-themed nursery ideas for boys;0
jungle painting for nursery;0
funky jungle nursery;0
jungle nursery green;0
jungle nursery gender neutral;0
jungle nursery green wall;0
sage green jungle nursery;0
green jungle nursery boy;0
nursery jungle baby girl;0
girl nursery ideas jungle;0
girls jungle nursery;0
hand painted jungle nursery;0
jungle nursery ideas girl;0
jungle nursery ideas boy;0
jungle nursery ideas simple;0
jungle nursery ideas colorful;0
jungle nursery wall ideas;0
jungle nursery mobile ideas;0
jungle mural for kids nursery;0
kid's jungle theme baby nursery;0
kids jungle nursery;0
lion king nursery ideas jungle theme;0
king of the jungle nursery;0
jungle leaves nursery;0
lambs and ivy jungle safari nursery;0
jungle leaf nursery;0
jungle leaves baby nursery;0
lion jungle nursery;0
jungle nursery mural ideas;0
jungle nursery mural baby boy;0
jungle nursery mood board;0
jungle nursery mirror;0
modern jungle nursery ideas;0
minimal jungle nursery;0
mexican jungle nursery;0
moody jungle nursery;0
jungle nursery neutral;0
jungle nursery name sign;0
jungle nursery organization tips;0
jungle nursery orange;0
orange and green jungle nursery;0
george of the jungle nursery;0
olive green jungle nursery;0
jungle nursery painting;0
jungle nursery pattern;0
jungle nursery painting canvases;0
jungle nursery panelling;0
jungle nursery pink;0
jungle nursery paint ideas;0
jungle nursery palette;0
jungle nursery quilt;0
jungle nursery room inspiration;0
jungle theme nursery room;0
nursery room design jungle;0
iris apfel jingle jungle rug nursery;0
jungle nursery sign;0
jungle nursery simple;0
jungle nursery small room;0
jungle nursery shelves;0
jungle nursery shelf;0
jungle nursery sage green;0
sage jungle nursery;0
jungle theme nursery name sign;0
jungle nursery theme boy;0
jungle nursery theme neutral;0
jungle nursery theme girl;0
jungle nursery toca boca;0
jungle nursery twins;0
jungle baby nursery theme;0
unisex jungle nursery;0
jungle nursery wallpaper ideas;0
jungle nursery white furniture;0
jungle nursery with plants;0
jungle nursery white crib;0
jungle nursery yellow;0
jungle theme nursery yellow;0
baby boy nursery zoo jungle theme;0
2000s jungle nursery;0
sims 4 jungle nursery;0
forest nursery girl;0
forest nursery boy;0
forest nursery color palette;0
forest nursery ideas boy;0
forest nursery theme boy;0
dark forest nursery;0
forest animal nursery girl;0
girl nursery forest theme;0
green forest baby nursery;0
enchanted forest baby shower theme girl nursery;0
navy blue and forest green nursery;0
forest green nursery accent wall;0
forest animal boy nursery;0
forest nursery aesthetic;0
forest nursery artwork;0
forest nursery accent wall;0
forest nursery animals;0
forest nursery bookshelf;0
forest nursery baby boy;0
forest nursery blue;0
forest nursery boy decor;0
forest nursery baby girl;0
forest nursery bedroom;0
forest nursery color palette ideas;0
forest nursery crafts;0
forest nursery colorful;0
forest nursery changing table;0
forest nursery crochet;0
forest nursery colors;0
forest nursery cross stitch;0
forest nursery chair;0
forest nursery canvas;0
forest nursery diy;0
forest nursery dark green;0
forest nursery decor ideas;0
forest nursery diy ideas;0
forest nursery dark;0
forest nursery design;0
forest nursery dark wood;0
forest nursery decorations;0
forest nursery drawing;0
forest nursery embroidery;0
girls enchanted forest nursery;0
enchanted forest nursery theme rug;0
enchanted forest nursery artwork;0
baby girl nursery enchanted forest;0
enchanted forest themed nursery girl;0
enchanted forest nursery curtains;0
nursery room enchanted forest;0
girl nursery enchanted forest;0
forest nursery for girl;0
forest nursery for boy;0
forest nursery furniture;0
forest nursery gender neutral;0
forest nursery green;0
forest nursery green walls;0
forest nursery girl simple;0
harry potter forest nursery;0
hunting forest nursery;0
forbidden forest nursery harry potter;0
haunted forest nursery;0
forest nursery ideas girl;0
forest nursery ideas gender neutral;0
forest nursery inspiration;0
forest nursery ideas simple;0
baby nursery ideas forest green;0
nursery ideas forest animals;0
mushroom forest nursery ideas;0
layout ideas for forest nursery;0
neutral forest nursery ideas;0
japanese forest nursery;0
kelp forest nursery;0
korok forest nursery;0
forest nursery light fixture;0
forest nursery light;0
lavender forest nursery;0
little boy forest nursery;0
little boy forest nursery ideas;0
light green forest nursery;0
forest green and light blue nursery;0
forest nursery mural diy;0
forest nursery mural wall art;0
forest nursery mushroom;0
forest nursery mural ideas;0
mushroom forest nursery theme;0
magical fairy forest nursery;0
mystical forest baby nursery;0
magical forest nursery girl;0
tree mural nursery forest themes;0
forest nursery neutral;0
forest nursery name sign;0
forest moon of endor nursery;0
forest of endor nursery;0
outdoor nursery ideas forest school;0
burnt orange and forest green nursery;0
nursery garden ideas outdoor play forest school;0
forest ocean nursery;0
olive green nursery boy forest;0
forest nursery painting;0
forest nursery prints;0
forest nursery pink;0
forest nursery paint color;0
forest nursery pictures;0
forest nursery painting ideas;0
forest princess nursery;0
pink and green forest nursery;0
forest painting for nursery;0
baby girl nursery forest animals pink;0
forest nursery quilt;0
forest nursery room ideas;0
forest nursery room design;0
rain forest baby nursery;0
rain forest nursery girl;0
baby boy nursery room forest;0
rain forest nursery theme;0
forest green baby room themed nursery;0
forest nursery simple;0
forest nursery sign;0
forest nursery shelf decor;0
forest nursery shelves;0
simple forest themed nursery;0
forest and space nursery;0
simple forest nursery theme;0
sage green forest animal nursery;0
woodland baby shower theme boy forest animals nursery art;0
forest nursery theme gender neutral;0
forest nursery twins;0
forest nursery theme simple;0
forest nursery theme green;0
forest nursery theme blue;0
baby nursery forest theme girl;0
unisex forest nursery;0
unicorn forest nursery;0
forest nursery vintage;0
vintage forest nursery wallpaper;0
forest vibe nursery;0
vintage forest nursery decor;0
vintage forest baby nursery;0
vintage forest nursery boy;0
vintage forest theme nursery;0
vintage forest green nursery;0
vintage forest friends nursery;0
vintage forest nursery ideas;0
vintage enchanted forest nursery theme;0
vintage forest animal nursery;0
forest nursery wall;0
forest nursery woodland;0
forest nursery wall mural;0
forest nursery watercolor;0
forest nursery white crib;0
forest nursery white furniture;0
forest nursery wall ideas;0
forest nursery whimsical;0
yellow forest nursery;0
forest green and yellow nursery;0
sims 4 forest nursery;0
ocean nursery wall;0
ocean nursery mural;0
ocean nursery baby boy;0
ocean nursery baby girl;0
under the sea baby girl nursery ocean themes;0
baby boy room nursery ocean;0
ocean baby nursery ideas;0
nursery mural ideas ocean;0
sims 4 cc ocean nursery;0
ocean nursery aesthetic;0
ocean nursery artwork;0
ocean nursery accent wall;0
ocean nursery activities;0
ocean animal boy nursery;0
blue and pink ocean nursery;0
arctic ocean nursery;0
ocean and mountain nursery;0
ocean nursery baby boy wallpaper;0
ocean nursery baby boy artwork;0
ocean nursery bookshelf;0
ocean nursery blue walls;0
ocean nursery baby boy paint;0
ocean nursery bedding ideas;0
ocean nursery bedroom;0
ocean nursery color palette;0
ocean nursery crafts;0
ocean nursery colorful;0
ocean nursery crochet;0
ocean nursery colors;0
ocean nursery color scheme;0
ocean nursery collage;0
ocean nursery cross stitch;0
ocean creatures nursery;0
ocean-inspired nursery color palettes;0
ocean nursery diy;0
ocean nursery dark blue;0
ocean nursery diy projects;0
ocean nursery dark;0
ocean nursery dark wood;0
ocean nursery dresser;0
nursery ocean wall decor;0
ocean nursery embroidery;0
ocean explorer nursery;0
elevated ocean nursery;0
ocean nursery for girl;0
ocean nursery furniture ideas;0
ocean paintings for nursery;0
fishing nursery ocean;0
baby name signs for nursery ocean;0
ocean activities for nursery;0
ocean friends nursery;0
diy ocean-themed crafts for nursery;0
diy ocean crafts for nursery;0
ocean nursery gender neutral;0
ocean nursery girl sea theme;0
ocean nursery green;0
girl nursery themes ocean;0
girls nursery ideas ocean;0
grey ocean nursery;0
green ocean themed nursery;0
ocean nursery ideas boy;0
ocean nursery ideas girl;0
ocean nursery ideas themes;0
ocean nursery illustration;0
ocean nursery lighting ideas;0
ocean life baby nursery;0
ocean life nursery;0
ocean sea life nursery;0
little boy nursery ocean;0
light blue ocean nursery;0
ocean nursery mural under the sea;0
ocean nursery mirror;0
nursery murals painted ocean;0
ocean meets sky nursery;0
ocean theme mural nursery;0
ocean nursery neutral;0
ocean nursery name sign;0
ocean nursery name round;0
ocean nursery organization tips;0
ocean nursery octopus;0
ocean nursery paint colors;0
ocean nursery painting;0
ocean nursery pictures;0
ocean nursery pink;0
pink ocean wallpaper nursery;0
ocean-themed nursery printables;0
pottery barn ocean nursery;0
ocean nursery quotes;0
ocean nursery quilt;0
ocean themed nursery quotes;0
ocean nursery room;0
ocean nursery room design;0
ocean nursery room inspiration;0
ocean themed nursery room;0
baby girl nursery room ideas ocean;0
nursery room inspiration boy ocean;0
nursery room ideas ocean;0
under the sea nursery boy babies rooms ocean themes;0
ocean nursery simple;0
ocean nursery shelf decor;0
ocean nursery sign;0
floral elephant nursery decor;0
floral nursery artwork;0
floral nursery design;0
floral nursery girl;0
floral nursery inspiration;0
floral nursery mural;0
floral nursery pictures;0
floral nursery quilt;0
floral nursery wall mural;0
ocean nursery theme boy;0
underwater baby nursery;0
animal nursery boy;0
botanical garden nursery theme;0
botanical nursery art;0
botanical nursery prints;0
botanical nursery rug;0
botanical nursery wall art;0
farm animal baby girl nursery;0
mushroom baby nursery;0
animal craft for nursery;0
animal crossing nursery plants;0
animal crossing plant nursery ideas;0
animal nursery wall;0
baby jungle animal nursery;0
day nursery garden ideas;0
farm animal nursery mobile;0
garden nursery layout;0
ocean animal nursery;0
ocean nursery shelves;0
ocean nursery stickers;0
ocean nursery sims 4;0
ocean nursery shelf;0
ocean nursery’s;0
sea turtle baby nursery ocean themes;0
ocean nursery theme gender neutral;0
ocean nursery theme neutral;0
under the sea nursery ocean animal ideas;0
ocean themed nursery boy under the sea;0
unisex ocean nursery;0
unique nursery themes ocean;0
under sea nursery ocean themes;0
under the ocean nursery;0
unisex nursery ideas ocean;0
ocean underwater nursery;0
vintage ocean boy nursery;0
ocean vibe nursery;0
vintage ocean nursery;0
vintage ocean nursery girl;0
ocean nursery wall paint;0
ocean nursery wall painting;0
ocean nursery wall mural;0
ocean nursery wall ideas;0
yellow ocean nursery;0
yellow ocean themed nursery;0
sims 4 ocean nursery;0
underwater nursery theme girl;0
underwater nursery mural;0
underwater nursery theme wallpaper;0
underwater nursery theme boys;0
underwater nursery boy;0
underwater nursery painting;0
girl underwater nursery;0
nursery ideas underwater;0
boy nursery underwater;0
baby boy underwater nursery;0
underwater mural nursery;0
underwater nursery themes;0
underwater nursery art;0
underwater nursery theme artwork;0
underwater animals nursery;0
underwater nursery baby boy;0
baby girl underwater nursery;0
underwater themed nursery boy;0
underwater theme baby nursery;0
underwater theme nursery baby boy;0
underwater coral nursery;0
underwater wall murals for nursery;0
underwater nursery girl;0
girls underwater nursery;0
underwater themed nursery girl;0
underwater nursery lighting;0
underwater mermaid nursery;0
pink underwater nursery;0
underwater nursery room;0
underwater nursery rug;0
underwater sea nursery;0
underwater theme nursery under the sea;0
nautical underwater nursery theme;0
underwater world nursery;0
floral nursery print;0
baby girl nursery room ideas floral wallpaper;0
pink and green floral nursery;0
baby girl nursery floral rug;0
floral vintage nursery girl;0
baby girl nursery theme floral;0
baby girl neutral floral nursery;0
girl nursery floral stencil;0
floral nursery decor above crib;0
purple floral nursery girl;0
nursery wall decals floral;0
floral nursery accent wall ideas;0
floral nursery accent wall;0
floral nursery aesthetic;0
gold and floral nursery;0
butterfly and floral nursery baby girl;0
white and pink floral nursery;0
antique floral nursery;0
bows and floral nursery;0
floral nursery baby girl;0
floral nursery blue;0
floral nursery blanket;0
floral nursery bedroom;0
non floral baby girl nursery;0
floral nursery chair;0
floral nursery crib;0
floral nursery colorful;0
floral nursery colors;0
cottage floral nursery;0
floral curtain nursery;0
pink floral nursery curtains;0
nursery with floral curtains;0
floral cowgirl nursery;0
baby girl nursery floral colorful;0
floral nursery diy;0
floral nursery dark wood;0
floral nursery dresser;0
floral nursery drapes;0
floral nursery shelf decor;0
elegant floral nursery;0
floral embroidery nursery;0
earthy floral nursery;0
enchanted floral nursery;0
eclectic floral nursery;0
earth tone floral nursery;0
floral nursery for girl;0
floral nursery for boy;0
floral nursery green;0
floral nursery grey crib;0
floral nursery green and pink;0
floral hoop wreath nursery above crib;0
hanging floral nursery;0
highland cow floral nursery;0
hobby lobby floral nursery;0
floral wallpaper half wall nursery;0
hand painted floral wall nursery;0
hand painted floral nursery;0
floral wall hanging nursery;0
floral nursery ideas girl;0
floral nursery ideas decor;0
floral nursery ideas blue;0
floral nursery room inspiration;0
floral inspired nursery;0
floral nursery wallpaper ideas;0
floral nursery wall art ideas;0
baby girl floral nursery room ideas;0
floral nursery light fixture;0
lilac floral nursery;0
light blue floral baby nursery;0
light pink and floral nursery;0
light pink floral nursery ideas;0
light pink floral nursery;0
light green floral nursery;0
grandeco liberty floral bunny trail nursery textured wallpaper pink;0
light pink floral wallpaper nursery;0
light floral nursery;0
light purple floral nursery;0
floral nursery mural diy;0
floral nursery mirror;0
floral nursery mood board;0
floral mural wallpaper nursery;0
moody nursery floral;0
baby girl nursery floral mural;0
nursery murals painted floral;0
floral mauve nursery;0
diy floral mobile nursery;0
floral nursery name sign designs;0
floral nursery neutral;0
green and orange floral nursery;0
olive green and floral nursery;0
orange floral nursery;0
old floral nursery;0
burnt orange floral nursery;0
floral nursery painting;0
floral nursery purple;0
floral nursery photoshoot;0
floral nursery pillow;0
floral nursery pink and green;0
soft pink nursery floral;0
floral nursery room;0
floral nursery room ideas;0
blue floral rug nursery;0
girl nursery floral rug;0
baby girl nursery with floral rug;0
floral nursery simple;0
small floral wallpaper nursery;0
southern floral nursery;0
floral sage green nursery;0
simple vintage floral nursery;0
name signs for nursery floral;0
sage green and floral nursery;0
floral nursery theme girl;0
nursery themes floral;0
floral theme baby nursery;0
winnie the pooh floral nursery;0
girls nursery themes floral;0
twin girl nursery ideas floral;0
vintage floral nursery design tips;0
vintage floral nursery theme;0
floral themed nursery girl rooms;0
ideas for using floral wallpaper in a nursery;0
floral nursery vintage;0
vintage floral nursery purple;0
girls nursery vintage floral;0
nursery ideas vintage floral;0
vintage pink floral nursery;0
girl nursery ideas floral vintage;0
vintage floral nursery rug;0
floral nursery with panelling;0
floral nursery wall painting;0
floral nursery with dark furniture;0
floral nursery with black crib;0
floral nursery wallpaper pink;0
floral nursery yellow;0
yellow floral wallpaper nursery;0
yellow and pink floral nursery;0
yellow and green floral nursery;0
yellow floral nursery ideas;0
yellow and floral nursery;0
yellow green floral nursery;0
yellow floral baby girl nursery;0
blue and yellow floral nursery;0
yellow nursery floral accent ideas;0
vintage yellow floral nursery;0
yellow floral nursery girl;0
70s floral nursery;0
botanical nursery girl;0
botanical nursery boy;0
botanical nursery mural;0
dark botanical nursery;0
girl botanical nursery;0
nursery botanical prints;0
vintage botanical nursery girl;0
botanical butterfly nursery;0
botanical girls nursery;0
botanical nursery decor ideas;0
botanical flower nursery;0
floral botanical nursery;0
girls botanical nursery;0
sage green botanical nursery;0
gender neutral botanical nursery;0
botanical baby girl nursery;0
baby girl nursery themes botanical;0
botanical garden baby nursery;0
green botanical nursery;0
botanical theme nursery girl;0
botanical baby nursery ideas;0
botanical inspired nursery;0
nursery room inspiration botanical;0
moody botanical nursery;0
botanical nursery neutral;0
purple botanical nursery;0
pink botanical nursery;0
simple botanical nursery;0
soft botanical nursery;0
baby nursery botanical theme;0
vintage botanical nursery;0
botanical woodland nursery;0
whimsical botanical nursery;0
mushroom nursery girl;0
mushroom nursery art;0
mushroom nursery boy;0
mushroom nursery mural;0
mushroom nursery theme girl;0
mushroom nursery wall art;0
mushroom nursery room;0
mushroom nursery theme inspiration;0
whimsical nursery mushroom;0
boy nursery ideas mushroom;0
mushroom snail nursery;0
boy nursery mushroom;0
creamy mushroom nursery;0
woodsy mushroom nursery;0
mushroom and butterfly nursery;0
mushroom and frog nursery;0
mushroom and fairy nursery;0
bug and mushroom nursery;0
fox and mushroom nursery;0
mushroom themed nursery boy;0
mushroom themed baby nursery;0
baby girl mushroom nursery;0
baby girl nursery mushroom theme;0
mushroom brown nursery;0
mushroom butterfly nursery;0
mushroom fairy baby nursery;0
mushroom nursery theme boy;0
mushroom paint color nursery;0
mushroom color nursery;0
cottage core nursery mushroom;0
forest cottage nursery mushroom;0
mushroom cottage nursery;0
mushroom nursery diy;0
mushroom mobile nursery diy;0
enchanted forest nursery mushroom;0
mushroom nursery furniture;0
mushroom forest themed nursery;0
mushroom fairy nursery theme;0
forest mushroom baby nursery;0
mushroom for nursery;0
girl nursery ideas mushroom;0
mushroom girls nursery;0
gender neutral nursery mushroom;0
mushroom themed nursery girl;0
mushroom garden nursery;0
mushroom gnome nursery;0
girly mushroom nursery;0
mushroom baby nursery ideas;0
mushroom inspired nursery;0
mushroom nursery lamp;0
mushroom nursery mobile;0
mushroom nursery painting;0
mushroom nursery print;0
purple mushroom nursery;0
pink mushroom nursery;0
red mushroom nursery;0
woodland mushroom nursery theme;0
vintage mushroom nursery;0
mushroom nursery wall;0
wildflower mushroom nursery;0
woodland mushroom baby nursery;0
whimsical woodland mushroom nursery;0
woodland mushroom nursery girl;0
animal nursery girl;0
animal nursery theme neutral;0
animal nursery theme girl;0
animal nursery mural;0
baby animal nursery theme girl;0
farm animal baby room nursery ideas;0
baby animal theme nursery;0
animal nursery activities;0
animal nursery activity;0
animal nursery art ideas;0
animal nursery artwork ideas;0
animal nursery aesthetic;0
animal nursery blue;0
animal nursery baby boy;0
animal nursery baby girl;0
beige animal nursery;0
baby animal nursery green;0
animal nursery colorful;0
animal nursery color scheme ideas;0
colorful animal themed nursery;0
animal crossing tree nursery;0
cute nursery animal;0
cute animal painting nursery;0
farm animal nursery colors;0
animal nursery decor ideas;0
animal nursery diy;0
animal nursery drawing;0
bloxburg nursery animal decals;0
nursery dresser animal knobs;0
nursery animal drawer knobs;0
animal nursery embroidery;0
exotic animal nursery;0
easy animal paintings for nursery;0
earthy animal nursery;0
animal nursery for girl;0
animal nursery for boy;0
felt animal nursery;0
farm animal nursery for boy;0
animal poems for kids nursery rhymes;0
farm animal nursery boy;0
worksheet animal for nursery;0
animal nursery gender neutral;0
animal nursery green;0
boho animal girl nursery;0
gender neutral baby animal nursery;0
baby girl wild animal nursery;0
farm animal nursery theme girl;0
baby girl nursery room ideas animal;0
baby nursery animal heads;0
wicker animal head nursery;0
hunting animal nursery;0
fiona walker animal heads nursery;0
plush animal head mounts nursery;0
nursery animal hospital;0
stuffed animal hammock nursery;0
animal nursery ideas girl;0
animal nursery illustration;0
animal nursery ideas neutral;0
animal nursery ideas boy;0
animal nursery inspiration;0
animal-themed nursery room inspiration;0
animal jungle nursery;0
jungle animal painting nursery;0
jungle animal wallpaper nursery;0
jungle animal nursery mural;0
animal baby nursery jungle theme wall decals;0
jungle animal boy nursery;0
disney animal kingdom nursery;0
animal kingdom theme nursery;0
animal drawing for nursery kids;0
animal worksheet for nursery kids;0
animal kingdom nursery ideas;0
animal nursery rhymes for kids;0
animal activity for nursery kids;0
little boy nursery ideas woodland animal;0
animal-themed nursery lamp ideas;0
light green animal nursery;0
little animal nursery;0
hobby lobby animal nursery;0
light blue animal nursery;0
large giraffe stuffed animal nursery;0
animal print letters nursery;0
animal nursery mobile ideas;0
animal nursery minecraft;0
animal picture matching nursery;0
woodland animal mural nursery;0
modern animal nursery theme;0
mountain animal nursery theme;0
nursery animal mural ideas;0
safari animal nursery mural;0
animal nursery neutral;0
orange animal nursery;0
ocean animal nursery art;0
ocean animal nursery girl;0
stuffed animal organization nursery;0
ocean animal nursery theme;0
outdoor animal nursery;0
olive green animal nursery;0
ocean animal themed nursery;0
ocean animal nursery ideas;0
animal nursery painting;0
animal nursery pink;0
animal nursery painting ideas;0
nursery animal wall painting;0
pink animal theme nursery;0
animal nursery room inspiration;0
animal nursery room ideas;0
boy nursery animal rug;0
stuffed animal net nursery;0
pink safari animal nursery;0
sea animal nursery theme boy;0
sports and animal nursery;0
sea animal nursery theme;0
animal sport theme nursery;0
nursery stuffed animal storage ideas;0
nursery shark animal;0
animal nursery theme boy;0
animal nursery theme sage green;0
animal nursery theme colorful;0
animal nursery theme gender neutral;0
animal nursery theme neutral wallpaper;0
animal nursery theme blue;0
animal nursery theme ideas;0
animal nursery theme green;0
animal nursery theme vintage;0
unisex nursery themes animal;0
unisex nursery animal;0
animal-themed unisex nursery ideas;0
animal nursery vintage;0
vintage animal art nursery;0
vintage stuffed animal nursery;0
vintage animal themed nursery;0
vintage animal boy nursery;0
vintage animal nursery theme;0
vintage animal nursery decor;0
vintage animal nursery wallpaper;0
farm animal vintage nursery;0
vintage animal nursery ideas;0
animal nursery wall painting;0
animal nursery watercolor;0
black and white baby animal nursery;0
baby wild animal nursery;0
water animal nursery;0
wild animal nursery activity;0
animal nursery yellow;0
yellow nursery animal theme ideas;0
animal themed nursery yellow;0
zoo animal baby nursery ideas;0
baby zoo animal nursery theme;0
zoo animal themed nursery ideas;0
baby boy zoo animal nursery;0
zoo animal nursery wallpaper;0
zoo animal nursery theme boy;0
sage green zoo animal nursery;0
girl zoo animal nursery;0
sims 4 animal nursery cc;0
sims 4 animal nursery;0
garden nursery girl;0
garden nursery ideas plants;0
garden nursery boy;0
garden nursery photoshoot;0
garden nursery theme baby girl;0
garden nursery aesthetic;0
nursery baby garden ideas eyfs;0
flower garden nursery baby girl;0
outdoor garden nursery ideas;0
whimsical garden themed nursery;0
garden nursery floor plan;0
garden girl nursery ideas;0
colorful garden nursery;0
nursery baby room garden;0
girl nursery theme garden;0
garden nursery art;0
garden nursery activities;0
garden nursery accessories;0
starting a nursery garden;0
fairy garden nursery art;0
garden ideas for a nursery;0
acnh nursery garden;0
bear nursery blanket;0
bear nursery decals;0
bear nursery decor girl;0
bear nursery girl;0
garden nursery set up;0
garden nursery signage;0
garden nursery theme girl;0
garden nursery website;0
nursery garden logo design;0
vegetable garden baby nursery;0
baby girl deer nursery;0
bear nursery for boy;0
bear nursery inspiration;0
bear nursery wall;0
bear themed nursery for boy;0
deer nursery boy;0
deer nursery girl;0
moose and bear nursery decor;0
plush deer head nursery;0
baby boy deer themed nursery;0
bunny baby girl nursery;0
bunny nursery artwork;0
fox and bear nursery;0
fox baby girl nursery;0
fox mobile nursery;0
fox nursery boy;0
fox nursery girl;0
fox nursery room;0
fox themed nursery girl;0
girl fox nursery;0
garden area nursery;0
garden animal nursery;0
nursery garden activity ideas;0
round and round the garden nursery rhyme activities;0
garden nursery baby girl;0
garden nursery background;0
garden nursery branding;0
garden nursery banner;0
berry garden nursery;0
bamboo nursery garden;0
garden nursery color palette;0
garden nursery curtains;0
cozy garden nursery;0
plant nursery ideas display garden centre;0
nursery garden couple photoshoot;0
nursery garden caption;0
cute accessories for fairy garden nursery;0
garden nursery drawing;0
garden nursery decor ideas;0
garden nursery diy;0
garden nursery displays;0
garden nursery display ideas;0
fairy garden nursery theme diy;0
diy garden nursery ideas;0
garden nursery family photoshoot;0
garden nursery facility drawing;0
garden nursery facility layout;0
garden nursery for girl;0
garden for nursery;0
fairy garden nursery theme girl;0
fairy garden nursery theme simple;0
garden theme for nursery;0
fantasy garden nursery;0
garden nursery gender neutral;0
garden nursery girl blue;0
nursery house garden;0
garden nursery ideas green houses;0
home nursery garden ideas;0
heirloom garden nursery;0
at home garden nursery;0
garden nursery inspiration;0
garden nursery ideas girl;0
garden nursery instagram;0
garden theme nursery ideas;0
garden inspired nursery baby rooms;0
nursery garden ideas outdoor play mud kitchen;0
kids garden nursery;0
garden nursery layout drawing;0
garden nursery layout ideas;0
nursery garden landscape;0
layout of nursery facility garden;0
nursery facilities garden layout;0
layout of nursery garden;0
nursery garden layout plan;0
garden nursery mural;0
garden nursery maternity pictures;0
garden nursery mobile;0
nursery garden social media post;0
mini garden nursery;0
garden themed nursery mural;0
moody garden nursery;0
magical fairy garden nursery;0
mauve garden nursery;0
mystical garden nursery;0
modern garden nursery;0
garden nursery outfit;0
garden nursery organization;0
garden of eden baby nursery;0
outside nursery garden;0
octopus garden nursery;0
garden of eden themed nursery;0
nursery garden ideas outdoor play small world;0
garden nursery painting;0
garden nursery photos;0
garden nursery pink;0
garden nursery purple;0
nursery garden post;0
garden party nursery theme;0
garden nursery room;0
rose garden themed nursery;0
dusty rose garden nursery;0
peter rabbit garden nursery;0
garden nursery shop;0
garden nursery store;0
garden nursery stands;0
simple nursery garden;0
nursery garden snap;0
nursery garden shoot;0
garden nursery theme gender neutral;0
garden nursery theme boy;0
garden nursery theme pink;0
garden themed nursery girl;0
nursery garden set up ideas;0
nursery garden set ups;0
garden set up nursery;0
garden set up for nursery;0
urban nursery garden;0
garden nursery video;0
vintage garden theme nursery;0
garden vintage nursery ideas;0
vintage garden baby girl nursery;0
veggie garden baby nursery;0
vintage garden baby nursery;0
vintage garden nursery girl;0
vegetable nursery garden;0
vegetable garden theme nursery;0
garden nursery wall decor;0
garden nursery wedding;0
garden nursery wall art;0
garden nursery wall;0
whimsy garden nursery;0
whimsical garden girl nursery;0
fairy garden whimsical nursery ideas;0
wild flower garden nursery;0
whimsical garden baby nursery;0
early years nursery garden;0
thank you card for nursery garden;0
yellow garden nursery;0
sims 4 garden nursery;0
bear nursery boy;0
bear nursery theme boys;0
bear nursery theme girl;0
sporty bear nursery;0
vintage baseball bear nursery;0
nursery room bear;0
bear nursery artwork;0
bear nursery aesthetic;0
airplane bear nursery;0
going on a bear hunt nursery;0
aviation bear nursery;0
bear and clouds theme nursery;0
hot air balloon and bear nursery;0
bear nursery blue;0
bear nursery boy blue;0
bear nursery baby boy;0
bear nursery boy green;0
bear nursery boy sports;0
bear nursery color schemes;0
bear nursery cross stitch;0
bear cub nursery theme;0
little bear cartoon nursery theme;0
coastal bear nursery;0
colorful bear nursery;0
cute bear themed nursery;0
courderoy bear nursery;0
bear nursery diy projects;0
bear nursery drawing;0
bear nursery diy;0
disney brother bear nursery;0
diy pooh bear nursery ideas;0
bear nursery room design;0
nursery bear wall decor;0
bear nursery embroidery;0
embroidered bear nursery;0
elevated bear nursery;0
west elm bear basket nursery;0
bear nursery for girl;0
bear photos for nursery;0
bear nursery theme woodland forest;0
bear nursery gender neutral;0
bear nursery green;0
bear nursery gift ideas;0
vintage bear nursery green;0
pooh bear baby girl nursery;0
ralph lauren golf bear nursery;0
bear and honey nursery;0
we’re going on a bear hunt nursery;0
bear in the big blue house nursery;0
nursery take home bear;0
bear hot air balloon nursery;0
honey bear themed nursery;0
bear hunt nursery;0
bear nursery illustration;0
bear nursery ideas boy;0
bear nursery ideas girl;0
little bear inspired nursery;0
blue jean bear nursery;0
koala bear themed nursery;0
kuala bear baby nursery;0
nursery little bear;0
little bear themed nursery;0
ralph lauren nursery bear;0
ralph lauren bear theme nursery;0
little boy bear nursery;0
maurice sendak little bear nursery;0
bear nursery mural;0
bear on the moon nursery;0
bear and mountain nursery;0
bear themed nursery mural;0
teddy bear mural nursery;0
bear nursery neutral;0
bear nursery name sign;0
original pooh bear nursery;0
old bear nursery;0
old school pooh bear nursery;0
olive green bear nursery;0
old pooh bear nursery;0
oooh bear nursery;0
bear nursery photos;0
bear nursery poster;0
blue pooh bear nursery;0
peeking bear nursery;0
polo bear boy nursery;0
bear nursery room;0
bear nursery room ideas;0
polo bear nursery boy rooms;0
bear nursery sign;0
bear nursery sage green;0
bear nursery sketch;0
smoky bear nursery;0
sleepy bear nursery;0
bear nursery theme gender neutral;0
bear nursery theme blue;0
bear nursery theme green;0
bear nursery theme ideas;0
unisex bear nursery;0
bear nursery vintage;0
vintage baby boy bear nursery;0
vintage bear nursery girl;0
bear nursery watercolor;0
bear nursery wall decals;0
bear nursery with blue;0
woodlands bear nursery;0
bear nursery yellow;0
yellow pooh bear nursery;0
yogi bear nursery;0
sims 4 bear nursery;0
sims 4 bear nursery cc;0
bear themed nursery sims 4;0
deer nursery theme;0
deer nursery ideas boy;0
deer nursery for girl;0
deer nursery painting;0
deer nursery theme girl;0
deer nursery theme boy;0
deer nursery sign;0
baby boy nursery deer hunting theme;0
boy nursery deer hunting theme;0
deer mount baby nursery;0
deer theme baby nursery;0
boys nursery deer theme;0
little boy nursery deer;0
deer hide rug nursery;0
deer nursery print;0
deer and fish nursery;0
deer antlers in nursery;0
essential items for a deer nursery;0
deer antler nursery boy;0
deer nursery wall art;0
deer antler nursery girl;0
baby boy nursery duck and deer;0
deer and turkey nursery;0
wildflower and deer nursery;0
deer and duck nursery ideas;0
bear and deer nursery;0
deer nursery baby boy;0
boy deer themed nursery;0
boy nursery deer head;0
nursery baby deer;0
camo deer nursery;0
deer illustration cute nursery art;0
country boy nursery deer;0
deer duck fish nursery;0
forest deer nursery;0
deer painting for nursery;0
fox bear deer nursery;0
deer nursery gender neutral;0
girly deer nursery;0
sage green deer nursery;0
woodland deer nursery girl;0
baby girl nursery deer theme;0
deer theme nursery girl;0
deer themed girl nursery;0
deer nursery ideas boy green;0
deer head in nursery;0
deer hunting boy nursery;0
deer hunter baby nursery;0
baby boy deer hunting nursery;0
deer nursery ideas girl;0
baby nursery ideas deer;0
nursery ideas deer theme;0
john deer themed nursery;0
john deer nursery theme;0
john deer baby nursery;0
john deer nursery;0
little deer nursery;0
deer nursery mural;0
stuffed deer mount nursery;0
boy nursery deer mount;0
nursery deer mount;0
bear moose deer nursery;0
nursery with deer mount;0
deer mount in nursery;0
mallard duck and deer nursery;0
deer skull mount nursery;0
oh deer nursery;0
oh deer baby girl nursery;0
oh deer nursery theme;0
deer nursery picture;0
deer pictures nursery;0
baby deer painting nursery;0
purple deer nursery;0
deer print girl nursery;0
deer print rug nursery;0
deer nursery room;0
rustic deer-themed nursery ideas;0
baby boy nursery room ideas deer;0
baby girl nursery room ideas deer;0
nursery name sign deer;0
stuffed deer head nursery;0
southern boy nursery deer;0
sylvanian deer nursery;0
deer skull in nursery;0
baby name signs for nursery deer;0
deer skull nursery boy;0
vintage deer baby nursery;0
vintage hunting nursery deer;0
vintage deer nursery;0
vintage duck and deer nursery;0
nursery with deer;0
woodsy nursery deer;0
deer woodland nursery boy;0
boy nursery with deer;0
baby boy nursery with deer head;0
fox nursery painting;0
baby nursery fox theme;0
fox theme nursery boy;0
fox art for nursery;0
fox nursery aesthetic;0
forest fox nursery;0
fox drawing baby nursery art;0
fantastic mr fox aesthetic nursery;0
fox and hound nursery;0
fox and the hound themed nursery;0
magnolia fox and hare wallpaper nursery;0
fox baby girl nursery room ideas;0
the boy the mole the fox the horse nursery;0
baby boy fox nursery room ideas;0
the boy the mole the fox and the horse nursery;0
fox baby nursery boy rooms;0
cute fox nursery;0
pink fox baby nursery decor;0
nursery fox drawing;0
fox nursery embroidery;0
english fox hunt nursery;0
green fox nursery;0
fox group nursery;0
baby girl nursery fox theme;0
girl nursery fox theme;0
gender neutral fox nursery;0
fox themed nursery gender neutral;0
fox and the hound nursery ideas;0
fox hunt themed nursery;0
fox and the hound nursery theme;0
fox and the hound baby nursery;0
the boy, the fox, the mole and the horse nursery;0
fox inspired nursery;0
fox illustration nursery;0
nursery ideas fox theme;0
fantastic mr. fox nursery;0
fantastic mr fox themed nursery;0
moody fox nursery;0
fantastic mr fox nursery baby rooms;0
mabel and fox nursery;0
fox and moon nursery;0
orange fox nursery;0
fox and owl themed nursery;0
watercolor fox painting woodland nursery;0
vintage fox nursery;0
woodland fox theme nursery;0
watercolor fox nursery;0
bunny nursery girl;0
bunny nursery theme girl;0
bunny nursery boy;0
bunny nursery painting;0
bunny nursery theme pink;0
bunny baby nursery theme;0
bunny baby themed nursery;0
nursery rhymes bunny;0
neutral bunny themed nursery;0
bunny and duckling nursery;0
baby girl nursery goose and bunny;0
nursery baby bunny;0
bunny nursery art free printable;0
bunny nursery art drawings;0
bunny nursery aesthetic;0
bunny nursery art wall decals;0
bunny nursery art print;0
duck and bunny nursery;0
wildflower and bunny nursery;0
bunny nursery baby girl;0
bunny nursery blue;0
bunny nursery cross stitch;0
bunny nursery crib;0
bunny cottage nursery;0
cute bunny nursery;0
crochet nursery bunny;0
sims 4 bunny nursery cc;0
cute bunny nursery art;0
bunny illustration cute nursery prints;0
bunny nursery decor inspiration;0
bunny nursery drawing;0
nursery room design bunny;0
diy bunny nursery decor;0
baby bunny drawing nursery prints;0
bunny mobile nursery diy;0
floppy eared bunny nursery;0
bunny and elephant nursery;0
nursery embroidery bunny;0
elegant bunny nursery;0
bunny nursery for girl;0
baby girl nursery floral and bunny;0
floral bunny nursery;0
bunny forest nursery;0
bunny and flower nursery;0
must-have items for a bunny nursery;0
floral and bunny nursery;0
bunny nursery girl room decor;0
bunny nursery gender neutral;0
bunny nursery green;0
bunny nursery theme green;0
baby girl nursery room bunny;0
bunny themed girl nursery;0
bunny girl nursery ideas;0
vintage bunny baby girl nursery;0
bunny nursery ideas girl;0
bunny nursery illustration;0
boy nursery ideas bunny;0
nursery ideas vintage bunny;0
baby boy nursery room ideas bunny;0
nursery room inspiration bunny;0
baby girl nursery ideas bunny;0
bunny-themed nursery decor ideas;0
jellycat bunny nursery;0
lavender bunny nursery;0
lamb and bunny nursery;0
some bunny loves you nursery;0
lola bunny nursery;0
light pink bunny nursery;0
bunny nursery mural;0
modern bunny nursery;0
bunny meadow nursery;0
bunny and moon nursery;0
bunny nursery neutral;0
bunny nursery name sign;0
pink bunny nursery art;0
personalized bunny nursery wall art;0
vintage bunny nursery pink;0
pink bunny baby nursery;0
bunny princess nursery;0
pink bunny nursery girl rooms;0
bunny nursery room;0
runaway bunny nursery;0
bunny rabbit girl nursery;0
bunny baby room themed nursery;0
bunny nursery sign;0
sage green bunny nursery;0
simple bunny nursery;0
sweet bunny nursery;0
bunny shelf nursery;0
snow bunny nursery;0
bunny stencil nursery;0
swan and bunny nursery;0
duck nursery artwork;0
mermaid nursery print;0
nursery rhymes baby shark;0
baby boy giraffe nursery;0
baby elephant nursery;0
baby elephant nursery decor;0
baby giraffe nursery art;0
baby girl giraffe nursery;0
baby mermaid nursery;0
baby nursery giraffe theme;0
elephant nursery boy;0
elephant nursery girl;0
elephant themed nursery boy;0
free printable elephant nursery art;0
giraffe baby nursery ideas;0
giraffe nursery boy;0
giraffe nursery drawing;0
giraffe nursery girl;0
little mermaid baby nursery;0
mermaid themed baby nursery;0
pink mermaid nursery;0
strawberry bunny nursery;0
bunny nursery theme boy;0
bunny nursery theme gender neutral;0
bunny nursery theme ideas;0
bunny nursery theme purple;0
bunny nursery vintage;0
vintage bunny nursery art;0
vintage bunny and goose nursery;0
vintage bunny girl nursery;0
vintage bunny nursery theme;0
vintage bunny nursery wallpaper;0
vintage bunny baby nursery;0
vintage bunny themed nursery;0
bunny nursery wall;0
watercolor bunny nursery;0
bunny wildflower nursery;0
yellow bunny nursery;0
goose nursery girl;0
goose nursery boy;0
goose nursery theme girl;0
goose nursery ideas;0
goose nursery painting;0
goose nursery theme boy;0
goose nursery print;0
boy nursery goose;0
girl nursery silly goose;0
goose and duck nursery;0
nursery ideas mother goose;0
vintage mother goose nursery theme;0
sage green goose nursery girl;0
goose themed girls nursery;0
goose nursery collage;0
mother goose nursery rhyme birthday;0
silly goose nursery theme girl;0
goose nursery artwork;0
goose nursery aesthetic;0
goose nursery art girl;0
yellow and green goose nursery;0
a silly goose nursery;0
mother goose nursery rhymes activities;0
pink and sage goose nursery;0
bear and goose nursery;0
pink and green nursery goose;0
goose nursery blue;0
goose nursery boy blue;0
goose nursery baby girl;0
goose nursery banner;0
goose nursery blanket;0
mother goose baby nursery;0
goose baby nursery coloring page;0
goose nursery cross stitch;0
goose nursery crochet;0
goose nursery colorful;0
goose nursery curtains;0
cottage core goose nursery;0
mother goose costume diy nursery rhymes;0
cute goose nursery;0
cowboy goose nursery;0
coquette goose nursery;0
goose nursery drawing;0
goose nursery diy;0
goose nursery decals;0
goose nursery embroidery;0
goose nursery for girl;0
goose nursery for boy;0
goose print for nursery;0
goose art for nursery;0
goose and flower nursery;0
mother goose nursery rhymes free printables;0
goose for nursery;0
flying goose nursery;0
vintage floral goose nursery;0
frog and goose nursery;0
goose nursery girl pink;0
goose nursery gender neutral;0
goose nursery green;0
goose nursery gallery wall;0
goose nursery girl blue;0
goose nursery girl art;0
goose nursery garland;0
goose nursery girl green;0
goose nursery girl purple;0
goose nursery hanging;0
goose hunting nursery;0
goose and hot air balloon nursery;0
hobby lobby goose nursery;0
goose nursery ideas girl;0
mother goose nursery rhymes baby shower ideas;0
goose baby nursery ideas;0
i love you silly goose nursery;0
boy nursery ideas goose;0
vintage goose nursery ideas;0
girl nursery ideas mother goose;0
baby boy nursery room ideas goose;0
nursery room inspiration silly goose;0
nursery illustration goose;0
mother goose nursery rhymes crafts for kids;0
lavender nursery baby girl the graceful goose | super soft, personalized baby blankets;0
little goose baby nursery;0
silly little goose girl nursery;0
little boy goose nursery;0
silly goose on the loose nursery;0
goose lamp nursery;0
silly little goose nursery theme;0
light blue goose nursery;0
little goose nursery;0
goose and lamb nursery;0
little goose nursery theme;0
goose nursery mural;0
mother goose nursery wallpaper;0
mother goose nursery vintage;0
baby girl mother goose nursery;0
goose nursery name sign;0
goose nursery neutral;0
one silly goose nursery;0
old mother goose nursery;0
old school goose nursery ideas;0
goose nursery picture;0
goose nursery pink and green;0
goose nursery photo;0
silly goose painting nursery;0
vintage goose nursery pink;0
pink goose nursery theme;0
goose nursery quilt;0
goose nursery room;0
goose nursery rug;0
goose nursery rocker;0
silly goose nursery rug;0
silly goose nursery room;0
rustic goose nursery;0
goose nursery sign;0
sage green goose nursery;0
girl nursery themes silly goose;0
silly goose girls nursery;0
storybook goose nursery;0
goose nursery theme vintage;0
goose nursery theme gender neutral;0
goose nursery theme blue;0
goose nursery theme pink;0
goose nursery theme yellow;0
goose nursery vintage;0
vintage goose nursery wallpaper;0
vintage nursery girl goose;0
vintage goose boy nursery;0
vintage goose nursery art;0
silly goose vintage nursery;0
baby boy vintage goose nursery;0
goose nursery wall;0
goose nursery watercolor;0
silly goose nursery wall;0
white goose nursery;0
silly goose nursery wallpaper;0
goose nursery yellow;0
yellow silly goose nursery;0
blue and yellow goose nursery;0
pink and yellow goose nursery;0
butter yellow goose nursery;0
sims 4 goose nursery;0
90s goose nursery;0
duck nursery boy;0
duck nursery girl;0
duck nursery theme boy;0
duck nursery painting;0
duck nursery gender neutral;0
boys mallard duck nursery;0
duck and dog nursery;0
green and pink duck nursery;0
mallard duck nursery paint;0
duck nursery quilt;0
duck vintage nursery;0
girl nursery duck;0
millard duck nursery;0
duck gender neutral nursery;0
duck nursery aesthetic;0
duck nursery accent wall;0
duck nursery art boy;0
duck and golden retriever nursery;0
frog and duck nursery;0
mallard duck nursery wall art;0
duck nursery blue;0
duck nursery boy green;0
duck nursery baby boy;0
duck nursery boy blue;0
duck nursery boy wall decor;0
duck nursery baby girl;0
southern boy nursery duck;0
mallard duck nursery bedding;0
duck nursery cross stitch;0
duck nursery curtains;0
duck nursery color palette ideas;0
duck nursery white crib;0
cute duck nursery;0
duck camp nursery;0
camo duck nursery;0
how to choose a duck nursery theme;0
duck craft for nursery;0
mallard duck nursery collage;0
duck camo boy nursery;0
mallard duck and camo nursery;0
duck nursery decor inspiration;0
duck nursery drawing;0
duck nursery decals;0
duck nursery door hanger;0
duck nursery embroidery;0
duck egg nursery baby;0
duck egg blue baby nursery;0
duck egg blue girls nursery;0
duck egg and pink nursery;0
mallard duck nursery embroidery;0
baby boy nursery duck egg blue;0
duck egg blue and pink nursery;0
duck egg nursery girl;0
duck egg blue nursery girl;0
duck nursery for girl;0
duck nursery for boy;0
duck nursery furniture options;0
mallard duck painting for nursery;0
duck themed nursery for girl;0
fish & duck nursery theme;0
duck nursery green;0
duck nursery girl pink;0
duck nursery gallery wall;0
girl duck themed nursery;0
baby girl nursery duck;0
green duck theme nursery;0
green vintage duck nursery;0
duck nursery hunting;0
duck hunting nursery mural;0
duck hunter nursery theme;0
hunter green duck nursery;0
boy nursery ideas duck hunting;0
duck hunter baby nursery;0
duck hunter nursery;0
boy nursery duck hunting;0
hunting dog and duck nursery;0
mallard duck nursery door hanger;0
duck nursery ideas boy;0
duck nursery illustration;0
yellow duck nursery ideas;0
diy duck nursery ideas;0
boy nursery ideas duck theme;0
mallard duck nursery ideas;0
baby girl nursery room ideas duck;0
jemima duck nursery;0
duck nursery lamp;0
little duck nursery;0
little boy duck hunting nursery;0
light blue mallard duck nursery;0
duck hunter nursery little boys;0
lucky duck nursery;0
light green duck nursery;0
black lab and duck nursery;0
little duck nursery theme;0
duck and lab nursery;0
ralph lauren duck nursery;0
little boy nursery duck;0
duck nursery mural;0
duck nursery mallard;0
mallard duck nursery diy;0
mallard duck nursery room;0
mallard duck nursery blue;0
duck nursery name sign;0
duck nursery neutral;0
duck nursery organization tips;0
old duck nursery;0
old school duck nursery;0
old money duck nursery;0
old money mallard duck nursery;0
mallard duck nursery olive green;0
oregon duck nursery;0
old duck camo nursery;0
duck nursery picture;0
duck nursery poster;0
vintage duck print nursery;0
beatrix potter nursery duck;0
mallard duck painting nursery;0
mallard duck nursery quilt;0
duck nursery room;0
duck nursery rug;0
runner duck nursery;0
duck themed nursery rug;0
vintage duck nursery rug;0
nursery room design duck;0
rubber duck nursery boy;0
duck nursery sign;0
duck nursery shelves;0
duck nursery’s;0
simple mallard duck nursery;0
mallard duck nursery shelf;0
subtle duck nursery;0
duck themed nursery sign;0
name signs for nursery duck;0
duck themed nursery name sign;0
sage green mallard duck nursery;0
duck nursery theme girl;0
duck nursery theme gender neutral;0
duck nursery theme yellow;0
duck nursery twins;0
duck themed nursery boy;0
donald duck themed nursery;0
baby girl nursery duck theme;0
duck nursery vintage;0
vintage duck wallpaper nursery;0
vintage white duck nursery;0
vintage duck girl nursery;0
boy vintage duck nursery;0
vintage baby nursery duck;0
vintage duck themed nursery;0
duck nursery wall decor;0
duck nursery wall art ideas;0
duck nursery wall;0
whimsical duck nursery;0
baby boy wood duck nursery;0
wood duck baby nursery;0
duck nursery yellow;0
duck theme nursery yellow;0
yellow duck nursery girl;0
butter yellow duck nursery;0
yellow duck nursery boy;0
pink and yellow duck nursery;0
yellow duck baby nursery;0
sims 4 duck nursery;0
shark nursery baby boy;0
shark nursery ideas;0
shark nursery theme girl;0
shark nursery art;0
shark nursery boy;0
shark nursery theme boy;0
shark nursery name sign;0
shark nursery painting;0
shark themed nursery boy;0
baby nursery shark;0
whale shark themed nursery;0
baby boy shark theme nursery;0
ocean shark nursery;0
baby shark kid nursery rhyme song;0
baby shark + wheels on the bus song - soccer ball shaped wheels - baby nursery rhymes & kids songs;0
baby shark funny song kids nursery rhyme turtle int;0
shark theme baby nursery;0
baby boy nursery room ideas shark;0
shark baby nursery room decor;0
baby shark cocomelon nursery rhyme;0
nursery shark drawing;0
girl shark nursery;0
shark themed nursery girl;0
baby nursery ideas shark;0
shark lamp nursery;0
whale shark painting nursery;0
pink shark nursery;0
whale shark nursery theme;0
nursery shark tattoo;0
whale shark baby nursery;0
mermaid nursery baby girl;0
mermaid nursery sims 4;0
mermaid nursery girl;0
mermaid nursery room;0
mermaid nursery theme girl;0
baby girls mermaid nursery;0
girls mermaid nursery;0
little mermaid nursery room;0
mermaid nursery wallpaper;0
beachy mermaid nursery;0
baby girl nursery mermaid theme;0
whimsical mermaid nursery;0
mermaid nursery aesthetic;0
little mermaid ariel nursery;0
ariel the little mermaid nursery;0
mermaid baby nursery ideas;0
baby girl nursery room ideas mermaid;0
the little mermaid baby nursery;0
baby girl nursery room ideas little mermaid;0
little mermaid baby girl nursery;0
mermaid nursery theme coral;0
sims 4 mermaid nursery cc;0
coastal mermaid nursery;0
classy mermaid nursery;0
mermaid core nursery;0
little mermaid nursery theme disney princess;0
little mermaid nursery theme disney;0
mermaid nursery furniture ideas;0
mermaid themed nursery girl;0
mermaid baby girl nursery;0
nursery ideas girl mermaid;0
pink mermaid nursery baby girl;0
little mermaid inspired nursery;0
under the sea nursery mermaid theme ideas;0
pink mermaid nursery ideas;0
mermaid inspired nursery;0
mermaid lagoon nursery;0
mermaid nursery mural;0
ocean mermaid nursery;0
mermaid nursery painting;0
mermaid princess nursery;0
mermaid theme nursery girl rooms;0
under the sea mermaid nursery;0
subtle mermaid nursery;0
vintage little mermaid nursery;0
mermaid nursery wall;0
sims 4 mermaid nursery;0
elephant nursery theme girl;0
elephant baby boy nursery;0
monkey and elephant nursery;0
elephant name sign nursery art;0
baby nursery ideas elephant theme;0
elephant nursery aesthetic;0
baby boy blue and grey elephant nursery;0
elephant hot air balloon nursery;0
drawing of baby elephant nursery art;0
elephant nursery baby girl;0
elephant nursery boy ideas;0
elephant nursery blue;0
elephant nursery boy artwork;0
crochet elephant mobile nursery;0
nursery paintings canvas elephant;0
cute drawings elephant nursery art;0
elephant craft for nursery;0
baby girl elephant nursery pink crib bedding sets;0
elephant cloud nursery;0
cloud and elephant nursery;0
elephant cute cartoon nursery art;0
elephant nursery decor ideas;0
elephant nursery painting diy;0
elephant nursery for boy;0
elephant activity for nursery;0
elephant breath farrow and ball nursery;0
elephant nursery girl ideas;0
elephant nursery gender neutral;0
elephant nursery girl purple;0
elephant nursery girl pink;0
elephant nursery girl artwork;0
elephant nursery green;0
nursery themes girl elephant baby rooms;0
navy blue and gray elephant nursery;0
elephant nursery ideas girl;0
elephant nursery ideas boy;0
elephant nursery ideas gender neutral;0
elephant nursery illustration;0
nursery room inspiration elephant;0
elephant baby nursery ideas;0
lavender elephant nursery;0
light pink elephant nursery;0
baby boy nursery elephant mint green;0
baby elephant nursery mural;0
elephant nursery neutral;0
elephant nursery name sign girl;0
pink elephant themed nursery;0
baby elephant nursery print;0
elephant nursery rug ideas;0
elephant rocker nursery;0
elephant theme nursery room;0
baby elephant painting nursery room;0
nursery room design elephant;0
simple elephant nursery;0
sage green elephant nursery;0
wooden name signs nursery elephant;0
elephant nursery theme boy;0
baby nursery elephant theme;0
nursery themes elephant;0
vintage elephant nursery;0
elephant nursery yellow;0
giraffe nursery illustration;0
baby girl giraffe nursery ideas;0
girly giraffe nursery;0
giraffe themed nursery boy;0
giraffe theme girl nursery;0
giraffe nursery green;0
big giraffe in nursery;0
pink giraffe nursery theme;0
wicker giraffe nursery;0
bible verse nursery art giraffe;0
giraffe family drawing nursery art;0
baby giraffe drawing cute nursery art;0
giraffe cute drawing nursery art;0
elephant and giraffe themed nursery;0
pink and giraffe nursery;0
elephant and giraffe nursery girl;0
giraffe nursery blue;0
baby giraffe nursery cross stitch pattern;0
colorful giraffe nursery;0
giraffe chandelier nursery;0
giraffe nursery decor ideas;0
nursery room design giraffe;0
moon and stars aesthetic drawing;0
moon and stars baby shower theme;0
moon and stars drawing for kids;0
pottery barn giraffe nursery;0
sun moon and stars 2nd grade;0
baby boy star wars nursery;0
cloud star nursery;0
star wars nursery girl;0
melissa and doug giraffe nursery;0
giraffe decals nursery;0
elephant giraffe nursery;0
floral giraffe nursery;0
giraffe hot air balloon nursery;0
giraffe nursery rug ideas;0
large giraffe in nursery;0
nursery ideas giraffe gender neutral;0
nursery ideas girl giraffe;0
giraffe nursery mural;0
giraffe nursery wall mural;0
baby giraffe nursery prints;0
purple giraffe nursery;0
giraffe wall painting nursery;0
baby boy nursery room ideas giraffe;0
giraffe themed nursery room;0
baby girl nursery room ideas giraffe;0
giraffe nursery sign;0
sage green giraffe nursery;0
giraffe wall sticker nursery;0
stand tall giraffe nursery;0
sophie giraffe nursery;0
baby boy nursery giraffe safari theme;0
stuffed giraffe nursery;0
safari nursery giraffe;0
giraffe nursery theme girl;0
giraffe nursery theme gender neutral;0
tall giraffe nursery;0
baby girl nursery giraffe theme;0
baby boy nursery giraffe theme;0
vintage giraffe nursery;0
nursery with giant giraffe;0
baby nursery with giraffe;0
nursery with giraffe;0
giraffe nursery yellow;0
stork nursery theme;0
stork nursery decor;0
stork nursery art;0
stork baby nursery;0
hanging stork nursery;0
vintage stork nursery;0
stork themed nursery;0
stork craft nursery;0
nursery stork;0
stork theme nursery;0
half moon stars;0
moon and stars wallpaper aesthetic black background;0
moon and stars aesthetic dark;0
moon and stars aesthetic video;0
moon and stars aesthetic pfp;0
moon and stars art drawing;0
moon and stars aesthetic dark wallpaper;0
moon and stars art aesthetic;0
moon and stars baby nursery;0
moon and stars bedroom ideas decor;0
moon and stars birthday theme cake;0
moon and stars ceiling;0
moon and stars drawing aesthetic;0
moon and stars doodle drawings easy;0
moon and stars doodle aesthetic;0
moon and stars drawing simple;0
moon and stars embroidery design;0
moon and stars eye makeup;0
moon and stars earring stack;0
moon and stars embroidery baby;0
moon and stars elements;0
moon and stars food ideas;0
moon and stars friendship tattoo;0
moon and stars frame;0
moon and stars first birthday party;0
moon and stars for kids;0
moon and stars granny square;0
moon and stars glassware vintage;0
moon and stars galaxy tattoo;0
moon and stars graduation cap;0
moon and stars gif banner;0
moon and stars gold;0
moon and stars hip tattoo;0
moon and stars henna designs;0
moon and stars hand tattoos for women;0
moon and stars hanging;0
moon and stars hanging decor;0
moon and stars illustration art;0
moon and stars in sky;0
moon and stars icon aesthetic;0
moon and stars jewelry aesthetic;0
moon and stars journal ideas;0
moon and stars jackolantern;0
moon and stars journal cover;0
moon and stars junk journal;0
moon and stars journal page;0
moon and stars jellycat;0
moon and stars jewelry silver;0
moon and stars jester;0
moon and stars kids room;0
moon and stars kids bedroom;0
moon and stars knee tattoo;0
moon and stars keyboard wallpaper;0
moon and stars kids;0
moon and stars kitchen;0
moon and stars kids wallpaper;0
moon and stars kindergarten;0
moon and stars knitting chart;0
moon and stars landscape;0
moon and stars lockscreen;0
moon and stars letter;0
moon and stars mehendi design;0
moon and stars mehndi;0
moon and stars matching pfp;0
moon and stars mehendi design simple;0
moon and stars mother daughter tattoo;0
moon and stars mosaic;0
moon and stars nail art night skies;0
moon and stars oil pastel;0
moon and stars over the sea;0
moon and stars on nails;0
moon and stars outline drawing;0
moon and stars on wall;0
moon and stars on shoulder tattoo;0
moon and stars outfit aesthetic;0
moon and stars oc;0
moon and stars pfp;0
moon and stars quotes short meaningful;0
moon and stars quinceañera theme;0
moon and stars quotes love night skies;0
moon and stars quotes inspiration;0
moon and stars quotes deep;0
moon and stars quince;0
moon and stars quotes deep short;0
moon and stars quince cake;0
moon and stars real pics;0
moon and stars room aesthetic;0
moon and stars realistic;0
moon and stars rib tattoo;0
moon and stars stickers printable;0
moon and stars snap;0
moon and stars small tattoo;0
moon and stars stickers aesthetic;0
moon and stars tattoo matching;0
moon and stars tattoo arm;0
moon and stars template free printable;0
moon and stars tattoo designs for women;0
moon and stars upper thigh tattoo;0
moon and stars underboob tattoo;0
moon and stars upper arm tattoo;0
moon and stars username ideas;0
moon and stars us;0
moon and stars universe;0
moon and stars wallpaper backgrounds universe;0
if i was the moon would u still look for the stars wallpaper;0
if i was the moon would u still look for the stars drawing;0
moon stars universe;0
make up moon stars;0
sailor moon sailor stars usagi;0
moon and stars vintage;0
moon and stars video aesthetic;0
moon and stars vintage illustration;0
moon and stars vintage aesthetic;0
moon and stars vine tattoo;0
moon and stars vector art;0
moon and stars virgo tattoo;0
moon and stars video wallpaper;0
moon and stars wallpaper laptop;0
moon and stars wallpaper aesthetic pink;0
moon and stars xv;0
the moon x the stars;0
stars x moon;0
sun x moon x stars;0
moon x stars pfp;0
moon and stars youtube banner;0
moon and stars yin yang;0
moon and stars y2k;0
if i was the moon would you still look for the stars quote;0
if i were the moon, you would look for the stars.;0
you are my sun and moon and all my stars tattoo;0
i was the moon you chased the stars;0
your my sun my moon and my stars;0
you are my sun my moon and all of my stars tattoo;0
if i was the moon would you still look for the stars wallpaper ipad;0
moon and stars zodiac tattoo;0
tattoo moon stars zodiac constellations;0
sun moon and stars worksheet for grade 1;0
sun moon stars worksheet for grade 1;0
moon and stars 16:9;0
moon and stars 1st birthday girl;0
moon and stars 15 theme;0
moon and stars 1st birthday photoshoot;0
moon and stars 1st birthday boy;0
moon and stars 1st birthday;0
sun moon stars eclipse friends 10;0
sweet 16 moon and stars cake;0
1st birthday cake moon and stars;0
moon and stars sweet 16;0
sun moon stars 1st grade;0
crescent moon with 2 stars tattoo;0
2 tier moon and stars cake;0
moon 2 stars;0
moon tattoo with 2 stars;0
moon 2 stars tattoo;0
moon and 2 stars;0
half moon with 2 stars;0
moon with 2 stars;0
sun moon 2 stars tattoo;0
sun moon and 2 stars tattoo;0
moon and stars 2nd birthday;0
moon and stars 2d;0
crescent moon with 3 stars tattoo;0
sun moon stars eclipse friends 3;0
3 stars and a moon tattoo;0
sun moon and stars tattoo 3 best friends;0
sun moon and stars tattoo 3 people;0
crescent moon and 3 stars tattoo;0
moon tattoo 3 stars;0
moon with 3 stars tattoo design;0
moon and stars 3d;0
moon and stars 3d wallpaper;0
moon and stars 3rd birthday;0
3d moon and stars nails;0
moon with 4 stars tattoo;0
moon with 4 stars;0
sims 4 cc moon and stars;0
sun moon stars eclipse friends 4;0
day 4 creation sun moon and stars;0
day 4: god created the sun, moon, and stars;0
day 4 sun moon and stars;0
moon and 4 stars tattoo;0
moon and 4 stars;0
moon and stars 4k video;0
moon stars wallpaper 4k;0
4k wallpaper iphone stars and moon;0
moon and stars wallpaper aesthetic hd 4k;0
sailor moon season 5 stars;0
moon with 5 stars;0
moon and 5 stars;0
moon and 5 stars tattoo;0
moon and 6 stars tattoo;0
moon with 7 stars;0
moon with 7 stars tattoo;0
8k wallpaper moon stars;0
night sky with stars and moon 16:9;0
90s moon and stars aesthetic room;0
sun moon stars 90s;0
90s moon and stars tattoo;0
90s moon and stars aesthetic bedroom;0
90s moon and stars wallpaper;0
90s sun moon stars tattoo;0
90s moon and stars aesthetic;0
sailor moon stars 90s;0
moon nursery girl;0
moon nursery theme girl;0
moon nursery boy;0
moon nursery painting;0
moon nursery room;0
moon nursery aesthetic;0
moon nursery theme gender neutral;0
star moon clouds nursery;0
moon and star nursery boy rooms;0
moon and star nursery mural;0
nursery sun and moon;0
cloud and moon nursery boy;0
girls moon nursery;0
star and moon nursery boy;0
moon baby nursery theme;0
baby girl nursery moon theme;0
baby girl nursery moon;0
moon themed baby nursery;0
the cow jumped over the moon nursery;0
cloud moon nursery;0
cow jumps over the moon nursery;0
crescent moon nursery;0
cloud and moon nursery;0
sun moon cloud nursery;0
star and moon nursery decor wall art;0
nursery room design moon;0
star moon cloud nursery decor;0
moon and cloud nursery decor;0
moon poems for kids nursery rhymes;0
moon fairy nursery;0
moon and forest nursery;0
fly me to the moon baby nursery;0
floral moon nursery;0
moon activities for nursery;0
moon for nursery;0
fly me to the moon nursery;0
moon painting for nursery;0
moon theme nursery girl;0
gender neutral nursery sun and moon;0
moon and star girls nursery;0
star and moon nursery girl;0
half moon table nursery;0
window covering ideas for half moon windows in a nursery;0
moon nursery illustration;0
nursery ideas sun and moon;0
nursery ideas moon theme;0
star and moon nursery ideas;0
moon inspired nursery;0
cow jumping over the moon nursery;0
nursery love you to the moon and back;0
love you to the moon nursery;0
we love you to the moon and back nursery;0
love you to the moon and back nursery theme;0
i love you to the moon and back baby nursery;0
love you to the moon and to saturn nursery;0
lavender moon nursery;0
i love you to the moon and back nursery girl;0
moon nursery mural;0
over the moon nursery theme;0
over the moon nursery girl;0
over the moon baby nursery;0
over the moon nursery boy;0
over the moon nursery ideas;0
over the moon baby girl nursery;0
moon nursery picture;0
moon phases nursery;0
purple star and moon nursery;0
baby boy nursery room ideas moon;0
moon baby room themed nursery;0
moon nursery sign;0
moon nursery theme boy;0
vintage moon nursery;0
vintage sun and moon nursery;0
moon nursery wall art;0
moon nursery wall;0
woodland moon nursery;0
yellow moon nursery;0
love you to moon and back nursery;0
love you to the moon nursery theme;0
i love you to the moon and back nursery sign;0
90s sun and moon nursery;0
star nursery girl;0
star nursery boy;0
star nursery theme girl;0
when you wish upon a star nursery;0
star light star bright nursery rhyme activities;0
star and cloud nursery ideas;0
girly star wars nursery;0
star wars nursery name sign;0
star nursery aesthetic;0
twinkle twinkle little star nursery rhyme activities;0
baby girl star theme nursery;0
star baby room themed nursery;0
star wars nursery boy;0
twinkle twinkle little star baby room nursery ideas;0
baby star nursery;0
star light star bright nursery rhyme costume;0
boy star nursery ideas;0
star nursery colorful;0
star craft nursery;0
star wars nursery color scheme ideas;0
cute star wars nursery;0
star nursery drawing;0
star wars nursery wall decal ideas;0
star wars nursery decor ideas;0
dark blue star nursery;0
star dew valley nursery;0
diy star mobile nursery;0
star wall decals nursery;0
endor star wars nursery;0
star wars nursery embroidery;0
star wars ewok nursery;0
star for nursery;0
star chart for nursery;0
star shape worksheet for nursery;0
star ceiling ideas for nursery rooms;0
star activity for nursery;0
star painting for nursery;0
star shape activity for nursery;0
star wars nursery for girl;0
first star sherwin williams nursery;0
girl star nursery ideas;0
star wars baby nursery girl princess leia;0
cloud for nursery;0
cloud nursery boy;0
cloud nursery chair;0
cloud nursery girl;0
cloud nursery mural;0
cloud nursery room;0
cloud nursery wall;0
hanging cloud nursery;0
night sky nursery art;0
night sky nursery wallpaper;0
star wars nursery room;0
twinkle twinkle little star baby nursery;0
baby unicorn nursery;0
sage green nursery boy;0
sage green nursery girl;0
unicorn baby girl nursery;0
unicorn nursery bag;0
blue girl nursery;0
blue nursery artwork;0
blue nursery for baby girl;0
blue nursery for girl;0
blue nursery girl;0
twinkle little star nursery girl;0
baby girl star nursery;0
moon and star nursery theme girl;0
baby girl nursery themes glitter twinkle twinkle little star;0
star nursery illustration;0
boy nursery ideas star wars;0
star inspired nursery;0
star wars inspired nursery;0
paper star lantern nursery;0
star nursery mural;0
nursery star of the week;0
star nursery purple;0
pink star nursery;0
purple moon and star nursery;0
pink twinkle twinkle little star nursery;0
pink star wars nursery;0
star nursery room;0
star nursery stickers;0
star nursery theme boy;0
the nursery nurse star;0
star themed nursery boy;0
wish upon a star nursery;0
vintage star wars nursery;0
vintage star nursery;0
star nursery wall;0
star wars nursery naboo;0
sims 4 star nursery cc;0
cloud nursery theme girl;0
cloud nursery theme gender neutral;0
cloud nursery theme boys;0
cloud baby girl nursery;0
vintage cloud nursery;0
cloud shelf nursery decor;0
boy nursery cloud theme;0
beige cloud nursery;0
cloud nursery ceiling;0
cloud pendant light nursery;0
cloud nursery print;0
unisex cloud nursery;0
cloud nursery aesthetic;0
cloud accent wall nursery;0
cloud art for nursery;0
light and airy cloud nursery;0
cloud nursery blue;0
cloud nursery baby girl;0
blue cloud themed nursery;0
baby girl pink cloud nursery;0
cloud theme baby girl nursery;0
cloud lights bedroom nursery;0
cloud nursery theme blue;0
brown cloud nursery;0
cloud nursery decor ideas;0
cloud-themed nursery decor ideas;0
nursery room design cloud;0
diy cloud nursery;0
cloud dancer nursery;0
dream cloud nursery;0
nursery cloud shelves decor;0
nursery cloud decals;0
cloud nursery for girl;0
cloud feature wall nursery;0
cloud painting for nursery;0
fluffy cloud nursery;0
cloud shelf for nursery;0
cloud nursery grey;0
cloud nursery girl pink;0
cloud nursery gender neutral;0
girl nursery ideas cloud;0
cloud theme girl nursery;0
cloud themed nursery girl;0
grey and white nursery cloud;0
hot air balloon cloud nursery;0
hanging cloud for nursery;0
cloud inspired nursery;0
nursery ideas cloud theme;0
cloud nursery wallpaper ideas;0
cloud in nursery;0
cloud lights in nursery;0
boy nursery ideas cloud;0
cloud nursery room ideas;0
cloud theme baby room nursery ideas;0
cloud light nursery baby rooms;0
cloud wall lights nursery;0
lavender cloud nursery;0
cloud night light nursery;0
baby nursery cloud lights;0
cloud ceiling mural nursery;0
pink cloud mural nursery;0
cloud mural wall nursery;0
nursery cloud mirror;0
on cloud 9 nursery;0
on cloud nine nursery;0
cloud nursery pink;0
cloud nursery painting;0
cloud nursery panelling;0
cloud nursery purple;0
painted cloud wall nursery;0
cloud wall paint nursery;0
cloud wall painting nursery;0
painted cloud ceiling nursery;0
rain cloud nursery theme;0
cloud rainbow nursery;0
sun rainbow cloud nursery;0
nursery room cloud wall;0
rain cloud sherwin williams nursery;0
cloud nursery sign;0
cloud nursery shelf;0
sun cloud nursery;0
nursery name sign cloud;0
toy story nursery cloud wall;0
cloud sky nursery ceiling;0
cloud nursery theme beige;0
cloud nursery theme wall shelves;0
dream upon a cloud nursery;0
cloud nursery wall art ideas;0
cloud walls nursery;0
yellow cloud nursery;0
cloud 9 nursery theme;0
cloud 9 baby nursery;0
sky nursery theme girl;0
sky nursery boy;0
sky nursery ideas;0
sky nursery mural;0
sky nursery theme gender neutral;0
sky nursery girl;0
sky nursery ceiling;0
sky nursery theme boy;0
sky nursery wallpaper;0
sky nursery wall;0
night sky mountain mural nursery;0
sky blue and yellow nursery;0
night sky boy nursery;0
earth and sky nursery;0
dark sky nursery;0
sky theme nursery;0
sun and sky nursery;0
sky dragon nursery;0
nursery ideas sky;0
sky nursery art;0
clouds and sky nursery;0
moon and sky nursery;0
sun and sky themed nursery;0
hot air balloon sky nursery;0
sky moon and stars nursery;0
projection night light - usb powered starry sky lamp for bedroom nursery ambient lighting;0
stars and sky nursery;0
baby nursery ideas sky;0
blue sky themed nursery;0
blue sky clouds nursery;0
light blue sky nursery;0
blustery sky sherwin williams nursery;0
baby girl sky themed nursery;0
baby boy nursery sky theme;0
sky blue nursery boy;0
castle in the sky nursery;0
nursery with sky ceiling;0
sky cloud nursery;0
blue sky nursery ceiling;0
starry sky nursery ceiling;0
nursery ideas sky ceiling;0
celestial sky nursery;0
night sky ceiling nursery;0
night sky nursery decor ideas;0
dreamy sky nursery theme;0
lucy in the sky with diamonds nursery;0
night sky nursery diy;0
desert night sky nursery;0
nursery decor sky theme;0
night sky forest nursery;0
night sky nursery theme girl;0
baby girl sky nursery;0
baby girl nursery pink sky;0
baby girl nursery sky theme;0
night sky themed nursery girl;0
baby girl nursery night sky;0
girl night sky nursery;0
sky blue nursery girl;0
night sky nursery ideas;0
sky inspired nursery;0
baby boy nursery room ideas sky blue;0
in the sky nursery;0
in the sky nursery theme;0
up in the sky nursery;0
nursery ideas boy sky;0
nursery mural night sky;0
night sky mountain nursery;0
midnight sky nursery;0
sky mural ceiling nursery;0
purple sky nursery;0
sky blue nursery paint;0
pink sky themed nursery;0
sky painting nursery;0
pink night sky nursery;0
pink sky nursery;0
night sky nursery painting;0
sky painted ceiling nursery;0
purple night sky nursery;0
pastel sky nursery;0
sky nursery room;0
sky nursery rug;0
rainbow sky nursery;0
sky theme nursery room;0
night sky nursery baby rooms;0
nursery room design sky;0
night time sky nursery;0
twilight sky nursery;0
night sky theme nursery;0
sky blue nursery wall;0
night sky nursery wall;0
woodland night sky nursery;0
night sky nursery wall art;0
whales in the sky nursery;0
whimsical sky themed nursery;0
unicorn nursery girl;0
unicorn nursery theme ideas;0
unicorn nursery room;0
unicorn nursery theme crib bedding;0
unicorn nursery wallpaper;0
rainbow and unicorn nursery;0
unicorn drawing nursery;0
unicorn rainbow nursery;0
dragon unicorn nursery;0
the lion and the unicorn nursery rhymes;0
baby girl nursery themes unicorn;0
the last unicorn nursery;0
girls nursery unicorn;0
unicorn nursery aesthetic;0
dragon and unicorn nursery;0
baby girl nursery room ideas unicorn;0
baby girl nursery unicorn theme;0
dark unicorn nursery;0
unicorn fairytale nursery;0
fairy unicorn nursery;0
fantasy unicorn nursery;0
unicorn theme nursery girl;0
last unicorn nursery;0
unicorn nursery mural;0
medieval unicorn nursery;0
unicorn theme nursery room;0
unicorn tapestry nursery;0
whimsical unicorn nursery;0
night sky nursery girl;0
night sky nursery mural;0
night sky nursery gender neutral;0
night sky nursery ceiling;0
night sky nursery boy;0
night sky baby nursery;0
baby boy nursery night sky;0
nursery with night sky ceiling;0
night sky nursery theme ideas;0
sage green nursery gender neutral;0
sage green nursery color palettes;0
sage green nursery ideas gender neutral;0
sage green nursery ideas girl;0
nursery ideas girl sage green;0
pink and sage green nursery ideas;0
sage green and grey nursery boy;0
sage green dresser nursery girl;0
sage green crib girl nursery;0
sage green nursery board and batten;0
navy and sage green nursery;0
girly sage green nursery;0
sage green dragon nursery;0
sage green nursery art;0
sage green nursery artwork;0
sage green nursery accent color ideas;0
sage green nursery accents;0
sage green nursery animals;0
sage green nursery aesthetic;0
sage green nursery accent wall girl;0
sage green nursery accent wall ideas;0
sage green nursery accent colors;0
sage green nursery accessories ideas;0
sage green nursery boy accent wall;0
sage green nursery boy safari;0
sage green nursery black crib;0
sage green nursery black furniture;0
sage green nursery bedding ideas;0
sage green nursery benjamin moore;0
sage green nursery boy theme;0
sage green nursery boy curtains;0
sage green nursery boy vintage;0
sage green nursery color palette ideas;0
sage green nursery curtain ideas;0
sage green nursery carpet;0
sage green nursery closet;0
sage green nursery changing table;0
sage green nursery canopy;0
sage green nursery color pallet;0
sage green nursery crib;0
sage green nursery dark wood;0
sage green nursery decor ideas;0
sage green nursery dark wood furniture;0
sage green nursery diy projects;0
sage green nursery decor boy;0
sage green nursery design;0
sage green nursery dark wood crib;0
sage green nursery decor accents;0
sage green nursery dark furniture;0
sage green and espresso nursery;0
sage green earthy nursery;0
sage green eucalyptus nursery;0
sage green nursery ideas with natural elements;0
sage green nursery for girl;0
sage green nursery furniture ideas;0
sage green nursery for boy;0
sage green nursery farm;0
sage green nursery feature wall;0
sage green nursery furniture girl;0
sage green nursery flooring ideas;0
sage green nursery forest;0
sage green nursery furniture boy;0
sage green nursery for twins;0
sage green nursery floral;0
sage green nursery girl accent wall;0
sage green nursery gender neutral theme;0
sage green nursery girl vintage;0
sage green nursery girl decor;0
sage green nursery grey crib;0
sage green nursery girl color palettes;0
sage green nursery grey furniture;0
sage green nursery gold crib;0
sage green nursery girl safari;0
sage green nursery half wall;0
sage green harry potter nursery;0
sage green nursery boy hunting;0
sage and hunter green nursery;0
highland cow sage green nursery;0
sage green hunting nursery;0
sage green and pink nursery organization hacks;0
sage green hot air balloon nursery;0
sage green nursery ideas boy;0
sage green nursery inspiration;0
sage green nursery ideas on a budget;0
sage green nursery ideas for twins;0
sage green nursery ideas for girl;0
sage green nursery ideas farmhouse;0
sage green nursery ideas wallpaper;0
sage green nursery ideas gingham;0
sage green nursery ideas with dark wood;0
sage green nursery jungle;0
green sage nursery jungle safari;0
sage green jungle theme nursery;0
nursery or kids' room with sage green wallpaper;0
sage green kids nursery;0
sage green nursery lighting ideas;0
sage green nursery lamp;0
light sage green nursery wall;0
sage green leaf nursery;0
light sage green and pink nursery;0
light sage green nursery ideas;0
light purple and sage green nursery;0
light sage green nursery boy;0
light sage green baby nursery;0
sage green and light gray nursery;0
light pink sage green nursery;0
sage green nursery mural;0
sage green nursery mood board;0
sage green nursery mountains;0
sage green mountain nursery;0
sage green and mauve nursery;0
sage green and mustard yellow nursery;0
benjamin moore sage green nursery;0
mauve sage green nursery;0
sage green and mauve nursery girl;0
benjamin moore sage green for nursery;0
sage green and mustard nursery;0
moody sage green nursery;0
sage green nursery neutral;0
sage green nursery name sign;0
sage green nursery nature;0
sage green nursery ocean;0
sage green nursery organization ideas;0
sage green outdoorsy nursery;0
sage green and burnt orange nursery;0
sage green and oak nursery;0
sage green and orange nursery;0
sage and olive green nursery;0
sage green burnt orange nursery;0
sage green and oatmeal nursery;0
olive sage green nursery;0
sage green nursery paint colors valspar;0
sage green nursery paint ideas;0
sage green nursery palette;0
sage green nursery paint colors behr;0
sage green nursery pictures;0
sage green nursery pink accents;0
sage green nursery pallet;0
sage green nursery pillow;0
sage green nursery plants;0
sage green nursery quilt;0
sage green nursery rug ideas;0
sage green nursery rocker;0
sage green nursery room boy;0
sage green nursery room design;0
sage green nursery room inspiration;0
baby girl nursery room ideas sage green;0
sage green and rose nursery;0
sage green rugs nursery;0
sage green peter rabbit nursery;0
sage green nursery sherwin williams;0
sage green nursery shiplap;0
sage green nursery safari;0
sage green nursery’s;0
sage green nursery scallop;0
sage green nursery stripes;0
sage green nursery space-saving ideas;0
sage green nursery simple;0
sage green nursery theme;0
sage green nursery theme ideas;0
sage green nursery twins;0
sage green nursery theme boy;0
sage green western theme nursery;0
nursery themes girl sage green;0
sage green trim nursery;0
baby nursery themes sage green;0
sage green and tan nursery girl;0
sage green and tan baby boy nursery;0
sage green terracotta nursery;0
sage green nursery vintage;0
sage green nursery valspar;0
vintage sports nursery sage green;0
sage green vintage baby boy nursery;0
vintage sage green boy nursery;0
pink and sage green vintage nursery;0
vintage sage green girl nursery;0
sage green vj panelling nursery;0
sage green nursery wall paint ideas;0
sage green nursery with dark furniture;0
sage green nursery with wallpaper;0
sage green nursery with pink accents;0
sage green nursery white crib;0
sage green nursery with grey crib;0
sage green nursery with walnut crib;0
sage green nursery with white crib;0
sage green nursery with white furniture;0
butter yellow sage green nursery;0
sage green and yellow nursery boy;0
pale yellow and sage green nursery;0
sage green yellow nursery;0
sage green and butter yellow nursery;0
sage green and yellow nursery girl;0
sage green yellow and pink nursery;0
sage green and pastel yellow nursery;0
sage green and yellow nursery ideas;0
light yellow and sage green nursery;0
blue nursery boy;0
blue nursery paint colors benjamin moore;0
blue striped nursery;0
red white blue nursery;0
navy blue and pink nursery girl;0
baby boy blue and white nursery;0
blue nursery aesthetic;0
blue nursery accent wall boy;0
blue nursery animals;0
blue nursery accessory ideas;0
blue nursery accents;0
blue nursery accent color ideas;0
blue nursery boy paint colors;0
blue nursery board and batten;0
blue nursery boy ideas;0
blue nursery black crib;0
blue nursery baby girl;0
blue nursery boy theme;0
blue nursery baby boy;0
blue nursery brown crib;0
blue nursery benjamin moore;0
blue nursery brown furniture;0
blue nursery color palette;0
blue nursery curtain ideas;0
blue nursery colors sherwin williams;0
blue nursery colors behr;0
blue nursery carpet;0
blue nursery color drench;0
blue nursery ceiling;0
blue nursery closet;0
blue nursery curtains baby boy;0
blue nursery dark wood;0
blue nursery decor inspiration;0
blue nursery design;0
blue nursery decor ideas;0
blue nursery for baby boy;0
blue nursery ideas for girl;0
blue nursery inspiration;0
blue nursery mobile;0
blue zoo nursery;0
baby girl nursery pink and grey;0
emerald green and pink nursery;0
light pink walls nursery;0
pink nursery accents;0
pink nursery artwork;0
pink nursery floor lamp;0
lavender fields nursery;0
lavender nursery paint colors;0
lavender nursery wallpaper;0
pink nursery table;0
blue nursery dark;0
blue nursery dark furniture;0
blue nursery dark wood crib;0
blue nursery decor girl;0
blue nursery dark brown furniture;0
blue nursery diy projects;0
blue elegant nursery;0
english cottage nursery blue;0
eclectic nursery blue;0
baby boy nursery elephant theme blue;0
robin egg blue nursery;0
egg shell blue nursery;0
blue nursery for boy;0
blue nursery furniture ideas;0
blue nursery feature wall;0
blue nursery floor lamp;0
blue nursery frames;0
blue nursery farrow and ball;0
blue nursery farm;0
blue nursery gender neutral;0
blue nursery girl room;0
blue nursery girl vintage;0
blue nursery gold crib;0
blue nursery girl colour schemes;0
blue nursery green crib;0
blue nursery green accents;0
blue nursery gray crib;0
blue nursery half wall;0
blue nursery hot air balloon;0
blue nursery hunting;0
blue highland cow nursery;0
blue hydrangea pink bow nursery;0
baby blue hunting nursery;0
blue hydrangea wallpaper nursery;0
blue horse nursery;0
half white half blue nursery;0
half blue nursery;0
baby boy hunting nursery blue;0
blue nursery ideas boy;0
blue nursery ideas girl;0
blue nursery ideas gender neutral;0
blue nursery ideas for boys;0
blue nursery illustration;0
girl nursery ideas with blue;0
blue boy nursery room ideas;0
blue and green nursery wall art ideas;0
blue nursery jungle;0
blue jean baby boy nursery;0
baby blue jungle nursery;0
blue jays nursery;0
blue jean baby nursery;0
baby boy jungle nursery blue;0
blue jean baby nursery theme;0
blue toile de jouy nursery;0
blue jean baby girl nursery;0
concrete jungle baby boy nursery black beige blue;0
blue jungle theme nursery;0
blue jean nursery;0
blue lion king nursery;0
blue colour activity for nursery kids;0
blue day activity for nursery kids;0
blue day for nursery kids;0
blue colour object for nursery kids;0
blue kids nursery;0
blue colour day activities for nursery kids;0
blue day activities for nursery kids;0
blue hello kitty wallpaper for nursery;0
khaki and blue nursery;0
blue day craft for nursery kids;0
blue hello kitty nursery;0
blue nursery lighting ideas;0
blue nursery luxury;0
blue nursery light wood;0
blue nursery light;0
light blue and walnut nursery;0
little blue truck theme nursery;0
nursery light blue girl;0
lilac and blue nursery;0
light blue navy blue nursery;0
nursery light blue rug;0
blue nursery mural;0
blue nursery mood board;0
blue nursery mirror;0
blue nursery modern;0
blue nursery mountains;0
blue nursery moon;0
moody blue green nursery;0
moody navy blue nursery;0
blue and maroon nursery;0
moody blue nursery girl;0
manor blue nursery;0
blue nursery neutral;0
blue nursery name sign;0
blue nursery nautical;0
blue nursery ocean;0
orange and blue boy nursery;0
shades of blue baby nursery;0
blue orange and yellow nursery;0
boy nursery not blue or green;0
blue on blue nursery;0
different shades of blue nursery;0
nursery blue and orange;0
yellow orange blue nursery;0
blue nursery with pops of red;0
blue nursery panelling;0
blue nursery paint colors behr;0
blue nursery paint colors valspar;0
blue nursery palette;0
blue nursery plaid curtains;0
blue nursery painting;0
blue nursery quilt;0
blue nursery room boy;0
blue nursery rug baby boy;0
blue nursery room inspiration;0
blue nursery room design;0
blue nursery rug ideas;0
blue nursery rug girl;0
blue nursery sherwin williams;0
blue nursery stripes;0
blue nursery shelf decor;0
blue nursery shelf;0
blue nursery simple;0
blue nursery sports;0
blue nursery’s;0
blue nursery safari;0
blue nursery sims 4;0
blue nursery shades;0
blue nursery side table;0
blue nursery theme ideas;0
blue nursery themes boys;0
blue nursery teddy bear;0
blue nursery trim;0
blue nursery twins;0
blue nursery table;0
boy nursery themes blue wall colors;0
blue car themed nursery;0
blue cowboy theme nursery;0
blue truck nursery;0
blue under the sea nursery;0
baby blue unisex nursery;0
light blue unisex nursery;0
unisex nursery ideas blue;0
under the sea nursery navy blue;0
pink and blue under the sea nursery;0
under the sea nursery dark blue;0
little boy blue nursery rhyme dress up;0
blue nursery vintage;0
vintage baby blue nursery;0
van courtland blue nursery;0
blue baby boy nursery vintage;0
blue and green vintage nursery;0
blue boy nursery vintage;0
vintage blue paint color nursery;0
blue vintage aesthetic nursery;0
vintage winnie the pooh nursery blue;0
blue vintage nursery room;0
blue nursery with dark wood;0
blue nursery white furniture;0
blue nursery wall color;0
blue nursery with black crib;0
blue nursery with wallpaper;0
blue nursery with red accents;0
blue nursery wainscoting;0
blue nursery with clouds;0
blue nursery yellow accents;0
blue nursery yellow curtains;0
yellow blue and red nursery;0
pink blue yellow nursery;0
blue and yellow stripe nursery;0
blue and yellow nursery walls;0
blue and butter yellow nursery;0
green blue yellow nursery;0
yellow red blue nursery;0
2 tone blue nursery;0
blue nursery sims 4 cc;0
pink nursery aesthetic;0
nursery ideas girl pink;0
pink nursery accent wall ideas;0
pink nursery aesthetic wallpaper;0
pink nursery area rugs;0
pink nursery animals;0
pink nursery antique;0
pink nursery apartment;0
pink nursery bows;0
pink nursery bookshelf;0
pink nursery brown crib;0
pink nursery brown furniture;0
pink nursery background;0
pink nursery black crib;0
pink nursery board and batten;0
pink nursery baby girl;0
pink nursery bloxburg;0
pink nursery blue accents;0
pink nursery beadboard;0
pink nursery curtain ideas;0
pink nursery colors sherwin williams;0
pink nursery color scheme;0
pink nursery closet;0
pink nursery christmas tree;0
pink nursery color palettes;0
pink nursery changing table;0
pink nursery decor inspiration;0
pink nursery dark furniture;0
pink nursery decals bloxburg;0
pink nursery dark wood;0
pink nursery design;0
pink nursery dark wood crib;0
pink nursery decals;0
pink nursery diy projects;0
pink nursery dark wood furniture;0
evergreen fog and pink nursery;0
elegant pink baby girl nursery;0
baby girl nursery room ideas elephants pink grey;0
enchanted forest pink nursery;0
pink eclectic nursery;0
pink nursery feature wall;0
pink nursery floral;0
pink nursery flowers;0
pink nursery furniture ideas;0
pink nursery for boy;0
pink nursery floral wallpaper;0
pink nursery frames;0
pink nursery furniture set;0
pink nursery for baby girl;0
pink nursery girl;0
pink nursery green curtains;0
pink nursery green accents;0
pink nursery gold crib;0
pink nursery gallery wall;0
pink nursery grey carpet;0
pink nursery grey furniture;0
pink nursery green dresser;0
pink nursery green crib;0
pink nursery gold accents;0
pink nursery green chair;0
pink nursery half wall;0
pink nursery hello kitty;0
hot air balloon nursery pink;0
baby girl nursery half pink wall;0
adorable home nursery ideas game pink;0
highland cow nursery pink;0
hot pink and gold nursery;0
hot pink and green nursery;0
pink horse nursery;0
pink nursery ideas girly;0
pink nursery ideas wallpaper;0
pink nursery ideas floral;0
pink nursery ideas accent wall;0
pink nursery ideas curtains;0
pink nursery interior design;0
pink nursery ideas panelling;0
pink nursery ideas simple;0
pink nursery ideas bows;0
pink nursery ideas modern;0
pink nursery jungle;0
green and pink jungle nursery;0
pink toile de jouy nursery;0
jade green and pink nursery;0
baby girl pink jungle nursery;0
pink jungle nursery ideas;0
pink jungle wallpaper nursery;0
pink john deere nursery;0
pink and grey bedroom kids nursery ideas;0
pink kids nursery;0
hello kitty pink nursery;0
pink and kelly green nursery;0
pink day activity for nursery kids;0
pink colour activity for nursery kids;0
pink and khaki nursery;0
pink nursery luxury;0
pink nursery light fixture;0
pink nursery layout;0
pink nursery lighting ideas;0
pink nursery light wood;0
light pink and light green nursery;0
light wood and pink nursery;0
pink nursery mood board;0
pink nursery mural;0
pink nursery modern;0
pink nursery molding;0
pink nursery minimal;0
pink nursery moody;0
pink crown molding nursery;0
nursery mauve pink;0
modern pink and green nursery;0
pink nursery name sign;0
pink nursery newborn photos;0
pink nursery natural wood;0
pink nursery nook;0
pink nursery no wallpaper;0
pink nursery neutral;0
green pink orange nursery;0
orange and pink nursery ideas;0
olive green and pink nursery girl;0
pops of pink nursery;0
organic pink nursery;0
shades of pink for nursery;0
dusty pink and olive green nursery;0
orange and pink girls nursery;0
burnt orange and pink nursery;0
pink nursery panelling;0
pink nursery paint colors behr;0
pink nursery paint colors valspar;0
pink nursery paint ideas;0
pink nursery paint colors benjamin moore;0
pink nursery painting;0
pink nursery princess;0
pink nursery photos;0
pink nursery quilt;0
pink nursery quotes;0
pink quartz nursery;0
pink and green nursery quilt;0
pink nursery rug ideas;0
pink nursery room inspiration;0
pink nursery room design;0
pink nursery room decor;0
pink nursery room paint;0
pink nursery room aesthetic;0
pink nursery rug inspiration;0
pink nursery sims 4;0
pink nursery sherwin williams;0
pink nursery stripes;0
pink nursery simple;0
pink nursery shelf decor;0
pink nursery small room;0
pink nursery’s;0
pink nursery storage ideas;0
pink nursery shades;0
pink nursery sims 4 cc;0
pink nursery safari;0
pink nursery theme ideas;0
pink nursery trim;0
pink nursery toca boca;0
pink nursery theme inspiration;0
pink nursery themes girl;0
pink nursery twins;0
pink nursery traditional;0
pink nursery toddler;0
baby girl nursery winnie the pooh pink;0
pink nursery uk;0
pink under the sea nursery;0
unique pink nursery;0
pink nursery vintage;0
pink nursery victorian;0
pink nursery vibes;0
pink nursery vision board;0
girl nursery vintage pink;0
girls nursery pink vintage;0
vintage winnie the pooh nursery pink;0
pink vj panelling nursery;0
pink vintage baby nursery;0
very light pink nursery;0
pink nursery wall ideas;0
pink nursery with wallpaper;0
pink nursery with wainscoting;0
pink nursery with accent wall;0
pink nursery white furniture;0
pink nursery with dark wood furniture;0
pink nursery with green accents;0
pink nursery wall color;0
baby girl nursery green pink yellow;0
yellow pink baby girl nursery;0
dusty pink and yellow nursery;0
pink nursery with yellow accents;0
pink purple and yellow nursery;0
light pink and yellow nursery;0
yellow pink nursery ideas;0
girls nursery pink and yellow;0
dark pink and yellow nursery;0
pink and yellow nursery girl;0
baby nursery pink and yellow;0
pink zebra nursery;0
pink zoo animal nursery;0
pink zoo nursery;0
pink 08 lick nursery;0
100 acre wood nursery pink;0
2 tone pink nursery;0
pink nursery 2000s;0
pink nursery 2026;0
baby girl nursery pink 2000s;0
pink and green nursery girl 2000s;0
2000s pink and brown nursery;0
pink and green 2000s nursery;0
sims 4 cc pink nursery;0
70s nursery pink;0
90s pink nursery;0
lavender nursery baby girl;0
lavender nursery girl;0
lavender nursery theme;0
lavender nursery room;0
lavender nursery ideas girl;0
baby girl nursery lavender and gray;0
lavender purple nursery;0
lavender winnie the pooh nursery;0
lavender and silver nursery;0
girl nursery lavender;0
nursery room design lavender;0
light green and lavender nursery;0
nursery lavender and grey;0
lavender and grey nursery baby girl;0
lavender nursery accent wall;0
lavender nursery art;0
lavender nursery aesthetic;0
lemon and lavender nursery;0
dark green and lavender nursery;0
lavender and green girl nursery;0
lavender and mint nursery baby girl;0
lavender nursery boy;0
lavender nursery baby girl boho;0
lavender nursery baby girl paint;0
lavender nursery baby boy;0
lavender and gray baby nursery;0
baby girl nursery lavender and sage;0
lavender and blue nursery baby girl;0
lavender baby girl nursery room ideas;0
lavender nursery chair;0
lavender nursery color palette;0
lavender color nursery ideas;0
lavender colored nursery;0
light lavender nursery color schemes;0
lavender cow nursery;0
lavender celestial nursery;0
cream and lavender nursery;0
lavender crib nursery;0
lavender nursery dark wood;0
lavender and dark brown nursery;0
dusty lavender nursery girl;0
lavender and daisy nursery;0
dusty lavender baby nursery;0
lavender flower nursery;0
lavender flower theme nursery;0
lavender flower nursery baby girl;0
french lavender nursery;0
lavender floral nursery;0
lavender floral nursery baby girl;0
lavender paint for nursery;0
lavender fairytale nursery;0
lavender fairy nursery;0
green lavender nursery;0
lavender haze nursery;0
purple nursery ideas lavender;0
baby girl nursery room ideas lilac lavender;0
grey and lavender nursery ideas;0
baby girl nursery room ideas purple pink lavender;0
girls nursery ideas lavender;0
baby girl nursery ideas lavender;0
girl nursery ideas lavender and gray;0
nursery ideas lavender and gray;0
lavender nursery mural;0
modern lavender nursery;0
lavender and mauve nursery;0
moody lavender nursery;0
lavender and mint baby nursery;0
muted lavender nursery;0
lavender and mint green nursery;0
orange and lavender nursery;0
olive green and lavender nursery;0
olive and lavender nursery;0
light pink and lavender nursery;0
pale lavender nursery;0
purple nursery girl lavender;0
lavender purple baby nursery;0
lavender paint nursery;0
nursery room inspiration lavender;0
lavender and red nursery;0
nursery room design girl lavender;0
dusty rose and lavender nursery;0
subtle lavender nursery;0
simple lavender nursery;0
lavender and sage nursery girl;0
sage lavender nursery;0
lavender and sage green nursery baby girl;0
sage green lavender nursery;0
lavender theme baby nursery;0
lavender and teal nursery baby girl;0
lavender themed nursery;0
girl nursery themes lavender;0
baby girl nursery themes lavender;0
baby girl nursery themes purple lavender;0
girl nursery themes purple lavender;0
lavender nursery vintage;0
lavender nursery walls;0
lavender wildflower nursery;0
nursery with lavender accents;0
lavender western nursery;0
white lavender nursery;0
lavender and natural wood nursery;0
lavender whimsical nursery;0
lavender and wood nursery;0
lavender and butter yellow nursery;0
yellow and lavender nursery;0
lavender and yellow baby nursery;0
lavender and yellow nursery baby girl;0
lavender yellow nursery;0
beige nursery girl;0
beige nursery boy;0
beige nursery paint colors;0
beige nursery aesthetic;0
beige nursery panelling;0
beige nursery walls;0
beige nursery with pink accents;0
best beige paint for nursery;0
baby boy nursery printables;0
blush pink paint for nursery;0
free nursery printables boy;0
nursery printables boy;0
pink gingham nursery decor;0
free nursery printables girl;0
beige nursery with green accents;0
beige and black nursery;0
beige and blue baby nursery;0
beige boys nursery;0
grey and beige baby nursery;0
accessible beige nursery decor ideas;0
nursery accent wall beige brown;0
nursery beige carpet;0
benjamin moore beige nursery;0
nursery beige colors;0
woodland nursery beige;0
beige nursery accent wall;0
beige nursery art;0
beige and white nursery ideas;0
nursery boy beige and blue;0
nursery beige and grey;0
beige nursery blue accents;0
beige nursery black crib;0
beige nursery color;0
beige nursery color palette;0
beige nursery colourful;0
beige nursery carpet;0
beige nursery clouds;0
beige nursery color scheme;0
beige nursery corner;0
beige color drenched nursery;0
beige nursery dark wood;0
beige nursery design;0
beige and dusky pink nursery;0
green and beige nursery design;0
beige duck nursery;0
dark green and beige nursery;0
dinosaurs nursery beige;0
nursery room design beige;0
even better beige nursery;0
beige nursery for girl;0
beige nursery feature wall;0
beige nursery for boy;0
perfect beige for nursery;0
beige color for nursery;0
best beige for nursery;0
beige nursery with white furniture;0
beige forest nursery;0
baby nursery beige furniture;0
beige floral wallpaper nursery;0
beige nursery green accents;0
beige nursery grey carpet;0
beige nursery girl wallpaper;0
girl nursery beige walls;0
beige gray nursery;0
baby nursery green and beige;0
nursery curtains girl beige;0
beige half wall nursery;0
hunter green and beige nursery;0
half beige half white wall nursery;0
beige hot air balloon nursery;0
beige nursery ideas girl;0
beige nursery ideas boys;0
beige nursery ideas gender neutral;0
small beige nursery ideas;0
beige wall nursery ideas;0
nursery ideas neutral beige;0
nursery ideas not beige;0
blue and beige nursery ideas;0
beige jungle nursery;0
just beige benjamin moore nursery;0
beige kids nursery;0
beige luxury nursery;0
beige ralph lauren nursery;0
light beige nursery paint colors;0
beige and light blue nursery;0
beige limewash nursery;0
light beige nursery;0
light green and beige nursery;0
beige limewash walls nursery;0
light pink beige nursery;0
beige and lilac nursery;0
lick beige 02 nursery;0
lavender and beige nursery;0
beige nursery mural;0
beige nursery modern;0
beige nursery moodboard;0
beige nursery mirror;0
beige mom nursery room;0
big bend beige benjamin moore nursery;0
beige mom nursery;0
nursery per neonato maschio beige;0
minimalist beige nursery;0
mint green and beige nursery;0
beige mom aesthetic nursery;0
beige nursery neutral;0
beige and orange nursery;0
beige and olive nursery;0
beige ocean nursery;0
beige nursery with pops of color;0
beige nursery pops of color;0
olive green and beige nursery;0
olive beige nursery;0
beige nursery pink accents;0
beige nursery painting;0
beige pink girl nursery;0
beige wall paint nursery;0
nursery beige pink;0
beige nursery quilt;0
beige nursery room design;0
beige nursery room ideas;0
beige nursery room girl;0
beige nursery room inspiration;0
beige nursery room boy;0
nursery room beige brown;0
nursery room beige white;0
beige nursery’s;0
beige nursery safari;0
beige striped nursery;0
sims 4 beige nursery;0
beige and white striped nursery;0
sage beige nursery;0
sage and beige nursery;0
soft pink and beige nursery;0
beige nursery paint colors sherwin williams;0
sherwin williams beige nursery;0
beige nursery theme;0
beige taupe nursery;0
tan beige nursery;0
beige toile nursery;0
beige teddy bear nursery;0
beige winnie the pooh nursery;0
beige toy story nursery;0
beige trim nursery;0
beige and terracotta nursery;0
nursery idea beige winnie the pooh;0
grandeco pinstripe nursery textured wallpaper natural beige;0
beige teddy nursery;0
unisex nursery ideas beige;0
unfussy beige nursery;0
beige unisex nursery;0
unfussy beige sherwin williams nursery;0
beige nursery vintage;0
beige vj panelling nursery;0
beige nursery with pops of colour;0
beige nursery with blue accents;0
beige nursery wall art;0
beige nursery with panelling;0
beige nursery wall color;0
beige nursery white furniture;0
beige nursery with pink;0
beige nursery with wallpaper;0
nursery beige yellow;0
yellow and beige nursery;0
yellow and beige baby nursery;0
nursery beige green yellow;0
earth tone nursery girl;0
earth tone nursery boys;0
earth tone nursery gender neutral;0
earth tone nursery color ideas;0
earth tone nursery paint colors;0
earth tone nursery wallpaper;0
warm earth tone nursery;0
baby girl earth tone nursery;0
earth tone baby nursery;0
muted earth tone nursery;0
earth tone girl nursery;0
earth tone rainbow nursery;0
colorful earth tone nursery;0
earth tone baby nursery color palettes;0
baby boy earth tone nursery;0
earth tone baby nursery ideas;0
earth tone color palette for calming nursery;0
earth tone color palette nursery;0
dark earth tone nursery;0
earth tone girls nursery;0
nursery room earth tone;0
soft earth tone nursery;0
gingham nursery girl;0
gingham nursery boy;0
gingham nursery ideas;0
gingham nursery wallpaper;0
gingham nursery wall;0
gingham nursery rug;0
gingham nursery pillow;0
gingham nursery neutral;0
tan gingham curtains nursery;0
gingham wallpaper boy nursery;0
boy nursery green gingham;0
nursery gingham chair;0
brown gingham boy nursery;0
gingham wall nursery;0
baby girl nursery pink gingham;0
gingham nursery art;0
gingham nursery aesthetic;0
black and white gingham nursery;0
gingham accent wall nursery;0
stripes and gingham nursery;0
pink gingham and bows nursery;0
green and tan gingham nursery;0
green and white gingham nursery;0
tan and white gingham nursery;0
gingham nursery blue;0
gingham nursery boy blue;0
gingham nursery brown;0
gingham nursery canopy;0
gingham chair in nursery;0
baby boy nursery gingham curtains;0
cream gingham nursery;0
nursery with gingham chair;0
yellow gingham curtains nursery;0
blue gingham chair nursery;0
gingham daybed in nursery;0
vintage gingham nursery decor;0
gingham day bed nursery;0
dark green gingham nursery;0
nursery with gingham daybed;0
daisy gingham nursery;0
gingham duck nursery;0
gingham farm nursery;0
gingham floral nursery;0
gingham and floral nursery;0
gingham wallpaper for nursery;0
gingham curtains for nursery;0
gingham nursery green;0
gingham hunting nursery;0
girl nursery ideas gingham;0
gingham in nursery;0
pink gingham nursery ideas;0
nursery gingham curtain ideas;0
nursery ideas green gingham;0
baby girl nursery room ideas gingham;0
gingham lamp nursery;0
light pink gingham nursery;0
light green gingham nursery;0
lavender gingham nursery;0
gingham nursery prints;0
gingham nursery pink;0
gingham pattern nursery;0
girl nursery pink gingham;0
pink gingham vintage nursery;0
pink gingham girls nursery;0
winnie the pooh gingham nursery;0
gingham nursery rocker;0
gingham nursery room;0
red gingham nursery;0
green gingham rug nursery;0
red gingham baby nursery;0
gingham rocking chair nursery;0
pink gingham nursery girl rooms accent wall;0
gingham nursery sign;0
sage green gingham wallpaper nursery;0
sage green gingham nursery;0
sage gingham wallpaper nursery;0
sage and gingham nursery;0
gingham and stripe nursery;0
sage gingham nursery;0
sage green gingham curtains nursery;0
gingham style nursery;0
gingham nursery theme;0
tan gingham chair nursery;0
gingham themed nursery;0
pink gingham nursery theme;0
tan gingham nursery;0
vintage gingham girl nursery;0
gingham vintage nursery;0
gingham nursery wall art;0
nursery with gingham;0
yellow and pink gingham nursery;0
pale yellow gingham nursery;0
yellow gingham baby nursery;0
yellow gingham nursery;0
yellow gingham wall nursery;0
yellow gingham wallpaper nursery;0
blush pink nursery paint colors;0
blush pink nursery panelling;0
blush pink nursery walls;0
blush pink nursery room;0
blush pink nursery ideas boho;0
blush pink nursery with wallpaper;0
blush pink nursery accent wall;0
blush pink dulux nursery;0
blush pink and brown nursery;0
blush pink and sage nursery;0
blush pink nursery paint colors sherwin williams;0
blush pink baby girl nursery;0
blush pink floral nursery;0
girl blush pink nursery;0
blush pink nursery colors;0
cream and blush pink nursery;0
sage green and blush pink nursery girl;0
beige and blush pink nursery;0
blush pink and white nursery ideas;0
blush pink and black nursery;0
blush pink and burgundy nursery;0
blush pink and yellow nursery;0
blush pink paint color nursery;0
behr blush pink paint colors nursery;0
baby girl nursery blush pink color palettes;0
blush pink nursery paint colors benjamin moore;0
blush pink crib nursery;0
blush pink nursery decor ideas;0
dark blush pink nursery;0
blush pink dulux paint nursery;0
dark green and blush pink nursery;0
blush pink dresser nursery;0
blush pink for nursery;0
blush pink nursery ideas for gender-neutral;0
baby girl nursery blush pink floral;0
blush pink nursery ideas for small spaces;0
best blush pink for nursery;0
blush pink flower nursery;0
baby girl nursery room ideas blush pink;0
baby girl nursery rose gold blush pink;0
blush pink and gray nursery;0
girls nursery blush pink;0
girl nursery ideas blush pink;0
blush pink and gold nursery ideas;0
blush pink and sage nursery ideas;0
blush pink baby nursery ideas;0
baby girl nursery room ideas gold blush pink;0
light blush pink nursery;0
blush pink limewash nursery;0
olive green and blush pink nursery;0
soft blush pink nursery;0
sage green blush pink nursery;0
baby girl nursery blush pink and sage;0
blush pink winnie the pooh nursery;0
vintage blush pink nursery;0
blush pink nursery wall art;0
blush pink wildflower nursery;0
blush pink white and gold nursery;0
black white and blush pink nursery;0
blush pink wall nursery;0
baby girl nursery wall art printable;0
dream big little one printable free nursery art;0
printable baby nursery wall art;0
nursery wall art printable alphabet;0
free printable wall art boho nursery;0
baby boy nursery wall art printable;0
baby animals pictures nursery wall art printable;0
christian nursery wall art printable;0
nursery wall art printable etsy;0
printable art for nursery;0
free printable wall art nursery girl;0
nursery room wall art printable;0
printable nursery wall art set;0
woodland nursery wall art printable;0
nursery printables girl;0
nursery printables pink;0
nursery lds ideas free printables;0
lds nursery lessons free printables;0
winnie the pooh nursery printables;0
preschool nursery rhyme activities free printables;0
nursery rhymes activities for toddlers free printables;0
woodland animal free printables nursery prints;0
nursery rhyme activities preschool printables;0
nursery school activities printables;0
nursery school activities printables preschool;0
baby nursery prints free printables;0
baby girl nursery printables;0
baby nursery printables;0
baby nursery dramatic play printables free;0
free nursery printables boy wall prints;0
baby girl nursery prints free printables;0
christian nursery printables;0
nursery closet dividers free printables;0
nursery class printables;0
church nursery printables free;0
nursery rhyme crafts preschool free printables;0
nursery rhyme cards free printables;0
church nursery printables;0
nursery dramatic play center free printables;0
nursery coloring pages free printables;0
lds nursery coloring pages free printables;0
nursery rhyme crafts for toddlers free printables;0
baby nursery dramatic play printables;0
baby doll nursery printables;0
dollhouse nursery printables;0
nursery english worksheets for kids printables;0
free nursery rhymes printables preschool;0
free vintage nursery printables;0
girl nursery prints free printables;0
old macdonald had a farm printables nursery rhymes;0
worksheets for nursery kids free printables;0
nursery rhymes lyrics printables;0
miniature nursery printables;0
mini nursery printables;0
nursery rhymes preschool theme free printables;0
nursery rhyme props free printables;0
safari animals nursery printables;0
nursery templates free printables;0
vintage nursery printables;0
nursery worksheets printables;0
nursery wall printables;0
diy nursery decor craft;0
diy nursery decor boy wall art;0
diy nursery decor woodland;0
diy nursery decor boy crafts;0
diy nursery decor girl crafts wall art;0
diy nursery decor painting;0
diy nursery decoration ideas;0
diy nursery decor name;0
nursery classroom decoration ideas diy;0
diy farm nursery decor ideas;0
diy macrame nursery decor;0
diy airplane nursery decor;0
diy nursery decor paint;0
diy winnie the pooh nursery decorations;0
diy nursery decor artwork;0
diy nursery decor art;0
diy hot air balloon nursery decor;0
diy nursery decor wall art;0
diy baby boy canvas art nursery decor;0
diy baby girl canvas art nursery decor;0
diy star and moon nursery decor;0
boys nursery decor diy wall art;0
diy nursery decor baby girl;0
boho nursery wall decor diy;0
diy nursery wall decor boy;0
diy nursery decor cricut;0
diy nursery decor canvas;0
diy car-themed nursery decor ideas;0
diy nursery classroom decor;0
diy clay nursery decor;0
diy baby nursery decor crafts;0
diy cowboy nursery decor;0
diy crochet nursery decor;0
nursery christmas decor diy;0
diy nursery decor dollar tree;0
diy fishing nursery decor;0
easy diy baby nursery decor;0
diy winnie the pooh nursery decor easy;0
easy diy nursery decor ideas;0
home decor ideas diy - easy craft for nursery;0
diy canvas art easy wall decor nursery;0
diy nursery decor forest;0
diy nursery decor for tiny spaces;0
diy flower nursery decor;0
diy felt nursery decor;0
diy nursery frame decor;0
diy flower wall decor nursery;0
diy decor for nursery;0
diy decor for baby girl nursery;0
diy nursery decor girl wall art;0
diy nursery decor gender neutral;0
baby girl nursery decor diy;0
baby girl nursery wall decor diy;0
diy nursery hanging decor;0
diy hunting nursery decor ideas;0
diy home decor nursery;0
diy harry potter nursery decor;0
diy nursery decor ideas girl;0
diy nature-themed nursery decor ideas;0
diy nursery shelf decor ideas;0
nursery room decor ideas diy;0
diy minimalist nursery decor ideas;0
diy dog nursery decor ideas;0
diy nursery letter decor;0
diy letter decor initials nursery;0
diy mountain nursery decor;0
diy nursery decor neutral;0
diy nursery decor ocean;0
diy outdoor nursery decor;0
diy outer space decor themed nursery;0
diy nursery decor winnie the pooh;0
diy pooh nursery decor;0
diy princess nursery decor;0
personalized nursery decor diy;0
nursery decor diy projects;0
diy painted nursery decor;0
nursery room diy decor;0
rope name sign diy nursery decor;0
diy room decor for nursery;0
dragon nursery diy room decor ideas;0
diy nursery decor safari;0
diy nursery decor sewing;0
swan nursery decor diy;0
simple diy nursery decor;0
diy sunflower nursery decor;0
diy under the sea nursery decor;0
name wooden sign nursery decor diy;0
diy nursery decor tutorials;0
dollar tree diy nursery decor;0
diy toy story nursery decor;0
diy fairy themed nursery decor;0
diy dollar tree nursery decor girl;0
diy vintage nursery decor;0
vintage sports nursery decor diy;0
diy vintage nursery decor ideas;0
diy nursery decor wall;0
diy nursery decor wood;0
diy western nursery decor;0
diy wall art decor creative;0
diy wall art painting murals;0
diy wall art decor paintings;0
art wall decor diy;0
grunge room decor diy wall art;0
room decor drawings wall art diy simple;0
black and white painting ideas diy wall art;0
easy crafts for adults home decor diy wall art projects;0
diy wall art abstract wood sculpture;0
diy wall art acrylic;0
diy wall art alt;0
diy wall art aesthetic bedroom;0
diy wall art above couch;0
diy wall art around tv;0
diy wall art anime;0
diy wall art big;0
diy wall art blue;0
diy wall art black;0
diy wall art boys room;0
diy wall art brown;0
diy wall art bedroom above bed;0
diy wall art black and gold;0
diy wall art behind tv;0
diy wall art colorful;0
diy wall art collage;0
diy wall art craft;0
diy wall art christmas;0
diy wall art clay;0
diy wall art coastal;0
diy wall art cricut;0
diy wall art cool;0
diy wall art decor creative bedroom;0
diy wall art decor living room;0
diy wall art gallery;0
diy wall art men;0
diy wall art office;0
diy wall art over bed;0
diy wall art sayings;0
diy wall art to sell;0
diy wall art using paper;0
diy 70s wall art;0
baby nursery ideas;0
nursery ideas boy;0
nursery ideas for boys;0
nursery ideas for twins boy and girl;0
nursery ideas girl;0
nursery ideas hot air balloon;0
diy wall art decor creative living room;0
diy wall art decor creative clay;0
diy wall art decor crafts;0
diy wall art decor creative cardboard;0
diy wall art decor bedroom simple;0
diy wall art eclectic;0
diy wall art earthy;0
diy wall art elegant;0
diy wall art embroidery;0
diy wall art easy simple;0
diy wall art entryway;0
easy crafts for adults home decor diy wall art ideas;0
foam sheet crafts diy wall art easy;0
diy wall art for kids room;0
diy wall art for kids;0
diy wall art for teen boy bedroom;0
diy wall art for men;0
diy wall art frame ideas;0
diy wall art green;0
diy wall art girls room;0
diy wall art gold;0
diy wall art grunge;0
diy wall art girly;0
diy wall art girls bedroom;0
diy wall art gold leaf;0
diy wall art gold frame;0
diy wall art gothic;0
diy wall art hanging;0
diy wall art horizontal;0
diy wall art halloween;0
diy wall art hanger;0
diy wall art home decor;0
diy wall art huge;0
diy wall art headboard;0
diy wall art hallway;0
diy wall art hanging ideas;0
diy wall art hot glue;0
diy wall art hippie;0
diy wall art hearts;0
diy wall art ideas inspired by nature;0
diy wall art ideas on a budget;0
diy wall art ideas paint;0
diy wall art inspiration;0
diy wall art indian;0
diy wall art ideas for bedrooms;0
diy wall art ideas for room decor;0
diy wall art in frame;0
diy wall art installation;0
diy wall art ideas with a vintage touch;0
diy wall art japandi;0
diy wall art jesus;0
diy wall art japanese;0
japanese decor diy wall art;0
jenga wall art diy;0
jewel tone wall art diy;0
jute wall art diy;0
diy jesus decor wall art;0
diy japanese wall art ideas;0
jenga block wall art diy;0
diy jenga blocks wall art;0
jellyfish diy decorations wall art;0
diy wall art kids;0
diy wall art kids room;0
diy wall art kitchen;0
diy wall art kids bedroom;0
diy wall art kids playroom;0
diy kids room decor girls wall art free printables;0
kitchen diy crafts wall art;0
wall art for kids diy;0
diy kids bathroom wall art;0
diy picture frames for kids wall art;0
diy plaster wall art kids;0
diy wall art letters;0
diy wall art large scale;0
diy wall art large canvas;0
diy wall art light;0
diy wall art love;0
diy wall art leaves;0
diy wall art landscape;0
diy wall art lamp;0
diy wall art letters on canvas;0
diy wall art led;0
diy wall art minimalist;0
diy wall art mid century modern;0
diy wall art macrame;0
diy wall art mountains;0
diy wall art moody;0
diy wall art music;0
diy wall art mirror;0
diy wall art memories;0
diy wall art meaningful;0
diy wall art nature;0
diy wall art neutral;0
diy wall art newspaper;0
diy wall art no frame;0
diy wall art name;0
diy wall art nature inspired;0
newspaper diy crafts wall art;0
diy neutral wall art canvas;0
diy pool noodle wall art;0
nutcracker wall art diy;0
narrow hallway diy wall art ideas;0
diy wall art ocean;0
diy wall art on wood;0
diy wall art orange;0
diy wall art on paper;0
diy wall art oversized;0
diy wall art origami;0
diy wall art on wall;0
diy wall art painting trendy;0
diy wall art painting boho green;0
diy wall art painting boho;0
diy wall art painting boho living room;0
diy wall art painting watercolor;0
diy wall art quotes funny;0
diy wall decor quotes art ideas;0
diy motivational wall art inspirational quotes;0
diy framed quotes wall art;0
diy wall quote art wooden signs;0
diy large quote wall art;0
motivational quotes diy wall art;0
diy wooden quilt wall art;0
diy canvas wall art quotes inspiration;0
easy diy wall art painting quotes;0
diy wood quilt wall art plans;0
diy wall art red;0
diy wall art rustic;0
diy wall art rope;0
diy wall art retro;0
diy wall art room decor;0
diy wall art round;0
diy wall art recycled;0
diy wall art rental friendly;0
diy wall art rainbow;0
diy wall art resin;0
diy wall art simple;0
diy wall art spackle;0
diy wall art sculpture;0
diy wall art sketch;0
diy wall art set;0
diy wall art shells;0
diy wall art stripes;0
diy wall art set of 3;0
diy wall art storage;0
diy wall art stencil;0
diy wall art star;0
diy wall art texture;0
diy wall art tutorials for beginners;0
diy wall art tutorials;0
diy wall art toddler girl;0
diy wall art text;0
diy wall art teen girl;0
diy wall art toddler room;0
diy wall art trendy;0
diy wall art tiles;0
diy wall art using plaster of paris;0
diy wall art using placemats;0
diy wall art using poster board;0
diy wall art unique;0
diy wall art using wood;0
diy wall art using cardboard;0
diy wall art using fan blades;0
diy wall art vintage;0
diy wall art videos;0
diy valentines day wall art;0
diy velvet wall art;0
vintage room decor bedroom diy wall art;0
good vibes diy wall art;0
bible verse wall art diy;0
diy vintage frame wall art;0
free printable bible verse wall art diy;0
wall art diy video;0
long vertical wall art diy;0
diy wall art with kids;0
diy wall art with shells;0
diy wall art watercolor;0
diy wall art with putty;0
diy wall art with sponge;0
diy wall art with foam board;0
diy wall art xl;0
xxl diy wall art;0
diy xmas canvas wall art;0
xmas wall art diy;0
xmas wall art diy projects;0
diy wall art y2k;0
diy wall art yellow;0
diy room decor yarn wall art;0
yellow wall art diy canvas paintings;0
cheap diy wall art do it yourself;0
yarn macrame diy wall art;0
yarn art diy wall hangings;0
wood and yarn wall art diy;0
diy yin yang wall art;0
zen wall art diy;0
zach bryan diy wall art;0
diy zen decor crafts wall art;0
how lucky are we wall art zach bryan diy;0
zentangle wall art diy;0
zelda wall art diy;0
1x1 wood projects diy wall art;0
diy 2 canvas wall art;0
2 piece canvas painting diy wall art;0
set of 2 wall art diy;0
2 piece diy wall art;0
diy textured wall art set of 2;0
2 piece canvas painting diy wall art ideas;0
2 piece canvas painting diy wall art canvases;0
diy wall art 2026;0
2x4 wall art diy;0
wall art diy 2025;0
diy textured wall art 2025;0
25 diy tape mural wall art paint ideas;0
diy 2d wall art;0
3 piece wall art diy bathroom;0
3 piece wall art diy living room;0
3 canvas diy wall art;0
diy set of 3 wall art;0
3 canvas painting ideas diy wall art canvases;0
3 canvas painting ideas diy wall art simple;0
3 piece wall art paintings on canvas diy;0
3 frame wall art diy;0
plaster wall art diy set of 3;0
diy textured wall art set of 3;0
3 d wall art diy;0
diy wall art 3 piece;0
diy wall art 3d;0
diy wall art 3d home decor;0
diy wall art 3 canvas;0
3d wall art decor diy crafts;0
3d art diy wall hangings;0
diy 3d wall art cardboard animal;0
3d art wall decor diy;0
diy 3d wall art clay;0
4 piece wall art diy;0
diy 4 canvas wall art;0
4 piece canvas art diy wall decor;0
4th of july wall art diy;0
diy 5 piece canvas wall art;0
6 piece wall art diy;0
6 piece canvas art diy wall;0
99 names of allah wall art diy;0
printable wall decor print;0
printable wall decor image;0
printable wall decor aesthetic;0
printable wall decors;0
printable wall decor for classroom;0
printable wall decor cutecore;0
printable wall decor black and white;0
printable wall decor blue;0
printable wall decor image art;0
printable wall decor bible verse;0
room stickers wall decor aesthetic printable diy;0
harry potter posters printable wall decor hogwart;0
aesthetic wall decor pictures printable pink;0
bathroom frames decor wall art free printable;0
free printable wall art living room decor modern;0
fashion designer room decor wall art printable;0
aesthetic posters wall decor printable pastel;0
nail salon wall decor printable;0
homeschool wall decor printable free;0
aesthetic wall decor printable kpop;0
printable wall decor art prints;0
printable wall decor aesthetic pink;0
printable wall decor anime;0
printable wall decor art;0
printable wall decor bedroom;0
black and white printable wall decor prints;0
bedroom wall decor above bed printable;0
printable photos for wall decor bedroom;0
easy room decor diy bedrooms small spaces wall art printable;0
bathroom decor pictures wall art printable;0
black and white posters printable wall decor music;0
printable wall decor collage;0
printable wall decor christian;0
printable wall decor coquette;0
calligraphy wall decor printable;0
classroom wall decor printable;0
christmas decor printable wall art printable;0
school wall decoration classroom decor printable;0
christmas wall decor ideas printable;0
printable wall decor design;0
printable wall art living room decor etsy;0
easter wall decor printable;0
enhypen printable wall decor;0
exo wall decor printable;0
easy diy room decor wall art craft ideas bedroom paper aesthetic printable;0
kpop wall decor printable enhypen;0
enhypen aesthetic wall decor printable;0
enhypen wall decor printable pink;0
printable wall decor for kitchen;0
printable wall decor flower;0
printable wall decor for dining;0
printable wall decor for bedroom;0
printable photos for wall decor;0
printable wall decor green;0
printable wall decor goth;0
gamer wall decor printable;0
aesthetic wall decor printable green;0
sage green wall decor printable;0
grunge printable wall decor;0
ghibli printable wall decor;0
room stickers wall decor aesthetic printable diy green;0
gold wall decor printable;0
printable wall art decor green;0
girls printable wall decor;0
wall grid decor printable;0
hanging wall decor printable;0
harry potter wall decor printable;0
hakuna matata printable wall decor;0
hello kitty wall decor printable;0
printable wall art home decor;0
home decor frames wall art printable;0
free printable black and white wall art home decor;0
house wall decor printable;0
mandala wall art murals home decor printable;0
harry potter posters printable wall decor free;0
islamic wall decor printable black;0
islamic art printable wall decor;0
wall decor images free printables printable;0
barber shop decor ideas wall art printable;0
islamic wall decor printable aesthetic;0
illit wall decor printable;0
printable photos for wall decor ideas;0
islamic wall decor printable;0
new jeans wall decor printable;0
jungle theme wall decor printable;0
jesus wall decor printable;0
japanese wall decor printable;0
printable wall decor kids;0
printable wall decor kpop;0
printable wall decor kitchen;0
kdrama wall decor printable;0
kpop wall decor printable bts;0
kitchen decor wall art printable;0
aesthetic kitchen wall decor printable;0
kpop wall decor printable skz;0
free printable wall decor for kids;0
printable wall decor living room;0
letter wall decor printable;0
free printable wall art living room decor diy;0
light academia wall decor printable;0
printable wall art living room decor bible verses;0
free printable wall art living room decor bedroom;0
wall decor printable landscape;0
printable wall art for living room decor;0
printable wall art decor living room;0
printable wall art living room decor free prints;0
printable wall decor mini;0
printable wall decor music;0
anime manga wall room decor printable black and white demon slayer;0
anime manga wall room decor printable tokyo revengers;0
anime manga wall room decor printable black and white;0
merry christmas wall decor printable;0
kitchen posters printable wall decor minimalist;0
mirror wall decor printable;0
marvel wall decor printable;0
nail salon decor wall art printable;0
anime manga wall room decor printable black and white naruto;0
nordic wall decor printable;0
nature wall decor printable;0
anime manga wall room decor printable naruto;0
nct wall decor printable;0
naruto wall decor printable;0
aesthetic wall decor pictures printable orange;0
fruits of the spirit printable wall decor;0
printable office wall decor;0
attack on titan poster wall decor printable;0
bats on wall decor printable;0
anime manga wall room decor printable attack on titan;0
fruit of the spirit printable wall decor free;0
anime manga wall room decor printable one piece;0
home office wall decor printable;0
free printable wall art office home decor;0
printable wall decor posters;0
printable wall decor paper;0
printable wall decor purple;0
aesthetic wall decor printable quotes;0
study table wall decor quotes printable;0
free printable wall art quotes decor;0
printable wall art decor quotes;0
diy canvas art quotes wall decor free printable;0
kitchen quotes printable wall decor;0
printable wall art living room decor inspirational quotes;0
family quotes wall decor printable;0
harry potter posters printable wall decor quotes;0
diy quotes wall decor printable;0
printable wall decor red;0
room stickers wall decor printable;0
room decor wall posters printable;0
room stickers wall decor aesthetic printable art;0
room stickers wall decor aesthetic printable diy red;0
printable wall decor stickers;0
wall decor sticker printable;0
room stickers wall decor aesthetic printable aesthetic;0
printable wall decor template;0
toilet pictures art wall decor printable;0
toilet wall decor printable;0
tulip wall decor printable;0
therian wall decor printable;0
taylor swift room decor diy wall art printable;0
retro western print | cowgirl decor | dorm room painting | trendy printable wall art;0
unicorn wall decor printable free;0
valentines wall decor printable;0
aesthetic wall decor printable vintage;0
vintage posters decor retro print wall art printable;0
bible verses printable wall decor;0
wall decor printable vintage;0
bible verse art printable wall decor;0
aesthetic wall decor bedroom pictures printable vintage;0
aesthetic wall decor printable vintage books;0
aesthetic wall decor printable vintage retro;0
aesthetic posters wall decor printable vintage;0
printable wall decor y2k;0
printable wall art decor yellow;0
aesthetic wall decor printable yellow;0
aesthetic wall decor pictures printable yellow;0
aesthetic posters wall decor printable yellow;0
2000s wall decor printable;0
3 piece art wall decor printable;0
3d printed wall decor printable;0
3d printable wall decor;0
3d butterfly wall decor printable;0
digital prints for nursery;0
digital prints nursery;0
downloadable prints nursery;0
baby nursery ideas for girl;0
nursery ideas apartment;0
nursery ideas aesthetic;0
nursery ideas animal theme;0
nursery ideas accent wall;0
nursery ideas activities;0
nursery ideas art;0
nursery ideas antique;0
nursery ideas anime;0
nursery ideas above dresser;0
nursery ideas airplanes;0
nursery ideas boy themes;0
nursery ideas baby girl;0
nursery ideas baby boy;0
nursery ideas boy green;0
nursery ideas boy blue;0
nursery ideas boy neutral;0
nursery ideas boy hunting;0
nursery ideas boy vintage;0
nursery ideas country;0
nursery ideas cottagecore;0
nursery ideas coastal;0
nursery ideas changing table;0
nursery ideas cozy;0
nursery ideas closet;0
nursery ideas christian;0
nursery ideas color;0
nursery ideas cars;0
nursery ideas dark wood;0
nursery ideas dinosaur;0
nursery ideas duck;0
nursery ideas dog theme;0
nursery ideas drawing;0
nursery ideas dragon;0
nursery ideas duck theme;0
nursery ideas dinosaur theme;0
nursery ideas dusty rose;0
nursery ideas earthy;0
nursery ideas elephant theme;0
nursery ideas elephant;0
nursery ideas eclectic;0
nursery ideas eyfs;0
nursery ideas enchanted forest;0
nursery ideas easy;0
nursery ideas english;0
nursery ideas earth tones;0
nursery ideas early 2000s;0
nursery ideas eyfs classroom;0
nursery ideas emerald green;0
nursery ideas for girl;0
nursery ideas farm;0
nursery ideas fun;0
nursery ideas for baby girl;0
nursery ideas for a boy;0
nursery ideas fairytale;0
nursery ideas girl themes;0
nursery ideas girl vintage;0
nursery ideas girl colorful;0
nursery ideas girl neutral;0
nursery ideas girl boho;0
nursery ideas girl simple;0
nursery ideas girl whimsical;0
nursery ideas harry potter;0
nursery ideas hello kitty;0
nursery ideas highland cow;0
nursery ideas horse;0
nursery ideas half wall;0
nursery ideas hunter;0
nursery ideas halloween;0
nursery ideas hospital;0
nursery ideas hobbit;0
nursery ideas hippie;0
nursery ideas in bedroom;0
nursery ideas in master room;0
nursery ideas in toca boca;0
nursery ideas in parents bedroom;0
nursery ideas in apartment;0
nursery ideas ikea malm;0
nursery ideas interior design;0
nursery ideas indian;0
nursery ideas pastel colors;0
nursery inspiration boy;0
nursery inspiration girl;0
nursery inspiration ikea;0
baby nursery design ideas;0
modern nursery interior design;0
nursery design architecture;0
nursery design building;0
nursery design trends;0
nursery school uniform design;0
nursery ideas in bloxburg;0
nursery ideas jesus;0
nursery ideas japandi;0
nursery ideas jungle theme girl;0
nursery ideas jellycat;0
nursery ideas japanese;0
nursery ideas jungle theme boy;0
nursery ideas jungle book;0
nursery ideas kmart;0
nursery ideas kindergarten;0
nursery ideas kids;0
nursery ideas korean;0
nursery ideas koala;0
nursery ideas knight;0
nursery kids activities ideas;0
kid nursery ideas;0
lion king nursery ideas boys;0
gifts ideas for nursery kids;0
artwork ideas for nursery kids;0
room divider ideas for nursery or kids' room;0
nursery ideas layout;0
nursery ideas luxury;0
nursery ideas lavender;0
nursery ideas light blue;0
nursery ideas lilac;0
nursery ideas light green;0
nursery ideas lord of the rings;0
nursery ideas lion king;0
nursery ideas large room;0
nursery ideas ladybug;0
nursery ideas lion;0
nursery ideas minimalist;0
nursery ideas montessori;0
nursery ideas mural;0
nursery ideas moody;0
nursery ideas mid century modern;0
nursery ideas mirror;0
nursery ideas mauve;0
nursery ideas mushroom;0
nursery ideas nature;0
nursery ideas neutral girl;0
nursery ideas neutral rustic;0
nursery ideas names on wall;0
nursery ideas neutral small room;0
nursery ideas noahs ark;0
nursery ideas nautical;0
nursery ideas nature theme;0
nursery ideas neutral boho;0
nursery ideas neutral modern;0
nursery ideas ocean;0
nursery ideas organization;0
nursery ideas orange;0
nursery ideas ocean theme;0
nursery ideas old money;0
nursery ideas olive green;0
nursery ideas outdoor theme;0
nursery ideas one bedroom apartment;0
nursery ideas oak furniture;0
nursery ideas old fashioned;0
nursery ideas outfits;0
nursery ideas painting;0
nursery ideas peter rabbit;0
nursery ideas princess;0
nursery ideas plants;0
nursery ideas paneling;0
nursery ideas pink and green;0
nursery ideas pastel;0
nursery ideas pooh bear;0
nursery ideas pokemon;0
nursery ideas quirky;0
nursery ideas quilt;0
nursery ideas quotes;0
nursery ideas quadruplets;0
nursery ideas with queen bed;0
tranquil nursery ideas with quiet moments benjamin moore;0
nursery question paper ideas;0
small nursery ideas with queen bed;0
winnie the pooh nursery quote ideas;0
nursery english question paper ideas;0
hanging quilts on wall ideas nursery;0
nursery ideas rental home;0
nursery ideas renter friendly;0
nursery ideas ralph lauren;0
nursery ideas rainbow;0
nursery ideas red;0
nursery ideas realistic;0
nursery ideas room;0
nursery ideas retro;0
nursery ideas rocking chair;0
nursery ideas ralph lauren girl;0
nursery ideas rental;0
nursery ideas small space;0
nursery ideas space;0
nursery ideas school;0
nursery ideas shelves;0
nursery ideas safari theme;0
nursery ideas sea theme;0
nursery ideas twins boy and girl;0
nursery ideas toy story;0
nursery ideas teddy bear theme;0
nursery ideas toca boca free;0
nursery ideas themes girl;0
nursery ideas travel theme;0
nursery ideas traditional;0
nursery ideas twin boys;0
nursery ideas under the sea;0
nursery ideas unisex gender neutral;0
nursery ideas unique;0
nursery ideas under the sea themed rooms;0
nursery ideas unicorn;0
nursery ideas up theme;0
class nursery urdu paper ideas;0
nursery ideas vintage;0
nursery ideas vintage gender neutral;0
nursery ideas vintage girl;0
nursery ideas vintage boy;0
nursery ideas vintage sports;0
nursery ideas victorian;0
nursery ideas violet;0
nursery ideas victorian house;0
nursery ideas vintage colorful;0
nursery ideas vintage golf;0
nursery ideas voy;0
nursery ideas video;0
nursery ideas western;0
nursery ideas whimsical;0
nursery ideas white crib;0
nursery ideas with full size bed;0
nursery ideas with bed;0
nursery ideas yellow and pink;0
nursery ideas yellow and green;0
nursery ideas y2k;0
nursery ideas yellow girl;0
nursery ideas yellow and blue;0
nursery ideas yellow green;0
nursery ideas you are my sunshine;0
nursery ideas yellow boy;0
nursery ideas yellow blue;0
nursery ideas yellow stripes;0
nursery ideas zoo theme;0
nursery ideas zoo animals;0
baby nursery ideas zoo animals;0
legend of zelda nursery ideas;0
boy zoo nursery ideas;0
zoo themed baby room nursery ideas;0
girl zoo nursery ideas;0
nursery activity ideas 0-2;0
1-2 nursery room ideas;0
nursery activity ideas 1-2;0
formula 1 nursery ideas;0
nursery ideas for 1 bedroom apartment;0
nursery ideas 1990s;0
100 acre wood nursery ideas;0
101 dalmatian nursery ideas;0
1930s nursery design ideas;0
whimsical furniture ideas for 100 acre wood nursery;0
10x10 nursery ideas;0
1st day at nursery ideas;0
painting ideas for nursery 2;0
nursery ideas for 2 babies;0
2 baby nursery ideas;0
nursery ideas with 2 windows;0
nursery ideas 2 windows;0
nursery 2 ideas;0
2 crib nursery ideas;0
toca boca nursery ideas for 2;0
nursery ideas 2 kids;0
2 tone wall paint ideas nursery;0
nursery ideas 2000s;0
nursery ideas 2000s boy;0
nursery ideas 2026 girl;0
nursery ideas 2 cribs;0
2nd baby nursery ideas;0
bloxburg nursery ideas 2x3;0
girl nursery ideas 2025;0
nursery activity ideas 3-4;0
3 tier rolling cart ideas baby nursery;0
2-3 nursery room ideas;0
sims 3 nursery ideas no cc;0
bloxburg 3x4 nursery ideas;0
bloxburg nursery ideas 3x3;0
3d printing ideas nursery;0
3d print ideas nursery;0
4 cube organizer ideas nursery;0
baby girl nursery room ideas sims 4;0
girl nursery ideas sims 4;0
sims 4 twin nursery ideas;0
baby nursery sims 4 ideas;0
nursery ideas the sims 4;0
nursery ideas sims 4 base game;0
nursery room ideas sims 4;0
sims 4 nursery ideas boy;0
nursery ideas sims 4 twins;0
the sims 4 nursery ideas no cc;0
bloxburg nursery ideas 4x5;0
nursery activity ideas 3-5;0
51 simply adorable baby girl nursery ideas;0
5th wheel nursery ideas;0
bloxburg nursery ideas 5x4;0
6 month old nursery ideas;0
6 cube organizer ideas nursery;0
6 cube storage ideas nursery;0
6 month baby picture ideas nursery;0
nursery ideas 70s;0
70s baby nursery ideas;0
8 month old nursery ideas;0
nursery ideas 80s;0
8x10 photo wall display ideas nursery;0
9 cube organizer ideas nursery;0
nursery ideas 90s;0
baby nursery ideas 90s;0
girl nursery ideas 90s;0
90’s nursery ideas;0
nursery inspiration colorful;0
nursery inspiration small room;0
nursery inspiration green;0
nursery inspiration for bedrooms;0
nursery inspiration pink;0
girls nursery room inspiration;0
nursery room inspiration girl simple;0
nursery closet design inspiration;0
creative nursery accent wall inspiration;0
nursery room inspiration accent wall;0
nursery room inspiration changing table;0
grey nursery room inspiration;0
nursery room inspiration black and white;0
nursery room inspiration natural wood;0
nursery room inspiration fairy;0
nursery inspiration animal;0
nursery room inspiration artwork;0
church nursery feeding area inspiration;0
pink and gold nursery inspiration;0
nursery boy inspiration accent wall;0
yellow and pink nursery inspiration;0
nursery room inspiration for a boy;0
nursery room inspiration pink and green;0
nursery inspiration baby girl;0
nursery inspiration blue;0
nursery inspiration boy green;0
nursery inspiration black crib;0
nursery inspiration baby boy;0
baby boy nursery furniture inspiration;0
nursery room inspiration brown crib;0
urban bronze nursery inspiration;0
nursery baby room inspiration;0
nursery inspiration cowboy;0
nursery inspiration colour;0
nursery inspiration clouds;0
nursery inspiration cozy;0
small nursery closet inspiration;0
nursery room childcare inspiration;0
nursery room inspiration white cot;0
christian nursery room inspiration;0
nursery inspiration dark wood;0
nursery inspiration dresser;0
day nursery room inspiration;0
inspiration for dog nursery design;0
nursery room inspiration dinosaur;0
tufted nursery decor inspiration;0
nursery room inspiration dog theme;0
nursery dresser decor inspiration;0
eclectic nursery room inspiration;0
early years nursery room inspiration;0
nursery eyfs room inspiration;0
elegant pink nursery inspiration;0
embroidery inspiration for nursery;0
nursery inspiration for boys;0
inspiration for themed nursery bookshelves;0
nursery room inspiration for school;0
french nursery room inspiration;0
farmhouse nursery closet inspiration;0
nursery garden inspiration;0
nursery girl room inspiration;0
gender-neutral nursery inspiration;0
nursery room inspiration sage green;0
nursery room inspiration gender neutral;0
nursery room inspiration grey crib;0
handmade nursery name sign inspiration;0
creative duck hunting nursery decor inspiration;0
nursery room inspiration hot air balloon;0
nursery kindergarten room inspiration;0
kids nursery inspiration;0
nursery room inspiration lion king;0
beautiful nursery lighting inspiration;0
baby boy nursery lighting inspiration;0
nursery room inspiration luxury;0
nursery logo design inspiration;0
ralph lauren nursery inspiration boards;0
nursery room inspiration ralph lauren;0
nursery lighting inspiration;0
lilac nursery theme inspiration;0
nursery room inspiration light green;0
lilac nursery decor inspiration;0
nursery office layout inspiration;0
montessori nursery room inspiration;0
nursery room inspiration old money;0
nursery room inspiration mauve;0
nursery room inspiration modern;0
nursery room inspiration mirror;0
baby nursery inspiration modern pink;0
nursery mirror inspiration;0
yellow nursery mobile inspiration;0
nursery inspiration with benjamin moore santorini blue;0
nursery inspiration neutral girl;0
nursery inspiration nature;0
nursery inspiration ocean;0
nursery room inspiration orange;0
nursery room inspiration on a budget;0
nursery office inspiration;0
nursery room inspiration ocean;0
nursery room inspiration office;0
ocean-themed nursery inspiration;0
nursery organization inspiration;0
nursery inspiration purple;0
nursery room inspiration pink;0
winnie the pooh nursery room inspiration;0
pink nursery bedding inspiration;0
nursery painting inspiration;0
princess nursery room inspiration;0
pink nursery wall decal inspiration;0
nursery inspiration rainforest;0
nursery inspiration simple;0
nursery inspiration safari;0
nursery inspiration sage green;0
nursery inspiration space;0
nursery inspiration stripes;0
nursery room inspiration school;0
nursery room inspiration simple;0
twin nursery room inspiration;0
nursery room inspiration twins;0
nursery room inspiration themes;0
toy story nursery inspiration;0
unisex nursery room inspiration;0
nursery room inspiration under the sea;0
unique nursery room inspiration;0
baby room ideas unisex nursery inspiration;0
nursery inspiration vintage;0
nursery room inspiration boy vintage;0
vintage neutral nursery inspiration;0
vintage baby nursery inspiration;0
vintage nursery boy color scheme inspiration;0
vintage nursery corner inspiration;0
nursery room inspiration vintage girl;0
nursery room inspiration victorian;0
vintage floral nursery inspiration boards;0
nursery inspiration woodland;0
nursery inspiration wallpaper;0
nursery inspiration winnie the pooh;0
nursery inspiration whimsical;0
nursery inspiration white crib;0
nursery inspiration white walls;0
nursery inspiration yellow;0
nursery room inspiration girl yellow;0
yellow and white nursery inspiration;0
yellow nursery accent wall inspiration;0
yellow nursery room inspiration;0
gender-neutral yellow nursery inspiration;0
yellow and green nursery inspiration;0
nursery room inspiration butter yellow;0
yellow nursery decor inspiration;0
zen nursery room inspiration;0
nursery inspiration 2026;0
nursery room inspiration 2025;0
sims 4 nursery inspiration;0
sims 4 nursery room inspiration;0
nursery room inspiration 90s;0
nursery design neutral;0
nursery design girl;0
nursery design boy;0
nursery design ideas gender neutral;0
nursery plan design;0
nursery school logo design ideas;0
agriculture nursery design;0
small room design with nursery;0
logo nursery design;0
nursery moodboard interior design;0
nursery design agriculture;0
nursery design animals;0
nursery design architecture exterior;0
nursery design art;0
nursery school admission flyer design;0
nursery accent wall wood design;0
nursery and spare room design;0
nursery room design apartment;0
adorable home nursery design game;0
nursery design blue;0
nursery design baby girl;0
nursery design background;0
nursery design baby boy;0
nursery design bright;0
nursery design behance;0
nursery design bloxburg;0
nursery design colorful;0
nursery design concept;0
nursery design color;0
nursery design classic;0
nursery design collage;0
nursery design changing table;0
nursery design concept architecture;0
nursery design church;0
nursery design details;0
nursery design dark wood;0
nursery design dresser;0
nursery design exterior;0
elevation design for nursery;0
nursery elevation design;0
nursery design ideas with sherwin williams escape gray;0
plant nursery entrance design;0
envelope design for nursery;0
nursery school design exterior;0
nursery design for embroidery;0
nursery room design earthy;0
nursery elevation design architecture;0
nursery design for small room;0
nursery design for boys;0
nursery design floor plan;0
nursery design fabric;0
nursery design farm;0
nursery design for plants;0
nursery design facade;0
nursery design forest;0
nursery design for baby;0
nursery design green;0
nursery design gender neutral;0
nursery design graphic;0
girl nursery room design;0
nursery interior design girl;0
nursery room design girl yellow;0
nursery room design girl woodland;0
nursery chair molding wall height design;0
nursery hospital interior design;0
nursery hospital design;0
home interior design nursery;0
hindi front page design for nursery;0
adorable home game design ideas nursery;0
heidi caillier design nursery;0
holiday homework front page design nursery;0
house nine design nursery;0
baby boy nursery room design hunting;0
nursery design ideas girl;0
nursery design ideas boy;0
nursery design ideas neutral;0
nursery design interior;0
nursery design ideas for social media;0
nursery design ideas small room;0
japan nursery design;0
nursery room design japandi;0
japanese nursery design;0
nursery room design kindergarten;0
kids ministry nursery design;0
kids nursery logo design;0
kids room nursery design;0
portfolio design for nursery kids;0
kids nursery design ideas;0
kids nursery interior design;0
kindergarten and nursery design;0
katie davis design nursery;0
kids nursery design;0
nursery design logo;0
nursery design landscape;0
nursery design luxury;0
luxury nursery room design;0
closet design layout nursery;0
nursery school lobby design;0
luxury baby nursery interior design;0
nursery room design layout;0
nursery letter design;0
nursery design modern;0
nursery design minimal;0
nursery design mood board;0
nursery design motif;0
modern church nursery design;0
vintage modern nursery design;0
plant nursery social media design;0
nursery design ocean;0
nursery design outdoor;0
nursery school outside design;0
design ideas for a small nursery office;0
nursery room design office;0
nursery room design for office;0
organic nursery design;0
nursery outdoor playground design;0
outdoor plant nursery design ideas;0
nursery office design;0
nursery design project;0
nursery design pink;0
nursery design poster;0
nursery design purple;0
nursery planting design;0
premium nursery design;0
preschool interior design nursery school;0
nursery room design painting;0
nursery class paper design;0
question paper design for nursery;0
nursery room design with queen bed;0
nursery design room;0
nursery design room trend;0
nursery room design box room;0
small nursery room design boy;0
colorful nursery room design;0
nursery room design changing table;0
nursery small room design;0
nursery design school;0
nursery design small room;0
nursery design simple;0
nursery design stardew valley;0
nursery design sketch;0
nursery design sims 4;0
nursery design stardew;0
nursery design social media;0
nursery design trends 2026;0
nursery design theme;0
nursery flyer design templates;0
time table design nursery;0
traditional interior design nursery;0
nursery room design twin;0
uniform design for nursery;0
nursery room design under the sea;0
nursery room design uk;0
nursery website ui design;0
unique baby boy themes nursery design;0
unique baby themes room nursery design;0
nursery design vintage;0
vintage girl nursery design;0
baby boy nursery room design vintage;0
stardew valley nursery design no mods;0
vintage sports nursery design;0
vintage nursery room design;0
vintage nursery design blue;0
visiting cards design for plant nursery;0
nursery design wall;0
nursery design wallpaper;0
nursery design white crib;0
nursery design with wallpaper;0
baby boy room ideas;0
baby girl room ideas;0
baby room ideas;0
baby room ideas bloxburg;0
baby room ideas boy;0
baby room ideas country;0
baby room ideas eyfs;0
baby room ideas for a girl;0
baby room ideas for small rooms;0
baby room ideas girl;0
baby room ideas in bloxburg;0
baby room ideas neutral;0
baby room ideas nursery;0
baby room ideas nursery school;0
baby room ideas on a budget;0
small baby room ideas;0
baby bedroom design;0
baby room design;0
baby room design boy;0
baby room design girl;0
baby room design ideas;0
baby room designs;0
baby room ideas uk;0
baby room ideas woodland;0
newborn baby room design;0
yellow baby boy room ideas;0
baby room design wallpaper;0
nursery design with dark wood crib;0
nursery design with daybed;0
nursery design whimsical;0
nursery design white walls;0
nursery design wood;0
nursery design yellow;0
nursery room design yellow;0
nursery room design green and yellow;0
nursery room design butter yellow;0
design your ideal nursery facilities;0
design your ideal nursery facility;0
fk kindergarten and nursery / hibinosekkei + youji no shiro + kids design labo;0
nursery 2 classroom design;0
nursery design 2026;0
baby nursery design 2025;0
nursery room design 2026;0
2025 nursery design;0
nursery room design sims 4;0
sims 4 nursery design;0
baby room ideas toca boca;0
baby room ideas early years;0
baby room ideas colorful;0
baby room ideas for boys;0
baby room ideas simple;0
baby room ideas small space;0
baby room ideas for girls nurseries;0
diy baby room ideas;0
newborn baby boy room ideas;0
baby room ideas avatar world;0
baby room ideas aesthetic;0
baby room ideas animals;0
baby room ideas avatar world free;0
baby room ideas adopt me;0
baby room ideas animal theme;0
baby room ideas at grandmas house;0
baby room ideas avatar world mansion;0
baby room ideas apartments;0
baby room ideas attic;0
baby room ideas animals jungle theme;0
baby room ideas blue;0
baby room ideas bloxburg black family;0
baby room ideas beige;0
baby room ideas brown;0
baby room ideas boy blue;0
baby room ideas boy green;0
baby room ideas black;0
baby room ideas bloxburg modern;0
baby room ideas boy simple;0
baby room ideas color;0
baby room ideas childcare;0
baby room ideas closet;0
baby room ideas clouds;0
baby room ideas colorful girl;0
baby room ideas cars;0
baby room ideas colorful gender neutral;0
baby room ideas cute;0
baby room ideas circus;0
baby room ideas cozy;0
baby room ideas disney;0
baby room ideas daycare;0
baby room ideas diy;0
baby room ideas disney themed nursery;0
baby room ideas dinosaur;0
baby room ideas dark wood;0
baby room ideas decoration;0
baby room ideas decor;0
baby room ideas ducks;0
baby room ideas dark;0
baby room ideas design;0
baby room ideas dog theme;0
baby room ideas early years layout;0
baby room ideas early years activities;0
baby room ideas early years displays;0
baby room ideas elephants;0
baby room ideas eyfs classroom displays;0
baby room ideas earthy;0
baby room ideas easy;0
baby room ideas elegant;0
baby room ideas elephant theme;0
baby room ideas earth tones;0
baby room ideas for girl;0
baby room ideas forest;0
baby room ideas for toca boca;0
baby room ideas for twins;0
baby room ideas fun;0
baby room ideas floor bed;0
baby room ideas free toca boca;0
baby room ideas fishing;0
baby room ideas green;0
baby room ideas gender neutral;0
baby room ideas girl nurseries;0
baby room ideas girl aesthetic;0
baby room ideas girl pink;0
baby room ideas girl colorful;0
baby room ideas girl simple;0
baby room ideas gray;0
baby room ideas grey and white;0
baby room ideas girl neutral;0
baby room ideas harry potter;0
baby room ideas hello kitty;0
baby room ideas horse;0
baby room ideas hot air balloons;0
baby room ideas hunting;0
baby room ideas handmade;0
baby room ideas highland cow;0
baby room ideas half wall;0
baby room ideas hdb;0
toca boca big family house ideas aesthetic baby room free;0
toca boca big family house ideas aesthetic baby room;0
toca boca family house baby room ideas;0
baby room ideas in toca boca;0
baby room ideas ikea;0
baby room ideas in toca boca free;0
baby room ideas in avatar world;0
baby room ideas in parents room;0
baby room ideas india;0
baby room ideas in apartment;0
baby room ideas in adopt me;0
baby room ideas ikea hemnes;0
baby room ideas in toca boca free house;0
baby room ideas jungle;0
baby room ideas jungle theme;0
baby room ideas japandi;0
baby room ideas japanese;0
baby room ideas jesus;0
jungle themed baby room ideas;0
baby boy room ideas jungle;0
baby room ideas for boys jungle theme;0
jungle theme baby room ideas boy;0
jungle safari-themed baby boy room ideas;0
baby room ideas korean;0
kids room design baby girls bedroom ideas;0
bloxburg kids room ideas baby;0
kids room ideas for baby;0
koala baby room ideas;0
baby girl room ideas kids;0
avatar world baby room ideas kawaii house;0
baby and kid room ideas;0
bloxburg baby/kid room ideas;0
kids room ideas baby boy;0
baby kids room ideas;0
baby blue kids room ideas;0
baby room ideas luxury;0
baby room ideas low budget;0
baby room ideas light blue;0
baby room ideas lord of the rings;0
baby room ideas lotr;0
baby room ideas lavender;0
baby room ideas layout;0
baby room ideas light green;0
baby room ideas lion king;0
baby room ideas lilac;0
baby room ideas lion;0
baby room ideas light;0
baby room ideas modern;0
baby room ideas minimalist;0
baby room ideas montessori;0
baby room ideas montessori bed;0
baby room ideas minimal;0
baby room ideas mural;0
baby room ideas mountain;0
baby room ideas moon;0
baby room ideas minecraft;0
baby room ideas minnie mouse;0
baby room ideas mid century;0
baby room ideas mushroom;0
baby room ideas nursery eyfs;0
baby room ideas nature;0
baby room ideas newborn;0
baby room ideas neutral girl;0
baby room ideas name on wall;0
baby room ideas nature themed nursery;0
baby room ideas neutral rustic;0
baby room ideas neutral boy;0
baby room ideas neutral bloxburg;0
baby room ideas ocean;0
baby room ideas orange;0
baby room ideas on toca boca;0
baby room ideas olive green;0
baby room ideas ocean sea theme;0
baby room ideas organizing;0
baby room ideas old money;0
baby room ideas on bloxburg;0
baby room ideas old style;0
baby room ideas organization;0
baby room ideas outdoor theme;0
baby room ideas pink;0
baby room ideas purple;0
baby room ideas painting;0
baby room ideas pastel colors;0
baby room ideas pazu;0
baby room ideas princess;0
baby room ideas pastel;0
baby room ideas pink and white;0
baby room ideas peter rabbit;0
baby room ideas pooh;0
baby room ideas pack and play;0
baby room ideas panelling;0
quadruplets baby room ideas;0
baby room ideas with queen bed;0
quirky baby room ideas;0
baby room ideas ralph lauren;0
baby room ideas red;0
baby room ideas rainbow;0
baby room ideas rustic;0
baby room ideas retro;0
baby room ideas realistic;0
baby room ideas rich;0
baby room ideas rental;0
baby room ideas rabbits;0
baby room ideas rose;0
baby room ideas rustic country;0
baby room ideas shared with parents;0
baby room ideas sims 4;0
baby room ideas safari;0
baby room ideas sage green;0
baby room ideas space;0
baby room ideas sea;0
baby room ideas storage;0
baby room ideas sea theme;0
baby room ideas safari gender neutral;0
baby room ideas sims 4 no cc;0
baby room ideas toca boca free;0
baby room ideas toca boca modern mansion;0
baby room ideas toca boca family house;0
baby room ideas twins;0
baby room ideas toca;0
baby room ideas toca boca beach house;0
baby room ideas themes;0
baby room ideas the sims 4;0
baby room ideas twins boy and girl;0
baby room ideas teddy bear;0
baby room ideas toca boca aesthetic;0
baby room ideas unisex simple;0
baby room ideas under the sea;0
baby room ideas unique;0
baby room ideas universe;0
baby room ideas unisex paint colors;0
baby room ideas unicorn;0
baby boy room set up ideas;0
toca boca free house ideas new update 2025 baby room;0
toca boca room ideas modern mansion bedroom baby upstairs;0
baby set up in parents room ideas;0
baby room ideas vintage;0
baby room ideas video;0
baby room ideas violet;0
costal villa toca boca ideas baby room;0
toca boca house ideas coastal villa baby room;0
baby boy room ideas vintage;0
toca boca villa house ideas baby room;0
vintage baby room ideas neutral;0
toca boca baby room ideas coastal villa;0
viking baby room ideas;0
stardew valley decoration ideas baby room;0
baby room ideas winnie the pooh;0
baby room ideas with parents;0
baby room ideas wallpaper;0
baby room ideas western;0
baby room ideas with bed;0
baby room ideas wall;0
baby room ideas white;0
baby room ideas white furniture;0
baby room ideas with floor bed;0
baby room ideas white walls;0
baby room ideas with play area;0
baby room ideas yellow;0
baby room ideas yellow and green;0
baby room ideas yellow walls;0
baby room ideas y2k;0
baby room ideas yellow and gray;0
baby room ideas yellow and pink;0
sharing your room with baby ideas;0
one year baby girl room ideas;0
yellow baby girl nursery room ideas;0
one year old baby boy room ideas;0
baby room ideas zoo animals;0
toca boca room ideas luxusvilla zimmer baby;0
zebra baby room ideas;0
toca boca room ideas baby zimmer;0
dragon ball z baby room ideas;0
toca boca room ideas big family home baby zimmer;0
1 year baby boy room ideas;0
baby room ideas 1 year;0
1 year baby girl room ideas;0
10 month old baby room ideas;0
1yr baby boy room ideas;0
10 months baby room ideas;0
2 baby room ideas toca boca;0
2 baby room ideas bloxburg;0
toca boca baby room ideas for 2;0
toca boca baby room ideas 2 babys;0
2 baby girl room ideas;0
toca boca baby room ideas 2 kids;0
toca boca room ideas aesthetic bedroom 2 baby;0
sims 2 baby room ideas;0
2 year baby room ideas;0
baby room ideas 2 kids;0
baby room ideas for 2 boys;0
2 baby boy room ideas;0
baby room ideas 2026;0
baby room ideas 2000s;0
baby room ideas 2 beds;0
baby room ideas 2x3;0
baby girl nursery room ideas 2000s;0
toca boca beach house ideas 2nd floor baby room;0
toca boca room ideas big family house bedroom baby 2nd floor;0
toca boca baby room ideas 3;0
toca boca baby room ideas 3 kids;0
3 month old baby room ideas;0
3 year baby girl room ideas;0
sims 3 baby room ideas;0
baby room ideas 3x4;0
bloxburg baby room ideas 3x2;0
baby room ideas bloxburg 3x3;0
toca boca house ideas coastal villa 3rd floor baby room;0
3x3 baby room ideas;0
toca boca room ideas big family home parents bedroom 3rd floor with baby;0
baby room bloxburg ideas 3x4;0
room baby sims 4 ideas;0
sims 4 baby girl room ideas;0
baby room the sims 4 ideas no cc;0
the sims 4 baby girl room ideas;0
baby boy room ideas sims 4;0
4 year baby girl room ideas;0
the sims 4 room ideas baby;0
sims 4 big baby room ideas;0
baby girl room ideas sims 4 no cc;0
baby room bloxburg ideas 4x4;0
5 star hotel ideas toca boca baby room;0
toca boca house ideas 5 star hotel baby room;0
5 year baby girl room ideas;0
bloxburg baby room ideas 5x4;0
6 month old baby room ideas;0
6 month baby room ideas;0
70s baby room ideas;0
8 month baby room ideas;0
80s baby room ideas;0
9 month old baby girl room ideas;0
9 month old baby boy room ideas;0
9 month old baby room ideas;0
baby room ideas 90s;0
baby room design colorful;0
baby room design gender neutral;0
baby room design gender neutral modern;0
baby room design neutral;0
baby room design modern;0
baby room design 2025;0
baby room design colorful modern;0
baby room design green;0
baby room wall sticker design;0
baby room design winnie the pooh;0
baby feeding room design;0
baby room design girls butterfly;0
baby feeding room interior design;0
baby girl room design 2026;0
baby room design animals;0
baby room design animal theme;0
baby room design aesthetic;0
baby room design apartment;0
baby room design avatar world;0
baby room design art;0
baby room design attic;0
baby room design accent wall;0
baby room design adopt me;0
baby room design australia;0
baby room design architecture;0
baby room design africa;0
baby room design bloxburg;0
baby room design blue;0
baby room design beige;0
baby room design brown;0
baby room design boy bedroom ideas;0
baby room design boy blue;0
baby room design boy green;0
baby room design boy and girl;0
baby room design bear;0
baby room design balloons;0
baby room design boy nursery themes;0
baby room design colorful simple;0
baby room design closet;0
baby room design colorful boy;0
baby room design color;0
baby room design classic;0
baby room design clouds;0
baby room design cabinet;0
baby room design colorful girl;0
baby room design cartoon;0
baby room design creche;0
baby room design drawing;0
baby room design daycare;0
baby room design disney;0
baby room design dark wood;0
baby room design diy;0
baby room design dinosaur;0
baby room design dark;0
baby room design dragons;0
baby room design decor;0
baby room design dusty pink;0
baby room design ducks;0
baby room design elephants;0
baby room design enchanted forest;0
baby room design elegant;0
baby room design easy;0
baby room design early years;0
baby room design earth tones;0
curiosity approach eyfs baby room design;0
baby changing room entrance design;0
european baby room design;0
baby room design for girl;0
baby room design for twins;0
baby room design for boys;0
baby room design for small room;0
baby room design forest;0
baby room design flowers;0
baby room design floor bed;0
baby room design for 2 babies;0
baby room design from ikea;0
baby room design floor plan;0
baby room design for two;0
baby room design fun;0
baby room design girl nursery themes;0
baby room design gray;0
baby room design girls pink;0
baby room design gender neutral boho;0
baby room design grey furniture;0
baby room design girls simple;0
baby room design gender neutral nursery;0
baby room design hospital;0
baby room design hello kitty;0
baby room design hot air ballon;0
baby room design handmade;0
baby room design harry potter;0
baby room design horse;0
baby room design highland cow;0
baby room design half wall;0
stardew valley home design baby room;0
hospital room design for baby girl;0
house design room baby;0
baby room design ideas small spaces;0
baby room design ideas gender neutral;0
baby room design ideas colourful;0
baby room design interior;0
baby room design ideas modern;0
baby room design ideas girl;0
baby room design ideas cloud;0
baby room design in hospital;0
baby room design in parents room;0
baby room design indian;0
baby room design ideas boy;0
baby room design jungle;0
baby room design japan;0
japanese baby room design;0
japandi baby room design;0
kid and baby room design;0
kids room design baby;0
kids room design girl baby;0
baby room design lion king;0
kids room design baby pink;0
baby blue kids room design;0
kids room design boys baby;0
kids room design baby boys bedroom ideas;0
baby boy nursery room design pottery barn kids;0
kids room design baby boy;0
baby room design luxury;0
baby room design light blue;0
baby room design layout;0
baby room design lilac;0
baby room design light green;0
baby room design light;0
baby room design lavender;0
baby room design light pink;0
baby room design large;0
baby room design lemon;0
little baby room design;0
baby room design montessori;0
baby room design minimalist;0
baby room design modern luxury;0
baby room design midcentury;0
baby room design minimal;0
baby room design minecraft;0
baby room design moon and stars;0
baby room design mountain;0
baby room design mint green;0
baby room design mural;0
baby room design minnie mouse;0
baby room design nursery;0
baby room design neutral colors;0
baby room design nature;0
baby room design night sky;0
baby room design nursery school;0
baby room design neoclassic;0
baby room design name;0
baby room design newborn;0
baby room design natural wood;0
baby room design nordic;0
baby room design ocean;0
baby room design olive green;0
baby room design old money;0
baby room design on a budget;0
baby room design orange;0
organic modern baby room design;0
interior design baby room ocker;0
baby room and office design;0
baby room and office combo design;0
design of baby room;0
baby room design pink;0
baby room design painting;0
baby room design purple;0
baby room design plan;0
baby room design picture;0
baby room design peter rabbit;0
baby room design planets;0
baby room design panelling;0
baby room design poster;0
baby room design pink and grey;0
baby room design polo;0
baby room design pastel colors;0
baby room design with queen bed;0
baby room design ralph lauren;0
baby room design rainbow;0
baby room design red;0
baby room design realistic;0
baby room design rental;0
baby room design retro;0
baby room design rabbit;0
baby room design rustic;0
baby room design roblox bloxburg;0
baby room design simple;0
baby room design small space;0
baby room design sage green;0
baby room design safari;0
baby room design sims 4;0
baby room design snoopy;0
baby room design stripes;0
baby room design stickers;0
baby room design space;0
baby room design shared with parents;0
baby room design sea;0
baby room design stardew;0
baby room design toca boca;0
baby room design twins;0
baby room design toy story;0
baby room design toca boca free;0
baby room design teddy bear;0
baby room design theme;0
baby room design twin boys;0
baby room design terracotta;0
baby room design traditional;0
baby room design triplets;0
baby room design toys;0
baby room design two windows;0
baby room design under the sea;0
baby room design unique;0
baby room design vintage;0
baby room design video;0
baby room design girl vintage;0
baby room design stardew valley;0
stardew valley interior design baby room;0
very small baby room design;0
vintage baby room design gender neutral;0
baby room design wall;0
baby room design white;0
baby room design with bed;0
baby room design with big bed;0
baby room design wood;0
baby room design white and beige;0
baby room design wall painting;0
baby room design with closet;0
baby room design white and wood;0
baby room design with play area;0
baby room design yellow;0
baby room design yellow and grey;0
baby room design green and yellow;0
baby boy nursery room;0
baby room inspiration;0
baby room inspiration girl;0
baby room inspiration pink;0
nursery room boy;0
nursery room boy ideas;0
nursery room for baby girl;0
nursery room girl;0
shared nursery and toddler room;0
nursery room hacks;0
nursery room ideas boy;0
nursery room ideas girl;0
nursery room office;0
nursery room school;0
transitional style nursery;0
2 year baby room design;0
1 year baby room design;0
baby room design 2 beds;0
baby room design 2000s;0
2 baby room design;0
baby room design boy 2025;0
3 baby room design;0
baby room design the sims 4;0
sims 4 baby room design;0
baby room design 90s;0
baby room inspiration neutral;0
baby room inspiration colorful;0
baby room inspiration neutral minimalist;0
baby room inspiration boy;0
baby room inspiration green;0
baby room inspiration bohemian;0
baby room inspiration boy blue;0
baby room inspiration luxe;0
baby room inspiration yellow;0
baby room inspiration simple;0
baby room inspiration cozy;0
baby girls room inspiration;0
gender-neutral baby room decor inspiration;0
inspiration for baby room;0
baby boys room inspiration;0
baby room inspiration for boy;0
baby room inspiration blue;0
baby room inspiration twins;0
baby room inspiration neutral modern;0
baby room inspiration animals;0
baby play area in living room inspiration;0
apartment inspiration baby room;0
toddler and baby shared room boys inspiration;0
baby room inspiration bloxburg;0
baby room inspiration boy modern;0
baby room inspiration beige;0
baby room inspiration boy green;0
baby room inspiration brown;0
baby room inspiration black crib;0
baby room inspiration black;0
baby room inspiration color;0
baby room inspiration childcare;0
baby room inspiration clouds;0
baby room inspiration colorful boy;0
baby room inspiration circus;0
bobbie goods coloring inspiration baby room;0
baby girl room purple color inspiration;0
little corner coloring book inspiration baby room;0
french country baby room inspiration;0
baby room inspiration daycare;0
baby room inspiration disney;0
baby room inspiration diy;0
minimalist baby room decor inspiration;0
bohemian baby room decor inspiration;0
baby room decor inspiration;0
baby room design inspiration;0
baby room inspiration early years;0
baby room eyfs inspiration;0
baby room inspiration forest;0
living room inspiration baby friendly;0
baby room inspiration gender neutral;0
baby room inspiration girl pink;0
baby girl nursery room ideas themes inspiration boards;0
baby boy room inspiration green;0
baby grand piano room inspiration;0
baby girl nursery room inspiration;0
baby room inspiration sage green;0
baby room inspiration ikea;0
baby room inspiration jungle;0
living room inspiration baby blue;0
living room inspiration baby pink;0
living room inspiration with baby;0
baby room inspiration minimalist;0
baby room inspiration montessori;0
minimalist bloxburg baby room inspiration;0
baby room inspiration nursery;0
baby room inspiration neutral color;0
baby room inspiration neutral grey;0
baby room inspiration nature;0
nursery room inspiration baby boy;0
baby room inspiration ocean;0
baby room inspiration orange;0
baby room inspiration purple;0
baby room inspiration pokemon;0
baby room inspiration winnie the pooh;0
room inspiration bedroom baby pink;0
baby room wall painting inspiration;0
baby room inspiration boy project nursery;0
baby room inspiration real;0
baby room inspiration small space;0
baby room inspiration sea;0
baby room inspiration safari;0
baby room inspiration space;0
small baby boy room inspiration;0
baby nursery inspiration small room;0
scandinavian baby room inspiration;0
baby room inspiration toca boca;0
tiny baby room inspiration;0
baby boy nursery room ideas themes inspiration boards;0
baby room inspiration vintage;0
baby room inspiration wall;0
baby room inspiration wood;0
baby room inspiration wallpaper;0
baby room inspiration western;0
baby room inspiration woodland;0
baby room inspiration white;0
baby room inspiration with bed;0
room inspiration with baby;0
room inspiration with baby crib;0
baby room inspiration 2026;0
nursery room inspiration girl;0
nursery room inspiration boy;0
baby girl room nursery;0
nursery boy room;0
nursery room aesthetic;0
nursery room activities;0
nursery room accent wall ideas;0
nursery room activities childcare;0
nursery room animal theme;0
nursery room and office;0
nursery room aesthetic girl;0
nursery room blue;0
nursery room baby boy;0
nursery room baby girl;0
nursery room beige;0
nursery room bookshelf ideas;0
nursery room brown;0
nursery room boy blue;0
nursery room colorful;0
nursery room color scheme ideas;0
nursery room changing table;0
nursery room clouds;0
nursery room color palette;0
nursery room design gender neutral;0
nursery room design girl;0
nursery room design colorful;0
nursery room design boy;0
nursery room embroidery;0
nursery room eyfs;0
nursery room elegant;0
nursery room essentials checklist;0
nursery room empty;0
nursery room ece;0
nursery room early childhood;0
nursery room elephant theme;0
nursery room for boys;0
nursery room for girl;0
nursery room for baby boy;0
nursery room forest;0
nursery room farmhouse;0
nursery room furniture arrangement ideas;0
nursery room forest theme;0
nursery room gender neutral;0
nursery room girl ideas;0
nursery room girl aesthetic;0
nursery room girl pink;0
nursery room green wall;0
nursery room girl vintage;0
nursery room girl color pallets;0
nursery room goose;0
nursery room gray;0
nursery room hot air balloon;0
nursery room harry potter;0
nursery room hospital design;0
nursery room hemnes;0
nursery room half wall;0
nursery room hello kitty;0
nursery room horse;0
nursery room hanging;0
nursery room hotel;0
nursery room inspiration colorful;0
nursery room inspiration neutral;0
nursery room jungle;0
nursery room japandi;0
nursery room japanese;0
jungle themed nursery room;0
jellycat nursery room;0
nursery room kindergarten;0
nursery room kids;0
nursery room korean style;0
kid and nursery room;0
knight nursery room;0
kelly wearstler nursery room;0
baby boy room nursery pottery barn kids;0
nursery room luxury;0
nursery room layout plan;0
nursery room layout inspiration;0
nursery room lamp ideas;0
nursery room laundry basket;0
nursery room modern;0
nursery room moodboard;0
nursery room montessori;0
nursery room maternity pictures;0
nursery room mirror ideas;0
nursery room mural ideas;0
nursery room neutral colors;0
nursery room name;0
nursery room name on wall;0
nursery room nature;0
nursery room needs;0
nursery room newborn;0
nursery room navy blue;0
nursery room neutral ideas;0
nursery room night;0
nursery room ocean;0
nursery room ocean theme;0
nursery room old money;0
nursery room orange;0
nursery room office design;0
nursery room olive green;0
nursery room organizer;0
nursery room on a budget;0
nursery room office combo;0
nursery room public;0
nursery room photoshoot;0
nursery room panelling;0
nursery room quotes boy;0
nursery room quotes girl;0
nursery guest room combo queen bed;0
nursery room with queen size bed;0
baby nursery with queen bed in room;0
nursery ideas with queen bed in room;0
quiet room ideas nursery;0
nursery room with queen bed;0
nursery quiet room;0
quax nursery room;0
quadruplets nursery room;0
nursery room rug ideas;0
nursery room ralph lauren;0
nursery room rugs gender neutral;0
nursery room rainbow;0
nursery room reading corner;0
nursery room rugs girl;0
nursery room retro;0
nursery room rugs boy;0
nursery room real;0
nursery room small spaces;0
nursery room simple;0
nursery room safari;0
nursery room set up ideas in childcare;0
nursery room themes girl;0
nursery room toca boca;0
nursery room twins;0
nursery room themes boy;0
nursery room themes neutral;0
nursery room the sims 4;0
nursery room twins boy girl;0
nursery room toy storage;0
nursery room under the sea;0
nursery room uk;0
nursery room under roof;0
nursery room universe;0
childcare nursery room set up;0
updating nursery to toddler room;0
box room nursery ideas uk;0
nursery room set ups childcare;0
nursery room vintage;0
nursery room vintage girl;0
nursery room video;0
nursery room victorian;0
nursery room vintage boy;0
nursery room violet;0
nursery room vintage style;0
nursery room vision board;0
nursery room vocabulary;0
vintage nursery guest room combo;0
vintage nursery room color;0
nursery room wall painting;0
nursery room winnie the pooh;0
nursery room wall design;0
nursery room white;0
nursery room yellow wall;0
nursery room yellow green;0
nursery room yellow stripes;0
nursery room yellow pink;0
nursery room yellow blue;0
nursery room yellow red;0
yellow and white nursery room;0
yellow baby nursery room;0
baby girl nursery room ideas pale yellow;0
nursery room zara home;0
zen nursery room;0
zoo theme nursery room;0
0-2 nursery room;0
nursery room 16:9;0
1960s nursery room;0
18th century nursery room;0
2-3 nursery room;0
nursery room with 2 windows;0
nursery room for 2 babies;0
2-3 year nursery room;0
2-3 year room in nursery;0
under 2 nursery room;0
2 babies in one room nursery ideas;0
nursery room for 2;0
2 crib nursery baby rooms;0
nursery room 2026;0
nursery room 2000s;0
2s nursery room eyfs;0
nursery room 3d warehouse;0
nursery room 3d;0
sims 4 cc room nursery;0
nursery room sims 4 no cc;0
the sims 4 cc nursery room;0
sims 4 nursery room patreon;0
the sims 4 nursery room;0
twin nursery room sims 4;0
the sims 4 nursery room ideas;0
sims 4 nursery room ideas no cc;0
3-5 nursery room;0
60s nursery room;0
70s nursery room;0
nursery room 80s;0
nursery room 90s;0
90’s nursery room;0
nursery styled shelves;0
nursery style art;0
vintage farm style nursery;0
australian style nursery;0
vintage style nursery girl;0
farm style nursery girl;0
school uniform styles for nursery and primary;0
styled nursery;0
asian style nursery;0
traditional style boy nursery;0
greek style nursery;0
gentleman style nursery;0
how to style a nursery bookshelf;0
antique style baby nursery;0
how to style a small nursery;0
how to style nursery rugs in a room;0
antique style nursery girl;0
african style nursery;0
arts and crafts style nursery;0
baby girl nursery style;0
english style boy nursery;0
cottage style boys nursery;0
country style boys nursery;0
style nursery bookshelf;0
vintage style boy nursery;0
european style baby nursery;0
baby boy nursery style;0
french style baby girl nursery;0
contemporary style nursery;0
vintage camp style nursery;0
boho cowgirl style western chic nursery;0
cape style house nursery;0
camping style nursery;0
cape cod style nursery;0
vintage style nursery chair;0
cottage style nursery boy;0
dior style nursery;0
dti style showdown nursery rhyme;0
disney style nursery;0
style nursery dresser;0
vintage style nursery dresser;0
how to style nursery dresser;0
desert style nursery;0
dark style nursery;0
delico's nursery art style;0
dragon style nursery;0
old style disney nursery;0
earthy style nursery;0
european nursery style;0
nursery english style;0
eclectic nursery style ideas;0
english style girl nursery;0
old english style nursery;0
english cottage style nursery;0
english country style nursery;0
new england style nursery;0
eclectic style nursery;0
farm style nursery ideas;0
maths paper style for nursery;0
style floating shelves nursery;0
folk style nursery;0
highland cow nursery farmhouse style;0
old style girl nursery;0
garage style nursery;0
grandma style nursery;0
boho style girl nursery;0
vintage style girls nursery;0
grandmillenial style nursery;0
soho house style nursery;0
harry potter style nursery;0
hotel style nursery;0
hacienda style nursery;0
hamptons style baby nursery;0
scandi nursery ideas scandinavian style;0
industrial style nursery;0
italian style nursery;0
nursery illustration style;0
vintage style nursery ideas;0
country style nursery ideas;0
how to style shelves in nursery;0
japan style nursery;0
japanese style baby nursery;0
japanese style nursery;0
jungle style nursery;0
japanese style nursery room;0
korean style nursery;0
ralph lauren style nursery;0
ralph lauren style baby nursery;0
light green nursery scandinavian style;0
ralph lauren style nursery girl;0
ralph lauren style boys nursery;0
ralph lauren style nursery boy;0
lodge style nursery;0
loft style nursery;0
serena and lily style nursery;0
mission style nursery;0
mexican style nursery;0
modern style nursery;0
medieval style nursery;0
nancy meyers style nursery;0
memphis style nursery;0
mediterranean style nursery;0
mid century style nursery;0
old money style nursery;0
moroccan style nursery;0
50s style nursery;0
outdoor style nursery;0
old style boy nursery;0
nursery rhyme style outfits;0
nursery rhyme outfit style;0
ocean style nursery;0
old nursery rhymes vintage style;0
organic style nursery;0
new orleans style nursery;0
pink vintage style nursery;0
princess style nursery;0
beatrix potter style nursery;0
palm beach style nursery;0
polo style nursery;0
peter pan style nursery;0
prairie style nursery;0
parisian style nursery;0
peter rabbit style nursery;0
nursery room scandinavian style;0
girl nursery rattan style;0
tuscan style nursery;0
tudor style nursery;0
travel style nursery;0
how to style floating shelves nursery;0
vintage style baby boy nursery;0
vintage western style nursery;0
waldorf style nursery;0
western style nursery girl;0
western style nursery boy;0
vintage style nursery wallpaper;0
western style baby boy nursery;0
wooden style nursery;0
scandinavian style nursery wall art;0
new york style nursery;0
2000s style nursery;0
60s style nursery;0
70s style nursery;0
70s style baby nursery;0
80s style baby nursery;0
80s style nursery;0
90’s style nursery;0
90s style baby nursery;0
nursery aesthetic girl;0
nursery aesthetic boy;0
nursery aesthetic neutral;0
nursery aesthetic colorful;0
nursery aesthetic vintage;0
nursery aesthetics;0
nursery aesthetic wallpaper;0
nursery aesthetic twins;0
nursery aesthetic school;0
nursery aesthetic dark;0
nursery aesthetic background;0
nursery aesthetic pink;0
nursery background aesthetic;0
vintage boy nursery aesthetic;0
bloxburg aesthetic nursery decals codes;0
gold crib nursery aesthetic;0
parisian nursery aesthetic;0
nursery aesthetic white;0
70’s aesthetic nursery;0
baby nursery themes;0
how to setup nursery;0
nursery changing table setup;0
nursery theme animals;0
nursery theme boy;0
nursery theme colors;0
nursery theme ideas boy;0
nursery theme ideas girl;0
nursery themes boy;0
nursery themes girl;0
nursery theme for girl;0
nursery theme for twin boy and girl;0
nursery theme forest;0
nursery theme gender neutral;0
nursery theme girl;0
nursery theme ideas for girl;0
nursery theme list;0
nursery theme neutral;0
nursery theme party;0
nursery theme travel;0
nursery theme twins;0
nursery theme under the sea;0
nursery theme woodland;0
nursery theme woodland animals;0
nursery theme yellow;0
under the sea nursery theme boy;0
aesthetic blue train theme nursery;0
plant aesthetic baby nursery;0
nursery aesthetic animal;0
nursery aesthetic art;0
nursery aesthetic blue;0
nursery aesthetic baby girl;0
nursery aesthetic beige;0
nursery aesthetic beach;0
nursery aesthetic brown;0
nursery aesthetic banner;0
nursery aesthetic cozy;0
nursery aesthetic collage;0
nursery aesthetic color;0
nursery aesthetic crib;0
nursery aesthetic cartoon;0
cute boy nursery aesthetic;0
baby girl nursery aesthetic colorful;0
aesthetic crayon color chart for nursery classroom;0
cottage baby nursery aesthetic;0
nursery aesthetic design;0
nursery aesthetic details;0
nursery aesthetic drawing;0
darling nursery aesthetic;0
daycare nursery aesthetic;0
aesthetic disney nursery;0
aesthetic nursery wall decor;0
first day of nursery aesthetic;0
old disney aesthetic nursery;0
new england aesthetic nursery;0
european nursery aesthetic;0
equestrian aesthetic nursery;0
ethereal aesthetic nursery;0
elegant nursery aesthetic;0
early 2000s nursery aesthetic;0
earthy aesthetic nursery;0
empty nursery aesthetic;0
eclectic nursery aesthetic;0
english nursery aesthetic;0
fairytale nursery aesthetic;0
aesthetic pictures for nursery;0
nursery flower aesthetic;0
aesthetic art for nursery;0
forest baby nursery aesthetic;0
fairy garden nursery aesthetic;0
aesthetic football nursery;0
flowers nursery aesthetic;0
nursery aesthetic green;0
nursery aesthetic girl pink;0
goose aesthetic nursery;0
gold nursery aesthetic;0
twin girl nursery aesthetic;0
ghibli nursery aesthetic;0
baby girl nursery room ideas aesthetic;0
nursery aesthetic hospital;0
nursery aesthetic header;0
aesthetic hunting nursery;0
hockey nursery aesthetic;0
house aesthetic nursery;0
nursery home aesthetic;0
hot pink nursery aesthetic;0
haunted nursery aesthetic;0
hogwarts aesthetic nursery;0
grandmas house aesthetic nursery;0
hygge aesthetic nursery;0
aesthetic harry potter nursery;0
nursery aesthetic ideas;0
plant nursery aesthetic india;0
nursery icon aesthetic;0
bloxburg nursery ideas aesthetic;0
nature inspired nursery aesthetic;0
aesthetic girl nursery ideas;0
book shelf inspo aesthetic nursery;0
aesthetic nursery room ideas;0
toca boca baby nursery ideas aesthetic;0
aesthetic baby nursery ideas;0
indian nursery aesthetic;0
nursery aesthetic job;0
japanese aesthetic nursery;0
jungle aesthetic nursery;0
japandi nursery aesthetic;0
japanese nursery room aesthetic;0
nursery teacher job aesthetic;0
janice the nursery nurse aesthetic;0
jellycat nursery aesthetic;0
plant nursery job aesthetic;0
nursery aesthetic kids;0
knight aesthetic nursery;0
nursery kitsch aesthetic;0
korean nursery room aesthetic;0
reece knight nursery nurse aesthetic;0
hello kitty nursery aesthetic;0
nursery aesthetic luxury;0
light orange aesthetic nursery;0
ralph lauren aesthetic nursery girl;0
plant nursery aesthetic landscape;0
loveshackfancy aesthetic nursery;0
ralph lauren nursery aesthetic;0
lord of the rings aesthetic nursery;0
library aesthetic nursery;0
luxury baby boy nursery aesthetic;0
polo ralph lauren aesthetic nursery;0
light academia aesthetic nursery;0
nursery aesthetic modern;0
mexican aesthetic nursery;0
old money nursery aesthetic girl;0
old money nursery aesthetic;0
monkey nursery aesthetic;0
old money nursery aesthetic boy;0
modern pink nursery aesthetic;0
moody nursery aesthetic;0
medieval nursery aesthetic;0
mid century nursery aesthetic;0
nursery aesthetic nature;0
nursery aesthetic night;0
nursery aesthetic ocean;0
orchid nursery aesthetic;0
orange aesthetic nursery;0
old aesthetic nursery;0
new orleans aesthetic nursery;0
plant nursery owner aesthetic;0
nursery aesthetic plants;0
nursery aesthetic photo;0
nursery aesthetic pastel;0
nursery aesthetic purple;0
nursery aesthetic pictures;0
nursery aesthetic pfp;0
nursery aesthetic princess;0
sunder nursery aesthetic pics;0
nursery aesthetic red;0
aesthetic nursery room blue;0
aesthetic nursery room twins;0
peter rabbit aesthetic nursery;0
nursery rhyme aesthetic;0
royal nursery aesthetic girl;0
royal nursery aesthetic;0
nursery aesthetic simple;0
nursery aesthetic small room;0
nursery aesthetic stars;0
nursery aesthetic space;0
sunder nursery aesthetic night;0
spring nursery aesthetic;0
sea themed nursery aesthetic;0
aesthetic sims 4 nursery;0
baby safari nursery aesthetic;0
nursery aesthetic theme;0
beauty and the beast aesthetic nursery;0
twin boys nursery aesthetic;0
teacher nursery aesthetic;0
aesthetic nursery toys;0
winnie the pooh aesthetic nursery;0
nursery teacher aesthetic uk;0
travel nursery aesthetic;0
nursery aesthetic uk;0
nursery set up aesthetic;0
nursery school aesthetic uk;0
setting up nursery aesthetic;0
unfinished nursery aesthetic;0
nursery aesthetic video;0
vintage circus aesthetic nursery;0
vintage beach aesthetic nursery;0
vintage girls nursery aesthetic;0
violet aesthetic nursery;0
vintage pink nursery aesthetic;0
vintage nursery room aesthetic;0
vintage aesthetic girl nursery;0
vintage princess aesthetic nursery;0
nursery aesthetic work;0
nursery aesthetic whimsical;0
nursery aesthetic whimsy;0
baby nursery aesthetic wallpaper;0
baby girl wallpaper aesthetic nursery;0
walnut baby cot nursery aesthetic;0
aesthetic nursery worker;0
warm aesthetic nursery;0
nursery aesthetic yellow;0
butter yellow nursery aesthetic;0
y2k nursery aesthetic;0
pink and yellow nursery aesthetic;0
zepeto background aesthetic nursery;0
1950s nursery aesthetic;0
2000s nursery aesthetic boy;0
2000s nursery aesthetic;0
2000s baby nursery aesthetic;0
sims 4 aesthetic nursery cc;0
functional infant cribs sims 4 cc — aesthetic baby beds for realistic nursery gameplay mods;0
50s nursery aesthetic;0
60s nursery aesthetic;0
70s nursery aesthetic;0
80s nursery aesthetic;0
90’s aesthetic nursery;0
90s nursery aesthetic;0
nursery makeover ideas;0
nursery makeover on a budget;0
nursery furniture makeover;0
tarva dresser makeover nursery;0
diy dresser makeover for nursery;0
diy dresser makeover nursery;0
nursery pots makeover;0
nursery closet makeover diy;0
armoire makeover nursery;0
diy baby furniture nursery dresser makeovers;0
church nursery makeover;0
small nursery closet makeover;0
ikea dresser makeover nursery;0
armoire makeover for nursery;0
baby nursery makeover;0
wooden rocking chair makeover nursery;0
nursery rocking chair makeover ideas;0
chest of drawers makeover nursery;0
closet makeover nursery;0
rocking chair makeover nursery;0
hemnes dresser makeover nursery;0
nursery pots makeover diy;0
dresser makeover girl nursery;0
ikea hemnes dresser makeover nursery;0
nursery glider makeover diy;0
plastic nursery pots makeover diy;0
dresser makeover for nursery;0
nursery glider makeover;0
paneling walls makeover nursery;0
nursery rocker makeover;0
nursery setup layout;0
nursery setup in parents room;0
nursery setup small room;0
nursery setup in bedroom;0
nursery setup for baby;0
nursery setup for twins;0
nursery setup with daybed;0
nursery setup girl;0
nursery setup aesthetic;0
nursery class setup ideas;0
small room nursery setup;0
nursery bedside setup;0
home plant nursery setup;0
nursery school classroom setup;0
nursery crib setup;0
boy nursery setup;0
nursery cart setup;0
best nursery setup;0
basic nursery setup;0
baby nursery setup ideas;0
nursery bedroom setup;0
backyard plant nursery setup;0
baby nursery dresser setup;0
baby boy nursery setup;0
floor bed nursery setup;0
nursery room setup childcare;0
nursery chair setup;0
nursery room ideas classroom setup;0
church nursery setup;0
cute nursery setup;0
nursery dresser setup;0
diy nursery setup;0
diy baby nursery setup;0
baby doll nursery setup;0
nursery drawer setup;0
daycare nursery setup;0
daycare rooms setup nursery;0
nursery furniture setup;0
nursery garden setup;0
nursery glider setup;0
nursery graduation setup;0
baby girl nursery setup;0
hospital nursery setup ideas;0
how to setup small nursery;0
small nursery setup ideas;0
nursery classroom setup ideas;0
church nursery setup ideas;0
kids nursery setup;0
baby nursery setup layout;0
montessori nursery setup;0
nursery office setup;0
nursery plant setup;0
plants nursery setup;0
twin nursery room setup;0
twin nursery setup;0
nursery table setup;0
vintage nursery setup;0
nursery wall setup;0
nursery styling shelves;0
nursery styling girl;0
nursery book shelf styling;0
vintage disney nursery styling ideas;0
nursery cot styling;0
boys nursery styling;0
girl nursery shelf styling;0
nursery bookshelves styling;0
kallax styling nursery;0
boy nursery bookshelf styling;0
nursery shelf styling boy;0
styling ideas for nursery rugs;0
nursery change table styling;0
neutral nursery styling;0
styling a nursery;0
styling a nursery dresser;0
baby nursery shelf styling;0
nursery book case styling;0
nursery bookcase styling boy;0
baby nursery styling;0
boy nursery dresser styling;0
bookshelf styling for nursery;0
day bed styling nursery;0
nursery chest of drawers styling;0
nursery cabinet styling;0
nursery crib styling;0
nursery chair styling;0
nursery changing table styling;0
nursery dresser changing table styling;0
cube bookshelf styling nursery;0
nursery closet styling;0
rocking chair styling nursery;0
nursery dresser styling;0
daybed styling ideas nursery;0
nursery dresser styling tips;0
nursery drawer styling;0
nursery dresser styling girl;0
tall dresser styling nursery;0
tips for styling nursery shelves;0
styling floating shelves nursery;0
floating shelf styling nursery;0
styling ideas for nursery bookshelves;0
nursery glider styling;0
nursery bookcase styling girl;0
bookshelf styling girl nursery;0
girls nursery styling;0
baby girl nursery shelf styling;0
baby girl nursery styling;0
nursery shelf styling ideas;0
nursery built in shelf styling;0
nursery bookshelf styling ideas;0
styling shelves in nursery;0
shelf styling in nursery;0
nursery mirror styling;0
picture shelf styling nursery;0
peg shelf styling nursery;0
nursery room styling;0
nursery rug styling;0
nursery side table styling tips;0
nursery tall boy styling;0
nursery side table styling;0
vintage nursery shelf styling;0
vintage nursery styling;0
wicker shelf styling nursery;0
nursery wall styling;0
nursery wall shelf styling;0
nursery wardrobe styling;0
nursery themes for boys;0
nursery themes 2026;0
girls nursery themes;0
boys nursery themes;0
nursery theme aesthetic;0
nursery theme activities;0
nursery theme art;0
nursery theme adventure;0
nursery theme baby girl;0
nursery theme bear;0
nursery theme baby boy;0
nursery theme birthday cake;0
nursery theme blue;0
nursery theme background;0
nursery theme books;0
nursery theme black crib;0
nursery theme bunny;0
nursery theme boy blue;0
nursery theme birds;0
nursery theme colorful;0
nursery theme circus;0
nursery theme clouds;0
nursery theme coastal;0
nursery theme cowboy;0
nursery theme collage;0
nursery theme country;0
baby boy nursery car theme;0
baby boy nursery country cowboy theme;0
nursery theme dti;0
nursery theme dress to impress;0
nursery theme disney;0
nursery theme duck;0
nursery theme dogs;0
nursery theme dinosaur;0
nursery theme drawing;0
nursery theme dragon;0
nursery theme daycare;0
nursery theme dramatic play;0
dti outfit ideas non vip theme nursery rhymes;0
nursery theme earthy;0
nursery explorer theme;0
enchanted princess nursery theme;0
enchanting nursery theme;0
baby emma armelle nursery theme;0
english cottage nursery theme;0
nursery theme for boys;0
nursery theme for boy and girl;0
nursery theme farm;0
nursery theme for baby girl;0
nursery theme for twins;0
nursery theme for baby boy;0
nursery theme floral;0
nursery theme fruit;0
nursery theme fishing;0
nursery theme green;0
nursery theme girl ideas;0
nursery theme goose;0
nursery theme girl blue;0
nursery theme girl pink;0
nursery theme golf;0
nursery theme girl enchanted forest;0
baby girl nursery daisy theme;0
nursery theme hot air balloon;0
nursery theme harry potter;0
nursery theme hunting;0
baby boy nursery hunting theme;0
husky nursery theme;0
home grown nursery theme;0
boy nursery theme hunting;0
baby hunting theme nursery;0
hunting dog nursery theme;0
nursery theme inspiration;0
nursery theme ideas colorful;0
nursery theme ideas for boys;0
nursery theme ideas disney;0
nursery theme ideas 2026;0
nursery theme ideas green;0
jonah and the whale nursery theme;0
jordan theme nursery;0
jesus theme nursery;0
jesus loves me nursery theme;0
king nursery theme;0
kaws theme nursery;0
kitty nursery theme;0
nursery kids theme;0
koala nursery theme girl;0
kentucky derby theme nursery;0
nature theme games for nursery kids;0
rad little dude nursery theme;0
ralph lauren theme boy nursery;0
lord of the rings nursery theme wall;0
lego theme nursery;0
lemon yellow nursery theme;0
lab theme nursery;0
love shack fancy theme nursery;0
nursery theme moon and stars;0
nursery theme mountain;0
nursery theme moon;0
nursery theme mood board;0
nursery theme motif;0
nursery theme mushroom;0
nursery theme monkey;0
baby boy nursery mountain theme;0
map nursery theme;0
mickey mouse theme nursery baby rooms;0
nursery theme nature;0
nursery theme names;0
nursery theme noahs ark;0
nursery theme navy dinosaur;0
nursery theme ocean;0
nursery theme outfit;0
nursery theme outdoors;0
nursery theme once upon a time;0
nursery theme orange;0
old car nursery theme;0
olive theme nursery girl;0
old golf theme nursery;0
nursery theme pink;0
nursery theme purple;0
nursery theme peter rabbit;0
nursery theme preschool;0
nursery theme pastel;0
nursery theme prints;0
nursery theme pink walls;0
nursery theme painting;0
nursery rhymes preschool theme classroom;0
piglet nursery theme;0
quilt theme nursery;0
theme question for nursery;0
nursery theme room;0
nursery theme rainbow;0
nursery rhyme theme dress to impress non vip;0
baby boy nursery racing theme;0
tinkerbell nursery theme fairy room;0
nursery theme space;0
nursery theme simple;0
nursery theme sun;0
nursery theme sports;0
nursery theme sunshine;0
nursery theme sage green;0
nursery theme stars;0
nursery theme story book;0
nursery theme star wars;0
nursery theme sheep;0
nursery theme stars and moon;0
nursery theme teddy bear;0
nursery theme unique;0
under the sea nursery girly theme;0
pixar up nursery theme baby rooms;0
under water theme nursery;0
under the water theme nursery;0
undersea theme nursery;0
nursery theme vintage;0
vintage fishing theme nursery;0
van gogh nursery theme;0
vintage wildflower nursery theme;0
vintage garage nursery theme;0
boy nursery vintage theme;0
vans theme nursery;0
girl vintage theme nursery;0
vintage football theme nursery;0
nursery theme winnie the pooh;0
nursery theme wallpaper;0
nursery theme whimsical;0
nursery theme western;0
nursery theme worksheet;0
nursery theme with grey furniture;0
nursery theme whale;0
nursery theme with green walls;0
nursery theme with blue walls;0
nursery theme white crib;0
yellow nursery theme ideas;0
new york city theme nursery;0
barn yard theme nursery;0
new york theme nursery;0
girl nursery theme yellow;0
baby nursery yellow theme;0
yellowstone nursery theme;0
yankees theme nursery;0
green and yellow nursery theme;0
dragon ball z nursery theme;0
baby boy nursery zoo theme;0
zelda theme nursery;0
zoo theme baby nursery;0
baby girl zoo theme nursery;0
boy nursery zoo theme;0
legend of zelda nursery theme;0
formula 1 themed nursery;0
formula 1 nursery theme;0
100 acre woods nursery theme;0
nursery rhyme theme 1st birthday;0
1960s theme nursery;0
18 wheeler nursery theme;0
nursery theme 2026;0
baby boy nursery themes;0
baby girl nursery themes;0
easy nursery themes;0
nursery themes for baby girl;0
nursery themes winnie the pooh;0
types of nursery themes;0
baby boy nursery accessories;0
baby boy nursery decorations;0
baby girl nursery accessories;0
baby girl nursery wall decorations;0
hanging decorations nursery;0
nursery accessories boy;0
nursery accessories girl;0
nursery decorations boy;0
nursery decorations girl;0
nursery themes woodland;0
nursery window decorations;0
unique baby boy nursery themes;0
unique girl nursery themes;0
baby girl room themes not pink;0
baby room decorations boy;0
baby room decorations girl;0
baby room themes;0
baby room themes boy;0
baby room themes gender neutral;0
baby room themes girl;0
church nursery essentials;0
cute baby room themes;0
nursery school essentials;0
popular baby room themes;0
simple baby girl room themes;0
small nursery essentials;0
twin nursery essentials;0
unique baby room themes;0
nursery theme 2000s;0
2000’s nursery theme;0
psalm 23 theme nursery;0
2000s theme baby nursery;0
early 2000s nursery theme;0
girl nursery theme 2026;0
themed nursery ideas sims 4;0
sims 4 themed nursery;0
sims 4 nursery theme;0
space themed nursery sims 4;0
50s theme nursery;0
route 66 nursery theme;0
60s nursery theme;0
70s nursery theme girl;0
70s theme nursery;0
70’s nursery theme;0
70s theme baby nursery;0
70s nursery theme boy;0
80s nursery theme;0
90s nursery theme;0
90’s theme baby nursery;0
90’s theme nursery;0
90s nursery theme girl;0
90s cartoon theme nursery;0
90s celestial nursery theme;0
90s nursery theme boy;0
nursery themes for a girl;0
nursery themes colorful;0
nursery themes vintage;0
nursery themes animals;0
nursery themes aesthetic;0
nursery themes apartment;0
nursery themes girl animals;0
baby shower and nursery themes;0
black and white nursery themes;0
baby boy nursery themes amazon;0
sage and pink nursery themes;0
baby boy nursery themes aviation;0
different airplane nursery themes;0
alice in wonderland nursery themes;0
nursery themes baby girl;0
nursery themes boy woodland;0
nursery themes boy green;0
nursery themes boy space;0
nursery themes boy blue;0
nursery themes blue;0
nursery themes boy car;0
nursery themes baby boy;0
nursery themes bunny;0
nursery themes boy disney;0
nursery themes boy safari;0
nursery themes cowboy;0
nursery themes christian;0
nursery themes circus;0
nursery themes clouds;0
nursery themes country;0
nursery themes car;0
nursery themes celestial;0
nursery themes cartoon;0
nursery themes coastal;0
nursery themes colour;0
nursery themes dinosaur;0
nursery themes dragon;0
nursery themes ducks;0
nursery themes dog;0
nursery themes dark wood;0
nursery themes daycare;0
nursery themes dark;0
nursery themes dark green;0
nursery themes deer;0
boy dinosaur nursery themes;0
disney girl nursery themes;0
nursery themes eyfs;0
easy boy nursery themes;0
baby boy nursery themes elephants;0
baby boy elephant nursery themes;0
baby girl nursery themes elegant;0
girls nursery themes enchanted forest;0
church educational nursery themes;0
nursery themes forest;0
nursery themes farm;0
nursery themes for a boy;0
nursery themes for baby boy;0
nursery themes frog and toad;0
nursery themes fairytale;0
nursery themes fun;0
nursery themes girl disney;0
nursery themes girl boho;0
nursery themes girl purple;0
nursery themes girl unique;0
nursery themes green;0
nursery themes girl pink;0
nursery themes girl enchanted forest;0
nursery themes girl neutral;0
nursery themes girl butterfly;0
nursery themes hot air balloon;0
nursery themes harry potter;0
nursery themes hunting;0
baby boy themes nursery hunting;0
hobbit nursery themes;0
baby girl nursery themes harry potter;0
baby girl nursery themes highland cow;0
baby boy nursery themes hobby lobby;0
baby boy nursery themes hockey;0
baby boy nursery themes vintage hot air balloon;0
nursery themes ideas girl;0
baby girl nursery room ideas themes night lights;0
baby room themes nursery ideas;0
baby girl nursery room ideas themes;0
nursery themes neutral room ideas;0
boy nursery ideas themes baseball;0
nursery themes jungle;0
jungle boy nursery themes;0
baby boy jungle nursery themes;0
baby nursery themes jungle;0
jesus nursery themes;0
nursery ideas boy themes jungle;0
baby boy nursery themes jungle safari animals;0
boy nursery themes lion king;0
kids nursery themes;0
baby boy nursery themes disney mickey mouse kids rooms;0
baby girl nursery themes hello kitty;0
baby girl nursery themes koala;0
lion king nursery themes;0
nursery themes little bear;0
baby girl nursery themes llama;0
light blue nursery themes ideas;0
baby girl nursery themes lemon;0
baby girl nursery themes lilac;0
light purple nursery themes;0
nursery themes mountains;0
nursery themes minimal;0
nursery themes moon and stars;0
nursery themes modern;0
nursery themes moody;0
nursery themes music;0
nursery themes mushroom;0
nursery with maps travel themes;0
baby boy nursery themes mountains;0
monsters nursery themes;0
baby girl nursery themes modern;0
modern baby nursery themes;0
nursery themes nature;0
nursery themes neutral green;0
nursery themes noahs ark;0
nursery themes neutral woodland;0
nursery themes nautical;0
nursery themes neutral boy;0
nursery themes nemo;0
nursery themes ocean;0
nursery themes outdoorsy;0
nursery themes orange;0
baby girl nursery themes owl;0
nursery ideas beach ocean themes;0
olive green nursery themes;0
nursery themes pink;0
nursery themes purple;0
nursery themes princess;0
nursery themes peter rabbit;0
nursery themes pooh;0
nursery themes pokemon;0
whimsical pink nursery themes;0
girls nursery themes pink;0
baby boy nursery themes black people;0
nursery themes rainbow;0
nursery themes renter friendly;0
nursery themes ralph lauren;0
baby boy room nursery themes;0
nursery rhyme baby shower themes;0
baby girl nursery themes retro;0
childcare nursery room themes;0
baby boy nursery themes rad;0
nursery themes simple;0
nursery themes space;0
nursery themes safari;0
nursery themes sunshine;0
nursery themes storybook;0
nursery themes sage green;0
nursery themes sports;0
nursery themes small room;0
nursery themes star wars;0
nursery themes snoopy;0
nursery themes sea;0
nursery themes teddy bear;0
nursery themes travel;0
nursery themes twins;0
nursery themes unique;0
nursery themes under the sea;0
unique nursery themes boy;0
unisex nursery themes disney;0
unique nursery themes colorful;0
uncommon nursery themes;0
baby girl nursery themes violet;0
nursery girl themes vintage;0
girls nursery themes vintage;0
baby boy nursery themes vintage;0
baby girl nursery themes vintage;0
neutral nursery themes vintage;0
nursery themes western;0
nursery themes whimsical;0
nursery themes wildflower;0
nursery themes with black crib;0
nursery themes white walls;0
nursery themes wallpaper;0
nursery themes with sage green;0
nursery themes with a white crib;0
nursery themes water;0
nursery themes with green;0
nursery themes yellow;0
yellow baby nursery themes;0
baby girl nursery themes yellow;0
girl nursery themes yellow;0
baby boy nursery themes yellow;0
baby girl nursery themes pink and yellow;0
boy nursery themes yellow;0
disney nursery themes 101 dalmatians;0
nursery themes 2000s;0
baby nursery themes 2026;0
girl nursery themes 2025;0
baby boy nursery themes 2026;0
baby girl nursery themes 2000s;0
top nursery themes 2026;0
2025 baby nursery themes;0
nursery themes for 2026;0
nursery themes girl 2026;0
nursery themes 90s;0
class decorations for class nursery;0
nursery ceiling decorations;0
easter decorations for nursery;0
new year decorations ideas for nursery;0
diwali decorations for nursery;0
nursery concert stage decorations;0
door decorations for nursery;0
christmas decorations for a nursery;0
attendence register decorations cover for nursery;0
nursery anniversary decorations;0
diwali decorations at nursery;0
attendence register decorations nursery;0
attendence register decorations class nursery;0
nursery class attendance register decorations;0
autumn decorations for nursery;0
autumn decorations in the nursery;0
autumn decorations nursery;0
attendence register decorations for nursery;0
blue nursery decorations;0
board decorations ideas for nursery;0
nursery rhyme baby shower theme decorations;0
board decorations for nursery;0
soft board decorations ideas for nursery;0
nursery decorations classroom;0
door decorations classroom for class nursery;0
door decorations for class nursery;0
classroom decorations pre nursery;0
door decorations for nursery classroom;0
easter decorations nursery;0
felt decorations nursery;0
fall decorations for nursery;0
decorations ideas for nursery;0
nursery graduation party decorations;0
graduation decorations for nursery;0
nursery school graduation decorations;0
decorations for baby girl nursery;0
girl nursery wall decorations;0
baby girl nursery decorations;0
grade nursery class decorations;0
graduation party ideas decorations for nursery;0
graduation nursery decorations;0
halloween door decorations nursery;0
halloween decorations nursery;0
handmade nursery decorations;0
halloween decorations nursery school;0
hanging decorations from ceiling nursery;0
hospital room decorations baby nursery ideas;0
summer decorations in nursery;0
class decorations ideas nursery;0
wall decorations ideas for class nursery;0
nursery room decorations ideas;0
nursery class door decorations ideas;0
nursery class decorations ideas creative;0
class decorations ideas creative for nursery;0
kids nursery decorations;0
classroom decorations for nursery kids;0
door decorations for nursery kids;0
last day of nursery decorations;0
lds nursery decorations;0
mothers day decorations for nursery;0
classroom decorations for nursery one;0
nursery one classroom decorations;0
nursery opening decorations;0
pre nursery class decorations;0
classroom decorations for pre nursery;0
door decorations classroom pre nursery;0
door decorations for pre nursery;0
pre nursery decorations;0
pre nursery class decorations ideas;0
peter rabbit nursery party decorations;0
nursery rhyme door decorations;0
ramadan nursery decorations;0
nursery rhyme-themed baby shower decorations;0
sun decorations nursery;0
simple nursery decorations;0
spring decorations for nursery;0
back to school decorations for nursery;0
summer decorations for nursery;0
back to nursery decorations;0
nursery christmas tree decorations;0
decorations for the nursery room;0
nursery rhymes theme birthday party decorations;0
valentines day decorations for nursery;0
vintage sports nursery party decorations;0
vintage nursery decorations;0
nursery decorations wall;0
winter decorations nursery;0
nursery class white board decorations;0
nursery white board decorations;0
new year decorations nursery;0
new year decorations for nursery;0
chinese new year decorations nursery;0
sims 4 nursery decorations;0
vintage nursery accessories for boys;0
heirloom-quality nursery accessories;0
girls nursery accessories;0
kids nursery accessories;0
lion-themed nursery accessories ideas;0
fairy nursery accessories;0
pink and green nursery accessories;0
wild west nursery accessories;0
toy story nursery accessories;0
baby accessories nursery;0
luxury accessories for baby nursery;0
boy-themed golf nursery accessories;0
baby boy nursery handmade accessories;0
cowboy nursery accessories ideas;0
sports nursery crib accessories;0
sims 4 nursery cc accessories;0
cute duck nursery accessories;0
celestial-themed nursery accessories;0
decorating nursery side tables with accessories;0
dinosaur nursery accessories ideas;0
dark green nursery accessories ideas;0
dinosaur-themed nursery accessories;0
stylish accessories for wildflower nursery enthusiasts;0
accessories for nursery accent walls;0
accessories for nursery shelves;0
pink and gold nursery accessories;0
handmade nursery accessories;0
ralph lauren nursery accessories ideas;0
winnie the pooh nursery accessories ideas;0
lion king nursery accessories ideas;0
alice in wonderland nursery accessories ideas;0
vintage airplane nursery accessories ideas;0
red nursery accessories;0
sun-themed nursery accessories;0
nursery school accessories;0
where the wild things are nursery accessories;0
whimsical nursery accessories;0
nursery essentials new moms;0
nursery essentials for twins;0
nursery essentials ideas;0
nursery checklist newborn essentials;0
baby essentials for nursery cart;0
neutral nursery shelf with baby essentials;0
baby nursery room essentials;0
checklist for twin nursery essentials;0
nursery practitioner essentials;0
nursery closet essentials checklist;0
essentials for a nursery;0
baby nursery essentials list;0
baby girl nursery essentials;0
storing baby essentials in nursery dresser;0
nursery checklist newborn essentials hospital bag;0
baby essentials nursery;0
boy nursery essentials;0
essentials for baby nursery;0
nursery drawer organization for care essentials;0
bedside nursery cart essentials;0
nursery checklist newborn essentials baby registry;0
nursery dresser essentials;0
essentials for nursery room;0
girl nursery essentials;0
organizing baby essentials in small nursery in parents room;0
kids nursery essentials;0
nursery school essentials list;0
toddler nursery essentials;0
nursery teacher essentials;0
nursery details girl;0
nursery details aesthetic;0
nursery details boy;0
nursery details photography;0
nursery details photoshoot;0
baby boy nursery details;0
girls nursery details;0
nursery room details;0
baby nursery details;0
vintage nursery details;0
baby girl nursery details;0
whimsical nursery details;0
cute nursery details;0
nursery paint details;0
pink nursery details;0
winnie the pooh nursery details;0
small nursery details;0
nursery wall details;0
yellow details nursery;0
baby boy room styling;0
styling baby room;0
styling shelves baby room;0
bookcase styling baby room;0
bookshelf styling baby room;0
baby girl room shelf styling;0
kallax styling baby room;0
baby room shelf styling;0
baby girl room styling;0
baby room themes neutral nursery ideas;0
baby room themes for boys;0
baby room themes neutral;0
baby room themes colorful;0
baby room themes neutral bohemian;0
baby room themes disney;0
baby room themes for daycare;0
baby room themes daycare;0
baby girl room themes disney;0
baby boy room themes disney;0
themes for baby girls room;0
baby room themes pink;0
baby room themes purple;0
travel baby room themes;0
baby room themes neutral boho;0
baby room themes anime;0
baby room themes animals;0
themes for a baby girl room;0
toddler and baby shared room boys themes;0
toddler and baby shared room themes;0
baby girl nursery room ideas themes air balloon;0
baby boy nursery room ideas themes woodland animals;0
baby room themes bears;0
baby room themes bloxburg;0
baby room themes blue;0
baby room themes books;0
baby room themes cartoon;0
baby boy room ideas themes color schemes;0
baby room colour themes;0
baby girl room ideas themes wall colors;0
baby boy car room themes;0
baby girl nursery room ideas themes color schemes gender neutral;0
christian baby room themes;0
cute themes for baby girl room;0
baby girl room ideas cloud themes;0
baby room themes dog;0
baby room design themes;0
baby boy room decor themes;0
baby girl nursery themes disney princesses room ideas;0
baby room themes for boys disney;0
baby room themes eyfs;0
baby room themes elephant;0
baby room themes for girls enchanted forest fairy bedroom;0
baby room themes for boys green;0
baby room themes for twins;0
baby room themes for boys blue;0
baby room themes for girls nurseries;0
baby room themes for boys dinosaurs;0
baby room themes for boys cars;0
baby boy nursery room ideas themes fishing;0
neutral themes for baby room;0
baby boy nursery room ideas woodland forest themes;0
baby room themes girl nursery ideas;0
baby room themes green;0
baby room themes girl neutral;0
baby girl nursery room ideas themes pink;0
baby boy room themes hunting;0
baby room themes ideas;0
baby girl room themes idea;0
baby girl room themes little princess castle bed;0
baby girl room themes little princess party ideas;0
baby girl room themes little princess;0
baby room themes mountains;0
baby girl nursery room ideas themes murals;0
baseball baby room nursery themes;0
baby room themes ocean;0
baby room ideas sea ocean themes;0
baby girl nursery room ideas sea ocean themes;0
baby nursery room ideas sea ocean themes;0
baby girl room themes purple;0
pink baby girl room themes;0
baby girl nursery room ideas themes purple;0
baby room themes simple;0
baby room themes space;0
baby room themes stars;0
baby boy nursery themes small room;0
baby boy nursery room ideas themes sports;0
baby nursery room ideas themes color schemes;0
baby girl room themes safari;0
unique baby girl room themes;0
baby girl nursery room ideas themes under the sea;0
unique baby boy room themes;0
baby room themes vintage;0
baby room themes winnie the pooh;0
baby room themes woodland;0
baby girl room themes western;0
baby room ideas for girls themes woodland nursery;0
baby room ideas woodland forest themes;0
baby room themes yellow;0
baby room themes 2026;0
2000s baby room themes;0
baby room decorations ideas;0
baby room decorations craft;0
baby room decorations hospital;0
baby room decorations balloons;0
baby room decorations picture;0
baby room decorations simple;0
baby room decorations welcome;0
baby room decorations with ballons;0
baby room decorations daycare;0
baby boy decorations room simple;0
baby breath decorations room;0
hospital room decorations for baby boy;0
baby girl welcome room decorations;0
spring door decorations classroom baby room;0
baby boy decorations room bedroom ideas;0
baby room wall decorations ideas;0
baby birthday decorations living room;0
baby boy decorations for room;0
baby room christmas decorations;0
baby room decorations handmade;0
baby shower room decorations;0
wall decorations for baby boy room;0
artwork for girl nursery;0
artwork in nursery;0
baby artwork ideas;0
baby nursery artwork;0
nursery artwork boy;0
nursery artwork elephant;0
nursery artwork gender neutral;0
nursery artwork girl;0
nursery artwork jungle;0
nursery artwork neutral;0
nursery artwork woodland;0
peter rabbit nursery artwork;0
unisex nursery artwork;0
baby artwork storage;0
baby dragon artwork;0
baby elephant artwork;0
baby girl artwork;0
baby groot artwork;0
baby loss artwork;0
baby room artwork;0
baby yoda artwork;0
christian nursery posters;0
lil baby artwork;0
mother and baby artwork;0
nursery school posters;0
plant nursery posters;0
posters for baby girl nursery;0
baby room decorations art;0
baby room decorations black and white;0
baby room diy decorations wall art;0
baby shower decorations in a room;0
baby shower decorations at room;0
indian baby shower decorations at home living room;0
baby room decorations crochet;0
christmas decorations for baby room;0
baby coming home room decorations;0
conference room baby shower decorations;0
cute baby room decorations;0
christmas door decorations baby room;0
baby well come room decorations;0
baby coming room decorations;0
baby room diy decorations creative;0
baby room decorations diy;0
baby room decorations easy;0
easter door decorations baby room;0
baby room decorations foam sheet;0
halloween decorations for baby room;0
hospital room decorations for baby girl;0
hospital room decorations for baby;0
room decorations for baby girl;0
hanging decorations for baby room;0
room decorations for baby;0
room decorations for welcome baby girl;0
baby girl hospital room decorations;0
baby girl decorations in room;0
welcome baby girl decorations in room;0
girl baby room decorations ideas;0
girl baby shower room decorations;0
birthday room decorations surprise baby girl;0
birthday room decorations baby girl;0
hospital room decorations baby boy;0
welcome home baby room decorations;0
baby homecoming decorations room;0
halloween decorations baby room;0
baby boy decorations ideas room;0
welcome baby decorations in room;0
baby shower room decorations ideas;0
room decorations ideas for baby welcome;0
welcome baby boy decorations in room;0
welcome baby girl room decorations ideas;0
baby blue decorations living room;0
baby shower decorations living room;0
baby shower decorations in living room;0
new baby room decorations;0
nicu baby room decorations;0
new baby boy room decorations;0
welcome new baby room decorations;0
newborn baby boy room decorations;0
baby name decorations room decor;0
baby pink room decorations;0
baby pink birthday decorations room;0
paper decorations for baby room;0
baby pink decorations for room;0
baby blue birthday party decorations room;0
baby room decorations stickers;0
foam sheet baby room decorations;0
baby shower simple room decorations;0
baby shower decorations in the room;0
baby room decorations wall;0
welcome baby boy room decorations;0
xmas decorations baby room;0
baby room makeover ideas;0
baby room makeover diy;0
room makeover baby pink;0
room makeover for baby;0
room makeover baby blue;0
baby blue and white room makeover;0
furniture makeover baby room;0
room makeover with a baby;0
small room makeover for baby;0
baby boys room makeover;0
armoire makeover baby room;0
small room makeover with baby;0
small room makeover with baby crib;0
room makeover baby;0
room makeover with baby crib;0
dresser makeover baby room;0
room makeover for baby girl;0
baby girl room makeover;0
room makeover ideas with baby;0
room makeover ideas baby blue;0
newborn baby room makeover;0
simple baby room makeover;0
small baby room makeover;0
room makeover bedroom with baby;0
baby room aesthetic girl;0
baby room aesthetic boy;0
baby room aesthetic colorful;0
baby room aesthetics;0
baby room aesthetic vintage;0
baby room aesthetic luxury;0
baby room aesthetic minimalist;0
baby room aesthetic avatar world;0
baby room aesthetic blue;0
baby room aesthetic pink;0
baby room aesthetic twins;0
baby room aesthetic toca boca;0
baby boy aesthetic room;0
aesthetic baby room;0
aesthetic baby room girl;0
baby pink dorm room aesthetic;0
luxury baby girl room aesthetic;0
room ideas aesthetic with baby crib;0
hello kitty baby room aesthetic;0
baby pink room aesthetic coquette;0
baby girl room aesthetic white;0
baby room aesthetic boy luxury;0
baby room aesthetic background;0
baby room aesthetic beige;0
baby room aesthetic bloxburg;0
baby room aesthetic cozy;0
aesthetic colourful baby room;0
baby girl room aesthetic colorful;0
cottage core aesthetic baby room;0
cool baby room aesthetic;0
cabin baby room aesthetic;0
cute aesthetic baby room;0
cute aesthetic toca boca baby room;0
aesthetic room with baby crib;0
baby room aesthetic dark;0
baby room aesthetic decor;0
disney baby room aesthetic;0
room decor aesthetic baby pink;0
baby doll aesthetic room;0
aesthetic dinosaur baby room;0
baby room design toca boca aesthetic;0
aesthetic baby girl room decor;0
aesthetic room decor with baby;0
baby girl room aesthetic details;0
empty baby room aesthetic;0
room ideas aesthetic for baby;0
toca boca free aesthetic baby room;0
forest aesthetic baby room;0
room ideas aesthetic for baby girl;0
room for baby aesthetic;0
room for baby girl aesthetic;0
toca boca baby room ideas free house aesthetic;0
fairy baby room aesthetic;0
pink room aesthetic for baby;0
aesthetic room decoration for baby welcome;0
baby room aesthetic green;0
baby room aesthetic girl toca boca;0
baby room aesthetic gender neutral;0
grey baby room aesthetic;0
baby girls room ideas aesthetic;0
baby girl's room aesthetic;0
baby blue and gold room aesthetic;0
baby in hotel room aesthetic;0
toca boca life world house ideas modern mansion aesthetic baby room;0
pazu avatar world house idea aesthetic baby room;0
toca boca house ideas modern mansion aesthetic bedroom baby room;0
home aesthetic baby room;0
hospital baby room aesthetic;0
toca boca room ideas big family house bedroom aesthetic baby;0
toca boca house ideas modern mansion aesthetic baby room;0
baby room aesthetic ideas;0
aesthetic room inspo baby pink;0
aesthetic baby room in toca boca;0
avatar world baby room ideas aesthetic;0
room ideas aesthetic baby blue walls;0
baby pink room aesthetic korean;0
baby blue room aesthetic korean;0
korean baby room aesthetic;0
living room aesthetic with baby;0
aesthetic living room baby blue;0
light pink baby room aesthetic;0
ralph lauren aesthetic baby room girl;0
lavender baby room aesthetic;0
baby living room aesthetic;0
ralph lauren baby room aesthetic;0
toca life baby room aesthetic;0
baby room aesthetic modern;0
nancy meyers aesthetic baby room;0
messy baby room aesthetic;0
baby blue room aesthetic minimalist;0
aesthetic mom and baby room;0
toca boca baby room ideas modern mansion aesthetic;0
beige mom aesthetic baby room;0
montessori baby room aesthetic;0
minimal baby room aesthetic;0
baby room aesthetic neutral;0
toca boca newborn baby room aesthetic;0
nepo baby aesthetic room;0
baby room night aesthetic;0
baby boy nursery room aesthetic;0
nature aesthetic baby room;0
navy blue and baby pink room aesthetic;0
baby nursery room ideas aesthetic;0
non aesthetic baby room;0
2000s nepo baby aesthetic room;0
ocean baby room aesthetic;0
baby room organization aesthetic;0
old baby room aesthetic;0
old money aesthetic baby room;0
old money baby boy room aesthetic;0
baby blue and orange room aesthetic;0
baby room aesthetic painting;0
baby room aesthetic photo;0
pink and baby blue room aesthetic;0
vintage princess aesthetic baby room;0
baby pink and black aesthetic room;0
baby purple aesthetic room;0
aesthetic room baby pink and white;0
baby room aesthetic simple;0
small aesthetic baby room;0
space aesthetic baby room;0
baby room sea aesthetic;0
snoopy baby room aesthetic;0
safari baby room aesthetic;0
baby room wall decor stickers aesthetic;0
baby room instagram story aesthetic;0
sage green and baby pink room aesthetic;0
toddler and baby shared room aesthetic;0
baby stuff aesthetic room;0
soft baby room aesthetic;0
baby blue themed room aesthetic;0
aesthetic twin baby room;0
toca boca aesthetic baby room ideas;0
unisex baby room aesthetic;0
baby room aesthetic video;0
vintage baby boy room aesthetic;0
baby girl room aesthetic vintage;0
baby pink room aesthetic vintage;0
victorian baby room aesthetic;0
baby blue room aesthetic vintage;0
baby room aesthetic wallpaper;0
baby room aesthetic white;0
baby blue and white room aesthetic;0
baby girl room wallpaper aesthetic;0
room aesthetic with baby;0
baby room aesthetic yellow;0
baby blue and yellow room aesthetic;0
baby pink and yellow room aesthetic;0
zepeto background aesthetic baby room;0
2000s baby room aesthetic;0
2000s baby girl room aesthetic;0
aesthetic baby room sims 4;0
70s aesthetic baby room;0
90s baby aesthetic room;0
nursery artwork above crib;0
nursery artwork vintage;0
nursery artwork ideas girl;0
nursery artwork watercolor;0
nursery artwork display;0
nursery artwork wall;0
nursery artwork painting;0
artwork for nursery boy;0
simple nursery artwork;0
car artwork nursery;0
green nursery artwork;0
cute nursery artwork;0
artworks for nursery;0
fairytale nursery artwork;0
nursery artwork abstract;0
nursery artwork bear;0
nursery artwork bible;0
nursery artwork bunny;0
nursery artwork baby girl;0
nursery artwork blue;0
fairy nursery baby girl artwork;0
baby boy nursery artwork modern;0
baby boy artwork nursery;0
baby girl nursery artwork diy;0
nursery artwork colorful;0
nursery artwork christian;0
nursery artwork collage;0
nursery artwork cat;0
colorful artwork for nursery;0
coastal nursery artwork;0
cute artwork for nursery;0
creative artwork for nursery;0
cottage core nursery artwork;0
nursery artwork diy;0
nursery artwork dogs;0
nursery artwork ducks;0
nursery artwork decor;0
nursery artwork design;0
dog nursery artwork;0
diy artwork for nursery;0
star wars nursery diy artwork ideas;0
easy artwork for nursery;0
nursery artwork frames;0
nursery artwork flowers;0
nursery artwork floral;0
nursery artwork forest;0
winnie the pooh artwork for nursery;0
artwork for baby boy nursery;0
nursery artwork goose;0
nursery artwork golf;0
nursery artwork green;0
girls nursery artwork;0
forest green nursery boy artwork;0
handmade artwork for nursery;0
horse nursery artwork;0
homemade artwork for nursery;0
hot air balloon nursery artwork;0
hand painted nursery artwork;0
nursery artwork ideas boy;0
nursery artwork illustration;0
nursery artwork inspiration;0
i love you artwork nursery;0
whimsical nursery artwork ideas;0
artwork ideas for nursery;0
kids nursery artwork;0
artwork for nursery kids;0
nursery artwork layout;0
nursery artwork letter;0
nursery artwork large;0
little boy nursery artwork;0
ralph lauren nursery artwork;0
large artwork for nursery;0
nursery artwork modern;0
you are my sunshine nursery artwork;0
mountain nursery artwork;0
nursery artwork name;0
nursery artwork nature;0
nursery artwork over crib;0
nursery artwork oil painting;0
nursery artwork ocean;0
nursery artwork pink;0
nursery artwork prints;0
nursery artwork placement;0
puppy artwork nursery;0
winnie the pooh artwork nursery;0
vintage winnie the pooh nursery artwork;0
baby name artwork nursery prints;0
nursery artwork set;0
nursery artwork sketches;0
space themed nursery artwork;0
space nursery artwork;0
safari artwork nursery;0
strawberry artwork nursery;0
simple artwork for nursery;0
nursery artwork teddy bear;0
nursery artwork twins;0
baby boy nursery themes artwork;0
toddler nursery artwork;0
woodland nursery theme artwork;0
twin nursery artwork;0
teddy bear nursery theme artwork;0
under the sea nursery girly artwork;0
baby girl nursery artwork vintage;0
vintage girl nursery artwork;0
vintage disney nursery artwork;0
vintage nursery artwork ideas;0
vintage boy nursery artwork;0
nursery artwork with name;0
nursery artwork words;0
wildflower nursery artwork;0
western artwork for nursery;0
yellow nursery artwork;0
artwork for nursery 1;0
baby artwork paintings;0
baby artworks;0
baby artwork for grandparents;0
baby artwork for dad;0
baby artwork nursery;0
baby artwork display;0
baby artwork ideas hand prints;0
baby artwork ideas art projects;0
baby artwork gift;0
baby artwork for dad birthday;0
baby artwork christmas;0
baby announcement artwork;0
mom baby artwork;0
mama and baby artwork;0
baby boys room artwork;0
baby cat artwork;0
personalised baby artwork;0
baby feet artwork;0
baby hair artwork;0
neutral baby artwork;0
artwork for infants baby footprints;0
baby artwork aesthetic;0
baby artwork boy;0
baby artwork birthday card;0
baby artwork boy realistic;0
baby artwork board;0
baby artwork collage;0
baby room artwork colorful;0
devil man cry baby artwork;0
colorful baby artwork;0
cry baby artwork;0
cute baby animal artwork;0
cute baby artwork;0
baby cartoon artwork;0
cute baby girl artwork;0
baby crib artwork;0
baby artwork daycare;0
baby and dog artwork;0
diy baby room artwork;0
baby artwork for daddy;0
mom dad and baby artwork;0
baby dress artwork;0
diy baby artwork;0
diy artwork for baby room;0
baby easter artwork;0
baby artwork for grandma;0
baby artwork for aunt;0
baby artwork fall;0
baby artwork for parents;0
baby artwork for father’s day;0
baby artwork for mom;0
baby artwork for grandma birthday;0
baby artwork for fall;0
black baby girl artwork;0
welcome baby girl artwork;0
baby girl room artwork;0
gorgeous male artwork baby;0
baby shower guest artwork;0
baby girl artwork ideas;0
harry potter baby artwork;0
halloween artwork baby;0
baby hand print artwork;0
happy birthday baby artwork;0
baby head artwork;0
baby hands artwork;0
jesus holding baby artwork;0
mother holding baby artwork;0
baby feet and hand artwork;0
baby in womb artwork;0
baby in bloom artwork;0
baby boy room artwork ideas;0
baby nursery artwork ideas;0
artwork in baby room;0
baby room artwork ideas;0
baby boy artwork ideas;0
baby jesus artwork;0
4th of july baby artwork;0
fourth of july baby artwork;0
mary and baby jesus artwork;0
jungle theme baby room artwork;0
baby krishna artwork;0
baby keem artwork;0
baby beluga artwork kids;0
baby lamb artwork;0
baby lion artwork;0
loss of baby artwork;0
miscarried baby artwork;0
march baby artwork;0
baby monkey artwork;0
male baby artwork;0
neutral baby room artwork;0
baby room artwork name;0
gender neutral baby artwork;0
ocean baby artwork;0
baby room artwork ocean;0
artwork of baby;0
oh baby artwork;0
baby paint artwork;0
pumpkin baby artwork;0
baby foot print artwork;0
winnie the pooh baby artwork;0
baby photo artwork;0
baby room artwork paint;0
rosemary's baby artwork;0
male artwork baby realistic;0
baby smoove artwork;0
baby shower artwork;0
simple baby artwork;0
baby sleep artwork;0
summer baby artwork;0
baby first steps artwork;0
sleeping baby artwork;0
father’s day baby artwork;0
santa baby artwork;0
baby theme artwork;0
twin baby artwork;0
baby tshirt artwork;0
baby tiger artwork;0
baby in the womb artwork;0
thanksgiving baby artwork;0
baby turtle artwork;0
baby unicorn artwork;0
vintage baby boy artwork;0
vintage baby artwork;0
valentine baby artwork;0
baby valentines artwork;0
vintage baby girl artwork;0
vintage baby room artwork;0
valentine’s day baby artwork;0
artwork with baby;0
black and white baby artwork;0
baby walking artwork;0
winter baby artwork;0
baby boy woodland nursery artwork;0
baby room wall artwork;0
new year baby artwork;0
90s baby artwork;0
nursery posters ideas;0
nursery posters printables;0
nursery posters boy;0
nursery posters aesthetic;0
nursery posters quotes;0
nursery posters pink;0
wall posters for nursery;0
safari nursery posters;0
nursery name posters;0
nursery learning posters;0
kids nursery posters;0
pink nursery posters;0
posters for a nursery;0
nursery admission posters;0
baby posters nursery;0
boys nursery posters;0
baby girl nursery posters;0
baby boy nursery posters;0
bloxburg nursery posters;0
posters for nursery pink baby girl;0
blue nursery posters;0
baby nursery wall posters;0
cute posters for nursery;0
nursery classroom posters;0
cute nursery posters;0
nursery class posters;0
posters for church nursery;0
colorful nursery posters;0
cool nursery posters;0
children’s nursery posters;0
nursery daycare posters;0
nursery rhymes posters display;0
disney nursery posters;0
nursery decor posters;0
posters for nursery school;0
fun nursery posters;0
free nursery posters;0
girls nursery posters;0
nursery graduation posters;0
posters in nursery;0
nursery social media posters;0
plant nursery posters malayalam;0
sims 4 nursery posters;0
vintage posters nursery;0
whimsical nursery posters;0
western nursery posters;0
baby room posters animals;0
baby room posters bloxburg;0
baby room posters girl;0
baby boys room posters;0
baby blue room posters;0
posters in baby room;0
baby pink posters for room;0
baby room decor posters;0
baby girls room posters;0
baby pink aesthetic room posters;0
baby animal pictures nursery;0
baby nursery paintings;0
baby posters for room;0
baby room posters;0
baby room wall posters;0
farm animal nursery paintings;0
nursery paintings boy;0
nursery paintings girl;0
nursery pictures boy;0
nursery pictures plants;0
pictures for baby boy nursery;0
safari nursery paintings;0
hand painted nursery pictures;0
nursery school art ideas;0
baby boy nursery canvas art;0
baby girl nursery canvas art;0
baby girl nursery framed art;0
baby nursery canvas art;0
baby room wall art animals;0
baby room wall art ideas;0
nursery wall ideas boy;0
nursery wall ideas girl;0
wall art for baby girl room;0
room posters lil baby;0
posters for room baby monster;0
cute baby posters for room;0
vintage baby room posters;0
baby room animal posters;0
animal posters for baby room;0
room posters aesthetic baby blue;0
cute baby room posters;0
posters for baby blue room;0
posters for baby room free printables;0
posters for baby girls room;0
posters for room baby gang;0
posters for baby boy room;0
baby girl posters for room;0
wall posters for baby room;0
posters for room baby metal;0
nepo baby room posters;0
posters on wall baby room;0
baby posters for pregnant women room;0
nursery paintings canvas diy;0
nursery paintings canvas acrylic;0
nursery paintings canvas diy boy;0
nursery paintings ideas;0
nursery paintings canvas gender neutral;0
nursery paintings easy;0
nursery paintings wall;0
nursery paintings canvas diy girl;0
nursery paintings canvas girl;0
canvas paintings for nursery girl;0
baby nursery paintings wall;0
diy paintings for nursery girl;0
space themed nursery paintings;0
flower paintings nursery;0
cute easy nursery paintings;0
nursery paintings colorful;0
nursery paintings diy;0
nursery paintings animals;0
nursery paintings acrylic;0
nursery paintings alphabet;0
nursery paintings canvas diy art;0
baby nursery paintings canvas art ideas;0
nursery animal paintings canvases;0
baby woodland animals nursery paintings & prints;0
nursery paintings bloxburg;0
nursery paintings bear;0
nursery paintings bunny;0
nursery paintings baby girl;0
boy nursery wall paintings;0
baby girl nursery paintings ideas;0
easy paintings for boy nursery;0
nursery paintings canvas pink;0
nursery paintings christian;0
nursery paintings canvas bear;0
nursery paintings canvas with name;0
nursery paintings ducks;0
nursery paintings disney;0
nursery paintings decor;0
paintings for nursery diy;0
easy diy nursery paintings;0
dinosaur nursery paintings;0
duck nursery paintings;0
easy paintings for girl nursery;0
baby nursery paintings easy;0
nursery paintings canvas easy;0
easy paintings for nursery;0
elephant paintings for nursery;0
nursery paintings for boys;0
nursery paintings flowers;0
nursery paintings fish;0
nursery paintings farm;0
nature paintings for nursery;0
nursery paintings goose;0
nursery paintings for girl;0
paintings for girls nursery;0
girl nursery paintings canvases;0
nursery gender neutral paintings;0
nursery paintings hot air balloon;0
handmade nursery paintings;0
paintings in nursery;0
paintings for nursery ideas;0
nursery paintings canvas diy ideas;0
nursery paintings canvas ideas;0
nursery paintings jesus;0
jungle nursery paintings;0
paintings kids nursery;0
paintings for nursery kids;0
nursery paintings lions;0
nursery landscape paintings;0
little boy nursery paintings;0
flower mural wall paintings nursery;0
mini nursery paintings;0
nursery paintings name;0
nursery paintings neutral;0
sims 4 nursery paintings;0
nursery paintings on wall;0
nursery paintings on canvas;0
paintings of nursery rhymes;0
ocean nursery paintings;0
ocean themed nursery paintings;0
nursery paintings pink;0
paintings for nursery room;0
nursery room wall paintings;0
nursery room paintings girl;0
nursery rhyme paintings wall art;0
nursery paintings canvas girls baby rooms;0
nursery room paintings boy;0
nursery room canvas paintings;0
nursery room paintings canvases;0
nursery paintings simple;0
nursery paintings space theme;0
sims 4 cc nursery paintings;0
simple paintings for nursery;0
safari animal paintings babies nursery;0
simple girl nursery paintings;0
children’s nursery paintings;0
winnie the pooh nursery paintings;0
teddy bear nursery paintings;0
paintings for the nursery;0
forest themed nursery paintings;0
winnie the pooh paintings for nursery;0
baby nursery paintings winnie the pooh;0
baby boy nursery safari theme paintings & prints;0
toca boca nursery paintings;0
nursery paintings vintage;0
vintage paintings for nursery;0
vintage nursery paintings & prints;0
nursery paintings watercolor;0
nursery paintings woodland;0
whimsical nursery paintings;0
western nursery paintings;0
watercolour paintings for nursery;0
nursery pictures with baby;0
nursery pictures wall;0
nursery pictures above crib;0
nursery pictures maternity;0
nursery pictures bloxburg;0
nursery pictures codes bloxburg;0
dog pictures nursery;0
car pictures nursery;0
tips for hanging pictures in a nursery;0
nursery pictures to paint;0
nursery with animal pictures;0
nursery pictures for boys;0
blue pictures nursery;0
nursery maternity pictures;0
nursery pictures above dresser;0
announcement pictures in nursery;0
nursery decor with berry avenue codes pictures rug;0
at home maternity pictures in nursery;0
woodland nursery pictures art;0
berry avenue codes nursery pictures;0
nursery pictures bloxburg codes;0
baby nursery pictures ideas;0
pictures in baby nursery;0
baby pictures for nursery;0
nursery pictures codes;0
nursery pictures over crib;0
berry avenue codes for pictures nursery;0
cute berry avenue codes pictures nursery;0
drawing pictures for class nursery;0
bloxburg decals codes pictures nursery;0
colorful nursery pictures;0
nursery pictures diy;0
dino nursery pictures;0
dragon nursery pictures;0
nursery duck pictures;0
nursery pictures with dog;0
pictures of dogs in nursery;0
bloxburg nursery decals pictures;0
diy newborn pictures in nursery;0
first day of nursery school pictures;0
baby elephant nursery pictures;0
easy colouring pictures for nursery kids;0
nursery pictures family;0
nursery pictures frames;0
jesus pictures for nursery;0
family pictures for nursery;0
maternity pictures framed in nursery;0
farm pictures for nursery;0
mountain pictures for nursery;0
nursery pictures green;0
graduation pictures for nursery;0
golf nursery pictures;0
golden retriever nursery pictures;0
goose nursery pictures;0
graduation pictures nursery;0
silly goose nursery pictures;0
nursery graduation pictures ideas;0
nursery school graduation pictures;0
hanging pictures with ribbon nursery;0
hot air balloon nursery pictures;0
maternity pictures in nursery hanging;0
nursery hanging pictures;0
where to hang pictures in nursery;0
at home nursery newborn pictures;0
newborn pictures hanging in nursery;0
newborn pictures in nursery;0
pet pictures in nursery;0
family pictures in nursery;0
ultrasound pictures in nursery;0
nursery kids pictures;0
pictures for nursery kids;0
kids nursery rhymes pictures;0
nursery maternity pictures with kids;0
colouring pictures for nursery kids;0
ralph lauren nursery pictures;0
nursery pictures mom and baby;0
maternity pictures in the nursery;0
mirror with pictures around it nursery;0
maternity pictures ideas in nursery;0
casual nursery maternity pictures;0
maternity pictures in nursery decor;0
nursery photoshoot maternity pictures;0
nursery pictures newborn;0
nursery pictures of baby;0
nursery pictures on wall;0
pictures of baby in nursery;0
pictures of a nursery;0
pictures over dresser nursery;0
3 month old baby pictures nursery;0
nursery pictures printable;0
peter rabbit pictures nursery;0
berry avenue codes pictures nursery rug;0
roblox pictures codes nursery;0
nursery pictures school;0
vintage sports nursery pictures;0
solo maternity pictures nursery;0
nursery floating book shelves under pictures;0
sims 4 nursery pictures cc;0
senior pictures plant nursery;0
safari nursery pictures baby animals;0
the nursery nurse funny pictures;0
pictures to print for nursery;0
the nursery nurse profile pictures;0
winnie the pooh pictures nursery;0
tractor pictures for nursery;0
ultrasound pictures nursery;0
vintage nursery wall pictures;0
vintage boy nursery pictures;0
vintage pictures nursery;0
vintage pink nursery pictures;0
vintage baby boy nursery pictures;0
wildflower nursery pictures;0
wildflower pictures for nursery;0
baby boy nursery woodland pictures;0
nursery 3 pictures;0
sims 4 nursery pictures;0
6 month old nursery pictures;0
nursery decor artwork;0
wall art nursery decor;0
string art nursery decor;0
noah name art nursery decor;0
letter name decor baby nursery art;0
folk art nursery decor;0
peter rabbit wall art nursery decor;0
baby nursery wall art decor;0
baby name wall decor girls nursery art;0
boy nursery art decor;0
fine art photography children nursery decor;0
crochet nursery decor wall art;0
paper flower nursery decor wall art;0
art work for nursery wall decor;0
felt nursery decor wall art;0
nursery art decor ideas;0
penguin wall art nursery decor;0
twin nursery decor wall art;0
dumbo wall art nursery decor;0
baby yellow wall prints;0
baby girl prints wall art;0
baby prints wall;0
wall prints baby pink;0
baby boy prints wall art;0
baby pink aesthetic wall prints;0
baby foot prints wall art;0
baby blue and pink wall prints;0
collage wall prints baby;0
wall prints for baby girl nursery;0
baby foot prints on wall;0
baby pink prints for wall;0
baby girl wall prints;0
baby girl nursery wall prints;0
baby boy nursery wall prints;0
baby nursery wall prints;0
nursery art ideas diy;0
nursery art ideas girl;0
nursery art ideas canvases;0
nursery art ideas childcare;0
nursery art ideas christian;0
nursery art ideas bear;0
nursery art ideas ocean;0
nursery art activity ideas;0
art and craft ideas for nursery students;0
art ideas for nursery children;0
canvas art ideas for nursery;0
nursery art ideas boy;0
beatrix potter nursery wall art ideas;0
baby boy nursery art ideas;0
baby nursery art ideas;0
baby boy nursery wall art ideas;0
creative nursery wall art ideas;0
easy art and craft ideas for nursery;0
cowgirl nursery wall art ideas;0
diy nursery canvas art ideas;0
dog-themed nursery wall art ideas;0
nursery drawing ideas wall art;0
daycare nursery room ideas wall art;0
art deco nursery ideas;0
disney nursery wall art ideas;0
baby girl nursery diy wall art cute ideas;0
nursery art display ideas with floating shelves;0
art exhibition ideas for nursery;0
nursery framed art ideas;0
art and craft ideas for pre nursery;0
art work ideas for nursery;0
nursery ideas girl name wall art;0
baby girl nursery wall art ideas;0
baby girl nursery room ideas wall art;0
girls nursery art ideas;0
sage green and pink nursery wall art ideas;0
handmade nursery art ideas;0
nursery kids art ideas;0
art ideas for nursery kids;0
art and craft ideas for nursery kids;0
art work ideas for nursery kids;0
wall art ideas for little boy nursery;0
light blue nursery wall art ideas;0
modern nursery art ideas;0
modern nursery wall art ideas;0
church nursery ideas children ministry wall art;0
mauve nursery wall art ideas;0
mixed media nursery art ideas;0
nursery art painting ideas;0
nursery wall art print ideas;0
puppy-themed nursery wall art ideas;0
art paper ideas for nursery;0
vintage winnie the pooh nursery wall art ideas;0
nursery art project ideas;0
nursery rhymes art ideas toddlers;0
nursery art room ideas;0
nursery room ideas childcare wall art;0
nursery rhymes art ideas;0
nursery room wall art ideas;0
nursery rhyme art for toddlers craft ideas;0
nursery school wall art ideas;0
nursery shadow box ideas wall art;0
star wars nursery wall art ideas;0
simple nursery art ideas;0
space nursery wall art ideas;0
car-themed nursery wall art ideas;0
winnie the pooh nursery wall art ideas;0
unique nursery art ideas;0
vintage nursery wall art ideas;0
vintage airplane nursery wall art ideas;0
vintage disney nursery wall art ideas;0
vintage sports nursery wall art ideas;0
nursery class decoration art and craft;0
baby gallery wall ideas;0
baby girl room gallery wall;0
baby photo gallery wall ideas;0
baby girl wall gallery;0
baby name gallery wall;0
gallery wall baby photos;0
gallery wall with baby photos;0
gallery wall baby room;0
baby blue gallery wall;0
baby art gallery wall;0
gallery wall above baby crib;0
gallery wall for baby;0
gallery wall for baby boy nursery;0
gallery wall ideas baby room;0
baby picture gallery wall ideas;0
gallery wall in baby room;0
baby milestone gallery wall;0
gallery wall with baby name;0
baby girl gallery wall nursery;0
gallery wall baby nursery;0
newborn baby gallery wall;0
gallery wall of baby photos;0
gallery wall of baby;0
baby picture gallery wall;0
gallery wall baby pictures;0
baby pink gallery wall;0
baby photo wall gallery;0
baby portrait gallery wall;0
baby boy room gallery wall;0
vintage baby room gallery wall;0
baby shower gallery wall;0
baby girl vintage gallery wall;0
vintage baby boy gallery wall;0
girl nursery framed art;0
framed wallpaper nursery wall art;0
boy nursery framed art;0
framed artwork nursery;0
framed fabric wall art nursery;0
framed art in nursery;0
framed scarf wall art nursery;0
nursery canvas art diy boy;0
nursery canvas art animal;0
nursery canvas art girl;0
nursery canvas art ideas;0
nursery canvas art diy girl;0
nursery canvas art flower;0
nursery canvas art name;0
diy nursery art canvas;0
large canvas nursery art;0
boho nursery canvas art;0
nursery canvas art boy;0
baby girl personalized gift print nursery art custom girl's name sign canvas painting;0
diy canvas wall art nursery;0
canvas painting ideas for nursery diy art;0
mini canvas art nursery;0
textured canvas art nursery;0
woodland animal canvas nursery wall art;0
digital nursery wall art;0
digital art for nursery;0
vintage nursery digital art;0
nursery wall ideas gender neutral;0
nursery wall ideas paint;0
nursery wall ideas neutral;0
nursery wall ideas above dresser;0
nursery wall ideas molding;0
nursery wall ideas green;0
nursery wall ideas blue;0
nursery wall ideas animals;0
nursery wall ideas sage green;0
nursery wall ideas name;0
nursery book shelf wall ideas;0
baby girl nursery wall paint ideas;0
baby nursery name on wall ideas;0
diy nursery wall mural ideas;0
nursery wall painting ideas disney;0
nursery wall hooks ideas;0
nursery wall painting ideas neutral;0
nursery empty wall ideas;0
accent wall paint ideas nursery;0
scandinavian nursery accent wall ideas;0
wall above crib nursery ideas for black babygirl;0
nursery ideas green accent wall;0
girl nursery ideas with accent wall;0
black nursery wall ideas;0
nursery wall painting ideas blue;0
baby girl nursery room ideas grey wall;0
coastal nursery wall decal ideas;0
class wall decoration ideas nursery;0
church nursery wall art ideas;0
nursery room paint ideas wall colors;0
creative nursery wall decal ideas;0
nursery ideas wall decal;0
dinosaur nursery wall mural ideas;0
diy nursery wall painting ideas;0
easy nursery wall ideas;0
easy wall painting ideas nursery;0
easy accent wall ideas nursery;0
blue accent wall ideas for gender-neutral nursery;0
girl nursery ideas flower wall;0
wall paint ideas for mountain nursery;0
wall shelf ideas for nursery;0
wall painting ideas for nursery school;0
accent wall ideas for neutral nursery;0
girl nursery painted wall ideas;0
half wall trim ideas nursery;0
boy nursery ideas half wall;0
harry potter nursery wall decal ideas;0
half wall nursery ideas;0
harry potter nursery wall mural ideas;0
girl nursery ideas half wall;0
half wood wall ideas nursery;0
nursery wall lighting ideas;0
light blue nursery wall paint ideas;0
large wall nursery ideas;0
nursery wall light ideas;0
nursery library wall ideas;0
nursery wall lamp ideas;0
nursery wall mirror ideas;0
under the sea nursery wall mural ideas;0
mdf wall panel ideas nursery;0
woodland nursery wall mural ideas;0
burnt orange nursery wall paint ideas;0
nursery ideas name on wall;0
one wall nursery ideas;0
cowhide on wall ideas nursery;0
orange wall nursery ideas;0
baby nursery ideas with name on wall;0
nursery ideas with name on wall;0
ocean wall decals nursery ideas;0
baby nursery wall paint ideas;0
quilt wall hanging ideas nursery;0
nursery room wall painting ideas;0
baby boy nursery room ideas white wall;0
baby girl nursery room ideas wall paint;0
baby boy nursery room ideas gray wall decals;0
nursery wall ideas simple;0
simple accent wall ideas nursery;0
baby nursery bookshelf ideas wall shelves;0
girl nursery ideas wall stickers;0
nursery wall stencil ideas;0
wall trim ideas nursery;0
wall treatment ideas nursery;0
temporary nursery accent wall ideas;0
two color wall ideas paint nursery;0
unique nursery wall ideas;0
under the sea nursery wall decal ideas;0
vintage nursery gallery wall ideas;0
vintage baseball nursery wall decal ideas;0
vintage nursery wall ideas;0
church nursery ideas decor wall decal bible verses;0
vintage cowboy nursery wall decor ideas;0
nursery ideas yellow wall;0
yellow nursery wall decal ideas;0
baby room wall art paint;0
baby room wall arts;0
baby room wall art diy;0
baby room wall art girl;0
baby room wall art printables;0
baby room wall art drawing;0
baby room wall art bear;0
baby room wall art frames;0
baby room wall art blue;0
wall art for newborn baby room;0
baby room wall art boy;0
painting for baby boy room canvases wall art;0
crochet baby room decor wall art;0
baby room christian wall art;0
canvas wall art for baby room;0
cute baby room wall art;0
cross stitch for baby room wall art;0
cute wall art for baby room;0
baby room wall art disney;0
baby room wall art decor;0
baby room wall art design;0
wall art design for baby room;0
baby girl room decor wall art;0
pictures for baby boy room wall art;0
children wall art;0
islamic wall art for kids room;0
jesus and children wall art;0
kids room wall art diy;0
baby shower emoji nursery rhyme game free printable;0
baby shower nursery rhyme game printable;0
finish the nursery rhyme game printable;0
free printable baby shower nursery rhyme games with answer key;0
little boy blue nursery rhyme printable;0
printable wall art bible verses;0
twinkle twinkle little star nursery rhyme printable;0
easter wall art printable;0
printable wall art images;0
printable wall art modern;0
art wall for baby room;0
picture for baby room wall art;0
baby room frame ideas wall art;0
photos for baby room wall art;0
wall art for baby room gender neutral;0
baby girl room wall art ideas;0
baby girl room wall art diy;0
baby boy room wall art ideas;0
drawing ideas for baby room wall art;0
baby room wall art mockup;0
baby room wall art minimal;0
baby room macrame wall art;0
minimalist baby room wall art;0
mountain wall art baby room;0
baby room wall art name;0
new baby room decor wall art;0
neutral baby room wall art;0
newborn baby room wall art;0
paper wall art for baby room;0
diy baby room paintings wall art;0
baby room scripture wall art;0
baby room sketch wall art;0
baby room simple wall art;0
children wall art ideas;0
children wall art painting;0
children wall art design;0
children wall art display;0
children wall art boy;0
children wall arts;0
children wall art quotes;0
children wall art texture;0
children wall art school;0
christian wall art for children;0
ceramic wall art children;0
free printable wall art children;0
wall art of children;0
art wall children artwork display;0
children art on the wall;0
children framed wall art;0
wall for children art;0
christian children wall art;0
children clinic wall art;0
wall art by children;0
children book wall art;0
children bathroom wall art;0
wall art made by children;0
wall art children bedroom;0
bible verse children wall art;0
black children wall art;0
wall art for children bedroom;0
children drawing wall art work;0
diy children wall art;0
diy children room decor wall art;0
children room decoration diy wall art;0
children room decor ideas wall art;0
wall art for children school;0
motivational wall art for children;0
scripture for children wall art;0
wall art ideas for children;0
children footprint wall art;0
mural wall art for children;0
islamic wall art for children;0
children art frame wall;0
children art gallery wall;0
children hospital wall art;0
children room wall art ideas;0
islamic wall art children;0
children illustration wall art;0
wall art in children room;0
jesus loves the little children wall art;0
jesus with children wall art;0
wall painting children room kid art;0
sky children of the light wall art;0
children library wall art;0
let the little children come to me wall art;0
mural wall art children;0
children name wall art;0
children nursery wall art;0
children art on wall;0
children play area wall art;0
printable wall art children;0
children room wall art painting;0
children playing wall art;0
picture children room wall art;0
children park wall art;0
wall art prints children;0
picture for children room wall art;0
art wall children room;0
wall art for children room;0
time stood still wall art children;0
textured wall art children;0
children wallpaper texture wall art;0
vintage children wall art;0
kids room wall art ideas;0
kids room wall art free printables;0
kids room wall art paint;0
kids room wall art painting;0
kids room wall arts;0
kids room wall art collage;0
kids room wall art mockup;0
kids room wall art printable;0
kids room wall art above bed;0
kids room wall art texture;0
kids room wall art design;0
kids playroom wall art;0
kids room wall painting art;0
black and white wall art kids room;0
framed wall art kids room;0
watercolor wall art kids room;0
kids room wall art idea;0
simple wall art for kids room;0
minimalist kids room wall art;0
football wall art for kids room;0
bible verses for kids room wall art;0
kids room wall art animals;0
kids room wall art boy;0
kids room decor boys wall art;0
boho wall art kids room;0
wall art for kids room boy;0
big kids room wall art;0
diy kids room decor girls wall art bedroom ideas;0
kids boys room wall art;0
diy kids room decor boys wall art;0
cricut kids room decor wall art;0
kids room canvas wall art;0
mid century modern wall art kids room pug dog;0
canvas wall art for kids room;0
colorful wall art kids room;0
diy crafts for kids girls room decor wall art;0
christian wall art kids room;0
cool wall art for kids room;0
kids room cute wall art;0
kids room car wall art;0
kids room cartoon wall art;0
kids room wall art decor;0
kids room wall art display;0
kids art display wall dining room;0
wall art for kids room diy;0
dining room kids art wall;0
numbers wall art kids room decor;0
embroidery kids room wall art;0
easy wall art kids room;0
educational wall art for kids room;0
kids room art wall easy diy;0
easy wall art for kids room;0
eclectic kids room wall art;0
kids room wall art frame;0
kids room wall art football;0
kids room wall art forest;0
fabric wall art kids room;0
wall art pictures for kids room;0
kids room wall art girl;0
kids art gallery wall living room;0
kids girls room wall art;0
giraffe wall art kids room;0
kids game room decor wall art;0
art gallery wall kids room;0
diy kids room decor girls wall art;0
geometric wall art kids room;0
green wall art kids room;0
kids room wall art horizontal;0
hanging wall art kids room;0
kids room mural ideas wall art;0
kids art wall in living room;0
inspirational quote wall art in kids room;0
wall art ideas for kids room;0
spider man room ideas kids wall art;0
diy large wall art for kids' room ideas;0
art wall kids room playroom ideas;0
boy room decor ideas for kids wall art;0
kids room islamic wall art;0
jesus wall art kids room;0
kids room wall art layout;0
kids room wall art landscape;0
kids art display wall living room;0
kids art wall living room;0
wall art living room for kids;0
large wall art kids room;0
letter wall art for kids room;0
interactive wall art ideas for kids lounge room;0
large scale wall art kids room;0
minimal kids room wall art;0
kids room mickey mouse wall art;0
modern wall art for kids room;0
moon wall art kids room;0
modern wall art kids room;0
mountain wall art kids room;0
world map wall art kids room;0
kids room wall art name;0
neutral wall art for kids room;0
gender neutral kids room wall art;0
neutral wall art kids room;0
nature wall art for kids room;0
kids room art on wall;0
kids room full of wall art;0
wall of art kids room;0
kids room wall art pastel;0
poster for kids room wall art;0
wall art prints kids room;0
printable wall art for kids room;0
kids room wall art quotes;0
kids room quotes wall art free printables;0
kids room wall art rainbow;0
kids room wall art space;0
kids room wall art seamless;0
kids room wall art set;0
kids room wall art simple;0
sun wall art kids room;0
scrabble wall art kids room;0
safari theme kids room wall art;0
kids study room wall art;0
stickers for kids room wall art;0
shared kids room wall art;0
kids tv room wall art;0
train wall art kids room;0
washi tape wall art kids room;0
textured wall art for kids room;0
kids therapy room wall art;0
tape wall art kids room;0
church kids room decor with bible-themed wall art;0
textured wall art kids room;0
dollar tree kids room decor wall art;0
kids room car theme wall art;0
unique kids room wall art;0
kids room unicorn wall art;0
unisex kids room wall art;0
kids room vintage wall art;0
vintage wall art for kids room;0
nursery printable posters;0
nursery printable activity;0
nursery maths worksheets preschool printable;0
hindi swar worksheets for nursery printable;0
pre nursery worksheets maths printable;0
nursery learning activities free printable;0
printable baby animals nursery prints;0
baby shower nursery rhyme game printable free;0
nursery class board decoration ideas printable;0
baby nursery decor printable;0
nursery rhyme printable book;0
nursery bible verses printable;0
printable baby shower games free nursery rhymes;0
church nursery forms free printable;0
nursery class decoration printable;0
nursery rhymes preschool crafts free printable;0
nursery cake topper printable;0
pat a cake nursery rhyme activities free printable;0
nursery curriculum free printable;0
church nursery sign in sheet free printable;0
first day of nursery printable;0
dream big little one nursery printable;0
my first day of nursery printable;0
english question paper for nursery printable;0
english worksheet for nursery printable;0
nursery english worksheets preschool printable;0
english worksheets for nursery free printable;0
peter peter pumpkin eater nursery rhyme printable;0
english worksheets for nursery free printable alphabet;0
nursery rhymes poems free printable;0
free printable woodland nursery prints;0
nursery frame printable;0
girl nursery printable;0
nursery rhyme quiz baby shower game printable;0
bobbie goods coloring pages printable nursery;0
hindi worksheet for nursery kids printable;0
nursery hindi worksheets preschool printable;0
jack and jill nursery rhyme craft free printable;0
johnny johnny yes papa nursery rhymes printable;0
nursery kids worksheet printable;0
3 little kittens nursery rhyme free printable;0
drawing for nursery kids printable;0
printable for nursery kids;0
printable worksheets for nursery kids;0
nursery labels printable free;0
five little ducks printable nursery rhymes;0
star light star bright nursery rhyme printable;0
maths worksheet for nursery printable;0
mallard duck nursery theme printable;0
this old man nursery rhyme printable;0
church nursery organization free printable;0
nursery quotes printable;0
printable nursery rhyme;0
nursery activity sheets printable;0
printable stickers for nursery;0
nursery name sign printable;0
nursery rhymes preschool activities tpt free printable;0
nursery name tags free printable;0
nursery rhyme cake topper printable;0
nursery graduation cake topper printable;0
urdu worksheet for nursery printable;0
vintage nursery printable;0
nursery worksheets preschool printable;0
printable nursery wallpaper;0
nursery activities 3-5 printable;0
miniature nursery templates;0
templates for nursery;0
nursery templates;0
printable nursery rhyme decor;0
printable nursery wall art free;0
printable wall art bedroom free prints;0
printable wall art living room;0
free printable bible verse wall art printables;0
wall stencil patterns templates free printable clip art;0
printable posters wall art anime;0
pink bathroom wall art printable;0
large abstract art printable wall art painting for interior;0
printable wall art a4 size;0
printable wall art arabic;0
printable wall art anime;0
printable wall art aesthetic brown;0
printable wall art aesthetic quote;0
printable wall art aesthetic horizontal;0
printable wall art aesthetic vintage;0
printable wall art a4;0
printable wall art aesthetic purple;0
printable wall art aesthetic boho;0
printable wall art blue;0
printable wall art black;0
printable wall art bedroom aesthetic;0
printable wall art beige;0
printable wall art boys room;0
printable wall art brown;0
printable wall art christian;0
printable wall art cat;0
printable wall art coquette;0
printable wall art coffee;0
printable wall art colorful;0
printable wall art coloring;0
printable wall art cottagecore;0
printable wall art coastal;0
printable wall art classroom;0
printable wall art decor bedroom;0
printable wall art decor aesthetic;0
printable wall art decor blue;0
printable wall art decor brown;0
printable wall art dinning room;0
printable wall art dark;0
printable wall art decor landscape;0
printable wall art entryway;0
printable wall art emo;0
printable wall art earthy;0
printable wall art eclectic;0
printable wall art enhypen;0
etsy printable wall art ideas;0
embroidery wall art printable;0
elegant wall art printable;0
printable wall art for kids;0
printable wall art funny;0
printable wall art free prints;0
printable wall art fall;0
printable wall art green;0
printable wall art girls bedroom;0
printable wall art group board;0
printable wall art gothic;0
printable wall art grunge;0
printable wall art god;0
printable wall art green aesthetic;0
printable wall art girly;0
printable wall art gumroad;0
printable wall art green and pink;0
printable wall art ghibli;0
printable wall art girls room;0
printable wall art horizontal;0
printable wall art high resolution;0
printable wall art hd;0
printable wall art halloween;0
printable wall art home;0
printable wall art hallway;0
printable wall art hello kitty;0
printable wall art horses;0
printable wall art harry potter;0
printable wall art heart;0
printable wall art horror;0
printable wall art islamic;0
printable wall art indian;0
printable wall art italy;0
printable wall art inspiration;0
printable wall art in canva;0
printable wall art illustration;0
printable wall art in blue;0
printable wall art instant download;0
printable wall art ideas living room;0
printable wall art jesus;0
printable wall art japanese;0
printable wall art japan;0
printable wall art jellyfish;0
free printable wall art for kids jungle;0
ginger jar wall art printable;0
japandi wall art printable;0
4th of july printable wall art;0
joshua 24:15 printable wall art;0
kinkaku-ji, kyoto — ukiyo-e inspired printable wall art;0
january wall art printable;0
free printable wall art jesus;0
printable wall art kids;0
printable wall art kids room;0
printable wall art kpop;0
printable wall art kitchen ideas;0
printable wall art kids bedroom;0
printable wall art kitchen bible verses;0
printable wall art korean;0
printable wall art kuromi;0
free printable kitchen wall art quotes;0
printable wall art landscape;0
printable wall art landscape orientation;0
printable wall art living room poster;0
printable wall art love;0
printable wall art living room pictures;0
printable wall art lyrics;0
printable wall art leopard;0
printable wall art large;0
printable wall art lemon;0
printable wall art music;0
printable wall art minimalist;0
printable wall art motivational;0
printable wall art men;0
printable wall art minimal;0
printable wall art mockup;0
printable wall art miffy;0
printable wall art mexican;0
printable wall art martini;0
printable wall art movies;0
printable wall art nature;0
printable wall art neutral;0
printable wall art no color;0
printable wall art newspaper;0
printable wall art navy;0
printable wall art new york;0
printable wall art navy blue;0
printable wall art nyc;0
printable wall art nursery girl;0
printable wall art nails;0
printable wall art nordic;0
printable wall art office;0
printable wall art office free prints;0
printable wall art orange;0
printable wall art outline;0
printable wall art ocean;0
printable wall art olivia rodrigo;0
printable wall art one piece;0
burnt orange wall art printable;0
set of 3 wall art living room printable;0
wall art set of 3 printable;0
printable wall art purple;0
printable wall art poster;0
printable wall art plants;0
printable wall art pink and purple;0
printable wall art pokemon;0
printable wall art painting;0
printable wall art pink aesthetic;0
printable wall art pink and green;0
printable wall art pink and gold;0
printable wall art quotes bedrooms;0
printable wall art quotes aesthetic;0
printable wall art quotes motivation;0
printable wall art quotes family;0
printable wall art quotes free prints;0
printable wall art quotes pink;0
printable wall art quotes islamic;0
printable wall art quran quotes;0
printable wall art quotes colourful;0
printable wall art quotes inspirational;0
printable wall art quotes horizontal;0
printable wall art red;0
printable wall art retro;0
printable wall art ramadan;0
printable wall art rustic;0
printable wall art room;0
printable wall art romantic;0
printable boys room wall art free;0
printable religious wall art;0
printable wall art size chart;0
printable wall art study room;0
printable wall art simple;0
printable wall art spotify;0
printable wall art sabrina carpenter;0
printable wall art science;0
printable wall art sage green;0
printable wall art scenery;0
printable wall art spring;0
printable wall art template;0
printable wall art to frame;0
printable wall art toddler;0
printable wall art taylor swift;0
printable wall art toilet;0
printable wall art to color;0
printable wall art trendy;0
printable wall art travel;0
printable wall art tate mcrae;0
printable wall art teen boy;0
printable wall art the weeknd;0
printable wall art teen girl;0
printable wall art unique;0
usa map printable wall art free;0
free printable wall art for kids unicorn;0
once upon a time printable wall art;0
printable wall art vintage;0
printable wall art vogue;0
printable wall art vertical;0
printable wall art van gogh;0
printable wall art vintage free prints;0
printable wall art virgo;0
printable wall art verses;0
vintage floral wall art printable;0
vintage aesthetic wall art printable;0
free printable wall art floral vintage flowers;0
printable wall art white;0
printable wall art western;0
printable wall art watercolor;0
printable wall art white background;0
printable wall art with frame;0
printable wall art women;0
printable wall art winter;0
printable wall art work;0
printable wall art with quotes;0
printable wall art witchy;0
printable wall art with nature themes;0
printable xmas wall art;0
free printable 8 x 10 wall art;0
free printable xmas wall art;0
printable wall art yellow;0
printable wall art y2k;0
printable wall art aesthetic yellow;0
yoga wall art printable;0
new york wall art printable;0
free printable wall art yoga;0
printable posters wall art yellow;0
printable posters wall art y2k;0
new year wall art free printable;0
4x6 printable wall art;0
8x10 wall art printable;0
baby alive juice packets printables;0
baby elephant printables;0
baby learning printables;0
baby looney tunes printables;0
baby printables;0
baby printables free;0
baby q printables;0
baby shower cutouts printables;0
baby shower mad libs free printables;0
baby shower printables;0
baby shower printables free;0
elephant baby shower printables;0
free baby printables;0
free vintage baby printables;0
halloween baby shower printables;0
harry potter baby shower printables;0
oh baby printables;0
ready to pop baby shower printables;0
vintage baby printables;0
baby bear baby bear what do you see printables;0
baby yoda printables;0
woodland baby shower printables;0
yalla habibi arabic wall printable art;0
free printable wall art y2k;0
free printable zen wall art;0
zen wall art printable;0
3 in 1 printable wall art;0
12x12 printable wall art;0
16x20 printable free wall art;0
11x14 free printable wall art;0
free printable wall art set of 2;0
set of 2 wall art living room printable;0
set of 2 wall art printable;0
printable wall art 2026;0
psalm 23 printable wall art;0
3 set paintings wall art printable;0
printable wall art 3;0
3 set wall art printable;0
printable wall art 3 piece;0
abstract wall art set of 3 printable;0
3 panel wall art printable;0
set of 3 minimalist wall art printable;0
3 piece abstract wall art printable;0
3 piece wall art living room printable;0
printable wall art 300 dpi;0
printable wall art 3d;0
printable wall art 30x40;0
3 printable wall art;0
printable wall art set of 4;0
printable wall art 4k;0
4x6-printable-wall-art-free;0
4x6 printable wall art free;0
printable wall art 50x70;0
free printable 5x7 wall art;0
printable 5x7 wall art;0
printable wall art set of 6;0
abstract terracotta wall art 6 prints, boho wall art set, minimalist printable art set of 6, terraco;0
printable wall art 70s;0
printable wall art 8 ball;0
printable wall art 8x8;0
free 8x10 printable wall art christmas;0
free 8x10 printable wall art spring;0
free 8x10 printable wall art horizontal;0
free printable 8x10 wall art;0
free 8x10 printable wall art bedroom;0
free 8x10 printable wall art bathroom;0
free 8x10 printable wall art black and white;0
free 8x10 printable wall art boho;0
psalm 91 printable wall art;0
baby printables ideas;0
baby printables pictures;0
baby printables girl;0
baby printables cute;0
baby shower invites for boys templates free printables;0
new baby born stickers printables;0
baby shower free printables boy invitation templates;0
baby shower cake printables;0
baby girl shower games printables;0
baby labels printables free;0
girl baby shower printables free;0
safari baby animals printables;0
baby boy clip art free printables;0
baby shower advice cards free printables;0
baby shower printables free boy clip art;0
baby advice printables;0
baby shower elephant printables free clip art;0
baby shower activity printables;0
cross stitch baby announcement free printables;0
baby shower games ideas activities printables;0
baby safari animals clip art free printables;0
baby clothes printables;0
baby shark printables free coloring;0
nightmare before christmas baby shower game printables;0
baby shark printables cake topper yellow;0
welcome baby girl cake printables;0
baby shower templates free printables cupcake toppers;0
baby shark cake topper printables;0
baby food printables;0
baby dolls printables;0
baby disney coloring pages printables;0
dinosaur baby shower printables free;0
baby shower downloads free printables;0
mini printables dollhouse miniatures baby;0
doll printables baby;0
guess baby due date calendar printable free printables;0
diy baby book ideas free printables;0
baby shower decoration printables;0
december baby shower themes baby printables;0
scrapbook design printables baby;0
baby alive drink packets printables;0
baby quilt patterns easy boy free printables;0
elephant baby shower free printables;0
ephemera baby boy printables free;0
easy baby shower games free printables;0
baby shower games free printables emoji;0
simple baby shower games free printables easy;0
easy baby quilt patterns free printables;0
baby shark edible images printables;0
free halloween baby shower printables;0
fall baby shower free printables;0
baby frame template free printables;0
free baby shower games printables fun;0
free baby shower games printables boys;0
baby shower games free printables girl;0
scrapbook printables baby girl;0
boss baby girl printables;0
pink baby shower games free printables;0
harry potter baby shower printables free;0
here comes the son baby shower theme printables;0
baby hamper printables;0
here comes the son baby shower printables;0
baby shark printables cake topper hd;0
high contrast printables for baby;0
baby shower hamper printables;0
baby hercules printables;0
baby in bloom baby shower printables;0
baby shower ideas printables;0
baby shower invitations for boys free templates party printables;0
bumble bee baby shower invitations free printables;0
baby boy sprinkle invitations free printables;0
baby mickey mouse 1st birthday invitations free printables;0
free baby shower invitations templates printables boy;0
baby journal printables;0
baby jesus printables;0
free safari baby shower printables jungle theme;0
baby jesus crafts for kids preschool printables;0
baby journal template free printables;0
diy baby book scrapbooking free printables journal cards;0
free nativity printables baby jesus;0
blue jean baby printables;0
baby journal printables free;0
baby moses crafts for kids sunday school printables;0
kids colouring printables baby shark;0
kate made art baby care printables;0
kids baby shower games free printables;0
little cutie baby shower free printables;0
lemon baby shower printables;0
baby shower guest list template free printables;0
lord of the rings baby shower printables;0
water bottle labels free printables baby boy;0
baby shower printables free templates banner letters;0
free baby sign language printables;0
baby learning cards free printables;0
my mini baby printables;0
mini baby food printables;0
minnie mouse baby printables;0
miniature baby printables;0
baby mini mouse printables;0
mini baby printables;0
baby monster printables;0
montessori printables baby;0
my froggy stuff printables baby;0
baby mickey mouse coloring pages printables;0
newborn baby printables;0
new baby printables;0
baby shower name games free printables;0
nightmare before christmas baby shower decoration printables;0
baby onesies template free printables;0
baby on board printables;0
baby shower boy or girl printables;0
baby owl template free printables;0
baby shower games free printables mommy or daddy;0
baby binder organization free printables;0
baby shower games free printables 20 questions about mommy and daddy;0
free baby girl quilt patterns printables;0
free baby quilt patterns printables;0
free baby boy quilt patterns printables;0
the price is right baby shower game free printables;0
baby room wall decor stickers printables;0
peter rabbit baby shower printables;0
butterfly baby shower printables;0
toca boca baby printables;0
teddy bear baby shower theme free printables;0
woodland baby shower theme printables;0
toy story baby shower printables;0
baby unicorn printables;0
vintage baby cards free printables;0
vintage baby clip art free printables;0
baby shower templates free printables video;0
wildflower baby shower printables;0
baby shower woodland theme girl free printables;0
winnie the pooh baby printables;0
baby shower games free printables winnie the pooh;0
thank you tags for baby shower favors free printables;0
baby yoda coloring pages printables free;0
free baby shower thank you printables;0
thank you cards baby shower boy free printables;0
star wars coloring pages printables free baby yoda;0
baby shark printables cake topper 1;0
free miniature printables 1:12 baby;0
1:6 baby printables;0
baby boy 1st birthday ideas party themes free printables;0
baby shark printables cake topper 2;0
baby shark printables cake topper 3;0
baby wall stickers printable;0
printable baby wall art;0
baby posters printable wall art;0
free printable baby room wall art;0
printable wall art for baby room;0
baby girl wall art printable;0
baby room wall art printable;0
baby posters printable wall art pink;0
baby girl wall decor printable;0
printable wall art for baby nurseries;0
free printable wall art baby girl;0
baby room printables;0
baby room wallpaper printable;0
printable baby room poster;0
printable baby room art;0
baby room pictures printable;0
baby room printable;0
baby room decor printable;0
baby room poster free printable for kids;0
baby room frame printable;0
baby room poster free printable;0
baby girl room printable;0
toca boca baby room printable;0
nursery digital art;0