shabby chic shower curtain;880
diy bridal shower decorations;480
cottagecore shower curtain;390
blue jean teddy bear;260
blue jean teddy bear blanket;170
blue teddy bear sunflower;170
woodland animal theme;140
diy wedding shower card;140
blue jean teddy bear nursery;140
old blue teddy bear;140
little fisherman;110
gender neutral shower curtain;110
woodland animal theme classroom;110
woodland party theme;90
blue eyed teddy bear;90
woodland theme party;90
forest animal theme preschool;90
christmas cookie shower gel;90
white shabby chic shower curtain;70
teddy bear shower curtain;70
blue teddy bear wallpaper;70
blue teddy bear keychain;70
woodland animal shower curtain;50
fresh off the market bridal shower welcome sign;50
blue teddy bear clipart;50
white teddy bear with blue eyes;50
blue teddy bear jacket;50
woodland animal theme nursery;50
one cutie pie birthday theme;50
baby shower invitations;49
shabby chic shower curtain hooks;40
pearls and prosecco bridal shower welcome sign;40
dark cottagecore shower curtain;40
blue teddy bear background;40
blue teddy bear cartoon;40
blue magic teddy bear;40
forest animal shower curtain;40
teddy bear shower;30
gender neutral shower;30
cottagecore bridal shower decorations;30
blue teddy bear aesthetic wallpaper;30
blue teddy bear images;30
blue teddy bear pictures;30
woodland theme party decor;30
baby shower decorations;27
baby shower themes;27
woodland theme shower;20
forest animal theme;20
woodland shower theme;20
shabby chic floral shower curtain;20
teddy bear shower decorations;20
teddy bear shower favors;20
she's tying the knot bridal shower welcome sign;20
blue teddy bear aesthetic;20
blue teddy bear cake;20
blue teddy bear drawing;20
blue teddy bear fabric;20
blue teddy bear hoodie;20
blue teddy bear nails;20
blue teddy bear png;20
blue teddy bear shirt;20
blue teddy bear slippers;20
forest animal theme nursery;20
forest animal themed nursery;20
baby shower ideas;18
shabby chic shower;10
cutie pie theme;10
little pumpkin shower;10
shabby chic bridal shower decorations;10
shabby chic bridal shower ideas;10
shabby chic shower curtain ideas;10
shabby chic wedding shower ideas;10
teddy bear shower ideas;10
teddy bear shower invitations;10
woodland animal shower ideas;10
bridal shower welcome sign acrylic;10
bridal shower welcome sign easel;10
welcome to our wedding shower sign;10
diy bridal shower decor ideas;10
diy shower decorations;10
vintage bridal shower theme ideas;10
cottagecore bridal shower theme;10
rustic themed bridal shower ideas;10
blue and green teddy bear;10
blue flower teddy bear;10
blue teddy bear birthday theme;10
blue teddy bear cake topper;10
blue teddy bear cake topper printable;10
blue teddy bear cupcakes;10
blue teddy bear emoji;10
blue teddy bear sticker;10
blue teddy bear wallpaper aesthetic;10
blue teddy bear wallpaper hd;10
blue jean teddy bear pattern;10
blue knitted teddy bear;10
blue teddy bear necklace;10
blue teddy bear photo;10
blue teddy bear sweatshirt;10
blue teddy bear tattoo;10
blue teddy bear vector;10
blue teddy bear with balloons;10
little fisherman birthday cake;10
little fisherman birthday party;10
little fisherman cake;10
little fisherman party;10
orange and blue teddy bear;10
teddy bear royal blue;10
yellow blue teddy bear;10
gender neutral shower gifts;10
gender neutral shower ideas;10
gender neutral shower invitations;10
woodland animal theme cake;10
woodland animal theme party;10
woodland animal themed birthday party;10
woodland animals party theme;10
woodland party theme decorations;10
woodland theme 1st birthday party;10
woodland theme party bags;10
woodland theme party ideas;10
forest animal themed snacks;10
forest theme animal crossing island;10
apple pie shower gel;10
cutie pie first birthday theme;10
little pumpkin shower cake;10
little pumpkin shower ideas;10
little pumpkin shower invitations;10
baby shower thank you cards;8
baby shower invitations girl;6
baby shower invitations boy;5
blue teddy bear;2
blue colour teddy bear;2
blue teddy bears;2
animal baby shower;0
baby boy bear;0
baby boy elephant;0
baby boy nautical;0
baby boy party;0
baby boy safari;0
baby boy shower;0
baby boy shower ideas;0
baby boy teddy bear;0
baby boy themes;0
baby boy vintage;0
baby girl floral;0
baby girl party;0
baby girl shower;0
baby girl shower ideas;0
baby girl themes;0
baby girl vintage;0
baby girl woodland;0
baby shower art;0
baby shower celebration;0
baby shower centerpiece;0
baby shower clipart;0
baby shower clipart png;0
baby shower decor;0
baby shower decor ideas;0
baby shower decoration ideas;0
baby shower decorations diy;0
baby shower design;0
baby shower details;0
baby shower diy;0
baby shower graphics;0
baby shower illustrations;0
baby shower inspiration;0
baby shower invitation clipart;0
baby shower labels;0
baby shower party;0
baby shower party ideas;0
baby shower party themes;0
baby shower planning;0
baby shower planning ideas;0
baby shower png;0
baby shower printables;0
baby shower setup;0
baby shower stickers;0
baby shower styling;0
baby shower table decor;0
baby shower templates;0
baby shower theme;0
baby shower theme ideas;0
bear baby shower;0
bee baby shower;0
beige baby shower;0
bird baby shower;0
blue baby shower;0
blue teddy bear baby shower;0
boho baby shower;0
boy baby shower;0
bunny baby shower;0
butterfly baby shower;0
chic baby shower;0
christmas baby shower theme;0
classic baby shower;0
cloud baby shower;0
country baby shower;0
deer baby shower;0
duck baby shower;0
elegant baby shower;0
elephant baby shower;0
fairy baby shower;0
farm baby shower;0
fishing baby shower;0
floral baby shower;0
flower baby shower;0
forest baby shower;0
fox baby shower;0
garden baby shower;0
gender neutral baby shower;0
girl baby shower;0
lavender baby shower;0
little cutie baby shower;0
little fisherman baby shower;0
mermaid baby shower;0
minimalist baby shower;0
modern baby shower;0
moon baby shower;0
natural baby shower;0
nature baby shower;0
neutral baby shower;0
ocean baby shower;0
pastel baby shower;0
picnic baby shower theme;0
pink baby shower;0
pretty baby shower;0
princess baby shower;0
rainbow baby shower;0
retro baby shower;0
rustic baby shower;0
safari baby shower;0
safari baby shower theme;0
shark baby shower;0
simple baby shower;0
star baby shower;0
stork baby shower;0
stork baby shower theme;0
storybook baby shower;0
sunshine baby shower;0
teddy bear baby shower;0
twin baby shower;0
unicorn baby shower;0
vintage baby shower;0
watercolor baby shower;0
whimsical baby shower;0
winter wonderland baby shower;0
woodland animals baby shower;0
woodland baby shower;0
apple baby shower;0
baby girl baby shower themes;0
baby girl butterfly;0
baby girl deer;0
baby girl teddy bear;0
baby girl unicorn;0
baby shower cards;0
baby shower centerpieces;0
baby shower crafts;0
baby shower designs;0
baby shower elements;0
baby shower printable;0
baby shower scrapbook;0
baby shower signs;0
baby shower stationery;0
baby shower themes boy;0
baby shower themes for a boy;0
baby shower themes for boys;0
baby shower themes for twins;0
baby shower themes gender neutral;0
baby shower themes girl;0
baby shower themes girl ideas;0
baby shower themes ideas;0
baby shower themes neutral;0
baby shower watercolor;0
boy baby shower themes;0
february baby shower themes;0
fruit baby shower;0
gingerbread baby theme;0
neutral baby shower themes;0
neutral baby theme;0
pumpkin baby shower;0
summer baby shower themes;0
sweet baby shower;0
sweet little baby;0
unique baby shower themes;0
unique boy baby shower themes;0
baby shower themes in january;0
baby shower themes jungle safari;0
baby shower themes uk;0
apple pie baby shower;0
gingerbread baby shower;0
fall pumpkin baby shower;0
cottagecore baby shower;0
baby shower watercolor theme;0
mushroom baby shower theme;0
baby boy blueberry theme;0
baby shower watercolor clipart;0
baby shower watercolor png;0
watercolor baby shower graphics;0
baby shower digital clipart;0
baby shower digital graphics;0
baby shower png elements;0
baby shower watercolor elements;0
baby shower design elements;0
baby shower invitation graphics;0
baby shower invitation watercolor;0
baby shower printable clipart;0
baby shower printable graphics;0
baby shower party clipart;0
baby shower decoration clipart;0
baby shower floral clipart;0
cute baby shower clipart;0
neutral baby shower clipart;0
baby shower watercolor illustrations;0
baby shower digital download;0
baby shower craft graphics;0
baby shower scrapbook elements;0
baby shower sticker graphics;0
baby shower sublimation graphics;0
baby shower nursery graphics;0
baby shower decorative elements;0
baby shower png bundle;0
goose baby shower;0
woodland animal shower;0
safari animal shower;0
shower invitation diy;0
shower welcome sign;0
shower card diy;0
shower signs diy;0
diy shower decor;0
baby shower crafting;0
shower digital paper;0
baby shower aesthetic;0
baby shower party decor;0
baby shower inspiration ideas;0
baby shower theme inspiration;0
romantic baby shower;0
undersea baby shower;0
earthy baby shower;0
soft baby shower;0
dreamy baby shower;0
cozy baby shower;0
aesthetic baby shower;0
sage baby shower;0
neutral shower theme;0
boho shower theme;0
vintage shower theme;0
rustic shower theme;0
cottagecore shower;0
baby boy shower theme;0
baby boy shower decor;0
little fisherman shower;0
baby boy woodland;0
baby boy animals;0
baby boy ocean;0
baby boy duck;0
baby boy forest;0
baby boy adventure;0
baby boy camping;0
baby boy outdoors;0
baby boy blueberry;0
blueberry baby shower;0
blueberry baby theme;0
baby boy picnic;0
baby girl shower theme;0
woodland girl shower;0
baby girl boho;0
baby girl cottagecore;0
baby girl bunny;0
baby girl garden;0
baby girl rainbow;0
neutral baby themes;0
neutral shower ideas;0
neutral baby party;0
neutral baby decor;0
boho neutral shower;0
neutral woodland shower;0
neutral teddy bear;0
neutral safari shower;0
neutral animal shower;0
neutral rainbow shower;0
neutral nature shower;0
neutral forest shower;0
neutral baby animals;0
cream baby shower;0
beige shower theme;0
sage shower theme;0
neutral nursery shower;0
minimal baby shower;0
woodland shower ideas;0
woodland baby themes;0
woodland animals shower;0
forest shower theme;0
forest baby themes;0
forest animal shower;0
woodland nursery shower;0
woodland boy shower;0
woodland bunny shower;0
woodland fox shower;0
woodland deer shower;0
woodland bear shower;0
woodland mushroom shower;0
mushroom baby shower;0
mushroom shower theme;0
mushroom baby theme;0
forest mushroom shower;0
woodland floral shower;0
woodland nature shower;0
woodland cottage shower;0
rustic woodland shower;0
little cutie shower;0
cutie pie shower;0
apple pie shower;0
apple pie theme;0
apple themed shower;0
blueberry shower theme;0
berry baby shower;0
pumpkin shower theme;0
pumpkin baby theme;0
gingerbread shower theme;0
christmas cookie shower;0
cookie baby shower;0
cookie shower theme;0
baby shower artwork;0
baby shower themes fall;0
baby shower themes for a girl;0
baby shower themes winter;0
baby shower themes girl fall;0
baby shower themes summer;0
boy baby shower ideas themes;0
baby shower ideas for girls themes;0
boy baby shower themes prince;0
summer baby shower themes for boys;0
baby shower themes august;0
baby shower themes autumn;0
baby shower themes aesthetic;0
baby shower themes april;0
baby shower themes animals;0
baby shower themes at home;0
baby shower themes after baby is born;0
baby shower themes anime;0
baby shower themes adventure;0
baby shower themes august girl;0
baby shower themes aari work blouse;0
baby shower themes alternative;0
baby shower themes black people;0
baby shower themes bear;0
baby shower themes boy summer;0
baby shower themes boy fall;0
baby shower themes brunch;0
baby shower themes baby in bloom;0
baby shower themes blue;0
baby shower themes books;0
baby shower themes baby girl;0
baby shower themes butterfly;0
baby shower themes brown;0
baby shower themes christmas;0
baby shower themes country;0
baby shower themes coffee;0
baby shower themes cake;0
baby shower themes cowboy;0
baby shower themes cherry;0
baby shower themes cow;0
baby shower themes cartoons;0
baby shower themes cowgirl;0
baby shower themes classy;0
baby shower themes characters;0
baby shower themes co ed;0
baby shower themes december;0
baby shower themes disney;0
baby shower themes duck;0
baby shower themes decoration;0
baby shower themes dinosaur;0
baby shower themes diy;0
baby shower themes dress code;0
baby shower themes decor;0
baby shower themes dumpling;0
baby shower themes dragon;0
baby shower themes dress;0
baby shower themes different;0
baby shower themes easy;0
baby shower themes elephant;0
baby shower themes easy girl;0
baby shower themes easy boy;0
baby shower themes emo;0
baby shower themes elephant boy;0
baby shower themes easter;0
baby shower themes elephant girl;0
baby shower themes earthy;0
baby shower themes early spring;0
baby shower themes end of summer;0
baby shower themes enchanted;0
baby shower themes february;0
baby shower themes for boys fall;0
baby shower themes for september;0
baby shower themes for november;0
baby shower themes for october;0
baby shower themes for winter;0
baby shower themes fall autumn;0
baby shower themes girl unique;0
baby shower themes girl summer;0
baby shower themes girl september;0
baby shower themes girl black people;0
baby shower themes girl winter;0
baby shower themes girl october;0
baby shower themes girl august;0
baby shower themes green;0
baby shower themes halloween;0
baby shower themes honey;0
baby shower themes hunting;0
baby shower themes heaven sent;0
baby shower themes hello kitty;0
baby shower themes harry potter;0
baby shower themes here comes the sun;0
baby shower themes hispanic;0
baby shower themes honey bee;0
baby shower themes hot air balloon;0
baby shower themes horse;0
baby shower themes heaven;0
baby shower themes indian;0
baby shower themes in october;0
baby shower themes in november;0
baby shower themes italian;0
baby shower themes in september;0
baby shower themes in december;0
baby shower themes indian style;0
baby shower themes in august;0
baby shower themes in february;0
baby shower themes invitations;0
baby shower themes january;0
baby shower themes june;0
baby shower themes january girl;0
baby shower themes january boy;0
baby shower themes june girl;0
baby shower themes jack and jill;0
baby shower themes january due date;0
baby shower themes july boy;0
baby shower themes japanese;0
baby shower themes jesus;0
baby shower themes jelly bean;0
baby shower themes krishna;0
baby shower themes kiwi;0
baby shower themes kanha;0
baby shower themes kerala;0
baby shower themes girl hello kitty;0
baby shower diaper keg themes;0
baby shower themes when you don’t know the gender;0
boy baby shower themes lion king;0
baby shower ideas for girls themes hello kitty;0
baby shower themes without knowing gender;0
hello kitty baby shower ideas themes;0
baby shower themes lion king;0
l baby shower themes girl;0
baby shower themes lemon;0
baby shower themes locally grown;0
baby shower themes love bug;0
baby shower themes list;0
baby shower themes ladybug;0
baby shower themes looney tunes;0
baby shower themes last baby;0
baby shower themes lavender;0
baby shower themes lilo and stitch;0
baby shower themes late summer;0
baby shower themes lamb;0
baby shower themes mexican;0
baby shower themes march;0
baby shower themes may;0
baby shower themes mehandi;0
baby shower themes mehandi designs;0
baby shower themes march girl;0
baby shower themes mushroom;0
baby shower themes moon;0
baby shower themes minimalist;0
baby shower themes marathi;0
baby shower themes moon and stars;0
baby shower themes music;0
baby shower themes november;0
baby shower themes neutral fall;0
baby shower themes neutral summer;0
baby shower themes nature;0
baby shower themes neutral winter;0
baby shower themes neutral spring;0
baby shower themes november girl;0
baby shower themes no gender;0
baby shower themes november boy;0
baby shower themes neutral vintage;0
baby shower themes october;0
baby shower themes october girl;0
baby shower themes outdoor;0
baby shower themes ocean;0
baby shower themes orange;0
baby shower themes outfits;0
baby shower themes over the moon;0
baby shower themes outside;0
baby shower themes october boy;0
baby shower themes once upon a time;0
baby shower themes on a budget;0
baby shower themes olive;0
baby shower themes pink;0
baby shower themes pizza;0
baby shower themes purple;0
baby shower themes princess;0
baby shower themes peter rabbit;0
baby shower themes pumpkin;0
baby shower themes pastel colors;0
baby shower themes princess and the frog;0
baby shower themes pink and blue;0
baby shower themes pooh bear;0
baby shower themes pasta;0
baby shower themes pop;0
baby shower themes quirky;0
baby shower themes baby q;0
baby-q shower themes;0
quick baby shower themes;0
baby q shower ideas themes;0
boy baby q shower ideas themes;0
baby shower themes red;0
baby shower themes ready to pop;0
baby shower themes rainbow;0
baby shower themes ralph lauren;0
baby shower themes radha krishna;0
baby shower themes rustic;0
baby shower themes religious;0
baby shower themes retro;0
baby shower themes restaurant;0
baby shower themes rave;0
baby shower themes racing;0
baby shower themes rodeo;0
baby shower themes september;0
baby shower themes simple;0
baby shower themes spring;0
baby shower themes september boy;0
baby shower themes september girl;0
baby shower themes summer girl;0
baby shower themes strawberry;0
baby shower themes silly goose;0
baby shower themes spanish;0
baby shower themes sunshine;0
baby shower themes safari;0
baby shower themes twins;0
baby shower themes traditional;0
baby shower themes teddy bear;0
baby shower themes toy story;0
baby shower themes twins boy and girl;0
baby shower themes tea party;0
baby shower themes travel;0
baby shower themes twin boys;0
baby shower themes thanksgiving;0
baby shower themes taco;0
baby shower themes taylor swift;0
baby shower themes topper;0
baby shower themes unique;0
baby shower themes unknown gender;0
baby shower themes unique gender neutral;0
baby shower themes unisex gender neutral;0
baby shower themes under the sea;0
baby shower themes unique girl;0
baby shower themes unique boy;0
baby shower themes uncommon;0
baby shower themes umbrella;0
baby shower themes up movie;0
baby shower themes unisex gender;0
baby shower themes vintage;0
baby shower themes valentines;0
baby shower themes valentines day;0
baby shower themes videos;0
baby shower themes vintage girl;0
baby shower themes volleyball;0
baby shower themes victorian;0
baby shower themes violet;0
baby shower themes vans;0
baby shower themes video game;0
baby shower themes for boys vintage;0
baby shower ideas for girls themes valentines;0
baby shower themes winnie the pooh;0
baby shower themes western;0
baby shower themes woodland;0
baby shower themes whimsical;0
baby shower themes winter girl;0
baby shower themes winter boy;0
baby shower themes wildflower;0
baby shower themes white;0
baby shower themes with flowers;0
baby shower themes without balloons;0
baby shower themes winter gender neutral;0
baby shower themes yellow;0
baby shower themes yellow and green;0
baby shower themes yellow and blue;0
baby shower themes you are my sunshine;0
baby shower themes year round;0
baby shower themes y2k;0
baby shower themes yellow and pink;0
yellow boy baby shower themes;0
neutral baby shower themes yellow;0
baby shower themes girl yellow;0
butter yellow baby shower themes;0
baby shower themes zoo animals;0
boy baby shower themes jungle zoo animals;0
gen z baby shower themes;0
twin boy baby shower themes thing 1 thing 2;0
top 10 baby shower themes;0
15 cozy fall baby shower themes;0
1st birthday boy themes unique baby shower ideas;0
1st baby shower themes;0
baby number 2 shower themes;0
baby shower themes baby #2;0
baby shower themes for 2 babies;0
baby shower themes for 2 moms;0
baby shower themes for baby #2;0
baby shower themes for baby number 2;0
baby 2 shower themes;0
baby shower themes 2026;0
baby shower themes 2026 boy;0
baby shower themes 2026 girl;0
baby shower themes 2nd girl;0
baby shower themes 2nd baby;0
baby shower themes 2026 neutral;0
90s cartoon baby shower themes;0
woodland baby shower backdrop;0
woodland baby shower background;0
woodland baby shower balloon arch;0
woodland baby shower balloons;0
woodland baby shower banner;0
woodland baby shower boy;0
woodland baby shower brunch;0
woodland baby shower cake;0
woodland baby shower cake girl;0
woodland baby shower cake ideas;0
woodland baby shower cake pops;0
woodland baby shower centerpiece ideas;0
woodland baby shower centerpieces;0
woodland baby shower cookies;0
woodland baby shower cupcakes;0
woodland baby shower decor ideas;0
woodland baby shower decorations;0
woodland baby shower dessert table;0
woodland baby shower desserts;0
woodland baby shower diaper cake;0
woodland baby shower drink ideas;0
woodland baby shower favor ideas;0
woodland baby shower favors;0
woodland baby shower food;0
woodland baby shower food ideas;0
woodland baby shower food table;0
woodland baby shower game ideas;0
woodland baby shower games;0
woodland baby shower gifts;0
woodland baby shower girl;0
woodland baby shower guest book;0
woodland baby shower ideas;0
woodland baby shower images;0
woodland baby shower invitation template;0
woodland baby shower invitations;0
woodland baby shower invitations boy;0
woodland baby shower invitations girl;0
woodland baby shower invite template;0
woodland baby shower menu ideas;0
woodland baby shower napkins;0
woodland baby shower party favors;0
woodland baby shower photo backdrop;0
woodland baby shower plates;0
woodland baby shower prizes;0
woodland baby shower punch;0
woodland baby shower theme;0
woodland baby shower theme food;0
woodland baby shower water bottle labels;0
boho baby shower backdrop;0
boho baby shower background;0
boho baby shower balloon garland;0
boho baby shower balloons;0
boho baby shower banner;0
boho baby shower boy;0
boho baby shower cake;0
boho baby shower cake ideas;0
boho baby shower centerpieces;0
boho baby shower chair;0
boho baby shower cookies;0
boho baby shower cupcakes;0
boho baby shower decor;0
boho baby shower decoration ideas;0
boho baby shower decorations;0
boho baby shower decorations girl;0
boho baby shower dessert table;0
boho baby shower dress;0
boho baby shower favor ideas;0
boho baby shower favors;0
boho baby shower flowers;0
boho baby shower food;0
boho baby shower food ideas;0
boho baby shower for boy;0
boho baby shower games;0
boho baby shower gifts;0
boho baby shower ideas;0
boho baby shower invitation template;0
boho baby shower invitations;0
boho baby shower outfit;0
boho baby shower theme;0
boho rainbow baby shower decor;0
woodland baby shower sheet cake;0
woodland baby shower sign;0
woodland baby shower snack ideas;0
woodland baby shower snacks;0
woodland baby shower thank you;0
woodland baby shower thank you cards;0
woodland baby shower thank you tags;0
woodland baby shower treats;0
boho baby shower party favors;0
boho baby shower picnic;0
boho baby shower sheet cake;0
boho baby shower table decor;0
boho baby shower theme ideas;0
teddy bear baby shower backdrop;0
teddy bear baby shower background;0
teddy bear baby shower banner;0
teddy bear baby shower boy;0
teddy bear baby shower cake;0
teddy bear baby shower cake girl;0
teddy bear baby shower cake topper;0
teddy bear baby shower centerpiece ideas;0
teddy bear baby shower centerpieces;0
teddy bear baby shower cookies;0
teddy bear baby shower cupcakes;0
teddy bear baby shower decorations;0
teddy bear baby shower dessert table;0
teddy bear baby shower favors;0
teddy bear baby shower food ideas;0
teddy bear baby shower for boy;0
teddy bear baby shower for girl;0
teddy bear baby shower games;0
teddy bear baby shower gift bags;0
teddy bear baby shower girl;0
teddy bear baby shower ideas;0
teddy bear baby shower ideas for boy;0
teddy bear baby shower invitations;0
teddy bear baby shower theme;0
teddy bear baby shower theme boy;0
teddy bear baby shower theme girl;0
baby shower themes 2026 fall;0
baby shower themes 2026 summer;0
baby shower themes 2000s;0
baby shower themes 2026 gender neutral;0
girl baby shower ideas themes 2024;0
baby shower themes for baby number 3;0
baby shower themes 3rd baby;0
baby shower themes for 3rd baby;0
3rd child baby shower themes;0
3rd boy baby shower themes;0
3rd baby shower ideas boy themes;0
30+ super cute summer baby shower ideas & themes [you’ll love] – my motherhood made easy;0
baby shower themes 4th of july;0
baby shower themes 4th baby;0
baby shower themes girl 4th of july;0
baby shower themes 70s;0
80s baby shower themes;0
cloud 9 baby shower themes;0
girl baby shower themes cloud 9;0
baby shower themes on cloud 9;0
baby shower themes 90s;0
90's baby shower themes;0
girl baby shower themes 90s;0
boy baby shower themes 90s;0
woodland baby shower theme decorations;0
woodland baby shower theme table centerpieces;0
woodland animals baby shower cake ideas;0
woodland baby shower buffet table;0
woodland baby shower flowers;0
woodland theme baby shower backdrop;0
woodland animal baby shower decorated cookies;0
woodland baby shower arch;0
woodland baby shower activities;0
woodland baby shower arch backdrop;0
woodland baby shower aesthetic;0
woodland baby shower appetizers;0
woodland baby shower animals;0
woodland baby shower announcement;0
woodland baby shower activity;0
woodland baby shower advice cards;0
winter woodland animals baby shower ideas;0
woodland baby shower backdrop ideas;0
woodland baby shower banner painted;0
woodland baby shower basket;0
woodland baby shower backdrop diy;0
woodland baby shower cookies decorated;0
woodland baby shower charcuterie board;0
woodland baby shower centerpieces boy;0
woodland baby shower cupcakes for boy;0
woodland baby shower dress;0
woodland baby shower drinks;0
woodland baby shower diy;0
woodland baby shower dessert ideas;0
woodland baby shower dress for mom;0
woodland baby shower entrance;0
woodland baby shower entrance sign;0
easy woodland baby shower centerpieces;0
easy woodland baby shower food;0
fairy baby shower theme enchanted garden woodland party;0
elegant woodland baby shower ideas;0
easy woodland baby shower decorations;0
enchanted woodland baby shower invite;0
enchanted woodland baby shower theme;0
elegant woodland baby shower theme;0
easy baby shower food ideas boy woodland party;0
easy woodland baby shower cookies;0
woodland baby shower favors for guests;0
woodland baby shower food ideas snacks;0
woodland baby shower for girl;0
woodland baby shower food names;0
woodland baby shower favors diy;0
woodland baby shower flower centerpieces;0
woodland baby shower gifts for guests;0
woodland baby shower gift ideas;0
woodland baby shower girl theme;0
woodland baby shower games printables;0
woodland baby shower gift basket;0
woodland baby shower guest book ideas;0
woodland baby shower guest outfit;0
woodland baby shower hand painted banner;0
woodland baby shower hedgehog cheeseball;0
woodland baby shower hedgehog;0
woodland baby shower hot cocoa bar;0
woodland baby shower hot chocolate bar;0
woodland hunting baby shower ideas;0
woodland baby shower take home gift;0
woodland hunting baby shower theme;0
woodland baby shower guess how many;0
woodland baby shower invite;0
woodland baby shower ideas for boys;0
woodland baby shower ideas girl;0
woodland baby shower ideas decoration;0
woodland baby shower ideas food;0
woodland baby shower theme centerpieces mason jars;0
woodland baby shower mason jar centerpieces;0
woodland baby shower koozies;0
woodland baby shower theme decorations kate aspen;0
woodland baby shower rice krispies;0
woodland baby shower theme boy decoration posh party kits;0
woodland baby shower log cake;0
woodland baby shower lunch ideas;0
woodland baby shower letter board;0
woodland baby shower theme let the adventure begin;0
woodland theme baby shower food labels;0
woodland baby shower food label ideas;0
woodland lumberjack baby shower theme;0
woodland baby shower food labels;0
woodland baby shower clothes line;0
woodland baby shower mom outfit;0
woodland baby shower mushroom cupcakes;0
woodland baby shower macarons;0
woodland baby shower meatballs;0
woodland baby shower mini cupcakes;0
woodland baby shower mantle decor;0
woodland baby shower maternity dress;0
woodland baby shower mushrooms;0
woodland baby shower mom chair;0
woodland baby shower main food;0
woodland baby shower nails;0
woodland baby shower nail ideas;0
woodland baby shower neutral;0
gender neutral woodland baby shower ideas;0
woodland baby shower theme decorations gender neutral;0
gender-neutral baby shower rustic woodland theme;0
woodland baby shower gender neutral;0
neutral baby shower ideas woodland;0
woodland baby shower theme boy forest animals nursery art;0
woodland neutral baby shower theme;0
woodland baby shower theme nails;0
woodland baby shower outfit;0
woodland baby shower outfit for mom;0
woodland baby shower outfit ideas;0
woodland baby shower outside;0
woodland baby shower outdoor;0
woodland baby shower on a budget;0
woodland baby shower onesie;0
oh baby woodland shower ideas;0
woodland baby shower theme outfits;0
outdoor woodland baby shower theme;0
oh boy woodland baby shower invites;0
woodland theme baby shower outfit;0
woodland baby shower painted banner;0
woodland baby shower punch ideas;0
woodland baby shower poster;0
woodland baby shower picture backdrop;0
woodland baby shower party favors boy;0
woodland baby shower photo backdrop diy;0
woodland baby shower pond water;0
woodland baby shower quote;0
woodland baby shower round table;0
woodland baby shower royal icing cookies;0
woodland baby shower rattle cookie;0
rustic woodland baby shower cake;0
woodland rustic baby shower theme;0
woodland rustic baby shower ideas;0
woodland baby shower theme boy decoration rustic;0
baby boy shower ideas themes rustic woodland;0
woodland baby shower diaper raffle;0
woodland baby shower sugar cookies;0
woodland baby shower sheet cake boys;0
woodland baby shower sweets;0
woodland baby shower sandwiches;0
woodland baby shower set up;0
woodland baby shower sheet cake ideas;0
woodland baby shower signage;0
woodland baby shower table decor;0
woodland baby shower theme cake;0
woodland baby shower theme centerpieces;0
woodland baby shower theme girl;0
woodland baby shower theme boy;0
woodland baby shower theme cookies;0
woodland baby shower table;0
woodland baby shower theme food ideas;0
woodland baby shower table set up;0
woodland baby shower veggie tray;0
woodland baby shower veggies;0
vintage woodland baby shower theme;0
woodland baby shower theme veggie tray;0
vintage woodland baby shower ideas;0
woodland baby shower welcome sign;0
woodland baby shower welcome sign diy;0
woodland baby shower wreath;0
woodland baby shower wallpaper;0
woodland baby shower welcome;0
woodland baby shower winter;0
woodland baby shower wild berries;0
woodland baby shower wall decor;0
woodland baby shower watermelon;0
woodland baby shower wall;0
woodland baby shower watercolor;0
woodland baby shower thank you gifts forest animals;0
woodland baby shower thank you favors;0
woodland themed baby shower thank you gifts;0
woodland baby shower theme thank you gifts;0
woodland baby shower thank you gifts;0
woodland baby shower theme thank you;0
woodland baby shower invitations zazzle;0
woodland baby shower cake 1 tier;0
2 tier woodland baby shower cake;0
boho baby shower girl;0
boho baby shower outfit for mom;0
boho baby shower ideas girl;0
boho baby shower backdrop ideas;0
boho baby shower table setting ideas;0
baby girl baby shower ideas themes boho;0
boho woodland baby shower ideas;0
boho wildflower baby shower cake;0
boho baby shower invitation;0
boho baby shower centerpieces round tables;0
floral boho baby shower decor;0
twinkle little star baby shower ideas boho;0
baby shower food table set up boho;0
baby shower boho theme girl cake;0
boho baby shower activities;0
boho baby shower arch;0
boho baby shower arch backdrop;0
boho baby shower aesthetic;0
boho baby shower arch ideas;0
boho baby shower attire ideas;0
boho baby shower accessory ideas;0
boho baby shower at home;0
boho baby shower arrangements;0
pink and gold boho baby shower cookies;0
baby shower de arcoiris boho chic;0
invitacion baby shower arcoiris boho;0
boho baby shower balloon arch;0
boho baby shower boy ideas;0
boho baby shower brunch;0
boho baby shower brunch food ideas;0
boho baby shower basket;0
boho baby shower centerpiece ideas;0
boho baby shower cookies neutral;0
boho baby shower cookies for girl;0
boho baby shower cake girl;0
boho baby shower cupcakes girl;0
boho baby shower cake boy;0
boho baby shower dress for mom;0
boho baby shower desserts;0
boho baby shower diy ideas;0
boho baby shower decorated cookies;0
boho baby shower dessert table ideas;0
boho baby shower dessert table backdrop;0
boho baby shower entrance sign;0
boho baby shower entrance;0
earthy baby shower ideas boho;0
boho elephant baby shower cake;0
earth tone boho baby shower ideas;0
elephant boho baby shower theme;0
baby shower niña estilo boho;0
elegant boho baby shower ideas;0
eucalyptus boho baby shower decor;0
baby shower estilo boho;0
boho elephant baby shower decor;0
earthy baby shower ideas rustic boho;0
boho baby shower food table;0
boho baby shower for girl;0
boho baby shower facebook cover photo;0
boho baby shower favors for guests;0
boho baby shower flower arrangements;0
boho baby shower food recipes;0
boho baby shower guest outfit;0
boho baby shower girl ideas;0
boho baby shower guest table decor;0
boho baby shower gift table ideas;0
boho baby shower gift basket;0
boho baby shower gender reveal;0
boho baby shower girl table decor;0
boho-baby-shower-games-free-printables;0
boho baby shower gifts for guests;0
boho baby shower hairstyles;0
boho baby shower hair;0
boho halloween baby shower ideas;0
hippie boho baby shower ideas;0
boho highland cow baby shower cookies;0
boho highland cow baby shower decorations;0
hippie baby shower ideas boho chic;0
here comes the son baby shower theme boho;0
boho theme baby shower hamper;0
boho highland cow baby shower cake;0
hot air balloon baby shower theme boho;0
highland cow boho baby shower ideas;0
boho baby shower ideas decoration;0
boho baby shower ideas boy;0
boho baby shower invite;0
boho baby shower invitation ideas;0
boho baby shower ideas centerpieces;0
boho baby shower ideas decoration rustic;0
boho baby shower ideas girl centerpiece;0
boho baby shower ideas girl decorations;0
baby shower jirafa boho;0
boho jungle baby shower centerpieces;0
boho jungle baby shower ideas;0
boho baby shower ideas january;0
boho baby shower rice krispies;0
boho baby shower looks;0
boho baby shower long table decor;0
little pumpkin baby shower boho;0
lilac boho baby shower ideas;0
boho baby shower clothes line;0
lil pumpkin baby shower ideas boho;0
boho lion baby shower ideas;0
little cutie baby shower decor boho;0
little pumpkin baby shower ideas girl boho;0
boho llama baby shower ideas;0
little ray of sunshine baby shower ideas boho;0
boho baby shower mood board;0
boho baby shower maternity dress;0
boho baby shower music playlist;0
boho baby shower mom outfit;0
boho baby shower macrame backdrop;0
boho baby shower menu ideas;0
boho moon baby shower theme;0
centros de mesa baby shower boho rainbow;0
centros de mesa baby shower boho;0
over the moon baby shower ideas boho;0
boho baby shower nails;0
boho baby shower neutral;0
boho baby shower neutral colors;0
boho baby shower nails girl;0
boho baby shower niña;0
boho baby shower nails neutral;0
baby shower niño boho chic;0
boho neutral baby shower centerpieces;0
boho neutral baby shower ideas;0
november baby shower ideas boho;0
deco baby shower nena boho;0
boho gender neutral baby shower ideas;0
boho baby shower outfit guest;0
boho baby shower outfit ideas;0
boho baby shower outfit for guest;0
boho baby shower outfit for mom spring;0
boho baby shower outfit guest winter;0
boho baby shower outdoor;0
boho baby shower outside;0
boho baby shower outfit for mom winter;0
october baby shower ideas boho;0
ray of sunshine baby shower theme boho;0
boho baby shower party favor ideas;0
boho baby shower painted banner;0
boho baby shower pink;0
boho baby shower photo backdrop;0
boho baby shower photo booth ideas;0
boho baby shower prizes;0
boho baby shower photography prop ideas;0
boho baby shower party decorations;0
boho baby shower photo backdrop ideas;0
boho baby shower party game ideas;0
boho baby q shower ideas;0
boho baby shower round table decor ideas;0
boho baby shower rainbow;0
boho baby shower royal icing cookies;0
boho dusty rose baby shower ideas;0
boho rainbow boy baby shower ideas;0
boho rainbow baby shower cake topper;0
boho rainbow baby shower cupcake toppers;0
boho baby shower table runner;0
boho baby shower sign;0
boho baby shower sugar cookies;0
boho baby shower sage green;0
boho baby shower sash;0
boho baby shower sweets table;0
boho baby shower sign in ideas;0
boho baby shower save the date;0
boho baby shower sheet cake ideas;0
boho baby shower simple;0
boho baby shower set up;0
boho baby shower souvenir;0
boho baby shower table setting;0
boho baby shower table;0
boho baby shower treats;0
boho baby shower table decor ideas;0
boho baby shower theme girl;0
boho baby shower table centerpieces;0
boho baby shower treats girl;0
boho under the sea baby shower ideas;0
boho unisex baby shower ideas;0
boho baby shower table set up;0
unique baby shower themes creative boho;0
unique baby shower themes boho;0
boho baby shower venue ideas;0
boho baby shower venue options;0
vintage boho baby shower ideas;0
western vintage boho baby shower invitation;0
torta baby shower varon boho;0
baby shower girl decoracion vintage boho chic;0
baby shower boho verde;0
boho baby shower table decor with bohemian chic vibe;0
vestido baby shower boho;0
boho baby shower welcome sign;0
boho baby shower welcome sign diy;0
boho baby shower wallpaper;0
boho baby shower welcome board;0
boho baby shower winter;0
boho baby shower wicker chair;0
boho baby shower without balloons;0
boho baby shower with teepee;0
boho baby shower wildflower;0
boho western baby shower invites;0
boho baby shower centerpieces yellow;0
boho you are my sunshine baby shower ideas;0
boho you are my sunshine baby shower cookies;0
boho rainbow baby shower thank you gifts;0
boho baby shower thank you gifts;0
yellow boho baby shower ideas;0
sea you soon baby shower theme boho;0
boho mustard yellow, burnt orange, bows baby shower template;0
2 tier boho baby shower cake;0
sims 4 boho baby shower cc;0
boho 70s baby shower ideas;0
teddy bear baby shower centerpiece;0
teddy bear baby shower theme treats;0
teddy bear baby shower theme cake;0
teddy bear baby shower cake boys;0
green teddy bear baby shower theme;0
pink teddy bear themed baby shower ideas;0
neutral teddy bear baby shower ideas;0
teddy bear baby shower theme backdrop;0
teddy bear baby shower theme girl treats;0
boy baby teddy bear shower themes;0
teddy bear baby shower balloon centerpiece;0
teddy bear baby shower arch;0
teddy bear baby shower aesthetic;0
teddy bear baby shower appetizers;0
teddy bear baby shower activities;0
teddy bear baby shower arrangements;0
teddy bear baby shower announcement;0
teddy bear baby shower advice cards;0
teddy bear baby shower acrylic sign;0
teddy bear and clouds baby shower cake;0
hot air balloon baby shower teddy bear;0
teddy bear baby shower theme arch;0
orange and brown teddy bear baby shower ideas;0
teddy bear baby shower balloon arch;0
teddy bear baby shower balloons;0
teddy bear baby shower blue;0
teddy bear baby shower backdrop simple;0
teddy bear baby shower balloon garland;0
teddy bear baby shower basket;0
teddy bear baby shower brunch;0
teddy bear baby shower bingo;0
teddy bear baby shower cake boys blue;0
teddy bear baby shower centerpieces girl;0
teddy bear baby shower cake table decor;0
teddy bear baby shower cake green;0
teddy bear baby shower decor;0
teddy bear baby shower decorations table;0
teddy bear baby shower desserts;0
teddy bear baby shower decoration ideas;0
teddy bear baby shower drinks;0
teddy bear baby shower dress;0
teddy bear baby shower diaper cake;0
teddy bear baby shower decorated cookies;0
teddy bear baby shower drawing;0
teddy bear baby shower dusty blue;0
teddy bear baby shower easel;0
teddy bear baby shower entrance sign;0
teddy bear baby shower entry;0
teddy bear baby shower entrance;0
teddy bear baby shower theme emerald;0
teddy bear baby shower theme easy;0
editable teddy bear baby shower welcome sign;0
welcome sign for baby shower entrance teddy bear;0
teddy bear baby shower cake easy;0
elegant teddy bear baby shower theme;0
teddy bear baby shower theme entrance;0
elegant teddy bear baby shower ideas;0
teddy bear baby shower food;0
teddy bear baby shower favors ideas;0
teddy bear baby shower food table;0
teddy bear baby shower favors for guests;0
teddy bear baby shower flowers;0
teddy bear baby shower favors for boys;0
teddy bear baby shower frame;0
teddy bear baby shower flyer;0
teddy bear baby shower games printable;0
teddy bear baby shower gift basket;0
teddy bear baby shower gifts;0
teddy bear baby shower gift ideas;0
teddy bear baby shower girl theme;0
teddy bear baby shower green;0
little fisherman baby shower invitations;0
teddy bear baby shower invitations girl;0
teddy bear baby shower kardashian;0
teddy bear baby shower party favors;0
teddy bear baby shower printables;0
teddy bear baby shower set up;0
teddy bear baby shower sheet cake;0
teddy bear baby shower thank you cards;0
teddy bear baby shower treats;0
winter wonderland baby shower cake;0
winter wonderland baby shower ideas;0
a little cutie baby shower invitation;0
a little cutie is on the way baby shower cake;0
little cutie baby shower balloons;0
little cutie baby shower banner;0
little cutie baby shower cake;0
little cutie baby shower centerpieces;0
little cutie baby shower cookies;0
little cutie baby shower cupcakes;0
little cutie baby shower decor;0
little cutie baby shower decorations;0
little cutie baby shower diy;0
little cutie baby shower favors;0
little cutie baby shower food;0
little cutie baby shower food ideas;0
little cutie baby shower ideas;0
little cutie baby shower theme;0
winter wonderland baby shower backdrop;0
winter wonderland baby shower boy;0
winter wonderland baby shower cake ideas;0
winter wonderland baby shower cookies;0
winter wonderland baby shower cupcakes;0
winter wonderland baby shower decor;0
winter wonderland baby shower dessert table;0
winter wonderland baby shower diy;0
winter wonderland baby shower dress;0
winter wonderland baby shower favors;0
winter wonderland baby shower food;0
winter wonderland baby shower food ideas;0
winter wonderland baby shower for a girl;0
winter wonderland baby shower for boy;0
winter wonderland baby shower for girl;0
winter wonderland baby shower games;0
winter wonderland baby shower girl;0
winter wonderland baby shower ideas for a boy;0
winter wonderland baby shower ideas for a girl;0
winter wonderland baby shower invitation;0
winter wonderland baby shower invitations free;0
winter wonderland baby shower outfit;0
winter wonderland baby shower pink;0
winter wonderland baby shower sheet cake;0
winter wonderland baby shower shirts;0
winter wonderland baby shower thank you cards;0
winter wonderland baby shower theme;0
lavender baby shower backdrop;0
lavender baby shower cake;0
lavender baby shower centerpieces;0
lavender baby shower decorations;0
lavender baby shower dress;0
lavender baby shower ideas;0
lavender baby shower invitations;0
little cutie baby shower games;0
little cutie baby shower invite;0
little cutie baby shower plates;0
little cutie baby shower plates and napkins;0
little cutie baby shower sign;0
teddy bear baby shower giveaways;0
teddy bear baby shower guest book ideas;0
teddy bear baby shower game prizes;0
teddy bear baby shower hamper;0
teddy bear baby shower honey favors;0
teddy bear baby shower hot air balloon;0
baby shower teddy bear holding balloons;0
baby shower hanging teddy bear;0
teddy bear hot air balloon baby shower cake;0
teddy bear hot air balloon baby shower theme boy;0
hot air balloon teddy bear baby shower theme;0
guess how many baby shower game teddy bear;0
teddy bear and honey baby shower theme;0
hot air balloon teddy bear baby shower centerpiece;0
pink teddy bear baby shower outfit ideas for the host;0
teddy bear baby shower invite;0
teddy bear baby shower invitations boys;0
teddy bear baby shower invitation blank;0
teddy bear baby shower ideas girl;0
teddy bear baby shower image;0
teddy bear baby shower invite template;0
teddy bear baby shower illustration;0
teddy bear baby shower invitations canva;0
blue jean teddy bear baby shower theme;0
teddy bear baby shower centerpiece mason jar;0
teddy bear baby shower mason jars;0
teddy bear baby shower keepsake;0
teddy bear baby shower theme rice krispies;0
baby shower rice krispie treats teddy bear;0
teddy bear baby shower rice krispies;0
teddy bear baby shower theme kardashian;0
teddy bear baby shower logo;0
ralph lauren teddy bear baby shower invite;0
teddy bear ralph lauren baby shower theme;0
ralph lauren teddy bear baby shower cake;0
teddy bear baby shower cake light blue;0
one layer teddy bear baby shower cake;0
luxury teddy bear baby shower theme;0
ralph lauren teddy bear baby shower cookies;0
teddy bear baby shower water bottle labels;0
teddy bear baby shower theme lavender;0
twinkle little star teddy bear baby shower ideas;0
teddy bear baby shower theme light blue;0
teddy bear baby shower macarons;0
teddy bear baby shower mehndi;0
teddy bear baby shower mimosa bar;0
teddy bear baby shower menu cards;0
teddy bear baby shower mom outfit;0
teddy bear baby shower mood board;0
teddy bear baby shower menu ideas;0
teddy bear baby shower main table;0
teddy bear baby shower mum;0
teddy bear baby shower theme mint green;0
pink teddy bear baby shower outfit ideas for mom-to-be;0
teddy bear baby shower nails;0
teddy bear baby shower nails boy;0
teddy bear baby shower neutral;0
teddy bear baby shower napkins;0
teddy bear baby shower nail ideas;0
teddy bear baby shower nail art;0
teddy bear baby shower nails blue;0
teddy bear baby shower neutral colors;0
teddy bear baby shower no balloons;0
teddy bear baby shower nails girl;0
pink teddy bear baby shower nails;0
teddy bear baby shower outfit;0
teddy bear baby shower outfit ideas;0
teddy bear baby shower outside;0
teddy bear baby shower oreos;0
teddy bear baby shower on a budget;0
teddy bear baby shower outdoor;0
teddy bear baby shower outfit guest;0
teddy bear baby shower theme outfit;0
teddy bear baby shower theme boy olive green;0
pink teddy bear baby shower decoration ideas on a budget;0
teddy bear baby shower pink;0
teddy bear baby shower painted banner;0
teddy bear baby shower photo backdrop;0
teddy bear baby shower poster;0
teddy bear baby shower picture;0
teddy bear baby shower prizes;0
teddy bear baby shower pretzels;0
teddy bear baby shower plates;0
teddy bear baby shower photo frame;0
teddy bear baby shower picnic;0
teddy bear baby shower recuerdos;0
teddy bear baby shower round backdrop;0
teddy bear baby shower ralph lauren;0
teddy bear baby shower ribbon;0
rose gold teddy bear baby shower ideas;0
baby shower pretzel rods teddy bear;0
teddy bear baby shower theme gender reveal;0
teddy bear baby shower gender reveal;0
teddy bear baby shower sign;0
teddy bear baby shower sugar cookies;0
teddy bear baby shower stickers;0
teddy bear baby shower snacks;0
teddy bear baby shower soap favors;0
teddy bear baby shower souvenirs;0
teddy bear baby shower snack table;0
teddy bear baby shower small cake;0
teddy bear baby shower sweets;0
teddy bear baby shower simple;0
teddy bear baby shower sage green;0
teddy bear baby shower table decor;0
teddy bear baby shower theme decoration;0
teddy bear baby shower theme centerpiece;0
teddy bear baby shower theme boy invites;0
baby shower teddy bear table set up;0
teddy bear baby shower theme unique;0
unisex teddy bear baby shower theme;0
teddy bear baby shower theme table set up;0
teddy bear baby shower theme set up;0
teddy bear baby shower video;0
teddy bear baby shower vintage;0
vintage teddy bear baby shower decor;0
vintage sports teddy bear baby shower theme;0
teddy bear baby shower theme video;0
vintage teddy bear baby shower theme girl;0
vintage teddy bear baby shower cookies;0
vintage teddy bear baby shower treats;0
teddy bear baby shower theme vintage;0
vintage teddy bear baby shower cake;0
vintage teddy bear baby shower ideas;0
vintage teddy bear baby shower invitation;0
teddy bear baby shower welcome sign;0
teddy bear baby shower wallpaper;0
teddy bear baby shower welcome board;0
teddy bear baby shower wall decor;0
teddy bear baby shower welcome;0
teddy bear baby shower word scramble;0
teddy bear baby shower wrapping paper;0
teddy bear baby shower with balloons;0
teddy bear baby shower welcome table;0
teddy bear baby shower winter;0
teddy bear baby shower with flowers;0
teddy bear baby shower without balloons;0
teddy bear baby shower yellow;0
baby shower thank you gifts teddy bear theme;0
teddy bear baby shower theme thank you;0
teddy bear baby shower thank you tags;0
teddy bear baby shower thank you gifts;0
teddy bear thank you baby shower favors gift tags;0
me to you bear baby shower tatty teddy;0
yellow teddy bear baby shower theme;0
teddy bear baby shower cake 1 tier;0
teddy bear baby shower cake 2 tier;0
2 tier teddy bear baby shower cake blue;0
2 tier teddy bear baby shower cake ideas;0
teddy bear baby shower 2026;0
teddy bear baby shower cake 3 tier;0
little fisherman baby shower ideas;0
little fisherman baby shower cake;0
little fisherman baby shower decor;0
little fisherman baby shower theme;0
little fisherman baby shower cookies;0
little fisherman baby shower centerpiece;0
little fisherman baby shower food ideas;0
little fisherman baby shower cupcakes;0
little fisherman baby shower table decor;0
little fisherman baby shower food;0
little fisherman baby shower games;0
little fisherman baby shower cake ideas;0
a little fisherman baby shower cake;0
little fisherman baby shower bib cookies;0
little fisherman baby shower invitation;0
little fisherman baby shower favors;0
little fisherman baby shower backdrop;0
little fisherman baby shower centerpieces;0
little fisherman baby shower snacks;0
little fisherman baby shower balloon arch;0
little fisherman baby shower desserts;0
a little fisherman is on the way baby shower food;0
a little fisherman is on the way baby shower cake;0
a little fisherman is on the way baby shower theme;0
a little fisherman is on the way baby shower ideas;0
a little fisherman is on the way baby shower decor;0
a little fisherman is on the way baby shower games;0
little fisherman baby shower banner;0
little fisherman baby shower sheet cake;0
little fisherman baby shower decorations;0
little fisherman baby shower ideas diy;0
little fisherman baby shower decorating ideas;0
little fisherman baby shower favor ideas;0
little fisherman baby shower ideas cake;0
little fisherman baby shower party favors;0
little fisherman baby shower treats;0
winter wonderland baby shower ideas girl;0
winter wonderland baby shower ideas boy;0
winter wonderland baby shower theme boy;0
winter wonderland baby shower ideas centerpieces;0
winter wonderland baby shower ideas centerpieces table decorations;0
winter wonderland pink baby shower ideas;0
baby shower girl theme winter wonderland;0
winter wonderland baby shower ideas for boys centerpieces;0
winter wonderland baby shower treat table;0
winter wonderland baby shower ideas polar bear;0
winter wonderland baby shower invitations template;0
winter wonderland baby shower boy polar bears;0
pink winter wonderland baby shower ideas decoration;0
pink winter wonderland party baby shower ideas;0
winter wonderland baby shower arch;0
winter wonderland baby shower activities;0
winter wonderland baby shower ideas pink and green;0
all white winter wonderland baby shower ideas;0
winter wonderland baby shower for a boy;0
winter wonderland baby shower balloon arch;0
winter wonderland animals baby shower ideas;0
pink and silver winter wonderland baby shower decorations;0
winter wonderland baby shower ideas at home;0
winter wonderland baby shower banner;0
winter wonderland baby shower boy ideas;0
winter wonderland baby shower balloons;0
winter wonderland baby shower boy cake;0
winter wonderland baby shower background;0
winter wonderland baby shower boy favors;0
winter wonderland baby shower blue;0
winter wonderland baby shower brunch;0
winter wonderland baby shower cake girl;0
winter wonderland baby shower cake boy;0
winter wonderland baby shower cake pink;0
winter wonderland baby shower cake pops;0
winter wonderland baby shower chair;0
winter wonderland baby shower colors;0
winter wonderland baby shower corsage;0
winter wonderland baby shower cake table;0
winter wonderland baby shower desserts;0
winter wonderland baby shower decoration;0
winter wonderland baby shower decor boy;0
winter wonderland baby shower drinks;0
winter wonderland baby shower centerpieces table decorations;0
winter wonderland baby shower ideas for boys decorations;0
winter wonderland baby shower entrance;0
winter wonderland baby shower entrance sign;0
winter wonderland baby shower flyer;0
winter wonderland baby shower flowers;0
winter wonderland baby shower for twins;0
winter wonderland baby shower food table;0
winter wonderland baby shower games free printable;0
winter wonderland baby shower gift ideas;0
winter wonderland baby shower gifts;0
winter wonderland baby shower game ideas;0
winter wonderland baby shower girl cake;0
winter wonderland baby shower centerpieces girl;0
winter wonderland baby shower ideas girl backdrop;0
winter wonderland baby girl shower ideas;0
winter wonderland baby shower hot chocolate bar;0
winter wonderland baby shower hot cocoa bar;0
winter wonderland baby shower hot chocolate;0
hot chocolate bar for baby shower winter wonderland;0
winter wonderland baby shower ideas food;0
winter wonderland baby shower invite;0
winter wonderland baby shower ideas cake;0
winter wonderland baby shower ideas pink;0
winter wonderland baby shower ideas blue;0
winter wonderland baby shower ideas red;0
winter wonderland baby shower ideas lavender;0
winter wonderland baby shower outfit for mom;0
winter wonderland baby shower nails;0
winter wonderland baby shower neutral;0
winter wonderland baby shower ideas neutral;0
pink winter wonderland baby shower nails;0
winter wonderland baby shower ideas gender neutral;0
winter wonderland baby shower guest outfit;0
pink winter wonderland baby shower outfit;0
winter wonderland baby shower outfit ideas;0
winter wonderland baby shower photoshoot;0
winter wonderland baby shower poster;0
winter wonderland baby shower pictures;0
winter wonderland baby shower plates;0
winter wonderland baby shower punch;0
winter wonderland baby shower prizes;0
winter wonderland baby shower purple;0
rustic winter wonderland baby shower ideas;0
winter wonderland baby shower ideas rose gold;0
winter wonderland baby shower sign;0
winter wonderland baby shower snacks;0
winter wonderland baby shower sweets;0
winter wonderland baby shower souvenirs;0
winter wonderland baby shower set up;0
winter wonderland baby shower sash;0
winter wonderland baby shower treats;0
winter wonderland baby shower table;0
winter wonderland baby shower theme girl;0
winter wonderland baby shower tablescape;0
winter wonderland baby shower ideas themes;0
winter wonderland teddy bear baby shower ideas;0
winter wonderland baby shower table setting;0
winter wonderland baby shower table set up;0
winter wonderland baby shower welcome;0
winter wonderland baby shower white;0
winter wonderland baby shower thank you gifts;0
little cutie baby shower ideas decor;0
little cutie baby shower invitation;0
little cutie baby shower ideas food;0
little cutie baby shower dress;0
a little cutie baby shower theme;0
a little cutie baby shower theme decor;0
a little cutie baby shower theme food;0
a little cutie baby shower cake;0
a little cutie baby shower cookies;0
a little cutie baby shower theme girl;0
a little cutie baby shower theme cookies;0
a little cutie baby shower banner;0
a little cutie baby shower theme cake;0
a little cutie baby shower centerpieces;0
a little cutie baby shower backdrop;0
little cutie baby shower arch;0
little cutie baby shower activities;0
little cutie baby shower appetizers;0
a little cutie baby shower dessert table;0
a little cutie baby shower sign;0
a little cutie is on the way baby shower sign;0
a little cutie baby shower theme collage;0
baby shower cake a little cutie;0
baby shower a little cutie pie;0
a little cutie pie baby shower theme pink;0
a little cutie baby shower theme table decor;0
little cutie baby shower table centerpieces;0
little cutie baby shower picture backdrop;0
little cutie baby shower ideas treats;0
little cutie baby shower dress ideas;0
diy little cutie baby shower favors;0
little cutie baby shower ideas blue;0
little cutie baby shower balloon arch;0
little cutie baby shower backdrop;0
little cutie baby shower boy;0
little cutie baby shower backdrop ideas;0
little cutie baby shower balloon decor;0
little cutie baby shower brunch;0
little cutie baby shower blue;0
little cutie baby shower balloon garland;0
little cutie baby shower cake pops;0
little cutie baby shower cake ideas;0
little cutie baby shower cupcake ideas;0
little cutie baby shower cake topper;0
little cutie baby shower charcuterie;0
little cutie baby shower color pallet;0
little cutie baby shower cookies girl;0
little cutie baby shower color scheme;0
little cutie baby shower desserts;0
little cutie baby shower decorations diy;0
little cutie baby shower decor ideas;0
little cutie baby shower dessert table;0
little cutie baby shower drinks;0
little cutie baby shower diaper cake;0
little cutie baby shower flowers;0
little cutie baby shower favor ideas;0
little cutie baby shower food table;0
little cutie baby shower free printables;0
little cutie baby shower for boy;0
little cutie baby shower for girl;0
little cutie baby shower fruit;0
little cutie baby shower florals;0
little cutie baby shower gifts;0
little cutie baby shower girl;0
little cutie baby shower gift basket;0
little cutie baby shower gift bags;0
little cutie baby shower gift ideas;0
little cutie baby shower gift table;0
little cutie baby shower game ideas;0
little cutie baby shower guest book;0
little cutie baby shower garland;0
little cutie girl baby shower ideas;0
a little cutie baby girl shower theme;0
hello little cutie baby shower cookies;0
little cutie baby shower ideas backdrop;0
little cutie baby shower ideas cake;0
little cutie baby shower ideas brunch;0
little cutie baby shower ideas girl;0
little cutie baby shower ideas boy;0
little cutie baby shower rice krispies;0
little cutie baby shower letter board;0
little cutie baby shower mom outfit;0
little cutie baby shower macarons;0
little cutie baby shower momosa bar;0
little cutie baby shower menu ideas;0
my little cutie baby shower theme;0
little cutie baby shower nails;0
gender neutral baby shower little cutie;0
a little cutie baby shower theme nails;0
a little cutie is on the way baby shower nails;0
little cutie baby shower outfit;0
little cutie baby shower outfit ideas;0
little cutie on the way baby shower ideas;0
a little cutie is on the way baby shower food ideas;0
little cutie baby shower ideas outdoor;0
baby shower a little cutie pie is on the way;0
a little cutie is on the way baby shower cupcakes;0
little cutie baby shower pink and orange;0
a little cutie pie is on the way baby shower decor;0
little cutie on the way baby shower dress;0
little cutie baby shower party favors;0
little cutie baby shower prizes;0
little cutie baby shower punch;0
little cutie baby shower photo backdrop;0
little cutie baby shower poster;0
little cutie baby shower pink;0
little cutie baby shower picture;0
little cutie baby shower pretzel rods;0
little cutie baby shower place setting;0
little cutie baby shower painted banner;0
little cutie baby shower diaper raffle;0
little cutie baby shower decor rustic;0
little cutie baby shower round table decor;0
little cutie baby shower snacks;0
little cutie baby shower sweet table;0
little cutie baby shower sugar cookies;0
little cutie baby shower sheet cake;0
little cutie baby shower soap favors;0
little cutie baby shower stickers;0
little cutie baby shower sweets;0
little cutie baby shower set up;0
little cutie baby shower shirts;0
little cutie baby shower table decor;0
little cutie baby shower theme food;0
little cutie baby shower treats;0
little cutie baby shower table setting;0
little cutie baby shower theme cupcakes;0
little cutie baby shower theme decor;0
little cutie baby shower thank you gifts;0
little cutie baby shower theme balloons;0
little cutie baby shower theme cookies;0
little cutie baby shower theme boy;0
little cutie baby shower table;0
unique baby shower themes for little cutie;0
unique little cutie baby shower favor ideas;0
little cutie baby shower table set up;0
unique little cutie baby shower gift ideas;0
little cutie baby shower welcome sign;0
little cutie baby shower with pink;0
little cutie baby shower wreath;0
little cutie baby shower ideas with blue;0
little cutie baby shower thank you;0
little cutie baby shower thank you cards;0
apple pie baby shower theme;0
apple pie baby shower ideas;0
baby shower apple pie;0
gingerbread baby shower ideas;0
gingerbread baby shower theme;0
gingerbread baby shower cake;0
gingerbread baby shower cookies;0
gingerbread baby shower decorations;0
gingerbread baby shower ideas boy;0
gingerbread baby shower theme boy;0
gingerbread baby shower centerpieces;0
gingerbread baby shower invitations;0
gingerbread baby shower ideas girl;0
gingerbread baby shower banner;0
gingerbread baby shower decor;0
gingerbread man baby shower theme;0
gingerbread theme baby shower cookies;0
baby shower ideas gingerbread;0
gingerbread man baby shower centerpiece;0
december baby shower ideas gingerbread;0
gingerbread baby shower cupcakes;0
gingerbread baby shower cookie;0
gingerbread baby shower cake ideas;0
pink gingerbread baby shower theme;0
gingerbread man baby shower games;0
it takes a village baby shower theme gingerbread;0
gingerbread baby shower balloon arch;0
gingerbread baby shower backdrop;0
gingerbread baby shower boy;0
gingerbread man baby shower cake;0
pink gingerbread baby shower cookies;0
christmas gingerbread baby shower ideas;0
gingerbread man baby shower cookies;0
gingerbread girl baby shower cake;0
gingerbread baby shower desserts;0
gingerbread baby shower decor ideas;0
gingerbread man baby shower decor;0
gingerbread baby shower table decor;0
gingerbread baby shower ideas decorations;0
gingerbread baby shower favors;0
gingerbread baby shower food ideas;0
gingerbread baby shower food;0
gingerbread baby shower for girl;0
gingerbread baby shower party favors;0
gingerbread baby shower girl;0
gingerbread baby shower games;0
gingerbread house baby shower theme;0
gingerbread house baby shower ideas;0
gingerbread baby shower invite;0
gingerbread theme baby shower ideas;0
little man gingerbread baby shower ideas;0
gingerbread man baby shower backdrop;0
gingerbread man baby shower ideas;0
gingerbread man baby shower invitation;0
gingerbread baby shower nails;0
pink gingerbread baby shower cake;0
pink gingerbread baby shower centerpieces;0
pink gingerbread baby shower ideas;0
gingerbread baby shower sign;0
gingerbread baby shower sugar cookies;0
gingerbread baby shower theme girl;0
gingerbread baby shower treats;0
gingerbread cookie baby shower theme;0
gingerbread baby shower welcome sign;0
winter baby shower ideas gingerbread;0
lavender baby shower theme;0
lavender baby showers;0
lavender baby shower ideas decoration;0
lavender baby shower cookies;0
lavender baby shower nails;0
lavender and pink baby shower decoration;0
baby shower cake lavender;0
yellow and lavender baby shower ideas;0
baby shower ideas for girls decorations purple lavender;0
baby shower lavender theme cake;0
peach and lavender baby shower ideas;0
pink lavender baby shower party ideas;0
lavender baby shower cupcakes;0
lavender and yellow baby showers;0
lavender baby shower invitation ideas;0
baby shower lavender decorations;0
lavender baby shower aesthetic;0
lavender and turquoise baby shower ideas;0
pink and lavender baby shower ideas dessert tables;0
moon and stars baby shower theme lavender;0
lavender and honey baby shower ideas;0
white and lavender baby shower ideas;0
purple and lavender baby shower ideas;0
lemon and lavender baby shower ideas;0
lavender and sage baby shower theme;0
lavender baby shower balloon arch;0
lavender baby shower background;0
lavender baby shower banner;0
lavender baby shower balloons;0
lavender baby shower cake ideas;0
lavender baby shower clipart;0
lavender baby shower clothes;0
lavender baby shower cake pops;0
lavender themed baby shower cake;0
baby shower ideas mermaid theme;0
lavender and gold baby shower cake;0
lavender baby shower decor;0
lavender baby shower decoration ideas;0
lavender baby shower favors;0
little mermaid baby shower food ideas;0
little mermaid baby shower games;0
mermaid baby shower backdrop;0
mermaid baby shower background;0
mermaid baby shower banner;0
mermaid baby shower cake;0
mermaid baby shower cake ideas;0
mermaid baby shower cake topper;0
mermaid baby shower centerpieces;0
mermaid baby shower chair;0
mermaid baby shower cookies;0
mermaid baby shower cupcakes;0
mermaid baby shower decor;0
mermaid baby shower decorations;0
mermaid baby shower desserts;0
mermaid baby shower diaper cake;0
mermaid baby shower dress;0
mermaid baby shower favors;0
mermaid baby shower food ideas;0
mermaid baby shower games;0
mermaid baby shower games free printable;0
mermaid baby shower ideas;0
mermaid baby shower invitations;0
mermaid baby shower invitations template;0
mermaid baby shower outfit;0
mermaid baby shower party favors;0
mermaid baby shower sheet cake;0
mermaid baby shower shirt ideas;0
mermaid baby shower shirts;0
mermaid baby shower theme;0
mermaid baby shower treat table;0
mermaid baby shower treats;0
mermaid style baby shower dress;0
shark baby shower cake;0
shark baby shower decorations;0
shark baby shower ideas;0
shark baby shower invitations;0
shark baby shower theme;0
gender neutral baby shower activities;0
gender neutral baby shower backdrop;0
gender neutral baby shower background;0
gender neutral baby shower balloons;0
gender neutral baby shower cake;0
gender neutral baby shower centerpieces;0
gender neutral baby shower colors;0
gender neutral baby shower cookies;0
gender neutral baby shower cupcakes;0
gender neutral baby shower decor;0
gender neutral baby shower decorations;0
gender neutral baby shower dessert table;0
gender neutral baby shower favors;0
gender neutral baby shower flowers;0
gender neutral baby shower game gifts;0
gender neutral baby shower game ideas;0
gender neutral baby shower games;0
gender neutral baby shower gift ideas;0
gender neutral baby shower gifts;0
gender neutral baby shower ideas;0
gender neutral baby shower invitations;0
gender neutral baby shower invite;0
gender neutral baby shower nails;0
gender neutral baby shower party favors;0
gender neutral baby shower plates;0
gender neutral baby shower prizes;0
gender neutral baby shower punch;0
gender neutral baby shower themes;0
gender neutral elephant baby shower ideas;0
ahoy it's a boy baby shower ideas;0
baby boy baby shower ideas;0
baby boy shower gift ideas;0
baby boy shower ideas blue;0
baby boy shower ideas elephant theme;0
diy boy baby shower ideas;0
gender neutral baby shower thank you cards;0
gender neutral baby shower theme ideas;0
vintage baby boy shower ideas;0
lavender color baby shower ideas;0
lavender baby shower dress for mom;0
lavender baby shower dress maternity;0
lavender baby shower desserts;0
lavender baby shower dress black women;0
lavender baby shower drink;0
lavender baby shower dessert table;0
lavender baby shower decor ideas;0
lavender elephant baby shower ideas;0
elephant baby shower theme girl lavender;0
lavender elephant baby shower theme;0
lavender elephant baby shower cake;0
lavender baby shower food ideas;0
lavender baby shower flowers;0
lavender baby shower food;0
purple punch for baby shower lavender lemonade;0
lavender baby shower party favors;0
lavender floral baby shower ideas;0
baby shower outfits for mom lavender;0
lavender fall baby shower ideas;0
lavender flower baby shower theme;0
baby shower dress for mom lavender;0
lavender baby shower gift ideas;0
lavender baby shower gifts;0
lavender baby shower game ideas;0
girl baby shower ideas purple lavender;0
baby shower girl purple lavender;0
baby girl shower lavender;0
sage green and lavender baby shower theme;0
lavender and grey baby shower ideas;0
mint green and lavender baby shower ideas;0
baby girl shower ideas lavender;0
lavender baby shower invitation template;0
lavender baby shower invite;0
lavender baby shower ideas simple;0
lavender baby shower ideas girl;0
baby shower table decor lavender;0
over the moon baby shower ideas lavender;0
lavender baby shower outfit men;0
lavender and mint baby shower ideas;0
lavender baby shower outfit ideas for mom-to-be;0
pink and lavender baby shower nails;0
baby shower nails girl lavender;0
lavender baby shower outfit ideas;0
lavender baby shower outfit;0
lavender baby shower punch;0
purple butterfly baby shower ideas lavender;0
winnie the pooh baby shower lavender;0
lavender and rose gold baby shower ideas;0
lavender baby shower sign;0
lavender baby shower theme ideas;0
lavender baby shower theme backdrop;0
lavender baby shower treats;0
lavender baby shower table decor;0
lavender baby shower table setting;0
lavender baby shower theme girl;0
lavender baby shower template;0
lavender baby shower table;0
lavender baby shower welcome sign;0
lavender baby shower welcome board;0
lavender winter baby shower ideas;0
lavender white and silver baby shower ideas;0
lavender and white baby shower cake;0
lavender and white baby shower decor;0
lavender gold and white baby shower ideas;0
lavender and yellow baby shower cake;0
lavender yellow baby shower ideas;0
lavender and yellow baby shower theme;0
mermaid baby shower ideas decoration;0
mermaid baby shower food;0
mermaid baby shower ideas centerpieces;0
little mermaid baby shower gift ideas;0
black little mermaid baby shower ideas;0
mermaid baby shower gifts basket;0
mermaid baby shower outfit ideas;0
little mermaid baby shower cakes;0
mermaid baby shower treat ideas;0
baby shower mermaid themes;0
mermaid baby shower aesthetic;0
little mermaid baby shower ideas ariel;0
baby shower ariel the little mermaid;0
ariel baby shower theme the little mermaid;0
mermaid baby shower balloon arch;0
mermaid baby shower basket;0
mermaid baby shower cookies decorated;0
mermaid baby shower cake simple;0
mermaid baby shower centerpieces diy;0
mermaid baby shower centerpieces ideas;0
mermaid baby shower cake pops;0
mermaid baby shower dessert table;0
mermaid baby shower dress for mom;0
mermaid baby shower diy;0
mermaid baby shower decorations diy;0
baby shower mermaid theme decoration;0
mermaid baby shower flyer;0
mermaid baby shower favors for guests;0
mermaid themed baby shower food ideas;0
mermaid baby shower outfit for mom;0
little mermaid baby shower food;0
mermaid baby shower gift;0
mermaid baby shower gift ideas;0
baby girl mermaid baby shower ideas;0
baby shower girl theme mermaid;0
baby shower themes girl mermaid;0
baby shower girl little mermaid;0
mermaid baby shower dress maternity gowns;0
mermaid baby shower invite;0
mermaid baby shower ideas food;0
mermaid baby shower ideas cake;0
mermaid baby shower ideas girl;0
mermaid baby shower ideas for girl;0
mermaid baby shower ideas table;0
mermaid baby shower mason jar party favor;0
lil mermaid baby shower ideas;0
little mermaid baby shower themes;0
little mermaid theme baby shower ideas;0
little mermaid baby shower invite;0
under the sea little mermaid baby shower ideas;0
mermaid baby shower nails;0
baby shower niña mermaid;0
mermaid theme baby shower outfit;0
little mermaid baby shower outfit;0
mermaid baby shower party;0
mermaid baby shower pink;0
purple mermaid baby shower ideas;0
pink mermaid baby shower ideas;0
pastel mermaid baby shower ideas;0
mermaid baby shower ideas diy sea theme party favors;0
pink mermaid baby shower theme;0
little mermaid baby shower party favors;0
mermaid baby shower sugar cookies;0
mermaid baby shower sign;0
mermaid baby shower snacks;0
mermaid baby shower theme decoration;0
mermaid baby shower table decor;0
mermaid baby shower theme centerpieces;0
mermaid baby shower theme girl;0
mermaid baby shower table ideas;0
mermaid baby shower table;0
under the sea mermaid baby shower theme;0
under the sea mermaid baby shower ideas;0
little mermaid themed baby shower under the sea;0
vintage mermaid baby shower ideas;0
mermaid baby shower welcome sign;0
shark baby shower cookies;0
shark baby shower centerpieces;0
shark baby shower gift;0
shark baby shower ideas decoration;0
shark baby shower banner;0
shark baby shower food;0
shark baby shower backdrop;0
baby shower shark invitations;0
baby shower ideas for boys shark theme;0
shark theme baby shower gift;0
shark theme baby shower ideas;0
boy baby shower ideas shark;0
baby shower shark;0
baby shower baby shark theme;0
shark baby shower favors;0
baby shower de baby shark;0
shark themed baby shower desserts;0
shark baby shower cupcakes;0
shark themed baby shower cookies;0
shark theme baby shower cake;0
shark baby shower decor;0
decoracion baby shower baby shark;0
shark themed baby shower food;0
baby shark baby shower ideas girl;0
shark themed baby shower games;0
baby shower gift basket shark ocean theme;0
baby shower niño baby shark;0
shark theme baby shower boy;0
baby shower themes shark;0
baby shower temática baby shark;0
whale shark baby shower theme;0
gender neutral baby shower ideas theme;0
gender neutral baby shower ideas summer;0
gender neutral baby shower ideas winter;0
gender neutral baby shower ideas fall;0
gender neutral baby shower ideas decoration;0
gender neutral baby shower ideas games;0
gender neutral baby shower basket gift ideas;0
baby shower gifts gender neutral;0
baby in bloom gender neutral baby shower theme;0
baby shower gender neutral cake;0
gender neutral baby shower dress code;0
gender neutral baby shower ideas for twins;0
gender neutral safari baby shower ideas;0
gender neutral baby shower aesthetic;0
gender neutral baby shower arch;0
gender neutral baby shower adventure;0
gender neutral baby shower announcement;0
gender neutral baby shower animal theme;0
gender neutral baby shower at home;0
gender neutral baby shower august;0
gender neutral baby shower at work;0
gender neutral baby shower attire;0
gender neutral baby shower green and yellow;0
gender neutral baby shower favor ideas on a budget;0
gender neutral baby shower banner;0
gender neutral baby shower basket;0
gender neutral baby shower balloon arch;0
gender neutral baby shower banner ideas;0
gender neutral baby shower brunch;0
gender neutral baby shower brunch ideas;0
gender-neutral baby shower book theme;0
gender neutral baby shower beach theme;0
gender neutral baby shower bbq;0
gender neutral baby shower cake ideas;0
gender neutral baby shower color theme;0
gender neutral baby shower color palette;0
gender neutral baby shower cards;0
gender neutral baby shower cake simple;0
gender neutral baby shower cake designs;0
gender neutral baby shower cake pops;0
gender neutral baby shower dress;0
gender neutral baby shower dress for mom;0
gender neutral baby shower decor ideas;0
gender neutral baby shower desserts;0
gender-neutral baby shower dresses;0
gender neutral baby shower duck;0
gender neutral baby shower diaper cake;0
gender neutral baby shower elephant;0
easy baby shower themes gender neutral;0
elegant baby shower ideas gender neutral;0
easy gender neutral baby shower decor;0
earth tone gender-neutral baby shower color scheme;0
enchanted forest baby shower theme gender neutral;0
elephant baby shower cookies gender neutral;0
elephant baby shower theme gender neutral;0
easy gender neutral baby shower theme;0
baby shower ideas elephant theme gender neutral;0
gender neutral baby shower ideas easy;0
gender neutral baby shower food ideas;0
gender neutral baby shower fall;0
gender neutral baby shower florals;0
gender neutral baby shower food;0
gender neutral baby shower flower ideas;0
gender neutral baby shower fall themes;0
gender neutral baby shower favor ideas;0
gender neutral baby shower february;0
gender neutral baby shower for twins;0
gender neutral baby shower food table;0
gender-neutral baby shower guest outfit;0
gender neutral baby shower game prizes;0
gender neutral baby shower gifts basket;0
gender neutral baby shower goose;0
gender neutral baby shower green;0
gender neutral baby shower guest dress;0
gender neutral baby shower gift bags;0
gender neutral baby shower hamper;0
highland cow baby shower theme gender neutral;0
halloween baby shower gender neutral;0
gender neutral baby shower ideas halloween;0
gender neutral baby shower cards handmade;0
heaven sent baby shower theme gender neutral;0
gender neutral baby shower ideas at home;0
here comes the sun baby shower theme gender neutral;0
hot air balloon baby shower theme gender neutral;0
a little piece of heaven baby shower gender neutral;0
gender neutral baby shower ideas hot air balloon;0
gender neutral baby shower ideas spring;0
gender neutral baby shower ideas october;0
gender neutral baby shower ideas january;0
gender neutral baby shower ideas august;0
gender neutral baby shower january;0
gender neutral baby shower july;0
gender neutral baby shower ideas for january;0
jungle-themed gender neutral baby shower ideas;0
gender-neutral jungle baby shower decorations;0
june baby shower themes gender neutral;0
jungle animal baby shower theme gender neutral;0
june baby shower gender neutral;0
june baby shower ideas gender neutral;0
gender neutral baby shower themes january;0
gender neutral baby shower rice krispies;0
lion king baby shower ideas gender neutral;0
gender neutral baby shower locally grown;0
gender neutral baby shower lunch;0
gender neutral baby shower lemon theme;0
gender neutral baby shower lemons;0
ralph lauren gender neutral baby shower theme;0
lemon themed baby shower ideas gender neutral;0
cielito lindo baby shower gender neutral;0
baby shower clothes line gender neutral;0
let the adventure begin baby shower gender neutral;0
little pumpkin baby shower ideas gender neutral;0
gender neutral baby shower mood board;0
gender neutral baby shower march;0
gender neutral baby shower minimalist;0
gender neutral baby shower mantle;0
gender neutral baby shower may;0
gender neutral baby shower ideas for may;0
baby shower dress for mom gender neutral;0
march baby shower ideas gender neutral;0
gender neutral baby shower ideas minimalist;0
gender neutral baby shower ideas minimal;0
over the moon baby shower gender neutral;0
gender neutral baby shower outfits for mom;0
gender neutral baby shower nail ideas;0
gender neutral baby shower november;0
gender neutral baby shower no theme;0
gender neutral baby shower outfit;0
gender neutral baby shower outfit ideas;0
gender neutral baby shower outfit guest;0
gender neutral baby shower october;0
gender neutral baby shower ocean;0
gender neutral baby shower outfit winter;0
baby its cold outside baby shower gender neutral;0
gender neutral baby shower cut out cookies;0
cherry on top baby shower theme gender neutral;0
gender neutral baby shower prize ideas;0
gender neutral baby shower prize gifts;0
gender neutral baby shower poster ideas;0
gender neutral baby shower petit fours;0
gender neutral baby shower poster;0
gender neutral baby shower picnic;0
gender neutral baby shower pooh;0
gender neutral baby shower present;0
gender-neutral baby q shower ideas;0
baby q shower ideas gender neutral;0
gender neutral baby shower reveal;0
rainbow baby shower gender neutral;0
peter rabbit baby shower cookies gender neutral;0
rustic winter baby shower ideas gender neutral;0
retro baby shower ideas gender neutral;0
gender neutral rainbow baby shower ideas;0
rainbow-themed gender neutral baby shower ideas;0
regalo baby shower gender neutral;0
gender neutral baby shower prizes diaper raffle;0
gender neutral baby shower sugar cookies;0
gender neutral baby shower summer;0
gender neutral baby shower sheet cake;0
gender neutral baby shower sign;0
gender-neutral baby shower sign ideas;0
gender neutral baby shower sage green;0
gender neutral baby shower spring;0
gender neutral baby shower save the date;0
gender neutral baby shower sunshine;0
gender neutral baby shower simple;0
gender neutral baby shower september;0
gender neutral baby shower sweets;0
gender neutral baby shower themes summer;0
gender neutral baby shower themes winter;0
gender neutral baby shower themes fall;0
gender neutral baby shower themes spring;0
gender neutral baby shower table decor;0
gender neutral baby shower treats;0
gender neutral baby shower tablescape;0
gender neutral baby shower table;0
gender neutral baby shower themes green;0
gender neutral baby shower table setting;0
baby shower gifts unisex gender neutral;0
unisex baby shower ideas gender neutral;0
gender neutral baby shower ideas unique;0
unique gender neutral baby shower theme;0
up up and away baby shower gender neutral;0
under the sea baby shower ideas gender neutral;0
unisex baby shower decorations color schemes gender neutral;0
gender-neutral under the stars baby shower decorations;0
up up and away baby shower theme gender neutral;0
baby shower food table set up gender neutral;0
gender neutral baby shower venue ideas;0
gender neutral baby shower vintage;0
vintage baby shower cake gender neutral;0
valentines baby shower gender neutral;0
gender neutral baby shower ideas vintage;0
vintage gender neutral baby shower ideas spring;0
valentine’s day baby shower gender neutral;0
gender-neutral vintage baby shower decorations;0
vintage theme baby shower ideas gender neutral;0
valentines baby shower ideas gender neutral;0
valentine’s day baby shower ideas gender neutral;0
vintage pastel gender-neutral baby shower color palette;0
gender neutral baby shower winter;0
gender neutral baby shower welcome sign;0
gender neutral baby shower western;0
gender neutral baby shower wrapping;0
gender neutral baby shower woodland;0
gender neutral baby shower winter ideas;0
gender neutral baby shower wreath;0
gender neutral baby shower wallpaper;0
winter themed baby shower ideas gender neutral;0
baby shower gender neutral theme winter;0
bearly wait baby shower ideas gender neutral;0
gender neutral baby shower yellow;0
gender neutral baby shower ideas yellow;0
gender neutral baby shower thank you gifts;0
thank you gifts for baby shower guests gender neutral;0
gender-neutral yellow baby shower ideas;0
gender neutral baby shower ideas theme yellow;0
sea you soon baby shower theme gender neutral;0
gender neutral baby shower cake yellow;0
you are my sunshine baby shower theme gender neutral;0
zoo themed baby shower gender neutral;0
gender neutral baby shower cake 2 tier;0
gender neutral baby shower 2026;0
2nd baby shower ideas gender neutral;0
2026 baby shower themes gender neutral;0
gender neutral baby shower ideas 2026;0
3 tier baby shower cake gender neutral;0
sims 4 gender-neutral baby shower cc;0
on cloud 9 baby shower theme gender neutral;0
baby boy shower ideas themes;0
baby boy shower ideas gifts;0
baby boy shower ideas decorations;0
baby boy shower ideas fall;0
baby boy shower ideas fall themes;0
baby boy shower ideas summer;0
baby boy shower ideas silly goose;0
baby boy shower ideas themes october;0
baby boy shower ideas simple;0
baby boy shower ideas hunting theme;0
baby boy shower ideas themes september;0
baby boy shower ideas food;0
baby shower ideas for boy;0
boy girl twins baby shower ideas;0
baby shower theme boy ideas;0
baby in bloom boy shower ideas blue;0
baby boy is brewing shower ideas;0
western baby boy shower ideas little cowboy;0
baby boy shower ideas april;0
baby boy shower ideas animals;0
baby boy shower ideas august;0
baby boy shower ideas adventure theme;0
baby boy shower ideas at home;0
baby boy shower ideas animal theme;0
baby boy shower ideas airplane;0
baby boy shower ideas adventure;0
baby boy shower ideas amazon;0
baby boy shower ideas arabic;0
baby boy shower ideas aesthetic;0
baby boy shower ideas at work;0
baby boy shower ideas bear;0
baby boy shower ideas bear theme;0
baby boy shower ideas blueberry;0
baby boy shower ideas basketball theme;0
baby boy shower ideas brunch;0
baby boy shower ideas blue and yellow;0
baby boy shower ideas blue and white;0
baby boy shower ideas blue and brown;0
baby boy shower ideas blue jean;0
baby boy shower ideas backdrop;0
baby boy shower ideas brown;0
baby boy shower ideas cowboy;0
baby boy shower ideas cake;0
baby boy shower ideas centerpieces;0
baby boy shower ideas country;0
baby boy shower ideas car theme;0
baby boy shower ideas christmas;0
baby boy shower ideas cows;0
baby boy shower ideas cupcakes;0
baby boy shower ideas cowboy theme;0
baby boy shower ideas construction;0
baby boy shower ideas country theme;0
baby boy shower ideas cookies;0
baby boy shower ideas dessert tables;0
baby boy shower ideas dinosaur;0
baby boy shower ideas december;0
baby boy shower ideas diy;0
baby boy shower ideas duck;0
baby boy shower ideas disney;0
baby boy shower ideas decor;0
baby boy shower ideas dirt bike;0
baby boy shower ideas duck hunting;0
baby boy shower ideas denim;0
baby boy shower ideas duck theme;0
baby boy shower ideas elegant;0
baby boy shower ideas emerald green;0
baby boy shower ideas easy;0
baby boy shower ideas elephants;0
boy baby shower ideas themes elephant cakes;0
baby shower ideas boy elephant;0
baby boy shower ideas themes elegant;0
co ed baby shower ideas boy;0
elephant baby boy shower food ideas;0
baby boy elephant shower ideas themes;0
elegant boy baby shower ideas black white;0
baby boy shower ideas february;0
baby boy shower ideas fishing theme;0
baby boy shower ideas fishing;0
baby boy shower ideas football;0
baby boy shower ideas for fall;0
baby boy shower ideas flowers;0
baby boy shower ideas for october;0
baby boy shower ideas for the fall;0
baby boy shower ideas for february;0
baby boy shower ideas green;0
baby boy shower ideas games;0
baby boy shower ideas golf;0
baby boy shower ideas goose;0
baby boy shower ideas gingham;0
baby boy shower ideas golf theme;0
baby boy shower ideas green and yellow;0
baby boy shower ideas green and blue;0
baby boy shower ideas green theme;0
baby boy shower ideas green and brown;0
baby boy shower ideas greenery;0
baby boy shower ideas home;0
baby boy shower ideas hunting;0
baby boy shower ideas highland cow;0
baby boy shower ideas here comes the son;0
baby boy shower ideas halloween;0
baby boy shower ideas heaven sent;0
baby boy shower ideas hot air balloon;0
baby boy shower ideas hockey;0
baby boy shower ideas hunter;0
rocking horse baby shower boy gift ideas;0
highland cow theme baby shower ideas boy;0
baby boy shower ideas invites;0
baby boy shower ideas in may;0
baby boy shower ideas in january;0
baby boy shower ideas in february;0
baby boy shower ideas in april;0
baby boy shower ideas in october;0
baby boy shower ideas intimate;0
baby boy shower ideas invitations;0
baby boy shower ideas in september;0
baby boy shower ideas italian;0
vintage baby shower cake;0
vintage baby shower decorations;0
vintage baby shower girl;0
vintage baby shower ideas;0
vintage baby shower theme;0
you are my sunshine baby boy shower ideas;0
vintage airplane baby shower cake;0
vintage airplane baby shower ideas;0
vintage baby shower backdrop;0
vintage baby shower banner;0
vintage baby shower boy;0
vintage baby shower cake ideas;0
vintage baby shower centerpieces;0
vintage baby shower decor;0
vintage baby shower decoration ideas;0
vintage baby shower dress;0
vintage baby shower favors;0
vintage baby shower food;0
vintage baby shower for boy;0
vintage baby shower games;0
vintage baby shower gifts;0
vintage baby shower ideas for a girl;0
vintage baby shower invite;0
vintage baby shower napkins;0
vintage baby shower plates;0
vintage baby shower tea party;0
vintage peter rabbit baby shower invitations;0
duck baby shower cake;0
duck baby shower centerpiece ideas;0
duck baby shower centerpieces;0
duck baby shower decorations;0
duck baby shower favors;0
duck baby shower games;0
duck baby shower girl;0
duck baby shower ideas;0
duck baby shower invitations;0
duck baby shower sheet cake;0
duck baby shower theme;0
duck themed baby shower girl;0
rubber duck baby shower cake;0
rubber duck baby shower centerpieces;0
rubber duck baby shower decor;0
vintage baby shower wrapping paper;0
baby boy shower ideas in march;0
baby boy shower ideas in december;0
baby boy shower ideas january;0
baby boy shower ideas july;0
baby boy shower ideas jungle;0
baby boy shower ideas jungle theme;0
baby boy shower ideas decorations blue mason jars;0
blue jean baby shower theme boy food ideas;0
baby boy shower ideas themes july;0
jungle-themed boy baby shower ideas;0
january baby shower ideas themes boy;0
boy baby shower ideas themes jungle;0
june baby shower ideas for boy;0
black boy joy baby shower ideas;0
boy baby shower ideas king;0
lion king boy baby shower ideas;0
baby shower basket gift ideas boy survival kits;0
disney boy baby shower ideas the lion king;0
low key baby shower ideas boy;0
hello kitty boy baby shower ideas;0
boy baby shower keepsake ideas;0
boy baby shower ideas themes lion king;0
koala theme baby shower ideas boy;0
baby boy shower ideas lion;0
baby boy shower ideas lion king;0
baby boy shower ideas locally grown;0
baby boy shower ideas light blue;0
my little pumpkin baby shower ideas boy centerpieces;0
looney tunes boy baby shower ideas;0
twinkle little star baby shower ideas boy centerpieces;0
boy baby shower ideas cielito lindo;0
little pumpkin baby shower ideas boy backdrop;0
baby boy clothes line shower ideas;0
boy baby shower ideas themes bow ties little gentleman;0
baby boy shower ideas march;0
baby boy shower ideas may;0
baby boy shower ideas minimal;0
baby boy shower ideas mexican;0
baby boy shower ideas mickey mouse;0
baby boy shower ideas mallard duck;0
baby boy shower ideas mountain;0
baby boy shower ideas military;0
baby boy shower ideas modern;0
baby boy shower ideas mountain theme;0
baby boy shower ideas moon and stars;0
baby boy shower ideas mallard;0
baby boy shower ideas november;0
baby boy shower ideas neutral colors;0
baby boy shower ideas navy blue;0
baby boy shower ideas nails;0
baby boy shower ideas noahs ark;0
baby boy shower ideas not blue;0
baby boy shower ideas nautical;0
baby boy shower ideas nature;0
baby boy shower ideas no balloons;0
baby boy shower ideas neutral;0
baby boy shower ideas no theme;0
noahs ark baby shower ideas for boy;0
baby boy shower ideas october;0
baby boy shower ideas outdoor theme;0
baby boy shower ideas ocean theme;0
baby boy shower ideas outdoor;0
baby boy shower ideas outfits;0
baby boy shower ideas on a budget;0
baby boy shower ideas outside;0
baby boy shower ideas ocean;0
baby boy shower ideas over the moon;0
baby boy shower ideas oh boy;0
baby boy shower ideas old money;0
baby boy shower ideas orange;0
baby boy shower ideas peter rabbit;0
baby boy shower ideas planes;0
baby boy shower ideas pumpkin;0
baby boy shower ideas pizza;0
baby boy shower ideas plaid;0
baby boy shower ideas polo;0
baby boy shower ideas present;0
baby boy shower ideas prince;0
tea party themed baby shower ideas boy;0
preppy boy baby shower ideas;0
pool baby shower ideas decoration boy;0
baby q shower ideas boy cake;0
baby q shower ideas boy;0
baby q shower ideas boy decor;0
baby q shower ideas boy blue gingham;0
baby q shower ideas boy games;0
baby q shower ideas boy food;0
baby q shower ideas boy cookies;0
baby q baby shower ideas for boy;0
baby q shower ideas boy blue;0
baby boy shower ideas ralph lauren;0
baby boy shower ideas rustic;0
baby boy shower ideas race car;0
baby boy shower ideas red;0
baby boy shower ideas religious;0
baby boy shower ideas rubber ducky;0
baby boy shower ideas rocking horse;0
baby boy shower ideas rain drop;0
baby boy shower ideas racing;0
baby boy shower ideas ready to pop;0
baby boy shower ideas rabbit;0
baby boy shower ideas room;0
baby boy shower ideas spring;0
baby boy shower ideas september;0
baby boy shower ideas sports;0
baby boy shower ideas safari;0
baby boy shower ideas spanish;0
baby boy shower ideas sage green;0
baby boy shower ideas springtime;0
baby boy shower ideas sailboat;0
baby boy shower ideas stitch;0
baby boy shower ideas themes fall;0
baby boy shower ideas themes beach;0
baby boy shower ideas themes summer;0
baby boy shower ideas themes winter;0
baby boy shower ideas themes simple;0
baby boy shower ideas themes february;0
baby boy shower ideas themes spring;0
baby boy shower ideas themes green;0
baby boy shower ideas themes nautical;0
baby boy shower ideas unique;0
baby boy shower ideas under the sea;0
baby boy shower ideas up;0
boy themed baby shower ideas unique;0
unique boy baby shower ideas themes;0
under the sea baby boy shower food ideas;0
upscale baby boy shower ideas;0
unique boy baby shower centerpiece ideas;0
unique boy baby shower favor ideas;0
under the sea themed baby shower ideas boy;0
baby boy shower cake ideas unique;0
baby shower set up ideas layout boy;0
baby boy shower ideas vintage;0
baby boy shower ideas vaquero;0
baby boy shower ideas video;0
baby boy shower ideas vintage sports;0
valentine’s day baby boy shower ideas;0
valentine day baby shower ideas for boy;0
vintage winnie the pooh baby boy shower ideas;0
baby shower fruit ideas boy veggie tray;0
baby boy valentine baby shower ideas;0
valentine baby shower ideas for a boy;0
valentines baby shower ideas boy;0
baby boy shower ideas themes rustic vintage;0
baby boy shower ideas winter;0
baby boy shower ideas winnie the pooh;0
baby boy shower ideas western;0
baby boy shower ideas woodland theme;0
baby boy shower ideas with clouds;0
baby boy shower ideas winter theme;0
baby boy shower ideas woodland;0
baby boy shower ideas with ducks;0
baby boy shower ideas western theme;0
baby boy shower ideas with bears;0
baby boy shower ideas with teddy bears;0
baby boy shower ideas with flowers;0
baby boy shower ideas yellow;0
oh the places youll go baby shower ideas boy;0
boy baby shower ideas green and yellow;0
new year baby shower ideas boy;0
boy baby shower ideas blue and yellow;0
baby boy shower ideas themes yellow;0
yea party baby shower ideas boy;0
baby boy shower thank you gift ideas;0
you are my sunshine baby shower ideas decoration boy;0
sea you soon baby shower ideas boy;0
baby yoda baby shower ideas boy ideas;0
baby boy shower ideas zoo animals;0
zebra baby shower ideas boy;0
boy baby shower ideas dragon ball z;0
zoo animal baby shower ideas boy;0
1st boy baby shower ideas;0
100 acre woods baby shower ideas boy;0
baby shower ideas for boy number 2;0
baby boy #2 shower ideas;0
baby boy shower ideas 2025;0
baby boy shower ideas 2026;0
baby boy shower ideas 2000s;0
baby shower ideas for 2nd boy;0
2025 baby boy shower ideas;0
baby shower ideas for boy 2026;0
2nd baby shower ideas sprinkle boy;0
baby boy shower theme ideas 2026;0
2nd baby shower ideas boy;0
boy baby shower ideas themes 2025;0
2nd baby shower ideas boy theme parties;0
3rd baby shower ideas boy;0
baby shower ideas for 3rd boy;0
4th baby shower ideas boy;0
4th of july baby shower ideas boy;0
70s baby shower ideas boy;0
boy baby shower ideas cloud 9;0
boy baby shower ideas 90s;0
vintage baby shower invitation;0
vintage baby shower cookies;0
vintage baby shower ideas girl;0
vintage baby shower ideas gender neutral;0
vintage baby shower theme ideas;0
vintage winnie the pooh baby shower backdrop;0
vintage stork baby shower ideas;0
vintage americana baby shower ideas;0
vintage winnie the pooh baby shower cake girl;0
vintage girl baby shower decor;0
vintage baby shower card;0
vintage baby shower gift basket;0
vintage fall girl baby shower ideas;0
vintage baby girl shower invite;0
vintage baby shower aesthetic;0
vintage baby shower activities;0
vintage baby shower art;0
vintage baby shower announcement;0
vintage airplane baby shower theme dessert tables;0
vintage airplane baby shower boy;0
vintage airplane baby shower invitation;0
alice in wonderland baby shower ideas vintage;0
vintage airplane baby shower theme cake;0
vintage baby shower balloon arch;0
vintage baby shower backdrop inspiration;0
vintage baby shower boy theme;0
vintage baby shower boy cake;0
vintage baby shower basket;0
vintage baby shower background;0
vintage baby shower boy ideas;0
vintage baby shower boy decor;0
vintage baby shower balloons;0
vintage baby shower centerpiece ideas;0
vintage baby shower cake boy;0
vintage baby shower cupcakes;0
vintage baby shower cake girl;0
vintage baby shower cookies for girl;0
vintage baby shower cards;0
vintage baby shower cookies for boy;0
vintage baby shower decorations girl;0
vintage baby shower decorations boy;0
vintage baby shower dessert table;0
vintage baby shower diy ideas;0
vintage baby shower desserts;0
vintage baby shower decor ideas;0
vintage baby shower diy;0
decoración baby shower niña estilo vintage;0
vintage elephant baby shower theme;0
baby shower elefante vintage;0
vintage equestrian baby shower theme gifts;0
baby shower estilo vintage;0
vintage earthy baby shower ideas;0
elegant baby shower ideas vintage;0
baby shower niña estilo vintage;0
vintage elephant baby shower centerpieces;0
vintage baby shower for girl;0
vintage baby shower food ideas;0
vintage baby shower favor ideas;0
vintage baby shower flowers;0
vintage baby shower food table;0
vintage baby shower fall;0
vintage baby shower florals;0
vintage baby shower frame;0
vintage baby shower flower arrangements;0
vintage baby shower girl theme;0
vintage baby shower gift ideas;0
vintage baby shower gender neutral;0
vintage baby shower girl cake;0
vintage baby shower girl cookies;0
vintage baby shower goose;0
vintage baby shower garland;0
vintage baby shower green;0
vintage hunting baby shower decorations;0
vintage high chair baby shower decor;0
baby shower vintage heart cake;0
vintage hunting baby shower cake;0
rocking horse baby shower girl vintage;0
vintage horse baby shower boy;0
baby shower vintage high chair;0
heart shaped vintage baby shower cake;0
vintage rocking horse baby shower ideas;0
vintage horse baby shower theme;0
vintage hunting baby shower cookies;0
rocking horse baby shower boy vintage;0
vintage baby shower ideas boy;0
vintage baby shower ideas for boys;0
vintage baby shower invitation template;0
vintage baby shower ideas decoration;0
vintage baby shower illustration;0
vintage baby shower invitations for boys;0
vintage baby shower look;0
vintage baby shower lace;0
vintage locally grown baby shower theme;0
letrero baby shower vintage;0
vintage baby shower clothes line;0
vintage ralph lauren baby shower decor;0
vintage ralph lauren baby shower theme girl;0
vintage ralph lauren baby shower cake;0
vintage ralph lauren baby shower ideas;0
vintage lamb baby shower theme;0
vintage ralph lauren baby shower cookies;0
lil pumpkin baby shower ideas vintage;0
vintage baby shower makeup;0
vintage baby shower mood board;0
vintage baby shower mother goose;0
mesa de postres baby shower vintage;0
vintage mickey mouse baby shower ideas;0
vintage mother goose baby shower cookies;0
mesa baby shower decoracion vintage;0
mesa baby shower vintage;0
vintage mexican baby shower theme;0
centro de mesa baby shower boy vintage;0
vintage mexican baby shower ideas;0
baby shower mickey vintage;0
vintage baby shower nails;0
vintage baby shower neutral;0
pastel de baby shower para niño vintage;0
baby shower vintage de niña;0
neutral baby shower ideas vintage;0
baby shower niño winnie pooh vintage;0
baby shower niña decoracion tematica vintage;0
vintage nature themed baby shower ideas;0
invitación baby shower niña vintage;0
vintage baby shower outfits;0
vintage baby shower outfit for mom;0
vintage baby shower outfit ideas;0
vintage baby shower outfit inspiration;0
vintage baby on board baby shower ideas;0
baby shower guest outfit vintage;0
baby shower osito vintage;0
baby shower outfit vintage;0
vintage over the moon baby shower ideas;0
vintage outdoor baby shower ideas;0
vintage winnie the pooh baby shower outfits;0
vintage baby shower party favor ideas;0
vintage baby shower photo shoot ideas;0
vintage baby shower photo backdrop;0
vintage baby shower painted banner;0
vintage baby shower photo booth ideas;0
vintage baby shower photos;0
vintage baby shower party favors;0
vintage baby shower pink;0
vintage baby shower pictures;0
vintage baby shower poster;0
vintage baby shower photography;0
vintage baby q shower ideas;0
vintage rose baby shower ideas;0
baby shower de color rosa vintage;0
vintage race car baby shower theme;0
vintage rabbit baby shower theme;0
ready to pop vintage baby shower ideas;0
baby shower rosa vintage;0
vintage peter rabbit baby shower ideas girl;0
vintage baby shower drink recipes;0
vintage baby shower sign;0
vintage baby shower sign ideas;0
vintage baby shower sheet cake;0
vintage baby shower saree;0
vintage baby shower sugar cookies;0
vintage baby shower sign in ideas;0
vintage baby shower stroller;0
vintage baby shower stickers;0
vintage baby shower signage;0
vintage baby shower set up;0
vintage baby shower simple;0
vintage baby shower stork;0
vintage baby shower theme girl;0
vintage baby shower table decor;0
vintage baby shower theme boy;0
vintage baby shower table decor ideas;0
vintage baby shower themes neutral;0
vintage baby shower table;0
vintage baby shower table setting;0
vintage baby shower treats;0
vintage baby shower themes for boys;0
vintage baby shower umbrella;0
vintage winnie the pooh baby shower table set up;0
vintage baby shower table set up;0
vintage baby shower venue suggestions;0
vintage baby shower vibes;0
vintage baby shower venue options;0
vintage baby shower welcome sign;0
vintage baby shower wallpaper;0
vintage baby shower winnie the pooh;0
vintage baby shower winter;0
vintage baby shower wrapping;0
vintage western baby shower cookies;0
vintage winnie the pooh baby shower cake pops;0
vintage wildflower baby shower theme;0
vintage baby shower yellow;0
yellow vintage baby shower cake;0
100 acre woods baby shower ideas vintage;0
2 tier vintage baby shower cake;0
duck baby shower cookies;0
duck baby shower banner;0
duck baby shower theme boys;0
duck baby shower theme girl;0
duck baby shower decor;0
baby duck baby shower ideas;0
duck theme baby shower ideas for girl;0
mallard duck baby shower themes;0
rubber duck baby shower centerpiece ideas;0
diy duck baby shower decorations;0
baby shower themes boy duck;0
mallard duck baby shower ideas blue;0
girl duck baby shower cake;0
mallard duck baby shower drinks;0
mallard duck baby shower balloon;0
duck baby shower boy theme;0
duck baby shower arch;0
duck baby shower aesthetic;0
duck hunting baby shower balloon arch;0
baby shower duck theme balloon arch;0
deer and duck baby shower cake;0
mallard duck baby shower balloon arch;0
duck and deer baby shower theme;0
mallard duck baby shower ideas balloon arch;0
duck and deer baby shower cookies;0
duck baby shower balloon arch;0
rubber duck baby shower balloon arch;0
mallard duck baby shower cake and cupcakes;0
duck baby shower backdrop;0
duck baby shower boy;0
duck baby shower banner painted;0
duck baby shower balloons;0
duck baby shower basket;0
duck baby shower background;0
duck baby shower blue;0
duck baby shower brunch;0
duck baby shower balloon garland;0
duck baby shower cupcakes;0
duck baby shower cookies boy;0
duck baby shower cake ideas;0
duck baby shower cookies girl;0
duck baby shower cookies decorated;0
duck baby shower cake boy;0
duck baby shower cookie cake;0
duck baby shower cards;0
duck baby shower desserts;0
duck baby shower diaper cake;0
duck baby shower drinks;0
duck baby shower drawing;0
duck baby shower dessert table;0
duck baby shower diy;0
duck baby shower dress;0
duck baby shower decorated cookies;0
duck baby shower food;0
duck baby shower food ideas;0
duck baby shower for girl;0
duck baby shower for boy;0
duck baby shower food table;0
duck baby shower flowers;0
mallard duck baby shower party favors;0
duck hunting baby shower theme food;0
baby shower ideas for boys duck;0
baby shower cakes for boys duck;0
duck baby shower gifts;0
duck baby shower gift basket;0
duck baby shower game ideas;0
duck baby shower gift ideas;0
duck baby shower girl theme;0
duck baby shower green;0
duck themed baby shower games;0
boy baby shower duck hunting;0
duck hunt baby shower cake;0
baby shower cards handmade duck;0
duck hunter baby shower ideas;0
duck hunting themed baby shower cookies;0
duck hunt baby shower cookies;0
duck hunting baby shower themes;0
duck hunting baby shower girl;0
hunting duck themed baby shower dessert;0
duck hunting baby shower ideas girl;0
duck hunting themed baby shower cake;0
duck baby shower invite;0
duck baby shower ideas for boys;0
duck baby shower ideas girl;0
duck baby shower ideas blue;0
duck baby shower ideas food;0
duck baby shower illustration;0
mallard duck baby shower ideas back drop;0
jemima puddle duck baby shower ideas;0
baby shower lucky duck;0
little duck baby shower cake;0
lucky duck baby shower cake;0
one lucky duck baby shower cookies;0
little duck baby shower theme;0
one lucky duck baby shower theme;0
little duck baby shower cookies;0
lucky duck baby shower cookies;0
little duck baby shower invitation;0
lucky duck baby shower theme;0
little duck baby shower ideas;0
duck baby shower mallard;0
mallard duck baby shower decorated cookies;0
mallard duck baby shower blue;0
mallard duck baby shower basket;0
mallard duck baby shower boy;0
mallard duck baby shower gift;0
duck baby shower nails;0
blue baby shower duck nails;0
duck baby shower theme gender neutral;0
baby shower nails mallard duck;0
baby shower niña duck;0
baby shower nails duck theme;0
pink baby shower duck nails;0
baby shower nails boy duck;0
gender neutral baby shower ideas duck;0
duck themed baby shower nails;0
duck baby shower theme neutral;0
duck baby shower outfit;0
duck baby shower outfit for mom;0
duck theme baby shower outfit;0
mallard duck baby shower outfit for mom;0
mallard duck baby shower outfit;0
rubber duck baby shower outdoor decoration ideas;0
duck hunting baby shower outfit;0
duck baby shower party favors;0
duck baby shower painted banner;0
duck baby shower poster;0
duck baby shower pink;0
duck baby shower punch;0
duck baby shower party;0
duck baby shower paper banner;0
baby shower duck theme pink;0
baby shower party favors duck theme;0
duck hunting baby shower cake pops;0
duck baby shower center piece;0
rubber duck baby shower sign;0
boy baby shower rubber duck theme;0
rubber duck boy baby shower ideas;0
diy rubber duck baby shower decorations;0
baby shower card rubber duck;0
baby shower rubber duck cookies;0
boy baby shower ideas themes rubber duck;0
rubber duck themed baby shower ideas;0
duck baby shower sign;0
duck baby shower sugar cookies;0
duck baby shower snacks;0
duck baby shower stickers;0
duck baby shower sweets;0
duck baby shower sayings;0
duck baby shower theme cookies;0
duck baby shower table decor;0
duck baby shower theme cake;0
duck baby shower treats;0
duck baby shower theme centerpieces;0
duck baby shower theme food;0
duck baby shower theme banner;0
duck baby shower theme table decorations;0
mallard duck baby shower set up;0
vintage duck baby shower cookies;0
vintage mallard duck baby shower theme;0
vintage duck baby shower ideas;0
vintage duck baby shower decor;0
vintage duck baby shower cake;0
duck baby shower welcome sign;0
woodland duck baby shower theme;0
white duck baby shower ideas;0
wood duck themed baby shower ideas;0
wood duck baby shower ideas;0
baby shower white duck;0
rubber duck baby shower welcome sign;0
mallard duck baby shower welcome sign;0
baby shower coloring pages printables;0
baby shower cutouts printables;0
baby shower game printables;0
baby shower mad libs free printables;0
baby shower printables boy;0
baby shower printables free;0
baby shower printables games;0
baby shower printables girl;0
elephant baby shower printables;0
fall pumpkin baby shower ideas;0
fall pumpkin baby shower invitations;0
free baby shower invitations templates printables;0
halloween baby shower printables;0
harry potter baby shower printables;0
ready to pop baby shower printables;0
woodland baby shower printables;0
baby shower cookies woodland animals;0
baby shower graphics girl;0
baby shower motion graphics;0
blue teddy bear baby shower decorations;0
safari theme baby shower decorations;0
safari theme baby shower outfit;0
safari theme baby shower party favors;0
woodland animals baby shower banner;0
woodland animals baby shower cake;0
woodland animals baby shower centerpieces;0
woodland animals baby shower cookies;0
woodland animals baby shower favors;0
woodland animals baby shower food;0
woodland animals baby shower girl;0
woodland animals baby shower ideas;0
woodland animals baby shower invitations;0
woodland baby shower free printables;0
baby shower clipart black and white;0
baby shower clipart boy;0
baby shower clipart girl;0
baby shower clipart images;0
christmas baby shower themes;0
nightmare before christmas baby shower theme;0
woodland animals baby shower decorations;0
woodland animals baby shower food ideas;0
woodland animals baby shower games;0
woodland animals baby shower sheet cake;0
wood duck baby shower cookies;0
white duck baby shower theme;0
baby shower with duck theme;0
baby shower cake with duck;0
duck baby shower yellow;0
yellow duck baby shower ideas;0
baby shower thank you gifts duck;0
baby shower yellow duck theme;0
yellow duck themed baby shower ideas;0
yellow duck baby shower cookies;0
duck baby shower thank you;0
yellow duck baby shower cupcakes;0
mallard duck baby shower thank you gift;0
yellow duck baby shower cake;0
yellow and blue baby shower ideas rubber duck;0
fall pumpkin baby shower centerpieces;0
fall pumpkin baby shower cake;0
fall pumpkin baby shower treats;0
fall pumpkin baby shower cookies;0
fall pumpkin baby shower food ideas;0
fall pumpkin baby shower table decor;0
fall pumpkin baby shower ideas girl;0
fall pumpkin baby shower decor;0
fall pumpkin baby shower ideas boy;0
fall pumpkin baby shower sheet cake;0
pumpkin fall baby shower cake;0
fall little pumpkin baby shower ideas;0
fall themed baby shower ideas no pumpkin;0
pumpkin fall baby shower games;0
fall baby shower themes not pumpkin;0
fall pumpkin baby shower desserts;0
pumpkin fall baby shower theme;0
fall pumpkin baby shower welcome sign;0
fall baby shower balloon arch pumpkin;0
fall pumpkin girl baby shower ideas;0
fall pumpkin baby shower backdrop;0
fall pumpkin baby shower banner;0
fall pumpkin baby shower boy;0
fall pumpkin baby shower balloon arch;0
fall pumpkin baby shower balloons;0
fall pumpkin baby shower cake ideas;0
fall pumpkin baby shower cupcakes;0
fall pumpkin theme baby shower cake;0
fall pumpkin baby shower ideas boho chic;0
fall pumpkin baby shower decorations;0
fall pumpkin baby shower dessert table;0
fall little pumpkin baby shower decor;0
fall pumpkin baby shower favors;0
fall pumpkin baby shower food;0
fall pumpkin baby shower for girl;0
fall pumpkin baby shower girl;0
fall pumpkin baby shower games;0
fall little pumpkin baby shower ideas girl;0
fall pumpkin baby shower theme girl;0
fall pumpkin baby shower invite;0
pink fall pumpkin baby shower ideas;0
fall baby shower ideas not pumpkin;0
fall pumpkin themed baby shower ideas;0
pumpkin patch fall baby shower ideas;0
fall baby shower little pumpkin;0
fall baby shower themes little pumpkin;0
fall baby shower not pumpkin;0
fall pumpkin baby shower pink;0
fall pumpkin baby shower sign;0
fall pumpkin baby shower themes;0
pumpkin-themed fall baby shower ideas;0
cottagecore baby shower ideas;0
cottagecore baby shower theme;0
cottagecore baby shower ideas girl;0
cottagecore baby shower dress;0
cottagecore baby shower invitations;0
cottagecore baby shower decor;0
cottagecore baby shower cake;0
cottagecore baby shower ideas boy;0
cottagecore baby shower food ideas;0
cottagecore baby shower outfit;0
cottagecore baby shower decoration ideas;0
cottagecore baby shower gifts;0
cottagecore baby shower sign;0
cottagecore baby shower favor ideas;0
cottagecore baby shower invite;0
cottagecore baby shower favors;0
cottagecore baby shower cake design ideas;0
cottagecore baby shower decorations;0
baby shower ideas cottagecore;0
cottagecore baby shower boy;0
cottagecore baby shower backdrop;0
cottagecore baby shower banner;0
cottagecore baby shower cookies;0
cottagecore baby shower food;0
cottagecore baby shower girl;0
cottagecore baby shower game ideas;0
cottagecore baby shower games;0
cottagecore baby shower theme girl;0
baby shower themes cottagecore;0
baby shower printables free boy clip art;0
baby shower printables free templates;0
baby shower printables free decorations;0
baby shower printables cake topper;0
baby shower printables topper;0
baby shower printables stickers;0
baby shower printables for cake;0
baby shower invites for boys templates free printables;0
baby shower free printables boy invitation templates;0
baby shower cake printables;0
baby girl shower games printables;0
girl baby shower printables free;0
butterfly baby shower printables;0
free halloween baby shower printables;0
fall baby shower free printables;0
wildflower baby shower printables;0
baby shower printables advice;0
baby shower advice cards free printables;0
baby shower elephant printables free clip art;0
baby shower activity printables;0
baby shower games ideas activities printables;0
baby shower games free printables 20 questions about mommy and daddy;0
baby shower alphabet book free printables;0
free baby shower games printables with answers;0
baby shower printables boy or girl;0
baby shower printables cake;0
nightmare before christmas baby shower game printables;0
baby shower templates free printables cupcake toppers;0
baby shower coloring pages printables free;0
here comes the son baby shower theme printables;0
free baby shower games printables fun;0
baby shower printables decor;0
dinosaur baby shower printables free;0
baby shower downloads free printables;0
baby shower decoration printables;0
december baby shower themes baby printables;0
diy baby shower banner boy free printables;0
baby shower printables free decorations printable;0
storybook baby shower theme decoration free printables;0
nightmare before christmas baby shower decoration printables;0
baby shower gift tags diy free printables;0
elephant baby shower free printables;0
easy baby shower games free printables;0
baby shower games free printables emoji;0
simple baby shower games free printables easy;0
free baby shower games printables boys;0
baby shower games free printables girl;0
pink baby shower games free printables;0
baby shower games printables free;0
harry potter baby shower printables free;0
here comes the son baby shower printables;0
baby shower hamper printables;0
baby in bloom baby shower printables;0
baby shower ideas printables;0
baby shower invitations for boys free templates party printables;0
bumble bee baby shower invitations free printables;0
free baby shower invitations templates printables boy;0
the price is right baby shower game free printables;0
baby bee shower ideas free printables;0
winnie the pooh baby shower invitations template free printables;0
free safari baby shower printables jungle theme;0
kids baby shower games free printables;0
lemon baby shower printables;0
baby shower guest list template free printables;0
lord of the rings baby shower printables;0
baby shower printables free templates banner letters;0
free little pumpkin baby shower printables;0
baby shower water bottle labels free printables;0
baby shower printables marathi;0
baby shower games free printables mommy or daddy;0
baby shower name games free printables;0
baby shower boy or girl printables;0
baby shower printables props;0
baby shower printables pink;0
peter rabbit baby shower printables;0
ready to pop baby shower ideas boy free printables;0
free baby shower games printables price is right;0
teddy bear baby shower theme free printables;0
woodland baby shower theme printables;0
toy story baby shower printables;0
baby shower cupcake toppers boy free printables;0
baby shower templates free printables video;0
baby shower woodland theme girl free printables;0
baby shower games free printables winnie the pooh;0
we can bearly wait baby shower free printables;0
winnie the pooh baby shower printables free;0
woodland baby shower games printables free;0
winnie pooh baby shower printables;0
we can bearly wait baby shower printables;0
baby shower wallpaper backgrounds free printables;0
thank you tags for baby shower favors free printables;0
free baby shower thank you printables;0
thank you cards baby shower boy free printables;0
baby shower graphics free clip art;0
baby shower graphics design;0
baby shower graphics ideas;0
yellow baby shower graphics;0
ralph lauren baby shower graphics;0
baby boy baby shower graphics;0
locally grown baby shower graphics;0
winnie the pooh baby shower graphics;0
indian baby shower graphics;0
baby shower girl graphics;0
baby shower invite graphics;0
watercolor baby shower theme;0
safari baby shower themes;0
safari baby shower theme boy;0
safari baby shower theme girl;0
safari baby shower theme decoration;0
safari baby shower theme cake;0
safari baby shower theme decor;0
safari baby shower theme ideas;0
safari baby shower theme centerpieces;0
safari baby shower themes for boys;0
safari baby shower theme cookies;0
safari baby shower theme food;0
safari baby shower theme nails;0
wild safari baby shower theme;0
blue toile safari baby shower theme;0
safari baby shower boy food jungle theme;0
safari girl baby shower ideas jungle theme;0
safari themed baby shower cake ideas;0
baby shower outfits for mom safari theme;0
safari theme baby shower ideas blue;0
safari theme baby shower sign;0
safari themed baby shower invite;0
safari theme baby shower decor ideas;0
baby shower ideas for safari theme;0
safari theme baby shower images;0
hot air balloon safari baby shower theme;0
animal safari baby shower theme;0
africa safari baby shower theme;0
baby shower animal theme jungle safari;0
safari animal baby shower theme girl;0
safari theme baby shower balloon arch;0
zoo animal baby shower theme jungle safari;0
baby shower animal theme centerpieces jungle safari;0
safari animal theme baby shower ideas;0
african safari theme baby shower ideas;0
safari animals baby shower theme;0
pink safari baby shower ideas decoration jungle animals theme;0
royal safari baby shower theme;0
safari theme baby shower cake topper;0
pink safari theme baby shower cake;0
safari theme baby shower decorated cookies;0
cake safari baby shower jungle theme;0
baby shower safari theme cake pops;0
safari theme baby shower cookies boy;0
baby shower centerpieces for boys jungle safari theme;0
safari theme baby shower dress code;0
safari theme baby shower centerpiece;0
safari theme baby shower dessert;0
decoracion baby shower safari jungle theme;0
safari theme baby shower dresses;0
baby shower dessert table safari theme;0
lion king baby shower ideas decoration safari theme;0
baby shower safari theme drinks;0
elephant safari baby shower theme;0
elephant baby shower theme boy decoration jungle safari;0
safari baby shower theme for boy;0
baby shower ideas for boys safari theme;0
baby shower snack food ideas safari theme;0
baby shower safari theme favors;0
safari theme baby shower ideas for twins;0
safari theme baby shower ideas food;0
safari baby shower theme games;0
safari theme baby shower thank you gifts;0
safari theme baby shower balloon garland;0
safari theme baby shower gift basket;0
safari theme baby shower games free printable;0
safari theme baby shower game ideas;0
safari theme baby shower gifts;0
safari theme girl baby shower ideas;0
safari theme baby shower ideas gender neutral;0
safari theme baby shower ideas outfit;0
safari jungle theme baby shower ideas;0
jungle safari baby shower theme;0
safari baby shower photo booth jungle theme;0
safari baby shower favors jungle theme;0
safari baby shower blue jungle theme;0
safari baby shower boy decorations diy jungle theme;0
lion king baby shower ideas centerpieces safari theme;0
jungle theme baby shower ideas safari leaves;0
modern safari baby shower theme;0
neutral safari theme baby shower ideas;0
neutral safari baby shower theme;0
safari theme baby shower nail ideas;0
baby shower safari theme outfits;0
baby shower safari theme outside;0
safari theme baby shower outfit guest;0
baby shower outfit for guest safari theme;0
safari theme baby shower ideas outside;0
safari theme centerpieces baby shower parties;0
safari theme baby shower black people;0
safari theme baby shower poster;0
jungle theme baby shower ideas decoration diy safari party;0
jungle theme baby shower cupcakes safari party;0
pink safari theme baby shower ideas;0
boy safari baby shower theme rhyming invitations;0
safari baby shower theme treats;0
safari theme baby shower table set up;0
safari theme baby shower set up;0
baby shower welcome sign safari theme;0
woodland safari baby shower theme;0
safari baby shower boy centerpieces jungle theme wild animals;0
wild safari baby shower theme boy;0
blue teddy bear baby shower theme;0
blue teddy bear baby shower theme cake;0
blue teddy bear baby shower backdrop;0
blue teddy bear baby shower theme treats;0
blue teddy bear baby shower cake;0
blue teddy bear baby shower cookies;0
blue teddy bear baby shower theme table;0
blue teddy bear baby shower treats;0
blue teddy bear baby shower nails;0
blue teddy bear baby shower invitations;0
blue teddy bear baby shower background;0
blue teddy bear baby shower centerpieces;0
teddy bear baby shower theme blue;0
baby shower teddy bear cake blue;0
teddy bear baby shower ideas blue;0
teddy bear baby shower theme blue and green;0
teddy bear and blue baby shower theme;0
blue teddy bear baby shower theme cookies;0
teddy bear baby shower blue and brown;0
teddy bear themed baby shower ideas blue;0
blue and silver teddy bear baby shower theme;0
teddy bear baby shower theme boy brown and blue;0
teddy bear baby shower cake pink and blue;0
teddy bear baby shower blue and white;0
blue and grey teddy bear baby shower theme;0
teddy bear baby shower theme blue and white;0
brown and blue teddy bear baby shower theme decoration;0
brown and blue teddy bear baby shower theme decor;0
teddy bear baby shower cake blue and brown;0
blue teddy bear baby shower cupcakes;0
teddy bear baby shower theme boy centerpieces blue;0
baby boy cakes for baby shower blue teddy bear;0
blue teddy bear baby shower decor;0
teddy bear baby shower table decor blue;0
blue teddy bear baby shower dessert table;0
teddy bear baby shower theme decoration blue;0
teddy bear baby shower theme dusty blue;0
dark blue teddy bear baby shower theme;0
blue teddy bear baby shower theme food;0
teddy bear favors baby shower blue;0
teddy bear baby shower theme blue and gold;0
blue gingham teddy bear baby shower ideas;0
teddy bear baby shower theme blue gingham;0
blue teddy bear baby shower ideas;0
navy blue teddy bear baby shower ideas;0
teddy bear baby shower invitations boys blue;0
teddy bear baby shower theme navy blue;0
teddy bear baby shower theme pink and blue;0
royal blue teddy bear baby shower theme;0
blue teddy bear baby shower table decor;0
blue teddy bear baby shower table;0
teddy bear baby shower theme with blue;0
woodland animals baby shower theme;0
woodland animals baby shower theme food;0
woodland animals baby shower theme girl;0
woodland animals baby shower centerpiece;0
woodland baby shower theme boy forest animals birthday party ideas;0
woodland animals baby shower welcome sign;0
woodland animals baby shower dessert table;0
woodland background baby shower forest animals;0
woodland animals baby shower cupcakes;0
boho woodland animals baby shower theme;0
woodland animals baby shower cake pops;0
woodland baby shower theme boy forest animals diaper cakes;0
woodland animals baby shower theme cupcakes;0
cute baby shower themes for boys woodland animals;0
woodland animals baby shower cookies decorated;0
baby shower cakes woodland animals;0
woodland animals baby shower decor ideas;0
woodland animals baby shower desserts;0
woodland animals baby shower decor;0
woodland animals baby shower diaper cake;0
woodland baby shower theme boy decoration forest animals;0
woodland baby shower theme decorations forest animals theme;0
woodland animals baby shower theme decorations;0
woodland animals baby shower theme decor;0
baby shower themes neutral fall woodland animals;0
woodland baby shower theme boy forest animals invitations;0
girl baby shower ideas themes woodland animals;0
woodland forest greenery wild animals baby shower invitation;0
woodland animals baby shower theme games;0
woodland animals baby shower invite;0
woodland animals baby shower theme ideas;0
woodland animals baby shower nails;0
woodland baby shower theme no animals;0
boy baby shower ideas themes woodland animals nursery decor;0
woodland animals baby shower party favors;0
woodland animals baby shower painted banner;0
baby shower boy theme rustic woodland animals;0
woodland animals baby shower sign;0
woodland animals baby shower table decor;0
woodland animals baby shower theme cake;0
woodland animals baby shower theme boy;0
mushroom baby shower theme girl;0
mushroom baby shower theme centerpieces;0
mushroom baby shower theme boy;0
mushroom baby shower themes;0
mushroom baby shower theme food;0
mushroom baby shower theme cookies;0
mushroom baby shower theme decor;0
mushroom forest baby shower theme;0
mushroom themed baby shower favors;0
mushroom themed baby shower cupcakes;0
little mushroom baby shower theme;0
fairy mushroom baby shower theme;0
mushroom theme baby shower cookies;0
mushroom theme baby shower decor;0
mushroom theme baby shower boy;0
mushroom themed baby shower banner;0
enchanted mushroom baby shower theme;0
woodland and mushroom baby shower theme;0
frog and mushroom baby shower theme;0
woodland mushroom baby shower theme boy;0
mushroom garden baby shower theme;0
woodland mushroom baby shower theme decor;0
baby shower mushroom theme cake;0
mushroom theme baby shower ideas decoration;0
mushroom theme baby shower foods;0
mushroom theme baby shower favors;0
mushroom theme baby shower games;0
mushroom theme baby shower gift;0
mushroom theme baby shower ideas;0
mushroom theme baby shower invite;0
mushroom woodland baby shower theme;0
baby shower boy blueberry theme;0
blueberry baby shower theme for boy;0
blueberry themed baby shower ideas boy;0
baby boy baby shower themes blueberry;0
picnic baby shower theme boy;0
picnic baby shower themes;0
picnic baby shower theme decor;0
picnic baby shower theme girl;0
picnic baby shower theme ideas;0
picnic themed baby shower outfit;0
pink picnic baby shower theme;0
woodland picnic baby shower theme;0
baby shower decorations picnic theme;0
picnic themed baby shower banner;0
picnic themed baby shower food ideas;0
baby shower picnic theme cute ideas;0
strawberry picnic baby shower theme;0
picnic theme baby shower food;0
wildflower picnic baby shower theme;0
picnic theme baby shower decor;0
garden picnic baby shower theme;0
picnic theme baby shower invite;0
picnic theme baby shower cookies;0
we can bearly wait baby shower theme picnic;0
picnic theme baby shower cake;0
picnic theme baby shower dress;0
bbq baby shower ideas decorations picnic theme;0
teddy bear baby shower theme decoration picnic parties;0
picnic theme baby shower gift;0
picnic theme baby shower ideas girl;0
teddy bear picnic baby shower theme girl;0
picnic theme baby shower ideas boy;0
picnic theme baby shower outfit;0
christmas baby shower themes girl;0
christmas baby shower themes for boys;0
christmas baby shower theme ideas;0
christmas baby shower theme boy;0
christmas baby shower theme decorations;0
christmas baby shower theme cake;0
christmas baby shower theme for girl;0
christmas baby shower theme decor;0
christmas baby shower theme blue;0
christmas baby shower theme pink;0
christmas theme baby shower ideas boy blue;0
christmas theme baby shower decoration;0
christmas themed baby shower ideas gender neutral;0
christmas woodland baby shower theme;0
baby shower food christmas theme;0
christmas themed baby shower gift;0
christmas theme baby shower centerpiece;0
baby shower themes christmas time;0
baby shower christmas theme invitations;0
christmas themed baby shower outfits;0
baby shower theme around christmas;0
it takes a village christmas baby shower theme;0
christmas theme baby shower balloon arch;0
christmas theme baby shower ideas for a girl;0
christmas baby shower theme for a girl;0
baby shower theme girl christmas;0
baby shower christmas theme cookies;0
christmas boy baby shower theme;0
christmas theme baby shower desserts;0
christmas theme baby shower table decor;0
christmas theme baby shower ideas decorations;0
christmas theme baby shower dessert table;0
christmas theme baby shower dress;0
christmas baby shower theme for boy;0
christmas theme baby shower favors;0
baby shower theme for christmas;0
baby shower for boys christmas theme;0
christmas theme baby shower food ideas;0
christmas theme baby shower foods;0
christmas theme baby shower party favors;0
christmas baby shower theme girl;0
christmas theme baby shower gifts;0
baby shower gift christmas theme;0
christmas theme baby girl shower ideas;0
christmas theme baby shower guest outfit;0
baby shower games christmas theme;0
baby shower christmas theme girl cake;0
how the grinch stole christmas baby shower theme ideas;0
how the grinch stole christmas baby shower theme;0
how the baby stole christmas baby shower theme;0
christmas theme baby shower invite;0
nightmare before christmas baby shower theme inspiration;0
pink christmas theme baby shower ideas;0
christmas theme baby shower ideas boy;0
christmas theme baby shower invitation;0
christmas ralph lauren baby shower theme;0
merry little christmas baby shower theme;0
night before christmas baby shower theme;0
baby shower theme near christmas;0
the nightmare before christmas baby shower theme;0
sally nightmare before christmas baby shower theme;0
christmas theme baby shower outfit;0
christmas theme baby shower cake pops;0
winnie the pooh christmas baby shower theme;0
red bow christmas baby shower theme;0
christmas village baby shower theme;0
we can bearly wait christmas baby shower theme;0
white christmas baby shower theme;0
christmas winter baby shower theme;0
stork baby shower theme decoration;0
stork baby shower theme girl;0
stork baby shower themes;0
stork baby shower theme decor;0
stork baby shower theme boy;0
stork themed baby shower cake;0
stork themed baby shower decor;0
baby shower stork theme cake;0
stork delivery baby shower theme;0
special delivery stork baby shower theme;0
delivery en route stork baby shower theme;0
a special delivery baby shower theme stork;0
baby shower themes stork;0
baby boy shower stork theme;0
vintage stork baby shower theme;0
stork baby shower ideas boys theme;0
stork theme baby shower ideas;0
white stork baby shower theme;0
baby shower clipart free printable;0
baby shower clipart clip art;0
baby shower clipart marathi;0
baby shower clipart background;0
baby shower clipart green;0
baby shower clipart for girl;0
baby shower animal clipart;0
baby shower backdrop ideas;0
baby shower centerpiece ideas;0
baby shower clipart free;0
baby shower ideas at home;0
baby shower ideas boy;0
baby shower ideas decorations;0
baby shower ideas decorations girl;0
baby shower ideas for a boy;0
baby shower ideas for a girl;0
baby shower ideas for boys;0
baby shower ideas for twins;0
baby shower ideas games;0
baby shower ideas girl;0
baby shower ideas themes;0
baby shower png clipart;0
baby shower table decoration ideas;0
bbq baby shower ideas;0
cheap baby shower ideas;0
elephant baby shower clipart;0
february baby shower ideas;0
princess baby shower ideas;0
winnie the pooh baby shower clipart;0
woodland baby shower clipart;0
baby shower ideas marathi;0
baby shower ideas neutral colors;0
baby shower ideas no gender;0
baby shower ideas on a budget;0
baby shower ideas uk;0
baby shower ideas unique;0
baby shower ideas varon;0
baby shower ideas winnie the pooh;0
baby shower ideas woodland;0
baby-q baby shower ideas;0
3rd baby shower gift ideas;0
80s baby shower ideas;0
baby shower balloon decorations;0
baby shower decor blue;0
baby shower decor cheap;0
baby shower decor checklist;0
baby shower decoración;0
baby shower decoration ideas at home;0
baby shower decoration ideas indian;0
baby shower decorations at home;0
baby shower decorations boy;0
baby shower decorations girl;0
baby shower decorations indian;0
baby shower decorations traditional;0
baby shower niño decoracion;0
dragon ball z baby shower ideas;0
girl baby shower decorations;0
minnie mouse baby shower decorations;0
nautical baby shower decorations;0
thing 1 thing 2 baby shower ideas;0
zebra baby shower ideas;0
baby shower clipart printable;0
boho baby shower clipart;0
pumpkin baby shower clipart;0
baby shower moon clipart;0
baby shower image clipart;0
mexican baby shower clipart;0
baby boy baby shower clipart;0
baby shower boy girl clipart;0
baby shower decorations clipart;0
baby shower bunny clipart;0
winter baby shower clipart;0
baby boy and girl shower clipart png;0
baby shower airplane theme clipart;0
hot air balloon baby shower theme clipart;0
baby shower boy and girl clipart;0
baby shower clipart blue;0
toile de jouy baby shower clipart;0
baby shower dress clipart;0
dinosaur baby shower clipart;0
baby shower mom dad clipart;0
duck baby shower clipart;0
baby shower elements clipart;0
fall baby shower clipart;0
baby shower boy clipart free printables;0
cute baby girl for baby shower clipart set;0
baby shower clipart free printable templates;0
girl baby shower clipart purple;0
goose baby shower clipart;0
baby shower boy or girl clipart;0
golf baby shower clipart;0
locally grown baby shower clipart;0
silly goose baby shower clipart;0
silly goose baby shower theme clipart;0
baby shower clipart hd;0
baby shower he or she clipart;0
hello kitty baby shower clipart;0
here comes the son baby shower clipart;0
honey bee baby shower clipart;0
halloween baby shower clipart;0
baby shower clipart indian;0
baby shower ideas clipart;0
baby shower krishna clipart;0
lemon baby shower clipart;0
little pumpkin baby shower clipart;0
cielito lindo baby shower clipart;0
baby shower lady clipart;0
baby shower clipart mom to be;0
baby shower mother clipart;0
baby shower niño clipart;0
gender neutral baby shower clipart;0
baby shower clipart outline;0
orange baby shower clipart;0
baby shower clipart purple;0
baby shower props clipart;0
baby shower pink clipart;0
pooh baby shower clipart;0
baby shower rainbow clipart;0
peter rabbit baby shower clipart;0
baby shower round clipart;0
red baby shower clipart;0
baby shower clipart set;0
baby shower clipart twins;0
baby shower themes clipart;0
baby shower teddy bear clipart;0
baby shower toys clipart;0
toy story baby shower clipart;0
teddy bear baby shower theme clipart;0
baby shower teddy clipart;0
under the sea baby shower clipart;0
vintage baby shower clipart;0
western baby shower clipart;0
baby shower women clipart;0
winnie pooh baby shower clipart;0
we can bearly wait baby shower clipart;0
yellow baby shower clipart;0
watercolor baby shower clipart;0
watercolor baby shower png;0
baby shower elements png;0
baby shower elements png for invitation card;0
baby shower elements watercolor;0
baby shower mehendi design elements;0
baby shower basic elements mehandi design;0
baby shower elements mehndi design;0
baby shower elements design;0
watercolor baby shower invitation;0
watercolor bear baby shower invitation;0
baby shower card illustrations;0
baby shower invite illustrations;0
vector baby shower illustrations;0
baby shower girl illustrations;0
baby shower boy illustrations;0
baby shower invitations digital download;0
baby shower ideas gifts;0
baby shower ideas photoshoot;0
baby shower ideas indian style;0
baby shower ideas girl theme;0
baby shower ideas food;0
baby shower ideas for girls favors;0
easy baby shower food ideas;0
baby shower ideas activities;0
baby shower ideas aesthetic;0
baby shower ideas at home indian;0
baby shower ideas august;0
baby shower ideas autumn;0
baby shower ideas at home decor;0
baby shower ideas at work;0
baby shower ideas april;0
baby shower ideas animal theme;0
baby shower ideas almuerzo;0
baby shower ideas aari work;0
baby shower ideas boy theme;0
baby shower ideas bear;0
baby shower ideas blue;0
baby shower ideas bear theme;0
baby shower ideas brown;0
baby shower ideas black people;0
baby shower ideas baby girl;0
baby shower ideas baby in bloom;0
baby shower ideas balloons;0
baby shower ideas basket;0
baby shower ideas cake;0
baby shower ideas centerpieces;0
baby shower ideas coffee;0
baby shower ideas country;0
baby shower ideas cowboy;0
baby shower ideas christmas;0
baby shower ideas coffee theme;0
baby shower ideas couples;0
baby shower ideas cielito lindo;0
baby shower ideas cheap;0
baby shower ideas coed;0
baby shower ideas craft;0
baby shower ideas decor;0
baby shower ideas diy;0
baby shower ideas december;0
baby shower ideas disney;0
baby shower ideas dress;0
baby shower ideas decorations at home;0
baby shower ideas drawing;0
baby shower ideas dinosaur theme;0
baby shower ideas decoracion simple;0
baby shower ideas duck;0
baby shower ideas elephant theme;0
baby shower ideas easy;0
baby shower ideas elegant;0
baby shower ideas en casa;0
baby shower ideas etiquetas;0
baby shower ideas economicas;0
baby shower ideas español;0
baby shower ideas entradas;0
baby shower ideas easter;0
baby shower ideas en la playa;0
baby shower ideas fall;0
baby shower ideas for boys themes;0
baby shower ideas for girls gifts;0
baby shower ideas for boys gifts;0
baby shower ideas fall theme;0
baby shower ideas for boys decorations;0
baby shower ideas gender neutral;0
baby shower ideas girl decorations;0
baby shower ideas girl theme summer;0
baby shower ideas girl gifts;0
baby shower ideas green;0
baby shower ideas girl fall;0
baby shower ideas gender reveal;0
baby shower ideas girl theme decoration;0
baby shower ideas halloween;0
baby shower ideas home;0
baby shower ideas hello kitty;0
baby shower ideas home decor;0
baby shower ideas harry potter;0
baby shower ideas here comes the sun;0
baby shower ideas hot air balloon;0
baby shower ideas halloween theme;0
baby shower ideas heaven sent;0
baby shower ideas honey bee;0
baby shower ideas highland cow;0
baby shower ideas hunting theme;0
baby shower ideas indian style at home;0
baby shower ideas invitation;0
baby shower ideas indian;0
baby shower ideas indoor;0
baby shower ideas in home;0
baby shower ideas in november;0
baby shower ideas in october;0
baby shower ideas italian style;0
baby shower ideas indian style saree;0
baby shower ideas invitaciones;0
baby shower ideas january;0
baby shower ideas juegos;0
baby shower ideas july;0
baby shower ideas jungle theme;0
baby shower ideas jungle;0
baby shower ideas january girl;0
baby shower ideas jardin;0
baby shower ideas juegos en español;0
baby shower ideas jabones;0
baby shower ideas jewellery;0
baby shower ideas january boy;0
baby shower ideas jefe en pañales;0
baby shower ideas krishna theme;0
baby shower ideas keepsake;0
baby shower ideas kerala;0
baby shower ideas kerala style;0
baby shower ideas kapde;0
baby shower ideas krishna;0
baby shower ideas kort;0
baby shower ideas korean;0
baby shower ideas koala niña;0
baby shower ideas kuromi;0
baby shower ideas kpop;0
baby shower ideas kek;0
baby shower ideas lemon;0
baby shower ideas lemon theme;0
baby shower ideas locally grown;0
baby shower ideas lion king;0
baby shower ideas loney toons;0
baby shower ideas luxury;0
baby shower ideas looney tunes;0
baby shower ideas love bug;0
baby shower ideas ladybug;0
baby shower ideas lila;0
baby shower ideas low budget;0
baby shower ideas letras;0
baby shower ideas mehndi;0
baby shower ideas mexican;0
baby shower ideas mehndi designs;0
baby shower ideas march;0
baby shower ideas minimalist;0
baby shower ideas may;0
baby shower ideas mesa de dulces;0
baby shower ideas muslim;0
baby shower ideas mesa;0
baby shower ideas mexican theme;0
baby shower ideas mesa comida;0
baby shower ideas neutral;0
baby shower ideas november;0
baby shower ideas niña;0
baby shower ideas nails;0
baby shower ideas niña decoración;0
baby shower ideas niña sencillo;0
baby shower ideas nene;0
baby shower ideas neutral colors simple;0
baby shower ideas nature;0
baby shower ideas outfits;0
baby shower ideas october;0
baby shower ideas outdoor;0
baby shower ideas outfits guest;0
baby shower ideas outside;0
baby shower ideas outfits for guest;0
baby shower ideas outfits invitada;0
baby shower ideas ositos;0
baby shower ideas ocean;0
baby shower ideas oso;0
baby shower ideas originales;0
baby shower ideas pink;0
baby shower ideas photoshoot couple;0
baby shower ideas purple;0
baby shower ideas photo;0
baby shower ideas pink and blue;0
baby shower ideas pictures;0
baby shower ideas photoshoot outdoor;0
baby shower ideas presents;0
baby shower ideas poses;0
baby shower ideas picnic;0
baby shower ideas quotes;0
baby shower ideas que regalar;0
baby shower ideas quiz;0
baby shower ideas queque;0
baby shower ideas questions;0
baby q baby shower cake ideas;0
baby q shower cupcake ideas;0
baby q shower ideas games;0
baby q shower gift ideas;0
fun baby q shower game ideas;0
baby que baby shower ideas;0
baby shower ideas rukhvat;0
baby shower ideas red;0
baby shower ideas ralph lauren;0
baby shower ideas recuerdos;0
baby shower ideas regalos;0
baby shower ideas revelacion;0
baby shower ideas restaurant;0
baby shower ideas ready to pop;0
baby shower ideas ropa invitada;0
baby shower ideas rustic;0
baby shower ideas rosita fresita;0
baby shower ideas simple;0
baby shower ideas summer;0
baby shower ideas september;0
baby shower ideas strawberry shortcake;0
baby shower ideas spring;0
baby shower ideas strawberry;0
baby shower ideas simple at home;0
baby shower ideas sage green;0
baby shower ideas silly goose;0
baby shower ideas safari;0
baby shower ideas summer theme;0
baby shower ideas themes girl;0
baby shower ideas themes boy;0
baby shower ideas twins;0
baby shower ideas table;0
baby shower ideas traditional;0
baby shower ideas teddy bear;0
baby shower ideas themes gender neutral;0
baby shower ideas toy story;0
baby shower ideas tea party;0
baby shower ideas themes fall;0
baby shower ideas table decor;0
baby shower ideas unisex decoration;0
baby shower ideas unisex gender neutral;0
baby shower ideas under the sea;0
baby shower ideas unhas;0
baby shower ideas unknown gender;0
baby shower ideas under tent;0
baby shower ideas unique theme;0
baby shower ideas up movie;0
baby shower ideas unicornios;0
baby shower ideas unique girl;0
baby shower ideas videos;0
baby shower ideas vintage;0
baby shower ideas valentine theme;0
baby shower ideas velas;0
baby shower ideas verde;0
baby shower ideas vaqueras;0
baby shower ideas verde olivo;0
baby shower ideas vaqueras niño;0
baby shower ideas vestiti;0
baby shower ideas vestuario;0
baby shower ideas vintage girl;0
baby shower ideas winter;0
baby shower ideas western;0
baby shower ideas winter theme;0
baby shower ideas woodland theme;0
baby shower ideas western theme;0
baby shower ideas white;0
baby shower ideas whimsical;0
baby shower ideas with flowers;0
baby shower ideas wildflower;0
baby shower ideas winnie the pooh boy;0
baby shower ideas xmas;0
hunter x hunter baby shower ideas;0
nightmare before xmas baby shower ideas;0
x men baby shower ideas;0
baby shower ideas yellow;0
baby shower ideas y juegos;0
baby shower ideas yellow and pink;0
baby shower ideas yellow and white;0
baby shower ideas yellow and brown;0
baby shower ideas yellow and green;0
baby shower ideas y revelacion;0
baby shower ideas yellow theme;0
baby shower ideas yellow and blue;0
baby shower ideas you are my sunshine;0
baby shower ideas yellow pink;0
baby shower ideas y2k;0
baby shower ideas zoo animal theme;0
baby shower ideas zapatitos;0
baby shower ideas zoo theme;0
baby shower ideas selva zoo animals;0
gen z baby shower ideas;0
baby zoo animals baby shower ideas girl;0
zoo animal baby shower food ideas;0
princess zelda baby shower ideas;0
zoo animal baby shower ideas girl;0
thing 1 thing 2 baby shower party ideas;0
baby shower cake ideas 1 kg;0
twin baby shower ideas theme dr. seuss thing 1 thing 2;0
baby shower cake ideas 1 pound;0
thing 1 thing 2 baby shower ideas twin;0
thing 1 thing 2 baby shower ideas center pieces;0
baby shower ideas 1 month;0
formula 1 baby shower ideas;0
thing 1 and 2 baby shower ideas;0
dr seuss baby shower ideas for twins thing 1 thing 2;0
baby shower ideas 1 year;0
17 pretty baby in bloom shower ideas;0
100 acre woods baby shower ideas girl;0
101 dalmatians baby shower ideas;0
1960’s baby shower ideas;0
100 acre woods baby shower food ideas;0
friday the 13th baby shower ideas;0
baby shower ideas for baby #2;0
baby number 2 baby shower ideas;0
baby shower #2 ideas;0
baby shower cake ideas unique 2 tier;0
baby 2 baby shower ideas;0
baby shower 2 cake ideas;0
baby shower 2 tier cake ideas;0
2 nd baby shower ideas;0
baby shower ideas 2026;0
baby shower ideas 2026 girl;0
baby shower ideas 2026 boy;0
baby shower ideas 2nd baby;0
baby shower ideas 2000s;0
baby shower ideas 2nd child;0
baby shower ideas 2 month;0
25 adorably cute baby shower centerpiece ideas;0
ideas para baby shower 2025;0
baby number 3 baby shower ideas;0
baby #3 shower ideas;0
baby shower gift ideas 3 tier cart;0
player 3 baby shower ideas;0
baby shower ideas for baby number 3;0
3 tier rolling cart ideas baby shower gift;0
baby shower ideas for 3 people;0
3 person baby shower ideas;0
baby shower ideas 3 month;0
baby shower ideas for 3 babies;0
baby shower 3 arch ideas;0
baby shower ideas for baby #3;0
baby shower ideas 3rd baby;0
3rd child baby shower ideas;0
baby shower ideas for 3rd child;0
baby shower for 3rd baby ideas;0
baby shower food ideas for 30 people;0
baby shower ideas 4 month;0
baby number 4 shower ideas;0
sims 4 baby shower ideas;0
baby #4 shower ideas;0
july 4 baby shower ideas;0
baby shower ideas for baby number 4;0
baby shower ideas for 4 people;0
4 wheeler baby shower ideas;0
baby shower ideas 4th of july;0
baby shower ideas 4th baby;0
4th baby shower gift ideas;0
4th baby shower theme ideas;0
4th of july baby shower ideas for girl;0
49er baby shower ideas;0
july 4th baby shower ideas girl;0
4th kid baby shower ideas;0
4th of july baby shower ideas cake;0
ready to pop baby shower ideas 4th of july;0
5 de mayo baby shower ideas;0
big 5 baby shower ideas;0
5 months baby shower photoshoot ideas;0
5 month baby shower ideas;0
baby shower ideas 5 month;0
50s baby shower ideas;0
baby shower food ideas for 50 people;0
50s themed baby shower ideas;0
5th month baby shower ideas;0
baby shower gift ideas under $50;0
5th month baby shower photo ideas;0
5th baby baby shower ideas;0
baby shower ideas for 5th child;0
baby shower ideas for 6 people;0
60s theme baby shower ideas;0
60s baby shower ideas;0
baby shower food ideas for 60 people;0
7 month baby shower decoration ideas;0
7 month baby shower ideas;0
baby shower ideas 70s;0
baby shower ideas 7 month;0
70 baby shower ideas;0
baby shower food ideas for 70 people;0
70s theme baby shower ideas;0
7th month baby shower ideas;0
retro 70s baby shower ideas;0
7th month baby shower photoshoot ideas;0
70s baby shower ideas decorations;0
80s theme baby shower ideas;0
cloud 9 baby shower theme ideas;0
on cloud 9 baby shower cake ideas;0
baby shower ideas on cloud 9;0
cloud 9 themed baby shower ideas;0
cloud 9 baby shower ideas;0
cloud 9 baby shower cake ideas;0
cloud 9 baby shower gift ideas;0
cloud 9 theme baby shower ideas girl;0
baby shower ideas 90s;0
90s themed baby shower ideas;0
90s cartoon theme baby shower ideas;0
90’s baby shower ideas;0
90s cartoon baby shower ideas;0
baby shower decoración conejo;0
baby shower ideas for boys decorations theme parties;0
baby shower decor at home;0
baby shower decor at home indian;0
baby shower decor aesthetic;0
baby shower decor at restaurant;0
baby shower decor arch;0
baby shower decor at home simple;0
baby shower decor at home party ideas;0
baby shower decor around fireplace;0
baby shower decor animals;0
baby shower decor at work;0
baby shower decor animal theme;0
baby shower decor at home diy;0
baby shower decor boy;0
baby shower decor backdrop;0
baby shower decor balloons;0
baby shower decor bear;0
baby shower decor brown;0
baby shower decor baby in bloom;0
baby shower decor blue and pink;0
baby shower decor backyard;0
baby shower decor blocks;0
baby shower decor boy blue;0
baby shower decor clothes line;0
baby shower decor cricut;0
baby shower decor classy;0
baby shower decor centerpieces;0
baby shower decor clothes;0
baby shower decor colorful;0
baby shower decor cricut ideas;0
baby shower decor christmas;0
baby shower decor cutout;0
baby shower decor clouds;0
baby shower decor diy;0
baby shower decor diy ideas;0
baby shower decor details;0
baby shower decor design;0
baby shower decor ducks;0
baby shower decor dinosaur;0
baby shower decor dollar tree;0
baby shower decor diy girl;0
baby shower decor draping;0
baby shower decor diy boy;0
baby shower decor drapes;0
baby shower decor dusty blue;0
baby shower decor easy;0
baby shower decor elegant;0
baby shower decor elements;0
baby shower decor entrance;0
baby shower decor easy at home;0
baby shower decor essentials;0
baby shower decor evening;0
baby shower decor eucalyptus;0
baby shower decor elephant theme;0
baby shower decor entry;0
baby shower decor earth tones;0
baby shower decor easy diy;0
baby shower decor flowers;0
baby shower decor for boy;0
baby shower decor for twins;0
baby shower decor girl;0
baby shower decor ideas at home;0
baby shower decor ideas boy;0
baby shower decor ideas girl;0
baby shower decor kit;0
baby shower decor neutral;0
2 peas in a pod baby shower decorations;0
baby shower event planning;0
baby shower inspiration boy;0
baby shower inspiration quotes;0
baby shower inspirational quotes;0
baby shower party planning checklist;0
baby shower planning checklist;0
baby shower planning guide;0
baby shower planning list;0
baby shower planning spreadsheet;0
baby shower planning template;0
baby shower planning timeline;0
planning a baby shower checklist;0
planning a baby shower on a budget;0
planning a baby shower timeline;0
sims 4 baby shower decor cc;0
thing 1 thing 2 baby shower decorations;0
zero waste baby shower decor;0
baby shower cupcakes for boy;0
baby shower desserts boy;0
baby shower event planning checklist;0
baby shower for a boy;0
baby shower planning binder;0
baby shower planning checklist excel;0
baby shower planning notebook;0
baby shower planning services;0
baby shower planning sheet;0
baby shower planning template google docs;0
baby shower planning template google sheets;0
baby shower planning tips;0
boy baby shower backdrop;0
boy baby shower backdrop ideas;0
boy baby shower background;0
boy baby shower balloons;0
boy baby shower banner ideas;0
boy baby shower cake;0
boy baby shower cake pops;0
boy baby shower centerpiece ideas;0
boy baby shower centerpieces;0
boy baby shower cookies;0
boy baby shower cupcakes;0
boy baby shower decor;0
boy baby shower decoration ideas;0
boy baby shower decorations;0
boy baby shower dessert ideas;0
boy baby shower desserts;0
boy baby shower dress;0
boy baby shower drinks;0
boy baby shower favors;0
boy baby shower flower centerpieces;0
boy baby shower food;0
boy baby shower food ideas;0
boy baby shower games;0
boy baby shower ideas;0
boy baby shower invitations;0
boy baby shower outfit;0
royal baby shower boy;0
timeline for baby shower planning;0
baby shower decor for girl;0
baby shower decor floral;0
baby shower decor fall;0
baby shower decor for home;0
baby shower decor fireplace;0
baby shower decor for tables;0
baby shower decor food;0
baby shower decor for boys themes;0
baby shower decor for restaurant;0
baby shower decor green;0
baby shower decor gender neutral;0
baby shower decor girl table;0
baby shower decor girl simple;0
baby shower decor girl flowers;0
baby shower decor goose;0
baby shower decor girl ideas;0
baby shower decor games;0
baby shower decor green and pink;0
baby shower decor green and white;0
baby shower decor gingham;0
baby shower decor home;0
baby shower decor hanging onesies;0
baby shower decor home simple;0
baby shower decor hot air balloon;0
baby shower decor hall;0
baby shower decor halloween;0
baby shower decor hanging clothes;0
baby shower decor homemade;0
baby shower decor handmade;0
baby shower decor hacks;0
baby shower decor hindu;0
baby shower decor honey bee;0
baby shower decor indian;0
baby shower decor ideas indian;0
baby shower decor ideas simple;0
baby shower decor indian style;0
baby shower decor ideas neutral;0
baby shower decor indoor;0
baby shower decor in hall;0
baby shower decor ideas traditional;0
baby shower decor jungle;0
baby shower decor jhula;0
baby shower decor jungle theme;0
baby shower decor january;0
jungle theme baby shower ideas decor;0
blue jean baby shower diy decor;0
blue jeans baby shower decor;0
baby shower jungle theme table decor;0
jeans baby shower decor;0
jungle animal baby shower decor;0
blue jean baby shower theme boy decor;0
mason jar baby shower decor;0
baby shower decor krishna theme;0
baby shower decor krishna;0
baby shower decor kitchen island;0
baby shower decor kitchen;0
baby shower decor kerala;0
kitten baby shower decor;0
kourtney kardashian baby shower decor;0
radha krishna baby shower theme decor;0
krishna themed baby shower decor;0
kardashian baby shower decor;0
radha krishna baby shower decor;0
baby shower decor list;0
baby shower decor letter board;0
baby shower decor luxury;0
baby shower decor locally grown;0
baby shower decor lavender;0
baby shower decor lemon;0
baby shower decor lilac;0
baby shower decor living room;0
baby shower decor layout;0
baby shower decor latest;0
baby shower decor love bug;0
baby shower decor ladder;0
baby shower decor minimal;0
baby shower decor minimalist;0
baby shower decor modern;0
baby shower decor marathi;0
baby shower decor mantle;0
baby shower decor mood board;0
baby shower decor must haves;0
baby shower decor mirror;0
baby shower decor maharashtrian;0
baby shower decor moon and stars;0
baby shower decor mom and dad;0
baby shower decor moon;0
baby shower decor no balloons;0
baby shower decor neutral color schemes;0
baby shower decor no theme;0
baby shower decor neutral colors;0
baby shower decor night;0
baby shower decor no gender;0
baby shower decor no balloon arch;0
baby shower decor niño;0
baby shower decor nature;0
baby shower decor no hanging;0
baby shower decor needs;0
baby shower decor outdoor;0
baby shower decor outside;0
baby shower decor on a budget;0
baby shower decor onesies;0
baby shower decor onesies hanging;0
baby shower decor orange;0
baby shower decor on mantle;0
baby shower decor office;0
baby shower decor on wall;0
baby shower decor on terrace;0
baby shower decor ocean;0
baby shower decor over the moon;0
baby shower decor pink;0
baby shower decor pink and blue;0
baby shower decor purple;0
baby shower decor photos;0
baby shower decor pastel;0
baby shower decor pictures;0
baby shower decor props;0
baby shower decor picnic;0
baby shower decor pink blue;0
baby shower decor printables;0
baby shower decor pumpkin;0
baby shower decor pastel colors;0
baby shower decor quotes;0
blue baby q shower decor;0
baby q shower ideas girl decor;0
baby shower quotes for decor;0
baby shower quilt decor;0
quilted baby shower decor;0
baby-q shower decor;0
baby q baby shower decor ideas;0
quick diy baby shower decor;0
baby q baby shower table decor;0
baby que shower ideas decor;0
baby shower decor restaurant;0
baby shower decor red;0
baby shower decor radha krishna;0
baby shower decor rustic;0
baby shower decor room;0
baby shower decor ring;0
baby shower decor round tables;0
baby shower decor rainbow;0
baby shower decor ribbon;0
baby shower decor ralph lauren;0
baby shower decor reels;0
baby shower decor round arch;0
baby shower decor simple;0
baby shower decor south indian;0
baby shower decor simple at home;0
baby shower decor sage green;0
baby shower decor stage;0
baby shower decor spring;0
baby shower decor set up;0
baby shower decor signs;0
baby shower decor summer;0
baby shower decor sims 4;0
baby shower decor simple girl;0
baby shower decor safari;0
baby shower decor traditional;0
baby shower decor table;0
baby shower decor theme;0
baby shower decor teddy bear;0
baby shower decor traditional indian;0
baby shower decor table settings;0
baby shower decor theme ideas;0
baby shower decor teddy;0
baby shower decor twins;0
baby shower decor table ideas;0
baby shower decor tamil;0
baby shower decor traditional theme;0
baby shower decor unique;0
baby shower decor using baby items;0
baby shower decor using baby clothes;0
baby shower decor ultrasound;0
baby shower decor using books;0
baby shower decor using cricut;0
baby shower decor using onesies;0
baby shower decor unique ideas;0
baby shower decor under the sea;0
baby shower decor usa;0
under the sea baby shower table decor;0
useful baby shower decor;0
baby shower decor video;0
baby shower decor vintage;0
baby shower decor valentines;0
baby shower decor vector;0
vaquero baby shower decor;0
baby shower table decor vases;0
vrindavan theme baby shower decor;0
valentines day baby shower decor;0
baby shower vase decor;0
takes a village baby shower theme decor;0
baby shower decor without balloons;0
baby shower decor with flowers;0
baby shower decor winnie the pooh;0
baby shower decor winter;0
baby shower decor with balloons;0
baby shower decor with clothes;0
baby shower decor white;0
baby shower decor with swing;0
baby shower decor wall;0
baby shower decor with banana leaf;0
baby shower decor with onesies;0
xmas baby shower table decor;0
xmas baby shower decor;0
baby shower decor yellow;0
baby shower decor yellow and white;0
baby shower decor yellow and blue;0
baby shower decor yellow and green;0
baby shower decor yellow theme;0
yellow themed baby shower decor;0
baby shower table decor yellow;0
i can’t wait to squeeze you baby shower decor;0
yellow themed baby shower table decor;0
yashoda krishna baby shower decor;0
you are my sunshine baby shower theme decor;0
i love you to the moon and back baby shower decor;0
zelda baby shower decor;0
dragon ball z baby shower decor;0
zoo animal baby shower decor;0
zoo theme baby shower decor;0
zoo baby shower decor;0
decoración baby shower formula 1;0
thing 1 thing 2 baby shower decor;0
decoración baby shower 1 mampara;0
100 acre woods baby shower decor;0
decoracion baby shower 2 paneles;0
2 peas in a pod baby shower decor;0
decoracion baby shower niña 2 mamparas;0
2 little cuties baby shower decor;0
baby shower decor 2026;0
2025 baby shower decor;0
baby shower decor ideas 2025;0
2nd baby shower decor;0
decoracion baby shower 3 paneles;0
decoracion baby shower 3 mamparas;0
3 tier stand baby shower decor;0
decoración baby shower niña 3 mamparas;0
baby shower decorations 3 arch;0
baby shower 3 panel decor;0
baby shower decorations sims 4;0
baby shower sims 4 decor;0
sims 4 cc baby shower decor patreon;0
baby shower decorations sims 4 cc;0
the sims 4 baby shower decor;0
decoracion baby shower sims 4;0
4th of july baby shower decor;0
4th of july baby shower ideas decor;0
5 month baby shower decorations;0
5 th month baby shower decorations;0
7 month baby shower decorations;0
70s baby shower decor;0
baby shower on cloud 9 table decor;0
cloud 9 baby shower table decor;0
on cloud 9 baby shower decorations;0
on cloud 9 baby shower theme decor;0
on cloud 9 baby shower theme decorations;0
9 month baby shower decorations;0
cloud 9 baby shower decor;0
cloud 9 baby shower cookies decorated;0
on cloud 9 baby shower backdrop decor;0
cloud 9 baby shower theme decor;0
on cloud 9 baby shower decor;0
cloud 9 baby shower decorations;0
90s baby shower decor;0
baby shower inspiration decoration;0
baby shower inspiration decoration ideas;0
baby shower inspiration girl;0
baby shower inspiration outfit;0
baby shower inspiration winnie the pooh;0
baby shower inspirations;0
baby shower inspiration summer;0
baby shower inspiration decoration boy;0
baby shower inspiration fall;0
baby shower inspiration boy blue;0
baby shower inspiration neutral;0
baby shower saree inspiration;0
wildflower baby shower photography inspiration;0
summer baby shower outfit inspiration;0
personalized baby shower welcome sign inspiration;0
baby shower table inspiration;0
baby shower inspiration games;0
nautical baby shower outfit inspiration;0
shower inspiration baby;0
baby shower inspiration at home;0
stylish pink and gold baby shower outfit inspiration;0
black and white baby shower backdrop inspiration;0
baby shower inspiration brown;0
baby shower inspiration board;0
baby shower inspiration card;0
over the moon baby shower centerpiece mood inspiration;0
gorgeous boho chic baby shower inspiration;0
diy baby shower card inspiration;0
over the moon baby shower centerpiece style inspiration;0
circus themed baby shower inspiration;0
baby shower cake inspiration girl;0
bohemian baby shower boho chic inspiration;0
nightmare before christmas baby shower decor inspiration;0
disney baby shower cake inspiration;0
highland cow baby shower photo booth inspiration;0
baby shower inspiration decoration girl;0
baby shower inspiration dior;0
baby shower dress inspiration;0
baby shower dessert table inspiration;0
rubber duck baby shower backdrop inspiration;0
disney princess-themed baby shower inspiration;0
baby shower decor inspiration;0
park baby shower dessert table inspiration;0
elegant baby shower photo inspiration;0
elegant baby shower gift inspiration;0
elegant baby shower inspiration;0
elegant baby shower signage inspiration;0
enchanted garden baby shower centerpiece inspiration;0
elegant baby shower outfit inspiration;0
baby shower inspiration food;0
baby shower inspiration for girl;0
flower baby shower photo booth inspiration;0
floral baby shower welcome sign inspiration;0
floral baby shower outfit inspiration;0
baby shower flower inspiration;0
floral baby shower inspiration;0
vintage baby shower food menu inspiration;0
baby shower inspiration green;0
baby shower gift bag inspiration;0
gender neutral baby shower inspiration;0
baby shower guest outfit inspiration;0
baby shower gift book inspiration;0
locally grown baby shower inspiration;0
baby shower hair inspiration;0
baby shower inspiration indian;0
indian lotus baby shower theme inspiration;0
baby shower make up inspiration;0
baby shower nail inspiration;0
blue baby shower outfit inspiration;0
outdoor baby shower inspiration;0
baby in bloom shower outfit inspiration;0
stylish baby shower outfit inspiration;0
baby shower inspiration pink;0
baby shower inspiration photos;0
plant-themed baby shower table setting inspiration;0
baby shower party inspiration;0
rustic baby shower sign inspiration;0
baby shower inspiration decoration rustic;0
baby shower inspiration table;0
baby shower boy theme ideas inspiration;0
safari themed baby shower inspiration;0
themed baby shower welcome sign inspiration;0
vintage baby shower inspiration;0
baby shower inspiration winter;0
woodland baby shower inspiration;0
wildflower baby shower inspiration;0
baby shower welcome table setup inspiration;0
western themed baby shower inspiration;0
yellow baby shower backdrop inspiration;0
baby shower planning checklist planners;0
baby shower planning checklist free;0
baby shower planning steps;0
comprehensive baby shower planning checklist;0
free baby shower planning checklist;0
baby shower host checklist party planning;0
bullet journal baby shower planning;0
simple baby shower planning;0
baby shower planning idea;0
baby shower planning aesthetic;0
planning a baby shower checklist free printable;0
planning a baby shower for a boy;0
planning a baby shower at work;0
planning a baby shower list;0
planning a baby shower for a girl;0
planning a baby shower checklist ideas;0
planning a baby shower checklist planners;0
baby shower ideas decoracion its a girl babyshower party planning;0
baby shower planning book;0
baby shower planning board;0
baby in bloom shower planning checklist;0
baby shower checklist planners party planning free printable;0
baby shower planning checklist printables;0
checklist for baby shower planning;0
baby shower to do list party planning list;0
event planning baby shower decor;0
baby shower planning to do list;0
baby shower planning essentials;0
easy baby shower planning;0
event planning baby shower party ideas;0
co-ed baby shower planning checklist;0
list for baby shower planning;0
checklist for baby shower party planning;0
baby shower planning list free printable;0
baby shower food planning;0
baby shower planning guide free printable;0
baby shower planning guide step by step;0
baby shower planning layout;0
baby shower party planning list;0
baby shower planning notes;0
baby shower organization party planning;0
baby shower planning printable;0
baby shower planning schedule;0
winnie the pooh baby shower planning;0
virtual baby shower planning;0
boy baby shower nails;0
boy baby shower gifts;0
boy baby shower outfit for guest;0
boy baby shower gift ideas;0
a boy baby shower ideas;0
monkey baby shower boy;0
baby shower boy theme;0
boy baby shower banner;0
boy baby shower basket;0
boy baby shower basket ideas;0
boy baby shower balloon arch;0
boy baby shower bear theme;0
boy baby shower brunch;0
boy baby shower bear;0
boy baby shower cake ideas;0
boy baby shower cupcake ideas;0
boy baby shower color scheme;0
boy baby shower cards;0
boy baby shower clothesline;0
boy baby shower cakes simple;0
boy baby shower dress for mom;0
boy baby shower dessert table;0
boy baby shower decor ideas;0
boy baby shower dinosaur theme;0
boy baby shower diy;0
boy baby shower elephant theme;0
boy baby shower elegant;0
boy baby shower elephant centerpieces;0
boy baby shower eye makeup;0
boy baby shower easy decorations;0
boy baby shower evites;0
boy baby shower easy;0
boy baby shower earth tones;0
boy baby shower entry;0
boy baby shower entrance;0
boy baby shower flowers;0
boy baby shower fall;0
boy baby shower florals;0
boy baby shower fall theme;0
boy baby shower flowers arrangements;0
boy baby shower food table;0
boy baby shower favors for guests;0
boy baby shower fishing theme;0
boy baby shower guest outfit;0
boy baby shower gift basket;0
boy baby shower green;0
boy baby shower gift basket ideas;0
boy baby shower game ideas;0
boy baby shower gifts for guests;0
boy baby shower guest outfit winter;0
boy baby shower guest outfit spring;0
boy baby shower gifts basket diy;0
boy baby shower here comes the son;0
boy baby shower hunting theme;0
boy baby shower hunting;0
boy baby shower hatching soon;0
boy baby shower halloween theme;0
boy baby shower hair ideas;0
boy baby shower hydrangeas;0
boy baby shower horse theme;0
boy baby shower hairstyles;0
boy baby shower halloween;0
boy baby shower ideas fall;0
boy baby shower ideas gifts;0
boy baby shower ideas decorations;0
boy baby shower invite;0
boy baby shower ideas unique;0
boy baby shower ideas green;0
boy baby shower ideas winter;0
boy baby shower ideas summer;0
boy baby shower ideas simple;0
boy baby shower january;0
boy baby shower jungle theme;0
boy baby shower jungle;0
boy baby shower july;0
boy baby shower jeans;0
boy baby shower jello;0
boy baby shower john deere;0
boy baby shower juegos;0
january boy baby shower themes;0
blue jean baby boy shower cookies;0
boy baby shower keepsake;0
boy baby shower king theme;0
boy baby shower king;0
boy baby shower knight;0
safari lion king baby shower boy;0
baby shower theme boy lion king;0
baby boy shower fruit kabobs;0
kartka baby shower boy;0
boy baby shower lion king theme;0
boy baby shower looks;0
boy baby shower looney tunes;0
boy baby shower luxury;0
boy baby shower lion;0
boy baby shower lemon theme;0
boy baby shower lion king;0
boy baby shower locally grown;0
boy baby shower light blue;0
boy baby shower long table decor;0
boy baby shower lord of the rings;0
boy baby shower let the adventure begin;0
boy baby shower makeup;0
boy baby shower mom outfit;0
boy baby shower makeup looks;0
boy baby shower mini cheesecakes;0
boy baby shower motorcycle theme;0
boy baby shower mocktails;0
boy baby shower mini cupcakes;0
boy baby shower macarons;0
boy baby shower march;0
boy baby shower mountain theme;0
boy baby shower mantle decor;0
boy baby shower nail ideas;0
boy baby shower nails designs;0
boy baby shower nails short;0
boy baby shower november;0
boy baby shower nails square;0
boy baby shower nails sage green;0
boy baby shower nail ideas green;0
boy baby shower nails western;0
boy baby shower nails green;0
boy baby shower neutral;0
boy baby shower no theme;0
boy baby shower outfit for mom;0
boy baby shower outfits guest;0
boy baby shower outfit for guest women;0
boy baby shower outfit ideas;0
boy baby shower october;0
boy baby shower outfit ideas for guests;0
boy baby shower outfit for guest jeans;0
boy baby shower outfit ideas for mom;0
boy baby shower outfit ideas guest;0
3 tier baby shower cake boy;0
baby boy shower zoom background;0
baby q shower boy;0
baby shower centerpieces girl;0
baby shower corsage girl;0
baby shower girl cakes;0
baby shower party favors girl;0
baby shower table set up boy;0
baby shower thank you cards boy;0
boy baby shower cakes;0
boy baby shower party favor ideas;0
boy baby shower party favors;0
boy baby shower photo backdrop;0
boy baby shower rice krispie treats;0
boy baby shower sports theme;0
boy baby shower sugar cookies;0
boy baby shower theme;0
boy baby shower treats;0
boy baby shower winnie the pooh;0
boy baby shower wrapping ideas;0
diy baby shower invitations girl;0
elephant baby shower girl;0
girl baby shower backdrop;0
girl baby shower backdrop ideas;0
girl baby shower balloon arch;0
girl baby shower balloons;0
girl baby shower cake;0
girl baby shower cake ideas;0
girl baby shower cake pops;0
girl baby shower centerpiece ideas;0
girl baby shower centerpieces;0
girl baby shower cookies;0
girl baby shower cupcake ideas;0
girl baby shower cupcakes;0
girl baby shower favors;0
girl baby shower games;0
girl baby shower gifts;0
girl baby shower ideas;0
girl baby shower themes;0
girl baby shower cakes;0
girl baby shower decorations ideas;0
girl baby shower dessert ideas;0
girl baby shower dessert table;0
girl baby shower elephant theme;0
girl baby shower favor ideas;0
girl baby shower flower theme;0
girl baby shower flowers;0
girl baby shower food;0
girl baby shower food ideas;0
girl baby shower ideas gifts;0
girl baby shower invitations;0
girl baby shower jungle theme;0
girl baby shower nails ideas;0
girl baby shower outfit ideas;0
girl baby shower party favors;0
girl baby shower punch;0
girl baby shower sugar cookies;0
girl baby shower summer themes;0
girl baby shower treats;0
lion king baby shower girl;0
2 tier baby shower cake for girl;0
3 tier baby shower cake girl;0
baby shower neutral;0
dragon ball z baby shower girl;0
elephant baby shower gender neutral;0
neutral baby shower balloons;0
neutral baby shower cake;0
neutral baby shower cake ideas;0
neutral baby shower cakes;0
neutral baby shower centerpieces;0
neutral baby shower cookies;0
neutral baby shower cupcakes;0
neutral baby shower decor ideas;0
neutral baby shower decoration ideas;0
neutral baby shower decorations;0
neutral baby shower favors;0
neutral baby shower games;0
neutral baby shower gift ideas;0
neutral baby shower gifts;0
neutral baby shower ideas;0
neutral baby shower invitations;0
zazzle baby shower invitations girl;0
boy baby shower outfit for guest winter;0
boy baby shower punch;0
boy baby shower painted banner;0
boy baby shower prizes;0
boy baby shower punch recipe;0
boy baby shower peter rabbit;0
boy baby shower poster;0
boy baby shower photo backdrop ideas;0
boy baby shower park ideas;0
boy baby shower picnic ideas;0
boy baby shower quotes;0
quotes for baby shower boy;0
baby shower boy qoute;0
baby boy shower sayings quotes;0
baby boy shower quote;0
baby shower boy quiz;0
pasteles de baby shower boy quequitos;0
boy baby shower ralph lauren;0
boy baby shower race car;0
boy baby shower race car theme;0
boy baby shower round table set up;0
boy baby shower royal icing cookies;0
boy baby shower red;0
boy baby shower recuerdos;0
boy baby shower rocking horse;0
boy baby shower rustic;0
boy baby shower sign;0
boy baby shower summer;0
boy baby shower sheet cake;0
boy baby shower simple;0
boy baby shower sweet treats;0
boy baby shower snacks;0
boy baby shower september;0
boy baby shower spring;0
boy baby shower summer themes;0
boy baby shower safari theme;0
boy baby shower themes ideas;0
boy baby shower themes fall;0
boy baby shower table decor;0
boy baby shower themes unique;0
boy baby shower themes summer;0
boy baby shower themes winter;0
boy baby shower themes black people;0
boy baby shower themes october;0
boy baby shower themes september;0
boy baby shower tablescape;0
boy baby shower unique;0
boy baby shower under the sea theme;0
boy baby shower under the sea cookies;0
boy baby shower unique themes;0
boy baby shower under the sea;0
boy baby shower up theme;0
boy baby shower unique ideas;0
boy baby shower utensil ideas;0
boy baby shower vintage;0
boy baby shower valentines day;0
boy baby shower valentines;0
boy baby shower valentines theme;0
boy baby shower vintage sports;0
boy baby shower vintage car;0
boy baby shower vision board;0
boy baby shower veggie tray;0
boy baby shower vans;0
boy baby shower vaquero;0
boy baby shower welcome sign;0
boy baby shower winter;0
boy baby shower woodland theme;0
boy baby shower winter theme;0
boy baby shower western;0
boy baby shower western theme;0
boy baby shower woodland;0
boy baby shower wallpaper;0
boy baby shower watercolor card;0
boy baby shower winnie the pooh theme;0
boy baby shower yellow;0
boy baby shower yellow and blue;0
baby shower thank you gifts boy;0
sea you soon baby shower boy cake;0
enchanted to meet you baby shower boy;0
sea you soon baby shower theme boy food;0
baby shower cake boy blue and yellow;0
baby boy shower thank you gifts favor bags;0
see you soon baby shower theme boy;0
you are my sunshine baby shower theme boy;0
yellow baby boy shower ideas;0
boy baby shower zoo theme;0
decoración baby shower boy zorro;0
baby shower boy zabawy;0
dragon ball z baby shower theme boy;0
tort baby shower boy zielony;0
zepeto background baby shower boy;0
centro de mesa baby shower boy zapatitos;0
safari baby shower boy cake 1 tier;0
pasteles de baby shower boy 1 piso;0
baby shower boy cake 1 tier;0
baby shower boy formula 1;0
boy story baby shower cake 1 tier;0
baby boy shower 2 tier cake;0
baby shower for boy number 2;0
baby shower cake designs 2 tier boy;0
baby shower boy #2;0
baby shower cake 2 tier for boy;0
boy baby shower cakes 2 tier;0
simple 2 tier baby shower cake boy;0
cake baby shower boy 2 pisos;0
2 tier baby shower cake boy blue;0
winnie the pooh baby shower cake 2 tier boy;0
boy baby shower 2026;0
boy baby shower 2000s;0
baby shower ideas boy 2026;0
2026 boy baby shower theme;0
decoración baby shower boy 2025;0
baby shower nails boy 2026;0
3 tier cart baby shower gift boy;0
pasteles de baby shower boy 3 pisos;0
baby shower for 3rd baby boy;0
baby shower 3rd boy;0
sims 4 baby shower boy;0
boy baby shower cc sims 4;0
6 inch baby boy shower cake;0
70s baby shower boy;0
cloud 9 baby shower theme boy cake;0
cloud 9 baby shower cake boy;0
cloud 9 baby boy shower theme;0
cloud 9 baby shower theme boy backdrop;0
on cloud 9 baby boy shower theme;0
cloud 9 baby shower theme boy treats;0
cloud 9 baby shower theme boy cupcakes;0
on cloud 9 baby shower boy;0
90s baby shower theme boy;0
girl baby shower nails;0
girl baby shower outfit;0
girl baby shower ideas themes;0
girl baby shower themes fall;0
girl baby shower gift ideas;0
girl baby shower decor;0
girl baby shower diy;0
baby shower ideas for girl;0
baby girl baby shower theme;0
baby girl shower cake;0
baby shower food for girl;0
girl baby shower aesthetic;0
girl baby shower activities;0
girl baby shower at home;0
girl baby shower alcoholic drinks;0
girl baby shower arch;0
girl baby shower activity ideas;0
girl baby shower arch backdrop;0
girl baby shower august;0
girl baby shower banner;0
girl baby shower basket;0
girl baby shower basket ideas;0
girl baby shower bow theme;0
girl baby shower brunch;0
girl baby shower butterfly theme;0
girl baby shower bear theme;0
girl baby shower balloon ideas;0
girl baby shower character themes;0
girl baby shower cookies decorated;0
girl baby shower cards;0
girl baby shower charcuterie board;0
girl baby shower dress;0
girl baby shower desserts;0
girl baby shower dress for mom;0
girl baby shower decor ideas;0
girl baby shower drinks;0
girl baby shower dress black women;0
girl baby shower elegant;0
girl baby shower entrance;0
girl baby shower enchanted forest;0
girl baby shower elements;0
girl baby shower easy decorations;0
girl baby shower entrance table;0
girl baby shower enchanted;0
girl baby shower eyeshadow;0
girl baby shower essentials;0
girl baby shower emoji;0
girl baby shower easy decor;0
girl baby shower fall;0
girl baby shower fall theme;0
girl baby shower favors for guests;0
girl baby shower flower arrangements;0
girl baby shower food table;0
girl baby shower floral;0
girl baby shower guest outfit;0
girl baby shower gift basket;0
girl baby shower gift basket ideas;0
girl baby shower game ideas;0
girl baby shower guest outfit winter;0
girl baby shower gifts basket diy;0
girl baby shower gifts diy;0
girl baby shower gifts for guests;0
girl baby shower goose;0
girl baby shower hairstyles;0
girl baby shower halloween theme;0
girl baby shower hello kitty;0
girl baby shower hair ideas;0
girl baby shower halloween;0
girl baby shower hanging decorations;0
girl baby shower hershey bar;0
girl baby shower host outfit;0
girl baby shower hostess gifts;0
girl baby shower ideas decorations;0
girl baby shower ideas fall;0
girl baby shower ideas pink;0
girl baby shower ideas for september;0
girl baby shower invite;0
girl baby shower ideas winter;0
girl baby shower ideas berry sweet;0
girl baby shower ideas unique;0
girl baby shower january;0
girl baby shower july;0
girl baby shower jello ideas;0
girl baby shower jello;0
girl baby shower jungle;0
baby girl shower themes june;0
mason jar crafts for baby shower girl;0
jungle girl baby shower centerpieces;0
baby shower girl invitations jirafa;0
girl baby shower keepsake ideas;0
kangaroo baby shower theme girl;0
rice krispie baby shower girl;0
centros de mesa baby shower girl hello kitty;0
lion king baby shower invitations girl;0
rice krispy treats baby shower girl;0
korean baby girl shower cake;0
baby shower rice krispie treats girl;0
girl baby shower lemon theme;0
girl baby shower ladybug theme;0
girl baby shower lunch;0
girl baby shower luxury;0
girl baby shower long table decor;0
girl baby shower luncheon ideas;0
girl baby shower love bug;0
girl baby shower lemon;0
girl baby shower lavender;0
girl baby shower looks;0
girl baby shower luncheon;0
girl baby shower makeup;0
girl baby shower mom outfit;0
girl baby shower mom dress;0
girl baby shower makeup looks;0
girl baby shower makeup ideas;0
girl baby shower mehandi designs;0
girl baby shower march;0
girl baby shower mantel decorations;0
girl baby shower minimalist;0
girl baby shower mantle ideas;0
girl baby shower mini cakes;0
girl baby shower macarons;0
girl baby shower nails designs;0
girl baby shower november;0
girl baby shower not pink;0
girl baby shower nails bow;0
girl baby shower nails short;0
girl baby shower neutral;0
girl baby shower no theme;0
girl baby shower outfit for guest;0
girl baby shower outfit guest;0
girl baby shower outfit for mom;0
girl baby shower october;0
girl baby shower outfit for guest winter;0
girl baby shower outfit for mom black;0
girl baby shower outfit for guest casual;0
girl baby shower outfit for dad;0
girl baby shower outfit winter;0
girl baby shower outfits for guest fall;0
girl baby shower pink;0
girl baby shower painted banner;0
girl baby shower prizes;0
girl baby shower purple;0
girl baby shower party favor ideas;0
girl baby shower poster;0
girl baby shower pumpkin theme;0
girl baby shower punch recipes;0
girl baby shower pink bows;0
girl baby shower petit fours;0
girl baby shower quotes;0
queques baby shower girl osos;0
baby q shower cookies girl;0
quote baby shower girl;0
baby shower for girl quotes;0
baby girl shower quotes sweets;0
baby-q shower girl;0
queque baby shower girl cuadrado;0
pasteles baby shower girl quequitos;0
queque baby shower girl osita;0
baby q shower cookies for girl;0
girl baby shower rice krispie treats;0
girl baby shower royal icing cookies;0
girl baby shower ribbon theme;0
girl baby shower round table setting;0
girl baby shower ralph lauren;0
girl baby shower rice crispy treats;0
girl baby shower return gifts;0
girl baby shower round backdrop;0
girl baby shower rose themes;0
girl baby shower recuerdos;0
girl baby shower ready to pop;0
girl baby shower summer;0
girl baby shower sheet cake ideas;0
girl baby shower simple;0
girl baby shower sheet cake;0
girl baby shower september;0
girl baby shower strawberries;0
girl baby shower sign;0
girl baby shower snacks;0
girl baby shower spring;0
girl baby shower set up;0
girl baby shower themes ideas;0
girl baby shower themes unique;0
girl baby shower themes summer;0
girl baby shower table decor;0
girl baby shower themes winter;0
girl baby shower themes black people;0
girl baby shower themes september;0
girl baby shower themes october;0
girl baby shower themes august;0
girl baby shower unique;0
girl baby shower under the sea;0
girl baby shower unique theme;0
girl baby shower unique gifts;0
girl baby shower unique ideas;0
girl baby shower unicorn;0
girl baby shower umbrella;0
girl baby shower utensils;0
under the sea baby shower ideas girl;0
girl baby shower vintage;0
girl baby shower valentine theme;0
girl baby shower vintage theme;0
girl baby shower veggie tray ideas;0
girl baby shower vision board;0
girl baby shower vintage cake;0
girl baby shower vibes;0
girl baby shower valentines;0
girl baby shower vintage pink;0
girl baby shower winnie the pooh;0
girl baby shower winter;0
girl baby shower welcome sign;0
girl baby shower winter themes;0
girl baby shower wildflower theme;0
girl baby shower watercolor card;0
girl baby shower wallpaper;0
girl baby shower western;0
girl baby shower woodland theme;0
girl baby shower wrapping ideas;0
girl baby shower winter outfit;0
girl baby shower with bows;0
baby shower girl xmas;0
girl baby shower yellow;0
girl baby shower yellow theme;0
girl baby shower yellow and pink;0
girl baby shower you are my sunshine;0
pastel para baby shower girl morado y rosado;0
baby shower invitations girl yellow;0
sea you soon baby shower theme girl;0
yea party baby shower ideas girl;0
sea you soon baby shower theme girl table;0
baby shower thank you gifts girl;0
sea you soon baby shower theme girl banner;0
baby shower thank you girl;0
baby shower zoo theme girl;0
zoo baby shower girl;0
decoración baby shower girl zoe;0
zoo theme baby shower ideas girl;0
zoo animal baby shower theme girl;0
baby shower invites for girl zazzle;0
baby shower girl zdjecia;0
baby shower zebra theme girl;0
1 layer baby shower cake girl;0
baby shower cakes girl 1 tier;0
baby shower cakes girl 1 layer;0
girl baby shower cake 1 tier;0
pastel baby shower girl 1 piso;0
pastel baby shower girl 100 personas;0
1st girl baby shower theme;0
2 tier baby shower girl cake;0
pastel para baby shower girl 2 pisos;0
baby shower cakes girl pink 2 tier;0
baby shower cakes girl 2 layers;0
pastel baby shower girl 2 pisos;0
2 tier baby shower cake girl pink;0
cake baby shower girl 2 pisos;0
2 tier baby shower cake girl simple;0
torta baby shower girl 2 pisos;0
pasteles de baby shower girl 2 pisos;0
2 layer baby shower cake girl;0
girl baby shower 2026;0
girl baby shower 2000s;0
girl baby shower 2026 ideas;0
girl baby shower 2 tier cake;0
baby shower ideas 2025 girl;0
2026 baby shower girl theme;0
baby shower girl themes 2026;0
baby shower cakes girl 2025;0
2nd baby shower ideas girl;0
2nd baby shower theme girl;0
pastel baby shower girl 3 pisos;0
baby shower cakes girl 3 tier;0
baby shower for 3rd baby girl;0
3rd baby shower ideas girl;0
girl baby shower sims 4;0
sims 4 girl baby shower cc;0
70s baby shower theme girl;0
70s baby shower girl;0
70s baby shower ideas girl;0
on cloud 9 baby shower girl;0
on cloud 9 baby shower theme girl;0
cloud 9 girl baby shower treats;0
cloud 9 baby shower theme for girl;0
cloud 9 baby shower theme centerpieces girl;0
we are on cloud 9 baby shower theme girl;0
cloud 9 baby girl shower theme;0
cloud 9 baby shower cookies girl;0
cloud 9 baby shower theme girl cake;0
cloud 9 baby shower cake girl;0
90s baby shower theme girl;0
neutral baby shower nails;0
neutral baby shower dress;0
neutral baby shower outfit;0
neutral baby shower outfit for guest;0
torta baby shower neutral;0
neutral baby shower aesthetic;0
neutral baby shower arch;0
neutral baby shower at home;0
neutral baby shower arch backdrop;0
neutral baby shower and gender reveal;0
neutral baby shower afternoon tea;0
neutral baby shower activities;0
neutral baby shower arrangements;0
neutral baby shower attire;0
neutral baby shower at restaurant;0
baby shower nails neutral almond;0
neutral baby shower backdrop;0
neutral baby shower banner;0
neutral baby shower balloon arch;0
neutral baby shower basket;0
neutral baby shower backdrop ideas;0
neutral baby shower boy;0
neutral baby shower background;0
neutral baby shower balloon bouquet;0
neutral baby shower brunch;0
neutral baby shower biscuits;0
neutral baby shower banner ideas;0
neutral baby shower color palette;0
neutral baby shower colors;0
neutral baby shower cookies decorated;0
neutral baby shower cake ideas simple;0
neutral baby shower cake pops;0
neutral baby shower cupcake ideas;0
neutral baby shower dress for mom;0
neutral baby shower desserts;0
neutral baby shower dessert table;0
neutral baby shower decor;0
neutral baby shower decorations simple;0
neutral baby shower decor themes;0
neutral baby shower eucalyptus;0
baby elephant baby shower ideas neutral;0
neutral baby shower ideas elegant;0
baby shower cookies neutral easy;0
neutral elephant baby shower theme;0
baby shower cupcakes neutral easy;0
elegant baby shower neutral;0
neutral baby shower flowers;0
neutral baby shower flower arrangements;0
neutral baby shower florals;0
neutral baby shower food;0
neutral baby shower for girl;0
neutral baby shower floral arrangements;0
neutral baby shower fall;0
neutral baby shower food ideas;0
neutral baby shower food table;0
neutral baby shower for boy;0
neutral baby shower food table ideas;0
neutral baby shower guest outfit;0
neutral baby shower girl;0
neutral baby shower gifts basket;0
neutral baby shower girl decor;0
neutral baby shower guest outfit ideas;0
neutral baby shower gel nails;0
neutral baby shower game prizes;0
neutral baby shower grazing table;0
neutral baby shower green;0
neutral baby shower hamper;0
neutral baby shower heart cake;0
neutral baby shower ideas at home;0
halloween baby shower ideas neutral;0
a little piece of heaven baby shower neutral;0
here comes the sun baby shower theme neutral;0
neutral baby shower invite;0
neutral baby shower ideas themed parties;0
neutral baby shower ideas boy;0
neutral baby shower ideas girl;0
neutral baby shower ideas decorations;0
neutral baby shower invites design;0
neutral baby shower ideas winter;0
neutral baby shower ideas summer;0
neutral baby shower ideas fall;0
neutral baby shower ideas spring;0
baby shower themes neutral june;0
baby shower themes neutral january;0
neutral jungle baby shower ideas;0
neutral baby shower ideas june;0
toile de jouy baby shower neutral;0
lion king baby shower ideas neutral;0
neutral baby shower lunch;0
neutral baby shower look;0
lemon baby shower neutral;0
cielito lindo neutral baby shower theme;0
sprinkled with love baby shower ideas neutral;0
neutral baby shower ideas lemon;0
luxury neutral baby shower ideas;0
neutral baby shower mood board;0
neutral baby shower makeup;0
neutral baby shower minimal;0
modern neutral baby shower decor ideas;0
neutral baby shower outfit men;0
modern spring baby shower ideas neutral;0
baby shower for twin boy and girl;0
neutral baby shower wrapping paper;0
twin baby shower backdrop;0
twin baby shower banner;0
twin baby shower boy and girl;0
twin baby shower cake;0
twin baby shower cake ideas;0
twin baby shower cards;0
twin baby shower centerpieces;0
twin baby shower cookies;0
twin baby shower cupcakes;0
twin baby shower decoration ideas;0
twin baby shower decorations;0
twin baby shower favor ideas;0
twin baby shower favors;0
twin baby shower food;0
twin baby shower food ideas;0
twin baby shower game ideas;0
twin baby shower games;0
twin baby shower games free printable;0
twin baby shower gift ideas;0
twin baby shower gifts;0
twin baby shower ideas;0
twin baby shower ideas boy and girl;0
twin baby shower invitation templates;0
twin baby shower invitations;0
twin boy and girl baby shower cake ideas;0
twin elephant baby shower decorations;0
baby shower cards diy;0
baby shower diaper raffle;0
baby shower diy backdrop;0
baby shower diy banner;0
baby shower diy basket;0
baby shower diy blocks;0
baby shower diy centerpieces;0
baby shower diy crafts;0
baby shower diy decor ideas;0
baby shower diy decorations;0
baby shower diy dollar tree;0
baby shower diy favors;0
baby shower diy food;0
baby shower diy games;0
baby shower diy gift ideas;0
baby shower diy gifts;0
diy baby shower decorations;0
diy baby shower gift ideas;0
diy baby shower invitations;0
diy baby shower invites;0
twin baby shower party;0
twin baby shower party favors;0
twin baby shower pictures;0
twin baby shower prizes;0
twin baby shower quotes;0
twin baby shower sayings;0
twin baby shower theme ideas;0
twin baby shower themes boy and girl;0
twin baby shower wording;0
unique twin baby shower themes;0
baby shower diy party favors;0
baby shower diy photo booth;0
baby shower diy prizes;0
baby shower diy projects;0
baby shower diy souvenir;0
baby shower diy treats;0
baby shower jeopardy diy;0
diy baby shower block letters;0
diy baby shower keepsakes;0
diy baby shower thank you cards;0
rustic baby shower backdrop;0
rustic baby shower banner;0
rustic baby shower boy;0
rustic baby shower cake;0
rustic baby shower cake girl;0
rustic baby shower cake ideas;0
rustic baby shower centerpiece ideas;0
rustic baby shower centerpieces;0
rustic baby shower cookies;0
rustic baby shower cupcakes;0
rustic baby shower decorations;0
rustic baby shower girl;0
rustic baby shower ideas;0
rustic baby shower ideas for a boy;0
rustic baby shower invitations;0
rustic baby shower theme;0
neutral baby shower outfit for mom;0
baby shower dress for mom neutral;0
neutral baby shower nail ideas;0
neutral baby shower no theme;0
neutral baby shower no balloons;0
neutral baby shower outfit guest;0
neutral baby shower outfit ideas;0
neutral baby shower outfit for dad;0
neutral baby shower outfit black women;0
neutral baby shower outdoor;0
neutral baby shower outfit winter;0
neutral baby shower outfit summer;0
neutral baby shower party decorations;0
neutral baby shower prizes;0
neutral baby shower painted banner;0
neutral baby shower photo backdrop;0
neutral baby shower party favors;0
neutral baby shower palette;0
neutral baby shower picnic ideas;0
neutral baby shower presents;0
neutral baby shower pretzels;0
neutral baby shower punch;0
neutral baby shower picnic;0
neutral baby shower prize ideas;0
neutral baby shower round table decor;0
neutral baby shower reveal;0
neutral baby shower royal icing cookies;0
neutral rainbow baby shower theme;0
baby shower cakes neutral rainbow;0
baby shower ideas neutral colors rustic;0
recuerdos baby shower neutral;0
neutral baby shower sign;0
neutral baby shower sugar cookies;0
neutral baby shower sheet cake;0
neutral baby shower set up;0
neutral baby shower simple decor;0
neutral baby shower stickers;0
neutral baby shower simple;0
neutral baby shower sweets;0
neutral baby shower sheet cake ideas;0
neutral baby shower save the date;0
neutral baby shower snack table;0
neutral baby shower summer;0
neutral baby shower themes ideas;0
neutral baby shower table decor;0
neutral baby shower table setting;0
neutral baby shower table;0
neutral baby shower treats;0
neutral baby shower tablescape;0
neutral baby shower themes girl;0
neutral baby shower themes spring;0
neutral baby shower table set up;0
neutral baby shower themes summer;0
neutral baby shower table ideas;0
under the sea baby shower ideas neutral;0
unique baby shower themes neutral bohemian;0
unique neutral baby shower themes;0
unique baby shower themes neutral fall;0
up up and away baby shower theme neutral;0
baby shower cake ideas unique neutral;0
neutral baby shower vibes;0
neutral baby shower vintage cake;0
neutral baby shower vintage;0
valentine’s day baby shower ideas neutral;0
neutral baby shower welcome sign;0
neutral baby shower wallpaper;0
neutral baby shower winter;0
neutral baby shower with greenery;0
neutral baby shower with pop of blue;0
neutral baby shower with pink;0
neutral baby shower with pop of pink;0
neutral baby shower with bows;0
neutral baby shower welcome board;0
neutral baby shower western;0
neutral baby shower winnie the pooh;0
neutral baby shower yellow;0
sea you soon baby shower theme neutral;0
baby shower ideas neutral colors yellow;0
neutral baby shower ideas yellow;0
baby shower cakes neutral 2 tier;0
neutral baby shower cake 2 tier;0
2025 baby shower themes neutral;0
neutral baby shower ideas 2026;0
2026 baby shower gender neutral;0
3rd baby shower ideas neutral;0
on cloud 9 baby shower theme neutral;0
cloud 9 baby shower theme neutral;0
twin baby shower theme;0
twin baby shower ideas theme;0
twin baby shower ideas decoration;0
girl boy twin baby shower ideas;0
twinkle little stars twin baby shower ideas;0
twin winter baby shower ideas;0
twin baby shower crate gift basket ideas;0
twin girls baby shower ideas decor dessert tables;0
twin baby shower ice cream theme;0
cute baby shower gifts for twin boys;0
twin baby shower cupcakes boy and girl;0
twin boys baby shower cakes;0
twin baby shower ideas fall theme;0
twin baby shower activities;0
twin baby shower aesthetic;0
twin baby shower announcement;0
twin baby shower arch;0
twin baby shower animal theme;0
twin baby shower activity;0
twin baby shower boy and girl theme;0
twin baby shower girl and boy;0
twin boy and girl baby shower cookies;0
twin baby shower bee theme;0
twin baby shower boys;0
twin baby shower balloon arch;0
twin baby shower backdrop ideas;0
twin baby shower banner ideas;0
twin baby shower basket;0
twin baby shower brunch ideas;0
twin baby shower balloon ideas;0
twin baby shower boy girl;0
twin baby shower cookies decorated;0
twin baby shower cake topper;0
twin baby shower cake ideas boy and girl;0
twin baby shower card diy;0
twin baby shower decor;0
twin baby shower decor ideas;0
twin baby shower dress;0
twin baby shower desserts;0
twin baby shower dessert ideas;0
twin baby shower diaper cake;0
twin baby shower decorated cookies;0
twin baby shower double the love;0
twin baby shower drinks;0
elephant twin baby shower theme;0
twin elephant baby shower boy & girl twins invitation;0
elegant twin baby shower ideas;0
twin elephant baby shower cake;0
twin baby shower ideas boy and girl elephant;0
twin baby shower favors for guests;0
twin baby shower fall;0
twin baby shower fall theme;0
twin baby shower fruit ideas;0
twin baby shower flyer;0
twin baby shower for boy and girl;0
twin baby shower football;0
twin baby shower flowers;0
twin baby shower gift basket ideas;0
twin baby shower gifts baskets;0
twin baby shower gift ideas diy;0
twin baby shower games activities;0
twin baby shower girl;0
twin baby shower gift ideas boy and girl;0
twin baby shower halloween;0
twin baby shower hand painted banner;0
twin baby shower hot air balloon;0
halloween twin baby shower theme;0
twin halloween baby shower ideas;0
harry potter twin baby shower ideas;0
twin baby shower ideas boys;0
twin baby shower invite;0
twin baby shower ideas fall;0
twin baby shower ideas girl themes;0
twin baby shower ideas winter;0
twin baby shower ideas theme decoration;0
twin baby shower ideas january;0
jungle theme twin baby shower ideas;0
june twin baby shower ideas;0
twin baby shower lemon theme;0
twin baby shower letter board;0
twin baby shower ideas theme twinkle twinkle little star;0
little twin stars baby shower ideas;0
twin baby shower ideas theme gender reveal twinkle twinkle little star;0
cielito lindo twin baby shower theme;0
two little cuties twin baby shower food;0
baby shower little twin stars;0
two little cuties twin baby shower theme;0
little cuties twin baby shower ideas;0
twin baby shower mehendi designs;0
twin baby shower mehendi;0
twin baby shower message;0
baby shower dress for twin mom;0
mickey and minnie twin baby shower ideas;0
twin baby shower ideas march;0
twin baby shower outfits for mom;0
over the moon twin baby shower ideas;0
sun and moon twin baby shower theme;0
mexican theme twin baby shower ideas;0
twin baby shower nails;0
twin baby shower nail ideas;0
twin baby shower neutral;0
twin baby shower noahs ark;0
november twin baby shower ideas;0
neutral twin baby shower ideas;0
twin gender neutral baby shower ideas;0
twin baby shower ideas theme noah ark;0
twin girl baby shower nails;0
twin baby shower themes neutral;0
twin baby shower themes gender neutral;0
noah’s ark twin baby shower theme;0
twin baby shower outfits;0
twin baby shower october;0
cutie orange twin baby shower theme;0
twin baby shower guest outfit;0
october twin baby shower ideas;0
boy girl twin baby shower outfit;0
thing one and thing two baby shower twin;0
twin baby shower theme october;0
twin baby shower party themes;0
twin baby shower painted banner;0
twin baby shower photoshoot;0
twin baby shower poster;0
twin baby shower pizza theme;0
twin baby shower predictions;0
twin baby shower present ideas;0
twin baby shower pumpkin;0
twin baby shower registry;0
rainbow twin baby shower ideas;0
peter rabbit twin baby shower ideas;0
twin boy and girl baby shower ideas gender reveal;0
rugrats twin baby shower theme;0
baby shower twin reveal;0
twin baby shower gender reveal;0
twin baby shower sign;0
twin baby shower sugar cookies;0
twin baby shower sheet cake;0
twin baby shower snacks;0
twin baby shower sprinkle;0
twin baby shower souvenir;0
twin baby shower stickers;0
twin baby shower summer;0
twin baby shower set up;0
twin baby shower shirt ideas;0
twin baby shower spring;0
twin baby shower theme boys;0
twin baby shower theme winter;0
twin baby shower theme fall;0
twin baby shower theme disney;0
twin baby shower two peas in a pod;0
twin baby shower thank you gifts;0
twin baby shower table decor;0
twin baby shower theme summer;0
unique twin baby shower gifts;0
unique twin baby shower ideas;0
unique twin boy baby shower ideas;0
unisex twin baby shower themes;0
twin baby shower video;0
twin baby shower ideas valentines;0
vintage twin baby shower ideas;0
twin baby shower welcome sign;0
twin baby shower winnie the pooh;0
twin baby shower winter;0
twin baby shower winter theme;0
twin baby shower welcome board;0
twin baby shower western;0
twin baby shower woodland;0
twin baby shower wishes;0
twin girl baby shower ideas winter;0
twin boy baby shower ideas winter;0
2 peas in a pod baby shower ideas twin;0
baby shower diy ideas;0
baby shower diy decor;0
baby shower diy card;0
baby shower diy activities;0
baby shower diy decorations craft ideas;0
baby shower diy gift basket;0
baby shower diy onesie station;0
baby shower gifts for girls diy;0
diy baby shower cake;0
baby shower invitations for girls diy;0
baby shower diy activity;0
baby shower diy abc book;0
baby shower diy art;0
baby shower diy at home;0
baby shower diy alphabet book;0
diy alphabet blocks baby shower letters;0
diy april showers baby shower decoration ideas;0
blue and white baby shower ideas diy;0
diy baby shower at work;0
diy baby shower gift for a boy;0
abc blocks baby shower diy cute ideas;0
baby shower diy boy;0
baby shower diy bouquet;0
baby shower diy backdrop ideas;0
baby shower diy basket gift ideas;0
baby shower diy bibs;0
baby shower diy boxes;0
baby shower diy bunting;0
baby shower diy background;0
baby shower diy card ideas;0
baby shower diy contrast cards;0
baby shower diy cards simple;0
baby shower diy clothes rack;0
baby shower diy cricut;0
baby shower diy closet;0
baby shower diy centerpieces girl;0
baby shower diy craft ideas;0
baby shower diy centerpieces boy;0
baby shower diy desserts;0
baby shower diy decorations boy;0
baby shower diy decorations girl;0
baby shower diy decorations indian;0
baby shower diy decoration ideas;0
baby shower diy decorations at home;0
baby shower diy diaper gift;0
baby shower diy easy;0
easy baby shower cake for girls diy;0
easy diy baby shower theme;0
easy baby shower cake diy;0
easy baby shower baskets diy gifts;0
easy diy baby shower table decor;0
gift wrapping ideas for baby shower girls easy diy;0
easy diy baby shower centerpieces girl;0
diy elephant baby shower decor;0
easy diy baby shower decor;0
easy diy baby shower gifts homemade;0
baby shower decorations easy diy;0
baby shower diy food ideas;0
baby shower diy favors for guests;0
baby shower diy flowers;0
baby shower diy flower bar favor;0
baby shower diy flower bar;0
baby shower diy for guest;0
baby shower diy frame;0
baby shower diy florals;0
baby shower diy gifts for girl;0
baby shower diy gifts for mom;0
baby shower diy gifts for boys;0
baby shower diy gifts girl;0
baby shower diy girl;0
baby shower diy gift bag;0
baby shower diy girl decorating ideas;0
baby shower diy gifts for guests;0
baby shower diy hamper;0
baby shower diy home decor;0
baby shower diy home;0
baby shower hamper gift basket ideas diy homemade;0
home baby shower ideas decor diy;0
creative baby shower gifts diy how to make;0
diy baby shower decorations here comes the son;0
baby shower gifts diy homemade sugar scrubs;0
halloween baby shower backdrop diy;0
diy baby shower hamper crate;0
baby shower cards diy handmade;0
baby shower diy ideas decoration;0
baby shower diy indian;0
baby shower diy invitations;0
baby shower diy ideas girl;0
baby shower diy ideas indian;0
baby shower diy invite;0
baby shower ideas for girls diy;0
diy baby shower jwellery;0
baby shower decorations diy painted mason jars;0
real flower jewelry for baby shower diy;0
baby shower jewellery diy;0
juegos baby shower diy;0
diy jungle baby shower centerpieces;0
diy jungle theme baby shower ideas;0
real floral jewellery for baby shower diy;0
diy jungle baby shower decor;0
lion king baby shower ideas for boys diy party favors;0
lion king theme baby shower ideas diy;0
diy keepsake baby shower gifts;0
diy baby shower gifts for mom mommy survival kits;0
diy lion king baby shower decorations;0
baby shower props diy indian kids;0
hello kitty baby shower diy;0
baby shower keychain diy;0
diy baby shower games for kids;0
baby shower keepsake ideas diy;0
kartka na baby shower diy;0
locally grown baby shower theme backdrop diy;0
diy little cutie baby shower decor;0
baby shower linen sign diy;0
diy ladybug baby shower ideas;0
diy locally grown baby shower decor;0
little pumpkin baby shower diy;0
baby shower diy mobile;0
diy baby shower welcome sign mirror;0
modern diy baby shower decoration ideas;0
diy mushroom baby shower decor;0
over the moon baby shower favors diy;0
diy baby shower message board;0
how to make a baby shower sash diy;0
baby shower chair for mom diy;0
precious moments baby shower diy gift ideas;0
baby shower motorcycle diaper diy;0
baby shower diy name;0
safari baby shower boy decorations diy nursery decor;0
baby shower gift ideas for girls diy nurseries;0
gender neutral baby shower diy;0
nightmare diy baby shower pins for guest;0
baby boy crafts diy shower gifts nursery decor;0
diy neutral baby shower ideas;0
diy no-sew baby shower gift ideas;0
finding nemo baby shower diy;0
baby shower name suggestions board diy;0
a new chapter baby shower diy;0
diy baby shower decorations neutral;0
baby shower diy onesie;0
baby shower diy on a budget;0
baby shower diy outside;0
baby shower diy outfit;0
welcome to our baby shower sign diy;0
oh boy baby shower diy craft ideas;0
diy outdoor baby shower decoration ideas;0
diy baby shower onsie;0
iron on baby onesies diy shower gifts;0
cherry on top baby shower theme decor diy;0
baby shower diy photo backdrop;0
baby shower diy present;0
baby shower diy poster;0
baby shower diy props;0
baby shower diy painting;0
baby shower diy paper;0
baby shower diy photo frame;0
baby shower diy printable;0
baby shower diy quilt;0
diy baby q shower ideas;0
quick diy baby shower card;0
diy baby q shower decoration ideas;0
quick baby shower gifts diy;0
diy baby q shower decorations;0
baby-q shower diy;0
quick diy baby shower gift;0
baby shower quilt squares diy;0
quick baby shower decorations easy diy;0
quick baby shower gifts diy sewing projects;0
regalo baby shower diy;0
diy baby shower decorations rustic;0
rustic baby shower diy ideas;0
diy repurposed baby shower gift ideas;0
recuerdo baby shower girl diy;0
price is right baby shower game diy;0
baby shower gift clothing rack diy;0
ralph lauren polo bear diy boy baby shower favors;0
baby shower return gifts ideas diy;0
ralph lauren baby shower theme diy;0
baby shower diy sign;0
baby shower diy station;0
baby shower diy snacks;0
baby shower diy set up;0
baby shower diy table decorations;0
baby shower diy treats dessert tables;0
baby shower diy table;0
baby shower diy thank you gifts;0
baby shower diy table decor;0
baby shower diy theme;0
we can bearly wait baby shower theme centerpieces diy;0
diy baby shower set up;0
unique baby shower diy gifts;0
once upon a time baby shower theme diy;0
simple diy baby shower set up;0
baby shower umbrella decorations diy;0
unique baby shower favors diy;0
under the sea baby shower diy;0
unique baby shower gift diy;0
baby shower pop up card diy;0
under the sea baby shower decorations diy;0
under the sea baby shower ideas diy;0
diy upcycled baby shower gift ideas;0
vintage pooh baby shower ideas diy;0
valentines baby shower ideas diy;0
diy baby shower decorations videos;0
vintage baby shower decor diy;0
valentines theme baby shower ideas boy diy;0
vintage winnie the pooh baby shower diy;0
diy baby shower vase centerpieces;0
decoracion baby shower varon diy;0
vintage diy baby shower decoration ideas;0
valentine baby shower diy;0
diy vintage baby shower ideas;0
baby shower diy welcome sign;0
baby shower diy winnie the pooh;0
baby shower diy wrapping paper;0
wooden crate baby shower gift diy;0
winter baby shower ideas for boys decoration diy;0
winnie the pooh diy baby shower ideas;0
baby wash cloths diy shower gifts;0
baby shower thank you gifts diy;0
baby shower thank you gifts for guests diy;0
diy baby shower thank you favors;0
baby shower thank you gifts for guests diy ideas;0
things you need for a baby shower diy decorating;0
diy baby shower thank you;0
sea you soon baby shower diy;0
diy sea you soon baby shower decorations;0
yellow baby shower decorations diy;0
baby shower thank you notes diy;0
baby shower thank you gift ideas diy;0
diy baby shower 4th of july decorations;0
50+ easy diy baby shower ideas for boys;0
cloud 9 baby shower theme diy;0
rustic baby shower ideas girl;0
rustic baby shower ideas for boys;0
rustic baby shower decoration ideas;0
rustic fall baby shower ideas girl;0
baby shower greenery theme boy rustic;0
cactus baby shower ideas boy rustic;0
girl rustic baby shower ideas;0
rustic baby shower cake pink;0
baby in bloom shower ideas rustic;0
rustic baby shower arch;0
rustic baby shower aesthetic;0
rustic animal baby shower ideas;0
pink and green baby shower ideas rustic;0
baby shower centerpiece flowers sage and tan rustic;0
rustic baby shower flower arrangements;0
cozy and rustic autumn baby shower themes;0
rustic baby shower balloon arch;0
rustic farm animal baby shower ideas;0
autumn baby shower ideas rustic;0
rustic baby shower backdrop ideas;0
rustic baby shower balloons;0
rustic baby shower basket;0
rustic baby shower background;0
rustic baby shower cake ideas for boys;0
rustic baby shower centerpieces for boys;0
rustic baby shower chalkboard sign ideas;0
baby shower pastel;0
pastel baby shower balloons;0
pastel baby shower boy;0
pastel baby shower cake;0
pastel baby shower dress;0
pastel baby shower girl;0
pastel baby shower ideas;0
pastel baby shower niña;0
pastel baby shower niño;0
pastel baby shower theme;0
rustic baby shower decor;0
rustic baby shower dessert table;0
rustic baby shower desserts;0
rustic baby shower favors;0
rustic baby shower flowers;0
rustic baby shower food;0
rustic baby shower food ideas;0
rustic baby shower for girl;0
rustic baby shower games;0
rustic baby shower gifts;0
rustic baby shower invitations boy;0
rustic baby shower invitations template;0
rustic baby shower invite;0
rustic baby shower party favors;0
rustic baby shower plates;0
rustic baby shower table centerpieces;0
rustic baby shower table decor;0
watercolor baby shower card;0
watercolor baby shower invite;0
pastel baby shower centerpieces;0
pastel baby shower cupcakes;0
pastel baby shower dinosaurio;0
pastel baby shower elefante;0
pastel baby shower elefante niña;0
pastel baby shower invitations;0
pastel baby shower mexicano;0
pastel baby shower niña chantilly;0
classic baby shower decorations;0
classic baby shower food;0
classic baby shower ideas;0
classic baby shower invitations;0
classic winnie the pooh baby shower ideas;0
diy shabby chic shower curtain;0
shabby chic baby shower ideas;0
rustic baby shower cookies for girl;0
rustic baby shower dress;0
rustic baby shower decorations for boys;0
rustic baby shower decorations girl;0
rustic baby shower dessert table ideas;0
rustic baby shower diaper cake;0
rustic baby shower dessert table display;0
earthy baby shower ideas rustic;0
rustic elegance baby shower ideas;0
elegant rustic baby shower ideas;0
elegant baby shower ideas for boys rustic;0
easy diy baby shower decorations at home rustic;0
rustic baby shower food table;0
rustic baby shower food table display;0
rustic baby shower for boy;0
rustic baby shower fall;0
rustic baby shower gift table ideas;0
rustic baby shower girl ideas;0
rustic baby shower gift basket;0
rustic baby shower guest favor ideas;0
rustic baby shower gift wrap;0
rustic baby shower green;0
rustic cake baby shower girl;0
highland cow baby shower theme decorations rustic;0
rustic hunting baby shower ideas;0
rustic baby shower ideas decorations;0
rustic baby shower ideas boy;0
rustic baby shower invitation ideas;0
rustic baby shower ideas for girl;0
rustic baby shower ideas outdoor;0
diy baby shower decorations rustic mason jar centerpieces;0
rustic twinkle little star baby shower ideas;0
rustic lemon baby shower theme;0
rustic little pumpkin baby shower cake;0
rustic mountain baby shower ideas;0
rustic baby shower outfits for mom;0
neutral rustic baby shower ideas;0
navy blue baby shower ideas boys rustic;0
neutral boho baby shower ideas rustic;0
gender neutral rustic baby shower ideas;0
neutral rustic bohemian baby shower decorations;0
unique baby shower themes neutral rustic;0
natural baby shower ideas rustic;0
rustic baby shower themes neutral;0
rustic baby shower outfit;0
rustic baby shower outfit guest;0
rustic oh baby shower idea;0
outside baby shower ideas summer rustic;0
october baby shower ideas boys rustic;0
rustic orange baby shower ideas;0
rustic baby shower photo booth ideas;0
rustic picnic baby shower decorations;0
winnie the pooh baby shower ideas rustic;0
rustic pumpkin baby shower theme;0
rustic tea party baby shower ideas;0
pink rustic baby shower theme;0
rustic pink baby shower ideas;0
winnie the pooh baby shower rustic;0
rustic baby q shower ideas;0
rustic baby shower sign;0
rustic baby shower sign ideas;0
rustic baby shower sheet cake;0
rustic baby shower table decor ideas;0
rustic baby shower theme ideas;0
rustic baby shower table setting;0
rustic baby shower table;0
rustic baby shower themes for boys;0
rustic baby shower themes girl;0
rustic baby shower tablescape;0
rustic baby shower treats;0
rustic baby shower venue ideas;0
decorations baby shower rustic vintage bear table;0
baby shower girl decoracion vintage rustic;0
vintage rustic baby shower ideas;0
rustic baby shower welcome sign ideas;0
rustic baby shower winter;0
rustic winter baby shower centerpieces;0
rustic winter baby shower ideas;0
rustic wildflower baby shower ideas;0
rustic western baby shower ideas girl;0
rustic western baby shower ideas;0
watercolor baby shower card ideas;0
watercolor baby shower card girl;0
watercolor baby shower card boy;0
watercolor baby shower decor;0
watercolor baby shower cards diy;0
watercolor baby shower thank you cards;0
watercolor baby shower card flowers;0
watercolor baby shower cookies;0
watercolor baby shower card easy;0
baby shower watercolor sign;0
baby boy shower cards watercolor;0
watercolor baby shower background;0
baby shower watercolor card boy;0
baby shower watercolor gift;0
watercolor baby shower card background;0
baby girl shower watercolor card;0
baby shower cards watercolor;0
baby shower invite watercolor;0
watercolor baby shower activity;0
watercolor baby shower art;0
watercolor safari animals baby shower sticker;0
watercolor baby shower boy;0
watercolor baby shower bear;0
watercolor baby shower card bear;0
watercolor baby shower card tutorial;0
watercolor baby shower card twins;0
baby shower card diy watercolor;0
watercolor baby shower card duck;0
baby shower watercolor card diy boy;0
watercolor baby shower elements;0
easy watercolor baby shower card;0
watercolor baby shower card elephant;0
watercolor baby shower gift;0
watercolor baby shower gift card;0
watercolor baby shower gift tag;0
baby girl shower cards handmade watercolor;0
girl baby shower cards watercolor;0
girl baby shower watercolor;0
watercolor baby girl shower invitations;0
baby shower cards handmade watercolor;0
homemade watercolor baby shower card;0
watercolor baby shower ideas;0
baby shower watercolor illustration;0
baby shower watercolor card ideas;0
baby shower invitations watercolor;0
blue watercolor baby shower invitations;0
watercolor baby shower card idea;0
nautical baby shower watercolor;0
watercolor baby shower painting;0
watercolor baby shower sign;0
baby shower watercolor card twins;0
baby shower thank you card watercolor;0
pastel baby shower outfit;0
pastel baby shower winnie pooh;0
pastel baby shower decor;0
pastel baby shower outfit guest;0
pastel baby shower oso;0
pastel baby shower nails;0
pastel de baby shower de niña;0
pastel para baby shower niña conejita;0
pastel winnie the pooh baby shower ideas decor;0
pastel plancha baby shower conejita;0
pastel de baby shower para niña;0
pastel baby shower nino decoración;0
pastel pink baby shower ideas;0
ideas para baby shower de nina color pastel;0
pastel de baby shower para niña de conejo;0
pastel baby shower osos;0
pastel baby shower azul;0
pastel baby shower amarillo;0
pastel baby shower arcoiris;0
pastel baby shower arcoiris azul;0
pastel baby shower amarillo y celeste;0
pastel baby shower animales;0
pastel baby shower abejita;0
pastel baby shower animalitos;0
pastel baby shower animales de la selva;0
pastel baby shower abejas;0
pastel baby shower astronauta;0
pastel baby shower blanco;0
pastel baby shower beige;0
pastel baby shower backdrop;0
pastel baby shower boy minimalista;0
pastel baby shower boy chantilly;0
pastel baby shower baby in bloom;0
pastel baby shower borreguitos;0
pastel baby shower boy vaca;0
pastel baby shower bosque;0
pastel baby shower beisbol;0
pastel baby shower cookies;0
pastel baby shower coquette;0
pastel baby shower cielito lindo;0
pastel baby shower cowboy;0
pastel baby shower cake ideas;0
pastel baby shower cielito lindo niño;0
pastel baby shower caballo;0
pastel baby shower color beige;0
pastel baby shower carrusel;0
pastel baby shower dragon ball;0
pastel baby shower dos pisos;0
pastel baby shower del mar;0
pastel baby shower dumbo;0
pastel baby shower decoration ideas;0
pastel baby shower de niña;0
pastel baby shower dinosaurio bebe;0
pastel baby shower de dinosaurio;0
pastel baby shower de conejita;0
pastel baby shower elefante rosa;0
pastel baby shower elefante azul;0
pastel baby shower elefantito;0
pastel baby shower elefante rosa 2 pisos;0
pastel baby shower en charola;0
pastel baby shower elefante dos pisos;0
pastel baby shower elefantito rosa;0
pastel baby shower estrellas;0
pastel baby shower espacio;0
pastel baby shower en crema;0
pastel baby shower flores;0
pastel baby shower fresas;0
pastel baby shower flores niña;0
pastel baby shower futbol;0
pastel baby shower fondant;0
pastel baby shower flores y mariposas;0
pastel baby shower food;0
pastel baby shower flores naturales;0
pastel baby shower favors;0
pastel baby shower food ideas;0
pastel baby shower fits;0
pastel baby shower fresita;0
pastel baby shower goku bebe;0
pastel baby shower girl con flores;0
pastel baby shower girl cuadrado;0
pastel baby shower goku;0
pastel baby shower girl sencillo;0
pastel baby shower girl colores pasteles;0
pastel baby shower guest outfit;0
pastel baby shower girl pollito;0
pastel baby shower granja;0
pastel baby shower girl conejita;0
pastel baby shower girl rosita fresita;0
pastel baby shower hello kitty;0
pastel baby shower hombre;0
pastel baby shower hercules;0
pastel baby shower hunny pooh;0
pastel baby shower halloween;0
pastel baby shower hadas;0
pastel baby shower huellitas;0
pastel baby shower harry potter;0
pastel baby shower hawaiano;0
pastel baby shower halloween niño;0
pastel baby shower hamper;0
baby shower de halloween pastel;0
pastel baby shower ideas decor;0
pastel baby shower ideas boy;0
pastel baby shower ideas girl;0
pastel baby shower invite;0
pastel baby shower its a girl;0
pastel baby shower ideas simple;0
pastel baby shower invitation template;0
pastel baby shower ideas decoration;0
pastel baby shower in bloom;0
pastel baby shower ideas niño;0
pastel baby shower jefe en pañales;0
pastel baby shower jirafa;0
pastel baby shower jungla;0
pastel baby shower jirafa bebe;0
pastel baby shower jirafa niña;0
pastel baby shower jirafa cuadrado;0
pastel baby shower jack;0
pastel baby shower jirafa azul;0
pastel baby shower julieta;0
pastel baby shower niño jungla;0
pastel para baby shower jefe en pañales;0
pastel baby shower niño jirafa azul;0
pastel baby shower koala;0
pastel baby shower kitty;0
pastel baby shower koala niña;0
pastel de koala baby shower niña;0
pastel para baby shower hello kitty;0
pastel para baby shower niña koala;0
pastel koala baby shower niño;0
pastel baby shower lion king;0
pastel de baby shower para niño koala;0
pastel para baby shower de hello kitty;0
pastel para baby shower niña hello kity;0
pastel baby shower leon;0
pastel baby shower lila;0
pastel baby shower looney tunes;0
pastel baby shower leoncito;0
pastel baby shower luna y estrellas niño;0
pastel baby shower limones;0
pastel baby shower lazos;0
pastel baby shower lila y rosa;0
pastel baby shower looney tunes bebe;0
pastel baby shower lila y verde;0
pastel baby shower leon azul;0
pastel baby shower leoncito cuadrado;0
pastel baby shower mariposas;0
pastel baby shower mar;0
pastel baby shower minnie mouse;0
pastel baby shower marino;0
pastel baby shower mickey bebe;0
pastel baby shower mujer;0
pastel baby shower mimi bebe;0
pastel baby shower morado;0
pastel baby shower minnie mouse bebe;0
pastel baby shower moños;0
pastel baby shower mexicano niña;0
pastel baby shower niño elefante;0
pastel baby shower niño winnie pooh;0
pastel baby shower niña 2025;0
pastel baby shower niña flores;0
pastel baby shower niño safari;0
pastel baby shower niño verde;0
pastel baby shower niña plancha;0
pastel baby shower niño osos;0
pastel baby shower niño vaquero;0
pastel baby shower oso niña;0
pastel baby shower outfit ideas guest;0
pastel baby shower ositos;0
pastel baby shower ositos rosa;0
pastel baby shower oso sencillo;0
pastel baby shower osito azul;0
pastel baby shower ositos cariñositos;0
pastel baby shower oso con globo;0
pastel baby shower osito niño;0
pastel baby shower plancha;0
pastel baby shower pollito;0
pastel baby shower pato;0
pastel baby shower pooh;0
pastel baby shower panda;0
pastel baby shower pokemon;0
pastel baby shower patitos;0
pastel baby shower patito;0
pastel baby shower patos;0
pastel baby shower plancha niño;0
pastel baby shower pinguino;0
pastel baby shower peter rabbit;0
pastel baby shower quequitos;0
pastel baby shower niña quequitos;0
pastel para baby shower de niño quequitos;0
pastel baby shower boy quequitos;0
pastel de baby shower niña quequitos;0
pastel para baby shower niña quequitos;0
pastel quequitos baby shower niño;0
pastel de quequitos para baby shower niña;0
pastel de quequitos baby shower niño;0
pastel baby shower rosa;0
pastel baby shower rey leon;0
pastel baby shower rectangular;0
pastel baby shower rey leon bebe;0
pastel baby shower rey leon cuadrado;0
pastel baby shower rosita fresita;0
pastel baby shower revelacion;0
pastel baby shower rosita fresita bebe;0
pastel baby shower rosa y azul;0
pastel baby shower redondo;0
pastel baby shower rosa y lila;0
pastel baby shower rectangular niño;0
pastel baby shower safari;0
pastel baby shower stitch;0
pastel baby shower safari niño;0
pastel baby shower shrek;0
pastel baby shower snoopy;0
pastel baby shower safari animal cakes;0
pastel baby shower stitch bebe;0
pastel baby shower sol;0
pastel baby shower sencillo;0
pastel baby shower sencillo azul;0
pastel baby shower sencillo niña;0
pastel baby shower selva;0
pastel baby shower toy story;0
pastel baby shower table decor;0
pastel baby shower treats;0
pastel baby shower tonos beige;0
pastel baby shower table setting;0
pastel baby shower temática oso;0
pastel baby shower topper;0
pastel baby shower twins;0
pastel baby shower tematica osito;0
pastel baby shower tonos lilas;0
pastel baby shower tematica safari;0
pastel baby shower unisex betun;0
pastel baby shower un piso;0
pastel baby shower unicornio;0
pastel baby shower unisex plancha;0
pastel baby shower unisex cuadrado;0
pastel baby shower unisex betun cuadrado;0
pastel baby shower up;0
pastel baby shower unicornio plancha;0
pastel de winnie pooh baby shower niño de un piso;0
pastel para un baby shower niño;0
baby shower unisex ideas pastel;0
pastel de un piso baby shower niño;0
pastel baby shower vaquero;0
pastel baby shower verde;0
pastel baby shower verde olivo;0
pastel baby shower vaquero azul;0
pastel baby shower vaquero niña;0
pastel baby shower vaquita;0
pastel baby shower vintage;0
pastel baby shower varon;0
pastel baby shower vaquero cuadrado;0
pastel baby shower verde y beige;0
pastel baby shower vaca;0
pastel baby shower vaquita niño;0
pastel baby shower winnie pooh niña;0
pastel baby shower winnie pooh plancha;0
pastel baby shower wini poo;0
pastel baby shower winnie pooh sencillo;0
pastel baby shower winnie pooh azul;0
pastel baby shower winnie pooh cuadrado;0
pastel baby shower winnie pooh vintage;0
pastel baby shower winnie pooh rosa;0
pastel baby shower winnie pooh dos pisos;0
pastel baby shower winnie;0
pastel baby shower woody;0
pastel baby shower y boda;0
pastel baby shower y cumpleaños;0
pastel baby shower y revelación;0
pastel baby shower y cupcakes;0
pastel baby shower yellow;0
pastel baby shower niña rosa y morado;0
pastel de baby shower de niña y niño;0
pastel baby shower rosa y dorado;0
pastel yellow baby shower nails;0
pastel baby shower gemelos niña y niño;0
pastel de baby shower oso y flores;0
pastel baby shower zoológico;0
pastel baby shower zapatitos;0
pastel baby shower zorro;0
pastel baby shower niña zapatitos;0
pastel baby shower niño zoologico;0
pastel baby shower con zapatitos;0
pastel safari baby shower zoo animals;0
pastel de zanahoria baby shower niña;0
pastel de baby shower con zapatitos;0
pastel para baby shower niña con zapatitos;0
pastel de baby shower niña con zapatitos;0
pastel baby shower niña con zapatitos;0
pastel baby shower 1 piso;0
pastel para baby shower niña 1 piso;0
pastel baby shower niño 1 piso;0
pastel 1/2 plancha baby shower niño;0
pastel baby shower 100 personas;0
pastel de baby shower niña para 100 personas;0
pastel baby shower niña 100 personas;0
pastel baby shower niña para 100 personas;0
pastel de baby shower para 100 personas;0
pastel de baby shower niña 100 personas;0
pastel baby shower 2 pisos niño;0
pastel 2 pisos baby shower niña;0
pastel de baby shower niño 2 pisos;0
pastel baby shower conejita 2 pisos;0
pastel para baby shower 2 pisos;0
pastel de 2 pisos para baby shower niña;0
pastel de baby shower 2 pisos;0
pastel de baby shower para niño 2 pisos;0
pastel baby shower 2 pisos;0
pastel baby shower 2 niveles;0
pastel baby shower 2026;0
pastel baby shower niña 2026;0
pastel baby shower niña tendencia 2026;0
pastel de baby shower niña 3 pisos;0
pastel baby shower niña 3 leches;0
pastel 3 pisos baby shower niña;0
pastel 3 leches baby shower niño;0
pastel de baby shower para niño 3 pisos;0
pastel baby shower niño 3 pisos;0
pastel baby shower 3 pisos;0
pastel para baby shower 3 pisos;0
pastel de 3 pisos baby shower niño;0
pastel de baby shower 3 leches;0
pastel para baby shower niña 3 pisos;0
pastel baby shower 3 leches;0
pastel baby shower niña para 30 personas;0
pastel baby shower 4 pisos;0
pastel baby shower 40 personas;0
pastel baby shower niño 40 personas;0
pastel baby shower 50 personas;0
pastel baby shower niño para 50 personas;0
pastel para 50 personas baby shower niña;0
pastel de baby shower niña para 50 personas;0
pastel baby shower niña 50 personas;0
pastel de baby shower para niño 50 personas;0
pastel baby shower 60 personas;0
pastel baby shower niño 60 personas;0
pastel baby shower 70 personas;0
pastel baby shower niña 70 personas;0
pastel baby shower 80 personas;0
pastel baby shower niña 80 personas;0
pastel baby shower niña para 80 personas;0
shabby chic shower room;0
shabby chic shower tile;0
shabby chic shower ideas;0
shabby chic shower curtain bathroom;0
shabby chic shower curtain diy;0
shabby chic shower cakes;0
shabby chic bathroom shower tile;0
sugar cookies baby shower girl shabby chic;0
shabby chic cottage shower curtains;0
rustic bridal shower ideas decorations shabby chic;0
where to buy shabby chic shower curtains;0
shabby chic bridal shower ideas decor;0
simple baby shower cake neutral shabby chic;0
shabby chic boy baby shower ideas;0
rustic bathroom ideas farmhouse shabby chic shower curtains;0
rustic baby shower ideas for girls decor shabby chic;0
shabby chic baby shower girl boho;0
rustic wedding shower ideas decorations shabby chic;0
shabby chic baby shower decor;0
baby shower diaper cake for girl babyshower shabby chic;0
shabby chic baby shower ideas decoration;0
tea party baby shower ideas decoration babyshower shabby chic;0
bridal shower buffet table display shabby chic;0
elegant baby shower cakes for girls babyshower shabby chic;0
shabby chic bridal shower ideas french country;0
farmhouse shabby chic shower curtain;0
shabby chic baby girl shower ideas vintage floral;0
vintage farm baby shower shabby chic;0
bridal shower floral centerpieces shabby chic;0
shower curtains for small bathrooms shabby chic;0
shabby chic baby girl shower ideas;0
shabby chic bridal shower ideas vintage style garden parties;0
unique shower curtain ideas shabby chic;0
cupcakes bridal shower ideas shabby chic;0
lace shower curtain bathroom shabby chic;0
tea party ideas baby shower shabby chic;0
bridal shower themes rustic shabby chic;0
bridal shower themes country shabby chic;0
shabby chic baby shower theme;0
vintage shabby chic baby shower ideas;0
vintage bridal shower ideas shabby chic;0
classic baby shower themes;0
classic baby shower decor;0
classic baby shower games;0
classic baby shower cake;0
classic baby shower girl;0
classic baby shower boy;0
classic baby shower dress;0
classic baby shower ideas gender neutral;0
classic baby shower cookies;0
classic boy baby shower theme;0
classic winnie the pooh baby shower wallpaper;0
classic girl baby shower decor;0
classic mickey baby shower ideas;0
classic pooh baby shower favors for guests;0
baby shower classic theme;0
classic winnie the pooh baby shower png;0
classic boy baby shower decor;0
classic pooh baby shower backdrop;0
classic winnie the pooh baby shower guest tables;0
classic pooh baby shower diy;0
classic blue and white baby shower decor;0
classic pooh baby shower balloon arch;0
classic blue and white baby shower cookies;0
classic winnie the pooh baby shower balloon arch;0
classic baby shower banner;0
classic baby shower backdrop;0
classic baby shower cake boy;0
classic baby shower centerpieces;0
classic baby shower cake girl;0
classic baby shower cupcakes;0
classic disney baby shower ideas;0
classic pink baby shower decor;0
classic winnie the pooh baby shower decorations cute ideas;0
classic winnie the pooh baby shower diy centerpiece;0
classic winnie the pooh baby shower backdrop;0
elegant baby girl shower ideas;0
elegant baby shower backdrop;0
elegant baby shower boy;0
elegant baby shower brunch ideas;0
elegant baby shower cakes;0
elegant baby shower centerpiece ideas;0
elegant baby shower centerpieces;0
elegant baby shower decorations;0
elegant baby shower decorations for girl;0
elegant baby shower dress;0
elegant baby shower favors;0
elegant baby shower for girl;0
elegant baby shower games;0
elegant baby shower ideas;0
elegant baby shower ideas for a girl;0
elegant baby shower invitations;0
elegant baby shower themes;0
retro baby shower games;0
retro baby shower ideas;0
retro baby shower invitations;0
baby shower bear theme;0
bear baby shower backdrop;0
bear baby shower cake;0
bear baby shower centerpieces;0
bear baby shower decorations;0
bear baby shower favors;0
bear baby shower for boy;0
bear baby shower ideas;0
bear baby shower invitations;0
bear baby shower invitations girl;0
bear baby shower theme;0
elegant baby shower party favors;0
khloe kardashian baby shower bear;0
baby shower teddy bear invitations;0
baby shower teddy bear welcome sign;0
bear baby shower party favors;0
deer baby shower boy;0
deer baby shower cake;0
deer baby shower cookies;0
deer baby shower decorations;0
deer baby shower girl;0
deer baby shower ideas;0
deer baby shower invitations;0
deer baby shower theme;0
classic winnie the pooh baby shower back drop;0
classic winnie the pooh baby shower table decor;0
classic baby shower food ideas;0
classic baby shower for boy;0
classic baby shower favors;0
classic baby shower for girl;0
classic winnie the pooh baby shower food ideas;0
classic pooh baby shower food;0
where to find classic winnie the pooh baby shower tableware;0
baby shower ideas for boys classic;0
classic fall baby shower theme;0
classic baby shower winny the pooh food ideas;0
classic baby shower guest outfit;0
classic baby shower gender neutral;0
classic girl baby shower cookies;0
classic pooh girl baby shower ideas;0
classic winnie the pooh baby shower backdrop girl;0
classic pooh baby shower girl;0
classic baby shower invite;0
classic baby shower ideas for boys;0
classic baby shower ideas girl;0
classic baby shower ideas boy;0
classic car themed baby shower ideas;0
classic mickey mouse baby shower ideas;0
classic baby shower nails;0
classic baby shower no theme;0
classic winnie the pooh baby shower nails;0
classic baby shower outfit;0
classic baby shower punch;0
classic winnie the pooh baby shower cake topper;0
classic winnie the pooh baby shower sugar cookies;0
classic winnie the pooh baby shower quotes;0
classic peter rabbit baby shower ideas;0
classic rock baby shower ideas;0
classic baby shower sheet cake;0
classic baby shower themes boy;0
classic baby shower themes girl;0
classic baby shower table decor;0
classic baby shower themes for boys;0
classic vintage baby shower theme;0
vintage pooh baby shower ideas classic;0
classic baby shower welcome sign;0
classic pooh baby shower welcome sign;0
retro baby showers;0
retro baby shower theme;0
retro baby shower ideas vintage;0
retro baby shower cake;0
retro baby shower decor;0
retro baby shower outfit;0
retro baby shower ideas boys themes;0
retro baby shower invite;0
retro baby shower cookies;0
retro baby shower ideas girl;0
retro heart baby shower cake;0
retro halloween baby shower ideas;0
retro baby shower party favors;0
groovy retro baby shower ideas;0
baby shower retro cake;0
here comes the sun baby shower theme retro;0
retro western baby shower ideas;0
retro baby shower backdrop;0
retro diner baby shower theme;0
retro baby shower boy;0
retro baby shower banner;0
retro baby shower centerpieces;0
retro baby shower color palette;0
retro baby shower cake ideas;0
retro cowboy baby shower ideas;0
retro car baby shower theme;0
retro checkered baby shower ideas;0
retro baby shower dress;0
retro baby shower decoration ideas;0
retro baby shower decorations;0
retro diner baby shower ideas;0
retro daisy baby shower ideas;0
retro baby shower table decor;0
retro baby shower food;0
retro baby shower food ideas;0
retro baby shower favors;0
retro baby shower girl;0
retro hippie baby shower ideas;0
retro baby shower ideas boys;0
baby shower niño retro;0
retro baby shower outfit ideas;0
retro baby shower photos;0
ready to pop baby shower retro;0
retro winnie the pooh baby shower ideas;0
retro pink baby shower ideas;0
ready to pop retro baby shower ideas;0
retro baby shower signs;0
retro baby shower shoot;0
retro baby shower theme ideas;0
boy baby shower themes retro;0
retro sports baby shower theme;0
retro sunshine baby shower theme;0
retro baby shower welcome sign;0
elegant baby shower decor;0
elegant baby shower outfit;0
elegant baby shower girl;0
elegant baby shower cakes classy;0
elegant baby shower food;0
elegant baby shower setup ideas;0
elegant baby shower ideas for girl;0
elegant baby shower dress blue;0
elegant green baby shower ideas;0
baby shower food table elegant;0
elegant baby shower favor ideas;0
baby shower themes boy elegant;0
elegant baby shower activities;0
elegant baby shower at home;0
elegant baby shower aesthetic;0
elegant baby shower attire;0
elegant baby shower appetizers;0
simple and elegant baby shower cakes;0
baby shower ideas simple and elegant;0
simple and elegant baby shower decor;0
baby shower cake simple and elegant;0
elegant blue and white baby shower cake;0
subtle and elegant baby shower makeup ideas;0
elegant baby shower backdrop ideas;0
elegant baby shower brunch;0
elegant baby shower boy classy;0
elegant baby shower balloons;0
elegant baby shower banner;0
elegant baby shower blue;0
elegant baby shower background;0
elegant baby shower balloon arch;0
elegant baby shower buffet;0
elegant baby shower cakes for boys;0
elegant baby shower cookies;0
elegant baby shower cupcakes;0
elegant baby shower cake ideas;0
elegant baby shower cakes girl;0
elegant baby shower cookies for boy;0
elegant baby shower cake ideas for boys;0
elegant baby shower cookies for girl;0
elegant baby shower dress for mom;0
elegant baby shower desserts;0
elegant baby shower decoration ideas;0
elegant baby shower dress guest;0
elegant baby shower dessert table;0
elegant baby shower dinner;0
elegant baby shower decor ideas;0
elegant baby shower entrance;0
elegant baby shower food ideas;0
elegant baby shower for boy;0
elegant baby shower food table;0
elegant baby shower favors for guests;0
elegant baby shower finger foods;0
elegant baby shower flowers;0
elegant baby shower floral centerpieces;0
elegant baby shower guest outfit;0
elegant baby shower gift wrapping;0
elegant baby shower gifts;0
elegant baby shower girl ideas;0
elegant baby shower game ideas;0
elegant baby shower girl theme;0
elegant baby shower guest;0
elegant baby shower gift basket;0
elegant baby shower gender neutral;0
elegant baby shower hairstyles;0
elegant halloween baby shower ideas;0
here comes the son baby shower theme elegant;0
elegant baby shower ideas at home;0
elegant baby shower ideas for boys;0
elegant baby shower invite;0
elegant baby shower ideas girl;0
elegant baby shower ideas boy;0
elegant baby shower invitations girl;0
elegant baby shower invitation ideas;0
elegant baby shower ideas black;0
elegant baby shower jewellery;0
elegant toile de jouy baby shower theme;0
elegant jungle theme baby shower ideas;0
elegant baby shower look indian;0
elegant baby shower look;0
plaid tank a-line elegant maternity baby shower maxi dress;0
elegant baby shower menu ideas;0
elegant baby shower mehendi;0
elegant baby shower makeup;0
baby shower outfits for mom elegant;0
baby shower mehendi designs elegant;0
elegant mexican baby shower theme;0
baby shower dress for mom elegant;0
elegant baby shower dresses for mom;0
modern elegant baby shower ideas;0
elegant baby shower nails;0
elegant blue baby shower nails;0
elegant neutral baby shower decor ideas;0
baby shower nails boy elegant;0
elegant neutral baby shower cake;0
elegant neutral baby shower decor;0
neutral color baby shower ideas elegant;0
elegant baby shower outfit guest;0
elegant baby shower outfits for mom;0
elegant baby shower outfit for guest;0
elegant baby shower on a budget;0
elegant winter baby shower outfit;0
baby shower outfits for guest elegant;0
baby shower elegant outfits;0
elegant baby shower guest outfits;0
elegant outdoor baby shower ideas;0
elegant baby shower photoshoot;0
elegant baby shower pink;0
elegant baby shower prizes;0
elegant baby shower photo booth ideas;0
elegant baby shower party;0
elegant pink baby shower cake;0
pink elegant baby shower dress;0
elegant pink baby shower decorations;0
winnie the pooh baby shower elegant;0
pink baby shower ideas elegant;0
elegant baby q shower ideas;0
elegant baby shower sign;0
elegant baby shower setup;0
elegant baby shower sugar cookies;0
elegant baby shower saree;0
elegant baby shower snacks;0
elegant baby shower sheet cake;0
elegant baby shower table setting ideas;0
elegant baby shower theme ideas;0
elegant baby shower table;0
elegant baby shower themes girl;0
elegant baby shower table decor ideas;0
elegant baby shower table setting;0
elegant baby shower table decor;0
elegant baby shower themes for boys;0
elegant baby shower table set up;0
elegant baby shower tablescape;0
elegant baby shower treats;0
elegant baby shower set up;0
elegant baby shower welcome sign;0
elegant baby shower winter;0
white elegant baby shower cake;0
white elegant baby shower ideas;0
elegant baby shower ideas winter;0
white baby shower dress elegant;0
yellow baby shower elegant;0
elegant baby shower thank you gifts;0
simple yet elegant baby shower ideas;0
bear baby shower cookies;0
bear baby shower theme boy;0
bear baby shower theme girl;0
bear baby shower treats;0
bear baby shower banner;0
bear baby shower decor;0
baby shower bear;0
baby shower cake bear;0
blue bear themed baby shower ideas;0
bear baby shower arch;0
bear baby shower activities;0
bear baby shower aesthetic;0
bear baby shower appetizers;0
bear baby shower at home;0
bear baby shower advice cards;0
baby shower bear hot air balloon;0
baby shower bear and hot air balloon;0
baby shower bear and flowers;0
bear adventure baby shower theme;0
bear themed baby shower ideas blue and brown;0
bear baby shower boy;0
bear baby shower balloon arch;0
bear baby shower balloons;0
bear baby shower background;0
bear baby shower blue;0
bear baby shower basket;0
bear baby shower boy theme;0
bear baby shower balloon arch girl;0
bear baby shower backdrop ideas;0
bear baby shower brunch;0
bear baby shower cake pops;0
bear baby shower cupcakes;0
bear baby shower cake ideas;0
bear baby shower cake boy;0
bear baby shower centerpieces for boys;0
bear baby shower cake girl;0
bear baby shower cookies decorated;0
bear baby shower cupcakes ideas;0
bear baby shower centerpieces girl;0
bear baby shower desserts;0
bear baby shower dessert table;0
bear baby shower decorations for boys;0
bear baby shower drinks;0
bear baby shower diy;0
bear baby shower diaper cake;0
bear baby shower decorated cookies;0
bear baby shower dress;0
bear baby shower decor ideas;0
bear baby shower dipped treats;0
bear baby shower entrance sign;0
bear baby shower entrance;0
eucalyptus bear baby shower decor;0
bear baby shower food;0
bear baby shower food ideas;0
bear baby shower favors for guests;0
bear baby shower for girl;0
bear baby shower food table ideas;0
bear baby shower food table;0
bear baby shower flowers;0
bear baby shower favor ideas;0
bear baby shower favors diy;0
bear baby shower florals;0
bear baby shower games;0
bear baby shower girl;0
bear baby shower gifts;0
bear baby shower gift ideas;0
bear baby shower green;0
bear baby shower gift basket;0
bear baby shower girl theme;0
bear baby shower gifts for guests;0
bear baby shower girl cake;0
bear baby shower guest book;0
bear baby shower gift table;0
bear baby shower games free printable;0
bear baby shower honey;0
bear baby shower hot air balloon;0
bear hunt baby shower theme;0
baby shower bear holding balloons;0
bear in the big blue house baby shower theme;0
honey bear baby shower favor;0
bear baby shower theme honey;0
bear baby shower invite;0
bear baby shower ideas girl;0
bear baby shower ideas for boys;0
bear baby shower invitations template;0
bear baby shower invitations canva;0
bear baby shower ideas decoration diy;0
bear baby shower ideas food;0
bear baby shower invite template;0
bear baby shower ideas boy;0
blue jean bear baby shower theme;0
bear baby shower keepsake;0
bear baby shower rice krispy treats;0
koala bear baby shower cake;0
koala bear baby shower theme;0
baby shower rice krispie treats bear;0
koala bear baby shower cookies;0
koala bear baby shower invitations;0
bear baby shower linen sign;0
bear baby shower luxury;0
ralph lauren bear baby shower ideas;0
baby shower theme little bear;0
ralph lauren bear baby shower decor;0
ralph lauren baby shower theme bear;0
baby shower ralph lauren bear;0
little bear baby shower cookies;0
ralph lauren bear baby shower centerpiece;0
polo bear baby shower light blue;0
bear baby shower main table;0
bear baby shower mood board;0
centros de mesa baby shower bear;0
minimalist baby shower bear;0
baby shower teddy bear mehndi;0
bear and moose baby shower theme;0
baby shower outfits for mom bear theme;0
momma bear baby shower sash;0
bear baby shower nails;0
bear baby shower nails blue;0
bear baby shower neutral;0
bear baby shower nail ideas;0
bear baby shower nails boy;0
bear baby shower nails girl;0
bear baby shower napkins;0
baby shower nails bear theme;0
baby shower boy nails teddy bear;0
bear baby shower outfit;0
bear baby shower outfit guest;0
bear baby shower outside;0
bear baby shower oreos;0
bear baby shower outdoor;0
bear baby shower chocolate covered oreos;0
bear themed baby shower ideas outside;0
bear baby shower painted banner;0
bear baby shower pink;0
bear baby shower poster;0
bear baby shower photo backdrop;0
bear baby shower prizes;0
bear baby shower photo booth;0
bear baby shower printables;0
bear baby shower pretzels;0
bear baby shower party;0
bear baby shower place setting;0
bear baby shower party favor ideas;0
bear baby shower quotes;0
bear themed baby shower quotes;0
bear baby shower royal icing cookies;0
bear baby shower ralph lauren;0
bear baby shower sugar cookies;0
bear baby shower sign;0
bear baby shower sugar cookies girl;0
bear baby shower sheet cake;0
bear baby shower snacks;0
bear baby shower sweets;0
bear baby shower stickers;0
bear baby shower signage;0
bear baby shower simple;0
bear baby shower strawberries;0
bear baby shower snack ideas;0
bear baby shower sweet table;0
bear baby shower theme cake;0
bear baby shower table decor;0
bear baby shower theme centerpiece;0
bear baby shower theme food;0
bear baby shower theme decoration;0
bear baby shower theme invitation;0
bear baby shower table;0
bear baby shower theme cookies;0
bear theme baby shower set up;0
bear baby shower table set up;0
bear theme baby shower table set up;0
bear baby shower set up;0
unique bear-themed baby shower gift ideas;0
unique baby shower themes bear;0
bear baby shower vintage;0
bear baby shower veggie tray;0
vintage pooh bear baby shower cake;0
vintage bear baby shower girl;0
vintage pooh bear baby shower cookies;0
vintage pooh bear baby shower ideas;0
vintage bear baby shower invitations;0
bear baby shower welcome sign;0
bear baby shower wallpaper;0
bear baby shower with green;0
bear baby shower welcome board;0
bear baby shower welcome;0
bear baby shower winter;0
bear baby shower welcome table;0
bear baby shower with balloons;0
bear baby shower watercolor;0
winter polar bear baby shower theme;0
welcome sign baby shower girl bear;0
bear woods baby shower theme;0
bear baby shower yellow;0
baby shower bear thank you gifts;0
bear baby shower thank you;0
bear themed baby shower thank you gifts;0
bear baby shower thank you stickers;0
yellow bear baby shower ideas;0
bear baby shower cake 1 tier;0
bear baby shower cake 2 tier;0
3 tier bear baby shower cake;0
cozy bear baby shower sims 4;0
teddy bear shower theme;0
teddy bear shower cake;0
teddy bear shower centerpiece;0
teddy bear shower cookies;0
teddy bear shower food;0
teddy bear shower decor;0
teddy bear shower cupcakes;0
teddy bear showering;0
teddy bear shower games;0
teddy bear airplane baby shower theme;0
teddy bear baby shower for a girl;0
teddy bear baby shower candy apples;0
teddy bear shower backdrop;0
teddy bear shower balloon arch;0
teddy bear shower banner;0
teddy bear shower balloons;0
teddy bear shower boy;0
teddy bear shower cake baby boy;0
teddy bear shower cake ideas;0
teddy bear shower cake pops;0
teddy bear shower cake girl;0
teddy bear shower desserts;0
teddy bear shower dessert table;0
teddy bear baby shower theme dessert table;0
denim teddy bear baby shower theme;0
teddy bear baby shower theme desserts;0
teddy bear baby shower invitations template download;0
baby shower teddy bear theme diy;0
teddy bear shower food ideas;0
teddy bear shower favor ideas;0
teddy bear baby shower theme with flowers;0
pink teddy bear baby shower centerpiece ideas for tables;0
teddy bear themed baby shower party favors;0
teddy bear baby shower theme flyer;0
teddy bear themed baby shower favor;0
teddy bear shower girl;0
teddy bear shower gifts;0
teddy bear baby shower game;0
teddy bear baby shower theme girl cake;0
teddy bear shower invite;0
baby shower cake ideas teddy bear;0
teddy bear themed baby shower invitation;0
teddy bear baby shower cake table ideas;0
centros de mesa baby shower teddy bear;0
teddy bear baby shower theme malika;0
teddy bear and moon baby shower theme;0
teddy bear baby shower theme neutral decorations;0
teddy bear baby shower theme nails;0
teddy bear baby shower theme gender neutral;0
gender neutral teddy bear baby shower ideas;0
nautical teddy bear baby shower cake;0
neutral color teddy bear baby shower ideas;0
baby shower neutral teddy bear;0
olive green teddy bear baby shower theme;0
pink teddy bear baby shower outfit ideas;0
teddy bear baby shower theme outside;0
outdoor teddy bear baby shower ideas;0
teddy bear pilot baby shower theme;0
teddy bear baby shower theme polo;0
baby shower teddy bear picnic;0
teddy bear baby shower theme pastel;0
teddy bear baby shower center piece;0
teddy bear baby shower theme with pink;0
boho teddy bear baby shower ideas pink;0
teddy bear and roses baby shower theme;0
teddy bear baby shower theme red;0
teddy bear shower sign;0
teddy bear shower snacks;0
teddy bear shower table decor;0
teddy bear shower theme boy;0
teddy bear shower treats;0
teddy bear shower theme girl;0
teddy bear shower theme food;0
vintage teddy bear baby shower decorations;0
baby shower with teddy bear theme;0
winter teddy bear baby shower theme;0
teddy bear baby shower cake white;0
we can bearly wait teddy bear baby shower cake;0
teddy bear baby shower centerpiece ideas with balloons;0
baby shower welcome sign teddy bear theme;0
white teddy bear baby shower theme boy;0
deer baby showers;0
deer baby shower ideas girl;0
deer baby shower ideas for boys;0
deer baby shower banner;0
baby shower oh deer theme girl;0
oh deer baby shower boy favors;0
deer baby shower girl decorations;0
little deer baby shower cookies;0
baby shower invitations deer theme;0
baby deer shower theme;0
girl deer baby shower decor;0
oh deer baby shower foods;0
deer hunting baby shower invite;0
baby shower deer cake;0
deer hunting baby shower food;0
oh deer he’s almost here baby shower theme;0
oh deer shes almost here baby shower girl;0
deer antler baby shower decor boy;0
oh deer he’s almost here baby shower decorations;0
oh deer baby shower balloon arch;0
oh deer baby shower arch;0
oh deer a little buck is almost here baby shower ideas;0
deer and bear baby shower ideas;0
oh deer a little buck is almost here baby shower boy;0
deer baby shower backdrop;0
deer baby shower balloon arch;0
deer baby shower boy decorations;0
bunny baby shower boy;0
bunny baby shower cake;0
bunny baby shower centerpieces;0
bunny baby shower cookies;0
bunny baby shower decor;0
bunny baby shower decorations;0
bunny baby shower favors;0
bunny baby shower games;0
bunny baby shower girl;0
bunny baby shower ideas;0
bunny baby shower invitation template;0
bunny baby shower invites;0
bunny baby shower theme;0
deer baby shower cake girl;0
deer baby shower cake topper;0
deer baby shower centerpieces;0
deer baby shower gifts;0
deer baby shower sheet cake;0
lola bunny baby shower;0
oh deer baby shower backdrop;0
oh deer baby shower cake boy;0
elephant baby shower backdrop;0
elephant baby shower background;0
elephant baby shower balloon arch;0
elephant baby shower balloons;0
elephant baby shower banner;0
elephant baby shower boy;0
elephant baby shower cake;0
elephant baby shower cake boy;0
elephant baby shower cake girl;0
elephant baby shower cake ideas;0
elephant baby shower cake topper;0
elephant baby shower centerpieces;0
elephant baby shower centerpieces boy;0
elephant baby shower cookies;0
elephant baby shower cupcakes;0
elephant baby shower decorations;0
elephant baby shower decorations boy;0
elephant baby shower decorations girl;0
elephant baby shower dessert table;0
elephant baby shower diaper cake;0
elephant baby shower diy;0
elephant baby shower favor ideas;0
elephant baby shower favors;0
elephant baby shower food;0
elephant baby shower food ideas;0
elephant baby shower for girl;0
elephant baby shower ideas;0
elephant baby shower invitations;0
elephant baby shower theme;0
elephant baby shower theme boy;0
elephant baby shower theme girl;0
elephant baby shower treats;0
stork baby shower cake;0
stork baby shower cake topper;0
stork baby shower centerpieces;0
stork baby shower decorations;0
stork baby shower favors;0
stork baby shower ideas;0
stork baby shower invitations;0
stork baby shower sign;0
vintage bunny baby shower ideas;0
vintage stork baby shower invitations;0
elephant baby shower favors boy;0
elephant baby shower games;0
elephant baby shower games printable;0
elephant baby shower gifts;0
elephant baby shower girl cake;0
elephant baby shower girl decorations;0
elephant baby shower ideas for a girl;0
elephant baby shower ideas girl;0
elephant baby shower invitation template;0
elephant baby shower invitations boy;0
elephant baby shower invitations girl;0
elephant baby shower neutral;0
elephant baby shower party favors;0
elephant baby shower pink;0
elephant baby shower purple;0
elephant baby shower sheet cake;0
elephant baby shower sign;0
elephant baby shower souvenirs;0
elephant baby shower stickers;0
elephant baby shower sugar cookies;0
elephant baby shower table decorations;0
elephant baby shower theme decorations;0
elephant baby shower wallpaper;0
elephant baby shower water bottle labels;0
elephant baby shower welcome sign;0
elephant baby shower yellow;0
pink elephant baby shower welcome sign;0
deer baby shower basket;0
deer baby shower boy table decorations;0
deer baby shower boy centerpieces;0
deer baby shower cupcakes;0
deer baby shower cake boys;0
deer baby shower cookies girl;0
deer baby shower cake ideas;0
deer baby shower cookies boy;0
deer baby shower centerpieces for boys;0
deer baby shower decor;0
deer baby shower desserts;0
deer baby shower food;0
deer baby shower favors;0
deer baby shower food ideas;0
deer baby shower for girl;0
deer baby shower for boy;0
deer themed baby shower boys food;0
baby shower ideas for boys deer theme;0
baby shower cookies for boy deer;0
oh deer baby shower girl food ideas;0
deer baby shower games;0
deer baby shower guest book;0
deer baby shower girl centerpieces;0
deer baby shower gift ideas;0
deer theme baby shower girl;0
deer baby girl shower ideas;0
oh deer baby girl shower ideas;0
deer hunter baby shower ideas;0
deer hunter baby shower theme;0
baby shower deer hunting theme;0
hunting baby shower deer;0
deer hunting themed baby shower ideas;0
deer hunting theme baby shower cake;0
deer hunting baby shower cookies;0
deer baby shower invite;0
deer baby shower ideas boy;0
oh deer baby shower dessert ideas;0
oh deer baby shower cookie ideas;0
baby shower ideas with deer;0
baby boy shower john deer;0
john deer baby shower cake;0
john deer baby shower invitation;0
john deer baby shower ideas;0
john deer baby shower cookies;0
john deer baby shower decorations;0
john deer baby shower gift;0
john deer baby shower theme;0
little deer baby shower theme;0
little deer baby shower ideas;0
little deer baby shower ideas girl;0
deer baby shower nails;0
baby shower nails boy deer;0
deer themed baby shower gender neutral;0
oh deer baby shower ideas gender neutral;0
oh deer baby shower nails;0
deer baby shower theme gender neutral;0
oh deer baby shower neutral;0
oh deer baby shower gender neutral;0
baby shower themes neutral deer;0
o deer baby shower theme;0
oh deer baby shower cookies boy;0
oh deer baby shower boy centerpieces;0
oh deer baby shower boy blue;0
oh deer baby shower cookies decorated;0
deer baby shower painted banner;0
deer baby shower party favors;0
deer baby shower pink;0
oh deer baby shower cake pops;0
camo deer baby shower party ideas;0
deer baby shower cake pops;0
oh deer baby shower party favors;0
pink deer baby shower cookies;0
oh deer baby shower girl party favors;0
pink deer baby shower theme;0
oh deer baby shower boy party favors;0
oh deer baby shower painted banner;0
deer baby shower sugar cookies;0
deer baby shower sign;0
deer baby shower theme girl;0
deer baby shower theme boy;0
deer baby shower treats;0
deer baby shower table decor;0
deer baby shower theme ideas;0
baby shower deer theme boys;0
deer baby shower welcome sign;0
baby shower with deer;0
oh deer baby shower girl winter;0
winter deer baby shower ideas;0
woodland deer baby shower theme girl;0
woodland deer baby shower theme;0
oh deer winter baby shower boy;0
winter deer baby shower theme;0
woodland baby shower deer;0
winter deer baby shower cake;0
baby shower cake with deer;0
bunny baby shower ideas girl;0
bunny baby shower invitation;0
bunny baby shower ideas table decor;0
bunny baby shower backdrop;0
bunny baby shower theme boy;0
a little bunny is on the way baby shower decorations;0
baby girl bunny baby shower ideas;0
bunny theme baby shower cake;0
bunny rabbit baby shower cake;0
baby shower invitations templates bunny;0
cookies baby shower bunny;0
baby girl baby shower bunny;0
pink and grey bunny baby shower ideas;0
baby shower bunny ideas;0
bunny baby shower aesthetic;0
bunny baby shower arch;0
a little bunny is on the way baby shower girl;0
a little bunny baby shower cake;0
a little bunny is on the way baby shower cake;0
bunny baby shower baloon arch peach and pale pink and pale yellow;0
a little bunny is on the way baby shower ideas;0
bunny baby shower balloon arch;0
blue and beige bunny rabbit baby shower theme;0
goose and bunny baby shower cake;0
bunny baby shower banner;0
bunny baby shower balloons;0
bunny baby shower background;0
bunny baby shower boy theme;0
bunny baby shower basket;0
bunny baby shower brunch;0
bunny baby shower balloon garland;0
bunny baby shower biscuits;0
bunny baby shower blue;0
bunny baby shower cupcakes;0
bunny baby shower cookies decorated;0
bunny baby shower centerpiece ideas;0
bunny baby shower cake girl;0
bunny baby shower cake boy;0
bunny baby shower cake ideas;0
bunny baby shower cake pops;0
bunny baby shower cookies girl;0
bunny baby shower cake topper;0
bunny baby shower desserts;0
bunny baby shower dessert table;0
bunny baby shower decorations girl;0
bunny baby shower decoration ideas;0
bunny baby shower decorations boy;0
bunny baby shower diy;0
bunny baby shower decorated cookies;0
bunny baby shower dessert ideas;0
bunny baby shower theme decoration;0
easter bunny baby shower ideas;0
easter bunny baby shower invitation;0
peter rabbit baby shower ideas decor easter bunny;0
easter bunny baby shower cake;0
bunny baby shower food;0
bunny baby shower food ideas;0
bunny baby shower favor ideas;0
bunny baby shower for girl;0
bunny baby shower flowers;0
bunny baby shower for boy;0
bunny baby shower food table;0
bunny baby shower fall;0
bunny baby shower flower centerpieces;0
bunny baby shower florals;0
bunny themed baby shower food;0
bunny baby shower gifts;0
bunny baby shower gift basket;0
bunny baby shower girl ideas;0
bunny baby shower girl theme;0
bunny baby shower girl cake;0
bunny baby shower gender neutral;0
bunny baby shower green;0
baby shower invitations girl bunny;0
honey bunny baby shower theme;0
some bunny is on her way baby shower cookies;0
bunny baby shower ideas boys;0
bunny baby shower ideas food;0
bunny baby shower ideas for girl;0
bunny baby shower ideas green;0
bunny baby shower ideas cake;0
bunny baby shower invites for girl;0
invitación baby shower lola bunny;0
little bunny baby shower cake;0
decoracion baby shower lola bunny;0
baby shower de lola bunny;0
baby shower little bunny;0
lola bunny baby shower invitation;0
little bunny baby shower theme;0
centros de mesa baby shower bunny;0
centro de mesa baby shower girl bunny;0
bunny baby shower nails;0
bunny baby shower neutral;0
baby shower niña decoracion bunny;0
bunny themed baby shower ideas neutral;0
gender neutral bunny baby shower ideas;0
bunny baby shower theme gender neutral;0
baby shower bunny niña;0
baby shower niño bunny;0
neutral bunny baby shower ideas;0
baby shower niña lola bunny;0
baby shower niña decoracion lola bunny;0
baby shower niño bugs bunny;0
some bunny is on the way baby shower invitation;0
some bunny is on the way baby shower ideas;0
some bunny is on the way baby shower cookies;0
bunny is on the way baby shower cake;0
some bunny is on the way baby shower decor;0
some bunny is on the way baby shower theme;0
a little bunny is on the way baby shower boy;0
a little bunny is on the way baby shower cookies;0
bunny baby shower party favors;0
bunny baby shower painted banner;0
bunny baby shower photo backdrop;0
bunny baby shower png;0
bunny baby shower poster;0
bunny baby shower cake pink;0
baby shower party favors bunny theme;0
purple bunny baby shower theme;0
some bunny baby shower party ideas;0
pink baby shower bunny;0
baby shower bunny theme girl center piece;0
bunny baby shower quotes;0
bunny baby shower royal icing cookies;0
recuerdos baby shower bunny;0
bunny rabbit baby shower cookies;0
bunny rabbit baby shower theme;0
bunny rabbit baby shower ideas;0
bunny baby shower sign;0
bunny baby shower sugar cookies;0
bunny baby shower sheet cake;0
bunny baby shower snacks;0
bunny baby shower souvenirs;0
bunny baby shower stickers;0
bunny baby shower sayings;0
bunny baby shower theme girl;0
bunny baby shower table decor;0
bunny baby shower treats;0
bunny baby shower table;0
bunny baby shower thank you gifts;0
bunny baby shower table decorations;0
bunny baby shower theme backdrop;0
bunny baby shower theme cake;0
bunny baby shower theme dessert tables;0
bunny baby shower vintage;0
vintage bunny baby shower cookies;0
vintage bunny baby shower invitation;0
vintage bunny baby shower ideas girl;0
vintage bunny baby shower cake;0
vintage bunny baby shower decor;0
vintage bunny baby shower girl;0
bunny baby shower welcome sign;0
bunny baby shower welcome board;0
bunny baby shower wallpaper;0
welcome sign baby shower girl bunny;0
welcome baby shower bunny;0
white bunny baby shower ideas;0
woodland bunny baby shower theme;0
bunny baby shower yellow;0
some bunny loves you baby shower theme;0
stork baby showers;0
stork baby shower cookies;0
stork baby shower ideas boy;0
stork baby shower decor;0
stork baby shower ideas gender neutral;0
baby shower stork card;0
stork baby shower cake ideas;0
baby shower boy stork;0
stork baby shower gift;0
baby shower cake stork;0
stork baby shower art;0
stork baby shower balloon arch;0
stork baby shower ideas pink its a girl;0
stork baby shower banner;0
stork baby shower backdrop;0
stork baby shower boy;0
stork baby shower balloons;0
stork baby shower cupcakes;0
stork baby shower centerpiece ideas;0
stork baby shower cookies decorated;0
stork baby shower cake girl;0
baby shower cakes stork;0
pink stork baby shower cake;0
stork baby shower drawing;0
stork baby shower desserts;0
special delivery stork baby shower decor;0
stork delivery baby shower card;0
stork baby shower table decor;0
stork baby shower ideas special delivery;0
stork baby shower ideas decor;0
stork baby shower favor ideas for guests;0
budget-friendly stork baby shower decorations;0
stork baby shower girl;0
stork baby shower games;0
stork baby shower gift ideas;0
girl baby shower cake stork;0
stork girl baby shower ideas;0
stork baby shower invite;0
stork baby shower ideas girl;0
stork baby shower invitation ideas;0
stork baby shower outfit ideas;0
stork baby shower pink;0
stork baby shower printable ideas;0
stork baby shower painted banner;0
pink stork baby shower cookies;0
pink stork baby shower ideas;0
stork baby shower sugar cookies;0
stork baby shower sheet cake;0
stork baby shower treats;0
vintage stork baby shower decor;0
vintage stork baby shower decorations;0
stork baby shower welcome sign;0
baby shower with stork;0
baby shower cakes with stork;0
baby shower banner with stork;0
elephant baby shower theme girl purple decorations;0
pink grey elephant baby shower theme;0
baby shower boy cake elephant;0
elephant baby shower theme girl balloon arch;0
elephant baby shower arch;0
girl baby shower themes elephant center pieces pink and gray;0
elephant and butterfly baby shower theme;0
baby shower cupcakes girl pull apart elephant;0
elephant and moon baby shower theme;0
pink and white elephant baby shower ideas;0
pink and grey elephant baby shower theme;0
purple and grey elephant baby shower ideas;0
elephant and clouds baby shower theme;0
elephant baby shower theme for a girl;0
elephant baby shower boy cake;0
elephant baby shower boy decorations;0
elephant baby shower boy png;0
elephant baby shower blue;0
elephant baby shower basket;0
elephant baby shower cupcakes girl;0
elephant baby shower cookies girl;0
elephant baby shower cookies boys;0
elephant baby shower decor;0
elephant baby shower desserts;0
elephant baby shower diaper cake ideas;0
elephant baby shower drawing;0
elephant baby shower for boys;0
elephant baby shower fruit tray;0
elephant baby shower flyer;0
elephant baby shower themes for boys;0
elephant baby shower gift ideas;0
elephant baby shower guest sign;0
elephant baby shower girl theme;0
elephant baby shower green;0
elephant baby shower girl cookies;0
elephant hot air balloon baby shower cake;0
elephant hot air balloon baby shower theme;0
hot air balloon baby shower elephant center piece;0
baby shower cards handmade elephant;0
elephant baby shower invite;0
elephant baby shower ideas for boys;0
elephant baby shower image;0
elephant baby shower invitations blank;0
elephant baby shower invite template;0
jungle elephant baby shower theme;0
elephant baby shower theme boy centerpieces mason jars;0
elephant baby shower rice krispy treats;0
elephant baby shower centerpiece supply list;0
little peanut elephant baby shower girl;0
pink elephant baby shower favor sticker labels;0
little peanut elephant baby shower boy;0
little elephant baby shower ideas;0
little elephant baby shower cake;0
twinkle little star with elephant baby shower ideas;0
little peanut baby shower boy elephant theme;0
elephant baby shower mehndi;0
baby shower elephant mehndi design;0
baby shower mehendi designs elephant;0
elephant moon baby shower cake;0
baby shower elephant mehendi;0
baby shower elephant theme mehndi;0
elephant baby shower theme boy mint green;0
mint green and grey elephant baby shower ideas;0
baby shower elephant centro de mesa;0
over the moon elephant baby shower ideas;0
elephant baby shower nails;0
elephant theme baby shower nails;0
blue elephant baby shower nails;0
baby shower elephant theme boy nails;0
pink elephant baby shower nails;0
baby shower nails boy elephant;0
neutral baby shower cake elephant;0
elephant baby shower theme girl nails;0
oh boy elephant baby shower cake;0
elephant baby shower cut out;0
oh boy baby shower ideas elephant;0
one tier elephant baby shower cake;0
oh baby elephant shower ideas;0
a little peanut is on the way baby shower elephant theme;0
elephant baby shower painted banner;0
elephant baby shower poster;0
elephant baby shower pins for guest;0
elephant baby shower picture;0
elephant baby shower pretzels;0
elephant baby shower party;0
elephant baby shower picture frame;0
elephant baby shower royal icing cookies;0
elephant baby shower recuerdos;0
elephant baby shower theme gender reveal;0
elephant baby shower cake rectangle;0
rose gold elephant baby shower theme;0
rainbow elephant baby shower theme;0
elephant baby shower snacks;0
elephant baby shower sweets;0
elephant baby shower sheet cake girl;0
elephant baby shower setup;0
elephant baby shower snack ideas;0
elephant baby shower shirt;0
elephant baby shower theme boy cake;0
elephant baby shower theme neutral;0
elephant baby shower theme centerpieces;0
elephant baby shower theme cake;0
elephant baby shower theme girl backdrop;0
elephant baby shower treats boy;0
unisex elephant baby shower theme;0
baby shower cake with baby elephant;0
winter elephant baby shower ideas;0
baby shower cake with elephant pink;0
welcome sign baby shower boy elephant;0
blue and white elephant baby shower cake;0
baby shower card with elephant;0
white elephant baby shower theme;0
elephant baby shower thank you gifts;0
elephant baby shower theme girl yellow and grey;0
elephant baby shower theme yellow;0
yellow and gray elephant baby shower theme;0
elephant baby shower thank you;0
elephant baby shower theme boy yellow;0
elephant baby shower thank you tags;0
2 tier elephant baby shower cake;0
goose baby shower ideas;0
goose baby shower theme;0
goose baby shower cookies;0
goose baby shower cake;0
goose baby shower ideas girl;0
goose baby shower invitation;0
goose baby shower banner;0
goose baby shower girl;0
goose baby shower centerpieces;0
goose baby shower ideas boy;0
goose baby shower decor;0
goose baby shower backdrop;0
silly goose baby shower cake;0
silly goose baby shower theme girl;0
a new silly goose is about to be on the loose baby shower theme;0
silly goose baby shower theme decorations;0
silly goose is on the loose baby shower cake;0
girl baby shower ideas silly goose;0
silly goose baby shower flowers;0
silly goose baby shower theme girl backdrop;0
silly goose baby shower theme cake boy;0
silly goose theme baby shower ideas;0
silly goose baby shower theme dessert;0
goose baby shower arch;0
goose baby shower aesthetic;0
goose baby shower activities;0
goose baby shower arch backdrop;0
silly goose baby shower clip art;0
silly goose baby shower art;0
silly little goose baby shower balloon arch;0
a silly goose baby shower ideas;0
baby shower goose balloon arch;0
baby shower a silly goose is almost loose;0
silly goose baby shower theme balloon arch;0
goose baby shower boy;0
goose baby shower balloon arch;0
goose baby shower balloons;0
goose baby shower banner painted;0
goose baby shower background;0
goose baby shower basket;0
goose baby shower blue;0
goose baby shower backdrop ideas;0
goose baby shower brunch;0
goose baby shower boy cake;0
goose baby shower cupcakes;0
goose baby shower cake ideas;0
goose baby shower cookies decorated;0
goose baby shower cookies girl;0
goose baby shower cake girl;0
goose baby shower cake boy;0
goose baby shower cake pops;0
goose baby shower cake topper;0
goose baby shower cookies boy;0
goose baby shower decorations;0
goose baby shower desserts;0
goose baby shower dessert table;0
goose baby shower diy;0
goose baby shower decor ideas;0
goose baby shower dress;0
goose baby shower decoration ideas;0
goose baby shower diaper cake;0
goose baby shower decor girl;0
goose baby shower drawing;0
silly goose baby shower entry;0
silly goose baby shower entrance sign;0
silly goose baby shower entrance;0
goose baby shower favors;0
goose baby shower food;0
goose baby shower food ideas;0
goose baby shower for girl;0
goose baby shower food table;0
goose baby shower flowers;0
goose baby shower for boy;0
baby shower party favors goose theme;0
goose themed baby shower food ideas;0
silly goose baby shower favors for guests;0
mother goose baby shower favor;0
goose baby shower games;0
goose baby shower gifts;0
goose baby shower gift basket;0
animal baby shower cake;0
animal baby shower centerpieces;0
animal baby shower games;0
animal baby shower ideas;0
animal baby shower invitations;0
animal baby shower theme;0
animal theme baby shower ideas;0
fox baby shower cake;0
fox baby shower cupcakes;0
fox baby shower decor;0
fox baby shower decorations;0
fox baby shower games;0
fox baby shower girl;0
fox baby shower ideas;0
fox baby shower invitations;0
fox baby shower theme;0
fox themed baby shower cake;0
fox themed baby shower girl;0
fox themed baby shower ideas;0
woodland fox baby shower cake;0
animal baby shower cupcakes;0
animal baby shower decorations;0
animal baby shower favors;0
animal baby shower girl;0
animal baby shower invite;0
baby shower animal gestation game free printable;0
baby shower animal matching game;0
baby shower games animal theme;0
baby shower zoo animal theme;0
diy baby shower invitation;0
diy baby shower invitation ideas;0
jungle animal baby shower cake;0
jungle animal baby shower decorations;0
jungle animal baby shower games;0
safari animal baby shower ideas;0
safari animal baby shower invitations;0
woodland animal baby shower decorations;0
woodland animal baby shower favors;0
woodland animal baby shower food;0
woodland animal baby shower food ideas;0
woodland animal baby shower invitation;0
woodland animal baby shower invites;0
zoo animal baby shower ideas;0
baby shower templates free;0
baby shower welcome sign;0
baby shower welcome signs;0
goose baby shower green;0
goose baby shower girl cookies;0
goose baby shower guest book;0
goose baby shower girl cake;0
goose baby shower game ideas;0
goose baby shower gift ideas;0
goose baby shower graphic;0
goose baby shower girl decor;0
baby shower cards handmade goose;0
goose baby shower invite;0
goose baby shower ideas decor;0
goose baby shower ideas pink;0
goose baby shower ideas food;0
goose baby shower ideas cake;0
goose baby shower image;0
goose baby shower ideas green;0
goose baby shower ideas cookies;0
little goose baby shower invite;0
goose on the loose baby shower treats;0
silly little goose baby shower centerpieces;0
little goose baby shower banner;0
silly goose on the loose baby shower food;0
silly goose on the loose baby shower boy;0
baby shower little goose;0
silly goose baby shower food labels;0
mother goose baby shower treats;0
mother goose nursery rhymes baby shower ideas;0
mother goose baby shower cookies;0
centro de mesa baby shower silly goose;0
baby shower decorations mother goose;0
baby shower backdrop mother goose;0
mother goose baby shower nails;0
mother goose baby shower welcome sign;0
mother goose baby shower theme;0
mother goose baby shower centerpieces;0
goose baby shower nails;0
goose baby shower neutral;0
baby shower nails silly goose;0
silly goose baby shower theme nails;0
neutral goose baby shower ideas;0
silly goose baby shower gender neutral;0
silly goose baby shower backdrop gender neutral;0
baby shower nails girl silly goose;0
goose baby shower outfit;0
silly goose baby shower mom outfit;0
one silly goose baby shower decor;0
one silly goose baby shower party favors;0
silly goose on the loose baby shower treats;0
one silly goose baby shower cookies;0
baby shower one silly goose;0
goose baby shower pink;0
goose baby shower party favors;0
goose baby shower painted banner;0
goose baby shower poster;0
goose baby shower pink and green;0
goose baby shower printable;0
goose baby shower party;0
goose baby shower plates;0
goose baby shower prizes;0
goose baby shower picnic;0
pink silly goose baby shower decor;0
goose baby shower quotes;0
silly goose baby shower quotes;0
goose baby shower royal icing cookies;0
mother goose nursery rhyme baby shower theme;0
silly goose baby shower royal icing cookies;0
mother goose baby shower ideas nursery rhyme party;0
silly goose baby shower cake rectangle;0
silly goose baby shower diaper raffle;0
goose baby shower sign;0
goose baby shower sugar cookies;0
goose baby shower sheet cake;0
goose baby shower snacks;0
goose baby shower stickers;0
goose baby shower sweets;0
goose baby shower theme girl;0
goose baby shower table decor;0
goose baby shower treats;0
goose baby shower theme boy;0
goose baby shower table;0
goose baby shower theme decor;0
goose baby shower theme cake;0
goose baby shower table centerpieces;0
goose baby shower tablescape;0
goose baby shower theme ideas;0
goose baby shower theme food;0
mother goose baby shower set up;0
silly goose baby shower table set up;0
silly goose baby shower set up;0
vintage goose baby shower theme;0
vintage baby shower ideas goose;0
vintage goose baby shower decor;0
vintage goose baby shower decorations;0
mother goose baby shower vintage;0
vintage mother goose baby shower theme;0
vintage goose themed baby shower ideas;0
vintage mother goose baby shower ideas;0
vintage goose baby shower banner;0
vintage goose baby shower invitation;0
vintage goose baby shower cake;0
goose baby shower welcome sign;0
welcome to baby shower sign goose;0
silly goose baby shower welcome;0
silly goose on the way baby shower theme;0
silly goose baby shower theme welcome sign;0
baby shower card with goose;0
welcome baby shower goose;0
silly goose on the loose baby shower welcome sign;0
a little goose is on the way baby shower cookies;0
welcome to baby shower goose;0
silly goose baby shower theme winter;0
goose baby shower yellow;0
silly goose baby shower yellow;0
silly goose baby shower thank you gifts;0
silly goose baby shower theme yellow;0
silly goose baby shower thank you;0
silly goose baby shower thank you card;0
goose baby shower ideas yellow;0
mother goose baby shower ideas yellow;0
goose baby shower thank you;0
goose baby shower theme yellow;0
goose baby shower thank you gifts;0
fox baby shower cookies;0
fox baby shower ideas boy;0
fox baby shower theme girl;0
fox baby shower theme decorations;0
fox baby shower theme boys;0
fox baby shower cake girl;0
fox baby shower theme food;0
fox theme baby shower ideas girl;0
girly fox baby shower theme;0
fox girl baby shower theme;0
baby fox baby shower ideas;0
woodland fox baby shower theme;0
fox baby shower food;0
red fox baby shower ideas;0
fox and the hound baby shower theme;0
fox and hound baby shower party ideas;0
fox baby shower theme boys forest animals;0
fox and bear baby shower theme;0
fox and the hound baby shower ideas;0
fox baby shower boy;0
fox baby shower balloon garland;0
fox baby shower cake ideas;0
fox cake baby shower boy;0
fox baby shower theme centerpieces;0
fox theme baby shower cookies;0
fox themed baby shower boy decorations;0
baby shower fox theme decoration;0
fox baby shower favors;0
fox baby shower gift basket;0
fox baby shower gifts;0
baby girl fox baby shower ideas;0
fox baby shower invite;0
baby shower ideas fox theme;0
fox themed baby shower invite;0
fox theme baby shower ideas boy;0
little fox baby shower theme;0
pink fox baby shower theme;0
fox baby shower treats;0
animal baby shower cookies;0
animal baby shower decor;0
animal baby shower theme boy;0
animal baby shower theme girl;0
animal baby shower png;0
boy farm animal baby shower ideas;0
farm animal baby shower cookies decorated;0
baby boy animal shower ideas;0
arctic animal baby shower theme;0
animal themed baby shower treats;0
baby shower girl theme animal;0
baby shower game baby animal names;0
wild animal baby shower invite;0
baby shower animal themed;0
animal print theme baby shower ideas;0
animal baby shower arch;0
animal baby shower banner;0
animal baby shower boy;0
animal baby shower balloon arch;0
animal baby shower backdrop;0
animal baby shower blue;0
animal baby shower boy theme;0
animal baby shower background;0
animal baby shower cookies decorated;0
animal baby shower cake pops;0
animal baby shower cake topper;0
animal baby shower cake ideas;0
baby shower animal cards;0
baby animal baby shower cakes;0
animal baby shower dessert table;0
animal baby shower desserts;0
sea animal baby shower decor;0
animal baby shower theme decorations;0
animal theme baby shower desserts;0
woodland animal baby shower dessert table;0
safari animal baby shower cookies decorated;0
animal baby shower theme boy decoration;0
animal baby shower food;0
animal baby shower for girl;0
animal baby shower food ideas;0
animal baby shower for boy;0
baby shower farm animal theme;0
forest animal baby shower cake;0
farm animal baby shower balloons;0
pink farm animal baby shower cake;0
free printable baby shower game animal mom match;0
animal baby shower gift basket;0
animal baby shower games free printable;0
animal baby shower gifts;0
sea animal baby shower girl;0
woodland animal baby shower gifts;0
safari animal baby shower girl;0
baby shower guess how many animal crackers;0
guess how many animal crackers baby shower game;0
animal baby shower ideas girl;0
animal baby shower ideas for boys;0
animal baby shower invitations girl;0
animal themed baby shower ideas blue;0
animal jungle baby shower ideas;0
baby shower jungle animal theme;0
jungle animal baby shower cookies decorated;0
jungle theme baby shower ideas for boys cake animal cupcakes;0
animal kingdom baby shower theme;0
animal kingdom baby shower ideas;0
little animal baby shower theme;0
baby animal baby shower theme a little wild one;0
match the baby animal shower game free;0
baby shower animal marino;0
mountain animal baby shower theme;0
baby shower animal mehndi;0
baby shower game baby animal match;0
match the baby animal shower game;0
animal baby shower nails;0
baby shower niño animal print;0
baby shower niña decoracion animal print;0
farm animal baby shower nails;0
baby shower nails animal theme;0
animal-themed gender neutral baby shower ideas;0
baby shower niña animal;0
baby shower animal print niña;0
animal print baby shower nails;0
neutral baby shower baby animal figurine centerpiece;0
animal baby shower outfit;0
ocean animal baby shower theme;0
ocean animal themed baby shower ideas;0
ocean animal baby shower sea theme;0
ocean animal baby shower cake;0
outfit baby shower invitada animal print;0
ocean animal baby shower decor;0
animal theme baby shower outfit;0
outdoor animal baby shower theme;0
animal baby shower painted banner;0
animal baby shower party favors;0
animal baby shower theme pink;0
woodland animal baby shower party favors;0
baby shower animal print rosa;0
woodland animal baby shower royal icing cookies;0
animal baby shower sign;0
animal baby shower sugar cookies;0
animal baby shower sheet cake;0
animal baby shower snacks;0
animal baby shower treats;0
animal baby shower theme cake;0
animal baby shower table decor;0
animal baby shower theme food ideas;0
animal baby shower theme blue;0
animal baby shower theme girl decor;0
animal baby shower theme ideas;0
tortas de baby shower varón con temática animal;0
vintage animal baby shower cookies;0
vintage animal baby shower theme;0
vintage animal baby shower cake;0
vintage animal baby shower ideas;0
vintage farm animal baby shower ideas;0
vintage forest animal baby shower ideas;0
animal baby shower welcome sign;0
winter woodland animal baby shower ideas;0
woodland animal theme baby shower cake;0
zoo animal baby shower welcome sign;0
woodland animal themed baby shower ideas;0
woodland animal theme baby shower centerpieces;0
woodland animal baby shower cupcake;0
winter animal baby shower ideas;0
barn yard baby shower ideas farm animal party;0
zoo animal baby shower cookies;0
zoo animal baby shower ideas decoration theme;0
zoo animal themed baby shower ideas;0
zoo animal baby shower ideas food tables;0
zoo animal baby shower gift;0
woodland animal shower cake;0
woodland animal shower food;0
woodland animal shower favors;0
woodland animal shower theme;0
woodland animal shower cookies;0
woodland animal baby girl shower cookies;0
woodland animal baby shower decor;0
woodland animal baby shower cake topper;0
woodland animal baby shower centerpiece;0
woodland animal baby shower table centerpieces;0
woodland animal baby shower cake ideas;0
woodland animal baby shower decoration ideas;0
forest animal baby shower ideas woodland creatures nursery decor;0
woodland animal baby shower diaper cake;0
woodland animal baby shower ideas diy;0
woodland animal baby shower decorations diy;0
woodland animal baby shower decorations centerpieces;0
woodland animal baby shower desserts;0
woodland animal baby shower table decor;0
woodland animal baby shower flowers;0
woodland animal baby shower food table;0
woodland animal baby shower theme food;0
floral woodland animal baby shower ideas;0
woodland animal baby shower for girl;0
woodland animal baby girl shower theme;0
woodland animal baby shower games;0
woodland animal theme baby shower games;0
woodland animal baby shower gift ideas;0
woodland animal baby shower ideas;0
woodland animal baby shower backdrop ideas;0
woodland animal baby shower nails;0
woodland animal baby shower painted banner;0
woodland animal baby shower cake pops;0
woodland animal baby shower table;0
woodland animal baby shower themes;0
safari animal shower ideas;0
baby shower animal safari;0
safari baby shower boy cake animal cupcakes;0
safari baby shower food ideas animal themes;0
safari baby shower animal crackers;0
safari animal baby shower centerpiece;0
safari animal themed baby shower ideas;0
safari animal baby shower cake;0
safari animal baby shower cupcakes;0
safari animal baby shower sugar cookies;0
baby shower animal theme jungle safari cake;0
animal safari baby shower centerpieces;0
cute jungle safari forest animal baby shower invitation;0
safari animal baby shower decorations;0
baby shower safari decoracion animal prints;0
safari animal baby shower decor;0
safari animal baby shower food ideas;0
safari animal baby shower food;0
baby shower ideas for girls themes safari animal prints;0
safari animal baby shower favors;0
baby shower animal theme jungle safari cookies;0
diy bridal shower invitation;0
diy baby shower invitation card;0
baby shower invitation cards design free printable diy;0
bridal shower cards handmade diy invitation ideas;0
baby shower invitation cards diy;0
shower welcome sign bridal;0
shower welcome signs;0
shower welcome sign baby;0
shower welcome sign with flowers;0
shower welcome sign with balloons;0
shower welcome sign ideas;0
shower welcome sign mirror;0
shower welcome sign diy;0
shower welcome sign decor;0
baby shower welcome sign on mirror;0
welcome sign bridal shower mirror;0
welcome to baby shower sign front door;0
welcome sign bridal shower floral;0
mirror welcome baby shower sign;0
baby shower baby in bloom welcome sign;0
bridal shower fabric welcome sign;0
welcome to bridal shower sign linen;0
baby shower welcome sign with balloon arch;0
baby shower welcome sign for mom and dad;0
baby shower welcome sign airplane;0
noahs ark baby shower welcome sign;0
a tini bit closer bridal shower welcome sign;0
baby shower welcome sign and balloon;0
all american girl baby shower welcome sign;0
baby shower welcome sign and flowers;0
pink and green bridal shower welcome sign;0
welcome baby shower chalkboard sign;0
welcome to baby shower sign cricut;0
baby it's cold outside baby shower welcome sign;0
woodland creatures baby shower welcome sign;0
on cloud 9 bridal shower welcome sign;0
welcome sign baby shower christmas;0
welcome sign for baby shower entrance chalkboard;0
highland cow baby shower welcome sign;0
welcome to the couples shower sign;0
baby shower welcome sign little cutie;0
welcome sign baby shower cloud;0
bridal shower welcome sign door;0
baby shower decorations welcome sign;0
welcome to the baby shower sign diy;0
donut baby shower welcome sign;0
welcome to the bridal shower sign diy;0
bridal shower welcome sign easel with flowers;0
bridal shower welcome sign espresso martini;0
baby shower welcome sign entrance with balloons;0
eucalyptus baby shower welcome sign;0
bridal shower welcome sign espresso;0
welcome sign for bridal shower entrance diy;0
welcome sign for indian baby shower entrance;0
creative welcome sign for baby shower entrance;0
baby shower welcome sign football;0
welcome sign for baby shower fall;0
flower bridal shower welcome sign;0
baby shower welcome sign with flower basket;0
floral welcome to bridal shower sign;0
welcome sign baby shower green;0
rose gold baby shower welcome sign;0
welcome sign baby shower golf;0
golden retriever baby shower welcome sign;0
galaxy baby shower welcome sign;0
baby shower welcome sign greenery;0
baby shower welcome sign with garland;0
baby shower welcome sign gujarati;0
bridal shower welcome sign hand written;0
baby shower welcome sign hello kitty;0
baby shower welcome sign horse;0
honey bridal shower welcome sign;0
how to make bridal shower welcome sign;0
hot pink bridal shower welcome sign;0
her next chapter bridal shower welcome sign;0
here comes the son baby shower theme welcome sign;0
baby shower welcome sign here comes the sun;0
harry potter bridal shower welcome sign;0
her next chapter bridal shower theme welcome sign;0
bun in the oven baby shower welcome sign;0
bridal shower welcome sign in spanish;0
bridal shower welcome sign love is in bloom;0
baby i’m bloom baby shower welcome sign;0
baby shower welcome sign decor ideas;0
bridal shower welcome sign berry in love;0
bridal shower ideas welcome sign;0
baby shower welcome sign india;0
jack and jill baby shower welcome sign;0
blue jean baby shower girl welcome sign;0
jungle baby shower welcome sign;0
4th of july baby shower welcome sign;0
baby shower welcome sign blue jean baby;0
jungle baby shower theme welcome sign;0
blue jean baby shower theme welcome sign;0
jack and jill shower welcome sign;0
welcome to jessicas baby shower sign;0
welcome to the jungle baby shower sign;0
tie the knot bridal shower welcome sign;0
baby shower welcome sign keepsake;0
bridal shower welcome sign shes tying the knot;0
bridal shower tying the knot welcome sign;0
kentucky derby bridal shower welcome sign;0
bridal shower welcome sign kiss the miss goodbye;0
she’s tying the knot bridal shower theme welcome sign;0
tying the knot bridal shower theme welcome sign;0
lover bridal shower welcome sign;0
linen welcome baby shower sign;0
bridal shower welcome sign linen;0
bridal shower welcome sign landscape;0
lemon baby shower welcome sign;0
locally grown baby shower welcome sign;0
little cowboy baby shower welcome sign;0
bridal shower lace welcome sign;0
baby shower welcome sign with maternity pictures;0
baby shower welcome sign moon;0
main squeeze bridal shower welcome sign;0
baby shower welcome sign with name;0
new to the club baby shower welcome sign;0
nautical baby shower welcome sign;0
a new chapter baby shower welcome sign;0
baby shower welcome sign baby name;0
neutral bridal shower welcome sign;0
baby shower welcome sign nature;0
gender-neutral baby shower welcome sign ideas;0
outdoor baby shower welcome sign;0
welcome to our baby shower sign winnie the pooh;0
ray of sunshine baby shower welcome sign;0
baby shower welcome sign ocean;0
welcome to our shower sign;0
the perfect pear bridal shower welcome sign;0
pizza theme baby shower welcome sign;0
baby shower welcome sign paint;0
pearls bridal shower welcome sign;0
pink baby shower welcome sign;0
welcome baby shower sign winnie the pooh;0
pooh bear baby shower welcome sign;0
whinnie the pooh baby shower welcome sign;0
pumpkin theme baby shower welcome sign;0
baby q shower welcome sign;0
baby shower welcome sign quotes;0
baby shower welcome sign rainbow theme;0
red bridal shower welcome sign;0
rodeo baby shower welcome sign;0
bridal shower welcome sign round;0
welcome sign baby shower ribbon;0
boho rainbow baby shower welcome sign;0
baby shower welcome sign with ribbon;0
red white and i do bridal shower welcome sign;0
royal prince baby shower welcome sign;0
welcome to baby shower wooden sign;0
travel theme bridal shower welcome sign;0
unique bridal shower welcome sign;0
under the sea baby shower welcome sign;0
baby shower welcome sign with ultrasound;0
unique baby shower welcome sign ideas;0
unicorn baby shower welcome sign;0
she’s been scooped up bridal shower welcome sign;0
scooped up bridal shower welcome sign;0
up baby shower welcome sign;0
bridal shower welcome sign ideas unique;0
up up and away baby shower welcome sign;0
baby shower welcome sign set up;0
baby shower welcome sign ultrasound;0
vino before vows bridal shower welcome sign;0
bridal shower welcome sign vintage;0
it takes a village baby shower welcome sign;0
vintage winnie the pooh baby shower welcome sign;0
baby shower welcome sign with bible verse;0
bridal shower welcome sign with veil;0
valentines bridal shower welcome sign;0
baby shower welcome sign vinyl;0
la dolce vita bridal shower welcome sign;0
baby shower welcome sign valentines;0
bridal shower welcome sign vinyl;0
yellow and blue baby shower welcome sign;0
yellow bridal shower welcome sign;0
blue and yellow bridal shower welcome sign;0
sea you soon baby shower theme welcome sign;0
yea party bridal shower welcome sign;0
enchanted to meet you baby shower welcome sign;0
baby yoda baby shower welcome sign;0
sea you soon baby shower theme boy welcome sign;0
sea you soon baby shower welcome sign;0
dragon ball z baby shower welcome sign;0
bridal shower welcome sign zazzle;0
welcome baby shower sign 18x24;0
purple bridal shower welcome sign 2026;0
green bridal shower welcome sign 2026;0
bridal shower welcome sign 2026;0
baby shower welcome sign 2026;0
baby shower welcome sign 8x10;0
on cloud 9 baby shower welcome sign;0
cloud 9 baby shower welcome sign;0
cloud 9 bridal shower welcome sign;0
baby shower templates invitations;0
baby shower templates invitations indian;0
baby shower templates free printables;0
baby shower templates video;0
baby shower templates invitations video;0
baby shower templates invitations blank;0
baby shower templates indian;0
baby q shower invitations templates;0
baby shower cards templates;0
baby shower game templates;0
baby shower invitation video templates;0
baby shower invitations templates editable;0
baby shower templates boy;0
baby shower thank you cards templates;0
disney baby shower invitations templates;0
diy baby shower card;0
free editable baby shower invitation templates;0
free editable baby shower video invitation templates;0
heaven sent baby shower invitations templates;0
indian baby shower invitation templates;0
baby shower arts and crafts;0
baby shower arts and crafts activities;0
baby shower clip art png;0
baby shower elephant png;0
baby shower flower arrangements;0
baby shower frame png;0
baby shower party favors;0
baby shower png background;0
baby shower png hd;0
baby shower png images;0
baby shower png niña;0
baby shower png text;0
elefante rosa baby shower png;0
imagenes de baby shower niña png;0
osito baby shower png;0
osito para baby shower png;0
baby shower address labels;0
baby shower candy labels;0
baby shower champagne bottle labels;0
baby shower champagne labels;0
baby shower chapstick labels;0
baby shower clip art;0
baby shower clip art black and white;0
baby shower clip art boy;0
baby shower gift bag labels;0
baby shower gift labels;0
baby shower hand sanitizer labels;0
baby shower honey jar labels;0
baby shower keepsake art;0
baby shower labels boy;0
baby shower labels for favors;0
baby shower labels for water bottles;0
baby shower labels printable;0
baby shower mini champagne labels;0
baby shower nail art;0
baby shower return address labels;0
baby shower signs diy;0
baby shower water bottles labels;0
custom baby shower labels;0
diy baby shower labels;0
diy wedding shower signs;0
free baby shower clip art;0
hand sanitizer baby shower favor labels;0
safari baby shower water bottle labels;0
water bottle labels baby shower girl;0
baby shower templates video without text;0
baby shower templates girl;0
baby shower templates blank;0
baby shower winnie the pooh invitations templates;0
baby shower video invitation templates free;0
baby shower invitations templates radha krishna theme;0
free printable mickey mouse baby shower invitations templates;0
baby shower invitation templates winnie the pooh;0
princess baby shower invitation templates;0
baby shower invitations templates modern;0
baby shower favor templates free printable;0
baby shower templates aesthetic;0
baby shower templates pink and blue;0
baby shower activity templates;0
baby shower invitations templates pink and blue;0
baby shower invitations templates for a girl;0
baby shower invitations templates animals;0
baby shower album templates;0
baby shower agenda timeline templates;0
baby shower invitations templates aesthetic;0
baby shower invitations templates boy and girl;0
baby shower activities templates;0
baby shower invitations templates bring a book;0
baby shower templates background;0
baby shower templates blue;0
baby shower templates beige;0
baby shower templates brown;0
baby shower templates blue and pink;0
baby shower templates boy or girl;0
baby shower templates couple;0
baby shower templates collage;0
baby shower invitations templates cloud;0
baby shower invitations templates christian;0
cow themed baby shower invitations templates;0
baby shower thank you cards wording templates free printable;0
baby shower chalkboard sign templates;0
baby shower invitations templates canva;0
baby shower invitations card templates;0
baby shower invitation card templates blank;0
baby shower templates design;0
baby shower decorations templates;0
baby shower invitations templates dinosaur;0
baby shower facebook event description templates;0
free printable baby shower invitations templates design;0
dinosaur baby shower templates;0
baby shower save the date templates;0
baby shower decor templates;0
digital baby shower invitations templates;0
baby shower invitations design templates free;0
free baby shower invitation templates download templates;0
baby shower templates empty;0
elegant floral baby shower invitation templates;0
girl baby shower invitations templates elephant;0
baby shower invitations templates edit;0
boy baby shower invitations templates elephant;0
free editable baby shower invitation video templates indian;0
baby shower invitations templates español;0
editable baby shower invitations free templates;0
baby shower templates free video;0
baby shower templates for story;0
baby shower templates for boys;0
baby shower invitations for boys templates;0
baby shower templates games;0
baby shower templates gujarati;0
baby shower templates gender neutral;0
baby shower templates green;0
blank baby shower invitations templates girl;0
baby shower game templates free printable;0
boy baby shower invitations templates green;0
baby shower templates invitations gender neutral;0
gold frame on pink baby shower invitation templates;0
gujarati baby shower invitations templates;0
baby shower templates horizontal;0
baby shower templates hd;0
baby shower invitations templates in hindi;0
halloween baby shower invitation templates;0
baby shower templates invitations hd;0
baby shower invitations templates hindu;0
baby shower invitations templates here comes the son;0
hindu baby shower invitation templates;0
baby shower invitations templates halloween;0
baby shower invitations templates horizontal;0
baby shower invitations templates hello kitty;0
baby shower templates invitations free;0
baby shower templates instagram;0
baby shower templates in marathi;0
baby shower templates invitations pink;0
baby shower templates invitations boy;0
baby shower templates ideas;0
baby shower invitations templates jungle;0
baby shower templates krishna;0
baby shower templates invitations krishna;0
baby shower invitations templates in kannada;0
baby shower invitations templates lion king;0
baby shower invitations templates kannada;0
baby shower invitations templates radha krishna;0
baby shower invitations templates radha krishna theme video;0
baby shower invitations templates krishna theme;0
baby shower templates landscape;0
baby shower invitations templates landscape;0
baby shower invitations templates lavender;0
boy baby shower invitations templates little man;0
baby shower invitations templates cielito lindo;0
baby shower templates marathi;0
baby shower templates muslim;0
baby shower invitations murugan templates;0
free baby shower invitations templates marathi;0
baby shower invitations templates in marathi;0
baby shower invitations templates marathi;0
baby shower invitations templates video in marathi;0
marathi baby shower invitation templates;0
muslim baby shower invitations templates;0
baby shower invitations templates neutral;0
free gender neutral baby shower invitations templates;0
wild one baby shower invitation templates;0
baby shower invitations templates boy or girl;0
online baby shower invitations templates;0
baby shower templates png;0
baby shower templates purple;0
baby shower templates printable;0
baby shower templates pink blue;0
rainbow baby shower invitations design templates;0
baby shower invitations templates red;0
baby shower invitations templates gender reveal;0
baby shower invitations templates diaper raffle;0
baby shower templates traditional;0
baby shower templates tamil;0
baby shower templates twins;0
baby shower templates teddy;0
baby shower templates teddy bear;0
unisex baby shower invitations templates;0
baby shower invitations templates unique;0
unique baby shower invites invitation templates;0
blank baby shower invitations templates video;0
baby shower video invitation templates blank;0
free virtual baby shower invitations templates;0
free baby shower invitations templates video;0
baby shower invitations templates vedio;0
baby shower templates without text;0
winnie the pooh baby shower invitations template free templates;0
baby shower welcome board templates;0
winnie the pooh baby shower poster templates;0
baby shower welcome templates;0
baby shower invitations templates winter;0
printable baby shower welcome sign templates;0
baby shower invitations templates with photo;0
baby shower invitations templates yellow;0
baby shower thank you cards wording templates;0
baby shower girl card diy;0
wedding shower card box diy;0
baby shower card idea diy;0
diy baby shower card inside;0
diy baby shower card boy;0
bridal shower card diy simple;0
bridal shower card box ideas diy;0
cute baby shower card diy;0
diy baby shower invitations card;0
baby shower card diy cricut;0
baby shower card boxes diy;0
easy diy baby shower card;0
easy diy bridal shower card;0
easy diy wedding shower card;0
diy baby shower card for girl;0
card box for bridal shower diy wedding;0
card box for baby shower diy;0
diy bridal shower card for bride;0
diy card for baby shower gift;0
diy baby shower card funny;0
diy baby shower card for twins;0
diy baby shower card for boy;0
diy baby shower card from kids;0
diy baby shower greeting card;0
baby shower gift card holder diy;0
baby shower gift card box ideas diy;0
diy bridal shower gift card;0
girl baby shower card ideas diy;0
baby shower gift card holder diy cute ideas;0
baby shower gift card box diy;0
bridal shower gift card holder diy;0
card box baby shower girl diy;0
bridal shower card handmade diy;0
bridal shower card ideas diy;0
baby shower card diy boy cute ideas;0
diy wedding shower card ideas;0
diy baby shower card box ideas;0
diy bridal shower card inside;0
lingerie shower card diy;0
diy baby shower card neutral;0
diy winnie the pooh baby shower card;0
diy baby shower card twins;0
baby shower thank you card diy;0
baby shower wishes card diy;0
diy watercolor bridal shower card;0
diy watercolor wedding shower card;0
baby shower png material;0
baby shower pngs;0
baby shower png girl;0
baby shower png logo;0
baby shower png marathi;0
baby shower png letras;0
patito baby shower png;0
oso azul baby shower png;0
baby shower image png;0
biberon baby shower png;0
vectores baby shower png;0
zapatos baby shower png;0
png baby shower boy;0
indian baby shower invitations png;0
baby shower caricature indian png;0
oso para baby shower niña png;0
baby shower teddy png;0
baby shower png azul;0
baby shower arcoiris png;0
baby shower girl and boy png;0
baby shower album png;0
osito baby shower png azul;0
oso con globos baby shower png azul;0
baby shower couple png clip art;0
globo aerostatico baby shower boy png;0
baby shower aesthetic png;0
baby shower png boy;0
baby shower png cartoon;0
baby shower chair png;0
conejita baby shower niña png;0
conejita baby shower png decoración;0
baby shower cake topper png;0
osita baby shower png circular;0
baby shower couple caricature indian png;0
conejito para baby shower png;0
baby shower png decoration;0
baby shower png dorado;0
baby shower doll png;0
baby shower welcome board design png;0
ositos de baby shower niña png;0
osos de baby shower png;0
elefante baby shower nena decoracion png;0
osos baby shower dibujo png;0
osito de baby shower png;0
baby shower mom dad png;0
elefante para baby shower png;0
elefante baby shower png sin fondo;0
baby shower element png;0
elefantes baby shower varon png;0
baby shower emoji png;0
elefantitos para baby shower nena png;0
estrellas baby shower png;0
elefantes de baby shower png;0
elefantito baby shower png;0
baby shower png for cake;0
baby shower png font;0
flores baby shower png;0
baby shower foot print png;0
fondo baby shower png;0
baby shower flower png;0
baby shower fonts png;0
baby shower feet png;0
baby shower function png;0
oso baby shower png sin fondo niña;0
baby shower games png;0
goku baby shower png;0
baby shower girl boy png;0
globos baby shower niña png;0
globos rosas baby shower png;0
baby shower gifts png;0
cubos baby shower girl png;0
globo baby shower png;0
hello kitty baby shower png;0
baby shower hand png;0
baby shower horse png;0
huellas baby shower png;0
baby shower text png hd;0
hot air balloon baby shower png;0
happy baby shower png;0
rocking horse baby shower png;0
baby shower text png images;0
baby shower imagenes png;0
baby shower niña imagenes png;0
baby shower letras para imprimir png;0
imagen de baby shower png;0
indian baby shower png;0
jirafa baby shower girl png;0
jungle baby shower png;0
jirafa baby shower png;0
baby shower krishna png;0
radha krishna baby shower png;0
lion king baby shower png;0
koala baby shower png;0
baby shower krishna theme png;0
baby shower png lady;0
rey leon baby shower png;0
baby shower niña letras png;0
baby shower letter png;0
luna baby shower png;0
sopa de letras baby shower png;0
baby shower letra png;0
baby shower leg png;0
baby shower mom png;0
minnie mouse baby shower png;0
baby shower mariposas png;0
cookie monster baby shower png;0
minnie baby shower png;0
baby shower mother png;0
marco baby shower png;0
my baby shower png;0
mariposa baby shower png;0
baby shower png name;0
oso baby shower png niña;0
neutral baby shower png;0
baby shower name board png;0
ositos baby shower niña png;0
oso blanco baby shower png;0
baby shower png photo;0
baby shower png pink;0
baby shower quote png;0
baby shower quotes text png;0
baby shower png rosa;0
oso rosa baby shower png;0
baby shower rosado png;0
baby shower round png;0
bebe para remera baby shower png;0
osito baby shower rosa png;0
osita baby shower png rosa;0
osito con globos baby shower png rosa;0
baby shower png stickers;0
baby shower png tamil;0
baby shower png traditional;0
baby shower png topper;0
baby shower theme png;0
tendedero baby shower png;0
topper de baby shower png;0
toppers baby shower png;0
unicornio baby shower png;0
urso baby shower png;0
baby shower png video;0
baby shower png vector;0
osito baby shower varon png;0
baby shower vaquero png;0
vaca baby shower png;0
baby shower varon png;0
oso con globos baby shower png verde;0
ositos para baby shower varon png;0
oso baby shower png verde;0
baby shower invitations video png;0
baby shower words png;0
winnie de pooh baby shower png;0
we can bearly wait baby shower theme png;0
baby shower women png;0
baby shower welcome bord png;0
baby shower niña winnie pooh png;0
woodland baby shower png;0
winnie pooh baby shower png;0
winnie the pooh girl baby shower png;0
dragon ball z baby shower png;0
baby shower art ideas;0
baby shower art activities;0
baby shower art activity;0
baby shower art gift;0
baby shower art theme;0
baby shower attire;0
baby shower articulos para bebe;0
baby shower nail art design;0
nail art baby shower girl;0
baby shower niño fuegos artificiales;0
art baby shower gift;0
baby shower art and craft ideas;0
baby shower artesania;0
baby shower mehndi art;0
baby shower finger print art;0
baby shower art and craft;0
baby shower art aesthetic;0
baby shower art boy;0
baby shower fruit art;0
nail art for baby shower function;0
baby shower nail art designs blue;0
baby shower art craft;0
baby shower art canvas;0
baby shower cat eye nail art;0
cute baby shower clip art;0
baby shower clip art green;0
baby shower couple line art;0
baby shower clay art ideas;0
baby shower art drawing;0
baby shower art diy;0
baby shower art direction;0
baby shower nail art designs video;0
baby shower doodle art;0
art deco baby shower theme;0
nails baby shower girl art designs;0
baby shower decorations art;0
baby shower nail art simple design;0
baby shower nail art designs pink;0
easy baby shower art;0
baby shower nail art in cat eye;0
baby shower nail art easy;0
baby shower art for kids;0
baby shower framed art;0
baby shower feet nail art;0
nail art for baby shower ideas;0
nail art for baby shower indian;0
baby shower art gift ideas;0
baby shower art games;0
baby shower art gallery;0
baby shower nail art boy girl;0
baby shower nail art glitter;0
baby shower game art;0
girl baby shower art;0
baby shower handprint art;0
baby shower hoop art;0
halloween baby shower art;0
baby shower nail art at home;0
baby shower henna art;0
baby shower ideas nail art;0
baby shower art workshop ideas;0
i love you baby shower art;0
art themed baby shower ideas;0
baby shower nail art indian;0
baby shower nails art ideas;0
baby shower lippan art square;0
baby shower lippon art;0
baby shower leg nail art;0
baby shower latte art;0
locally grown baby shower clip art;0
baby shower line art;0
baby shower images line art;0
baby shower ideas lippan art;0
baby shower nail art latest;0
baby shower gift lippan art;0
baby shower nail art maa paa;0
baby shower nail art maa;0
baby shower nail art mom boy;0
baby shower mehndi art designs;0
baby shower nail art mom to be;0
baby shower nail art designs mom to be;0
baby shower mehandi clip art;0
baby shower nail art for mom to be;0
baby shower nail art designs mom;0
baby shower mirror art;0
baby shower mail art;0
baby shower art nails;0
baby shower special nail art;0
boy baby shower nail art;0
baby shower art on nails;0
work of art baby shower theme;0
baby shower nail art orange colour;0
baby shower onesie art;0
baby shower nail art orange;0
baby shower art project;0
baby shower art party;0
baby shower art party ideas;0
baby shower art print;0
baby shower art painting;0
baby shower purple nail art;0
baby shower nail art plate;0
baby shower pics art;0
resin art baby shower gifts;0
baby shower resin art gift;0
resin art baby shower broch;0
baby shower gift ideas resin art;0
baby shower nail art red colour;0
baby shower nail art in red colour;0
resin art for baby shower gift;0
baby shower nail art gender reveal;0
baby shower ideas resin art;0
baby shower return gift ideas resin art;0
baby shower art station;0
baby shower art twins;0
baby shower art table;0
traditional baby shower nail art;0
trending baby shower nail art;0
baby shower tv art;0
baby shower theme nail art;0
baby shower themes art;0
baby shower unique nail art;0
baby shower nails art video;0
vintage baby shower clip art;0
baby shower vector art;0
baby shower art work;0
baby shower art workshop;0
baby shower nail art wheel;0
baby shower wall art;0
woodland baby shower art;0
baby shower guest book wall art;0
baby shower word art;0
baby shower chalk art welcome signs;0
baby shower nail art yellow;0
2 baby shower nail art;0
baby shower nail art 2026;0
baby shower welcome signs diy;0
baby shower wood signs diy;0
bridal shower posters signs diy;0
diy baby shower game signs;0
acrylic bridal shower signs diy;0
diy baby shower signs entrance;0
signs for baby shower diy;0
bridal shower table signs diy;0
diy wooden baby shower signs;0
painted acrylic baby shower signs diy;0
diy baby shower table signs;0
acrylic baby shower signs diy;0
diy bridal shower signs cute ideas;0
baby shower board signs chalkboards diy;0
bridal shower signs entrance diy;0
bridal shower signs entrance diy easy;0
diy bridal shower signs entrance mirror;0
diy signs for baby shower games;0
step-by-step diy tutorials for baby shower signs;0
food signs for winnie the pooh baby shower diy;0
baby shower signs diy gift table;0
winnie the pooh baby shower signs diy;0
bridal shower welcome signs diy;0
baby shower yard signs diy;0
baby shower labels for food;0
baby shower labels for tables;0
baby shower labels girl;0
bottle water baby shower labels;0
winnie the pooh baby shower food labels;0
baby boy shower water bottle labels;0
baby shower coffee labels;0
food labels for baby shower place cards;0
baby shower cup labels;0
baby shower charcuterie cup labels;0
baby shower chocolate labels;0
baby shower cookie labels;0
baby shower dessert labels;0
winnie the pooh baby shower drink labels;0
baby shower drink labels;0
dinosaur baby shower food labels;0
water bottle labels for baby shower girl;0
baby shower food labels ideas;0
baby shower soap favor labels;0
baby shower tags printable free food labels;0
baby shower favor labels free printable;0
baby shower thank you labels gift tags;0
girl baby shower water bottle labels free printable;0
locally grown baby shower food labels;0
baby shower game labels;0
harry potter baby shower food labels;0
winnie the pooh baby shower ideas food labels;0
baby shower jam labels;0
baby shower popcorn stickers;0
baby shower stickers boy;0
baby shower stickers diy;0
baby shower stickers for favors;0
baby shower stickers girl;0
baby shower stickers printable;0
baby shower stickers template;0
baby shower wine labels;0
personalized baby shower stickers;0
pink baby shower stickers;0
ready to pop baby shower labels;0
stickers para baby shower niña para editar;0
thank you for coming baby shower stickers;0
winnie the pooh baby shower water bottle labels;0
baby shower theme background;0
baby shower theme boy;0
baby shower theme cake;0
baby shower theme cupcakes;0
baby shower theme decorations;0
baby shower theme dress code;0
baby shower theme elephant;0
baby shower theme elephant boy;0
bow tie baby shower theme;0
cowboy baby shower theme;0
diy baby shower decor;0
diy baby shower decorations boy;0
diy baby shower decorations girl;0
sailor baby shower theme;0
stickers para baby shower varon;0
thank you for coming to my baby shower stickers;0
whale baby shower theme;0
baby shower theme for girl;0
baby shower theme for twins;0
baby shower theme girl;0
baby shower theme ideas gender neutral;0
baby shower theme jungle;0
baby shower theme kitty party;0
baby shower theme music;0
baby shower theme party;0
baby shower theme tambola tickets;0
jungle theme baby shower ideas;0
lion king baby shower food labels;0
boy baby shower water bottle labels free printable;0
baby shower party favor labels;0
baby shower round labels;0
thank you baby shower labels;0
thank you labels for baby shower favors;0
baby shower table labels;0
baby shower stickers printable free;0
baby shower stickers marathi;0
baby shower stickers ideas;0
baby shower stickers in marathi;0
baby shower stickers boy and girl;0
baby shower stickers printable boy;0
baby shower stickers png;0
baby shower stickers girl free printable;0
baby shower stickers printable hd;0
stickers baby shower conejita;0
baby shower stickers hd;0
baby shower bee theme stickers;0
baby shower stickers circle;0
stickers baby shower stitch;0
stickers baby shower divertidos;0
baby shower stickers for cake;0
baby shower stickers aesthetic;0
baby shower stickers its a boy;0
stickers baby shower astronauta;0
stickers baby shower agradecimiento;0
stickers baby shower azul;0
baby shower stickers black and white;0
stickers baby shower animalitos;0
stickers baby shower arcoiris;0
blue and pink baby shower stickers;0
baby shower stickers printable boy and girl;0
baby shower hot air balloon stickers;0
a baby is brewing baby shower stickers;0
baby shower stickers boy or girl;0
baby shower stickers bear;0
baby shower stickers background;0
baby shower stickers boy free printable;0
baby shower stickers brown;0
baby shower stickers blue;0
baby shower stickers boy ideas;0
baby shower stickers boy girl;0
baby shower stickers beige;0
baby shower stickers couple;0
baby shower stickers cake;0
baby shower stickers cowboy;0
baby shower stickers collage;0
baby shower stickers clothes;0
baby shower stickers coffee;0
baby shower stickers canva;0
baby shower stickers cup;0
baby shower stickers coming soon;0
baby shower stickers cutout;0
baby shower stickers design;0
baby shower stickers dress;0
baby shower stickers dad to be;0
baby shower stickers drawing;0
dinosaur baby shower stickers;0
stickers de baby shower rosita fresita;0
baby shower cake designs stickers;0
stickers de baby shower para imprimir;0
baby shower decorations stickers;0
stickers de baby shower de ositos;0
baby shower stickers elefante;0
baby shower stickers elephant;0
baby shower elefantes stickers;0
stickers baby shower niña elefante;0
stickers baby shower varon elefante;0
stickers de baby shower elefante;0
baby shower elements stickers;0
stickers baby shower elefante rosa;0
stickers para baby shower de elefantes;0
baby shower stickers printable elephant;0
stickers baby shower girl elefante;0
baby shower stickers for cups;0
baby shower stickers for hampers;0
baby shower stickers for family;0
baby shower stickers for boy;0
baby shower stickers for girl;0
baby shower stickers family;0
baby shower stickers funny;0
baby shower stickers free printable;0
baby shower stickers for drinks;0
baby shower stickers for cookies;0
baby shower stickers green;0
baby shower stickers girl or boy;0
baby shower stickers girl boy;0
baby shower ideas girl stickers;0
stickers baby boy shower gifts;0
baby shower gift stickers;0
stickers baby shower girl osito;0
baby shower stickers printable girl;0
stickers for baby shower gifts;0
baby shower stickers he or she;0
halloween baby shower stickers;0
heaven sent baby shower stickers;0
baby shower hamper stickers;0
baby shower hand sanitizer favors stickers;0
stickers baby shower hercules;0
stickers for baby shower hamper;0
hello kitty baby shower stickers;0
baby shower stickers in hindi;0
baby shower stickers indian;0
baby shower stickers instagram;0
baby shower stickers in spanish;0
baby shower stickers insta;0
baby in bloom baby shower stickers;0
baby in bloom shower ideas stickers;0
stickers de baby shower niño para imprimir;0
blue jean baby shower stickers;0
jungle theme baby shower stickers;0
stickers baby shower jirafa;0
safari jungle baby shower favor stickers tags;0
stickers baby shower jungla;0
baby shower stickers krishna;0
baby shower stickers printable krishna;0
radha krishna baby shower stickers;0
baby shower kisses stickers;0
baby shower stickers printable radha krishna;0
lion king baby shower stickers;0
cielito lindo baby shower stickers;0
stickers baby shower varon leon;0
stickers baby shower rey leon;0
cielito lindo baby shower thank you stickers;0
stickers baby shower leon;0
love bug baby shower stickers;0
locally grown baby shower stickers;0
cielito lindo baby shower theme stickers;0
ralph lauren baby shower stickers;0
stickers baby shower niña lila;0
baby shower stickers mom dad;0
baby shower stickers mom to be;0
baby shower stickers mom;0
baby shower stickers mother;0
mickey mouse baby shower stickers;0
stickers para baby shower mujer osita;0
baby shower stickers printable marathi;0
over the moon baby shower stickers;0
stickers para baby shower mujer;0
baby shower mom stickers printable;0
mi baby shower niña stickers;0
baby shower stickers niña;0
baby shower stickers nail art;0
baby shower stickers neutral;0
baby shower stickers nails;0
conejita baby shower niña stickers;0
baby shower niña decoracion stickers;0
stickers redondos para baby shower niña;0
stickers para baby shower osito niño;0
baby shower stickers on cups;0
baby shower stickers osito;0
stickers de baby shower de oso;0
bun in the oven baby shower stickers;0
stickers para baby shower varon osito;0
baby shower niño stickers oso;0
stickers baby shower osito niño;0
stickers para baby shower de oso;0
baby shower stickers printable free blue;0
baby shower stickers printable pink;0
baby shower stickers purple;0
baby shower stickers plantilla;0
baby shower quotes stickers;0
baby shower stickers radha krishna;0
baby shower stickers round;0
baby shower stickers rainbow;0
baby shower stickers redondo;0
baby shower stickers rectangle;0
stickers baby shower rosa;0
she’s ready to pop baby shower stickers;0
peter rabbit baby shower stickers;0
stickers baby shower revelacion;0
baby shower stickers sonography;0
baby shower stickers sheet;0
baby shower stickers square;0
baby shower stickers scrapbook;0
baby shower stickers stars;0
baby shower stickers thank you;0
baby shower stickers traditional;0
baby shower stickers twins;0
toy story baby shower stickers;0
baby shower themes stickers;0
thank you stickers baby shower blue;0
baby shower mom to be stickers;0
baby shower stickers unique;0
baby shower unisex stickers;0
under the sea baby shower stickers;0
baby shower stickers video;0
stickers baby shower varon safari;0
stickers para baby shower varon vaquero;0
stickers baby shower vaquero;0
stickers para baby shower varon verde;0
stickers para baby shower varon imprimibles;0
stickers baby shower varon vaquero;0
stickers baby shower varon osito;0
baby shower stickers winnie the pooh;0
baby shower stickers with name;0
winnie de pooh baby shower stickers;0
winnie the pooh baby shower stickers printable;0
baby shower cake with stickers;0
we can bearly wait baby shower theme stickers;0
stickers baby shower winnie pooh;0
baby shower cake designs with stickers;0
baby shower nails with stickers;0
baby shower written stickers;0
baby shower niño winnie pooh stickers;0
baby shower stickers yellow;0
thank you stickers baby shower pink;0
stickers baby shower niño y niña;0
winnie the pooh baby shower thank you stickers;0
baby boy shower thank you stickers;0
thank you baby shower stickers printable free;0
diy shower decorations bathroom;0
diy shower decor ideas;0
vintage winnie the pooh shower ideas diy decorations;0
pooh bear baby shower ideas decoration diy;0
bridal shower ideas decorations diy simple;0
bridal shower decor at home diy;0
houston we have a boy baby shower decor diy;0
diy red white and blue baby shower decor;0
diy hot air balloon baby shower decor;0
moon and stars baby shower decor diy;0
black and white bridal shower ideas decor diy;0
diy baby shower balloon decor;0
diy simple baby shower decor;0
diy cloud baby shower decor;0
bee baby shower decor diy;0
boy baby shower diy decor;0
diy baby shower wall decor;0
spring baby shower decor diy;0
diy baby shower decor cricut;0
bridal shower diy decor cute ideas;0
classy bridal shower ideas decor diy;0
her next chapter bridal shower decor diy;0
cowboy baby shower decor diy;0
bridal shower table decor diy centerpiece ideas;0
we can bearly wait baby shower decor diy;0
cute diy baby shower decor;0
easy diy fall baby shower decor ideas;0
easy diy bridal shower decor;0
easy diy baby shower table decor ideas;0
easy diy bridal shower decor outdoor;0
baby shower entrance decor diy;0
easy baby shower decor ideas diy;0
easy diy bridal shower decor table;0
diy baby shower entrance decor ideas;0
diy farmers market baby shower decor;0
diy fall bridal shower decor;0
diy decor for baby shower decoration;0
fall in love bridal shower ideas decor diy;0
diy floral bridal shower decor;0
diy baby shower decor for boy;0
fairy baby shower decor diy;0
fresh off the market bridal shower decor diy;0
diy fishing baby shower decor;0
diy decor for bridal shower party ideas;0
flower baby shower decor diy;0
pink white gold baby shower decor backdrop ideas diy;0
baby girl shower diy decor;0
pampas grass decor baby shower diy;0
diy baby shower decor for girl;0
sage green baby shower decor diy;0
diy woodland baby shower decor girl;0
silly goose baby shower theme decor diy;0
diy girl baby shower table decor;0
diy gender neutral baby shower decor;0
bridal shower mimosa bar littlesizzle | diy party printables | invitations, games & decor;0
diy bridal shower hanging decor ideas;0
diy baby shower home decor;0
here comes the son baby shower decor diy;0
diy baby shower decor ideas homemade;0
hula hoop baby shower decor diy;0
halloween baby shower decor diy;0
winnie the pooh baby shower ideas decor diy;0
diy baby shower decor indian;0
diy mason jar baby shower decor;0
diy jungle theme baby shower decor;0
diy lemon baby shower decor;0
love bug baby shower decor diy;0
lemon bridal shower theme decor diy;0
love is brewing bridal shower decor diy;0
diy little pumpkin baby shower decor;0
mallard duck baby shower decor diy;0
minimal bridal shower decor diy;0
diy mermaid baby shower decor;0
over the moon baby shower decor diy;0
nightmare before christmas baby shower ideas diy decor;0
neutral baby shower diy decor;0
nautical baby shower boy decorations diy decor free printable;0
neutral bridal shower decor diy;0
next chapter bridal shower theme decor diy;0
bridal shower decor ideas diy outdoor;0
diy tea party baby shower decor;0
diy winnie the pooh baby shower decor;0
pumpkin baby shower decor diy;0
diy baby shower plate decor;0
pink bow baby shower theme decor diy;0
pink diy baby shower decor;0
diy christmas decor with shower rod;0
diy boho rainbow baby shower decor;0
diy rustic baby shower decor;0
dollar tree diy baby shower decor;0
bridal shower diy table decor;0
baby shower table decor diy;0
woodland theme baby shower diy decor;0
bridal shower set up decor diy;0
woodland baby shower decor diy;0
western baby shower decor diy;0
diy bridal shower wall decor;0
diy woodland shower decor;0
baby shower crafting ideas;0
baby shower crafting activities;0
crafting baby shower theme;0
baby shower wallpaper backgrounds digital papers;0
baby shower digital paper;0
tiny baby shower theme;0
baby shower theme august;0
baby shower theme animals;0
baby shower theme aari work blouse;0
baby shower theme aesthetic;0
baby shower theme aari work;0
baby shower theme april;0
baby shower theme at home;0
baby shower theme autumn;0
baby shower theme after loss;0
baby shower theme adventure;0
baby shower theme abeille;0
baby shower theme bear;0
baby shower theme books;0
baby shower theme baby in bloom;0
baby shower theme blue;0
baby shower theme boy fall;0
baby shower theme brunch;0
baby shower theme blouse designs;0
baby shower theme butterfly;0
baby shower theme backdrop;0
baby shower theme cake design;0
baby shower theme cake topper printable;0
baby shower theme coffee;0
baby shower theme christmas;0
baby shower theme cake ideas;0
baby shower theme cake design simple;0
baby shower theme cake simple;0
baby shower theme cookies;0
baby shower theme colors;0
baby shower theme cowboy;0
baby shower theme december;0
baby shower theme disney;0
baby shower theme decorations at home;0
baby shower theme duck;0
baby shower theme decorations for girl;0
baby shower theme decorations simple;0
baby shower theme decorations for boys;0
baby shower theme decorations indian;0
baby shower theme dress;0
baby shower theme dinosaurs;0
baby shower theme easy;0
baby shower theme elephant girl;0
baby shower theme enchanted garden;0
baby shower theme elements;0
baby shower theme embroidery;0
baby shower theme espresso;0
baby shower theme earthy;0
baby shower theme envelope;0
baby shower theme emo;0
baby shower theme enchanted forest;0
baby shower theme for boys;0
baby shower theme fall;0
baby shower theme food;0
baby shower theme for a boy;0
baby shower theme for fall;0
baby shower theme for second baby;0
baby shower theme for november;0
baby shower theme for september;0
baby shower theme for october;0
baby shower theme fall girl;0
baby shower theme gender neutral;0
baby shower theme girl ideas;0
baby shower theme girl fall;0
baby shower theme girl october;0
baby shower theme goose;0
baby shower theme girl september;0
baby shower theme girl summer;0
baby shower theme green;0
baby shower theme games;0
baby shower theme girl february;0
baby shower theme girl winter;0
baby shower theme halloween;0
baby shower theme housie tickets;0
baby shower theme here comes the son;0
baby shower theme honey;0
baby shower theme heaven sent;0
baby shower theme hot air balloon;0
baby shower theme harry potter;0
baby shower theme horse;0
baby shower theme hunting;0
baby shower theme hello kitty;0
baby shower theme heaven;0
baby shower theme henna designs;0
baby shower theme ideas girl;0
baby shower theme ideas for boys;0
baby shower theme ideas neutral;0
baby shower theme ideas for a girl;0
baby shower theme ideas fall;0
baby shower theme indian;0
baby shower theme ideas winter;0
baby shower theme invitations;0
baby shower theme ideas boys;0
baby shower theme italian;0
baby shower theme january;0
baby shower theme july;0
baby shower theme january girl;0
baby shower theme jaune;0
baby shower theme jungle safari;0
baby shower theme june boy;0
baby shower theme jesus;0
baby shower theme jean;0
jungle theme baby shower ideas for boys;0
blue jean baby shower theme backdrop;0
baby shower theme krishna;0
baby shower theme kitty;0
baby shower theme koala;0
baby shower decorations indian krishna theme;0
krishna yashoda baby shower theme;0
baby shower decorations krishna radha theme;0
baby shower decoration on krishna theme;0
baby shower theme lemon;0
baby shower theme locally grown;0
baby shower theme love bug;0
baby shower theme looney tunes;0
baby shower theme list;0
baby shower theme ladybug;0
baby shower theme lion king;0
baby shower theme little cutie;0
baby shower theme library;0
baby shower theme last baby;0
baby shower theme lamb;0
baby shower theme little sprout;0
baby shower theme mehandi;0
baby shower theme mehandi designs;0
baby shower theme march;0
baby shower theme mood board;0
baby shower theme may;0
baby shower theme mexican;0
baby shower theme mushroom;0
baby shower theme moon;0
baby shower theme maggam work;0
baby shower theme mother goose;0
baby shower theme moon and stars;0
baby shower theme neutral;0
baby shower theme november;0
baby shower theme names;0
baby shower theme no gender;0
baby shower theme nature;0
baby shower theme neutral colors;0
baby shower thème nounours;0
baby shower thème noël;0
baby shower theme nails;0
baby shower theme new chapter;0
baby shower theme november girl;0
baby shower theme october;0
baby shower theme outfits;0
baby shower theme ocean;0
baby shower theme over the moon;0
baby shower theme orange;0
baby shower theme outdoor;0
baby shower theme ourson;0
baby shower theme october girl;0
baby shower theme oie;0
baby shower theme once upon a time;0
baby shower theme our next chapter;0
baby shower theme outside;0
baby shower theme pink;0
baby shower theme pizza;0
baby shower theme purple;0
baby shower theme pumpkin;0
baby shower theme printable topper;0
baby shower theme peter rabbit;0
baby shower theme pastel;0
baby shower theme princess;0
baby shower theme picnic;0
baby shower theme plants;0
baby shower theme pop;0
baby shower theme quotes;0
baby shower queen theme;0
rose quartz baby shower theme;0
baby q shower theme ideas;0
baby-q shower theme;0
baby q baby shower theme girl;0
quirky baby shower theme;0
baby shower quilt theme;0
baby que shower theme;0
drag queen baby shower theme;0
creative baby q shower theme ideas;0
quilted baby shower theme;0
baby shower theme ready to pop;0
baby shower theme ralph lauren;0
baby shower theme red;0
baby shower theme rainbow;0
baby shower theme radha krishna;0
baby shower theme rabbit;0
baby shower theme rustic;0
baby shower theme rangoli;0
baby shower theme rose;0
baby shower theme renard;0
baby shower theme rubber ducky;0
baby shower theme race car;0
baby shower theme summer;0
baby shower theme september;0
baby shower theme simple;0
baby shower theme sea;0
baby shower theme spring;0
baby shower theme silly goose;0
baby shower theme strawberry;0
baby shower theme stickers;0
baby shower theme safari;0
baby shower theme sunshine;0
baby shower theme storybook;0
baby shower theme summer girl;0
baby shower theme treats;0
baby shower theme twins;0
baby shower theme traditional;0
baby shower theme topper;0
baby shower theme teddy bear;0
baby shower theme topper printable;0
baby shower theme tea party;0
baby shower theme travel;0
baby shower theme toy story;0
baby shower theme tambola;0
baby shower theme template;0
baby shower theme unique;0
baby shower theme under the sea;0
baby shower theme unknown gender;0
baby shower theme up;0
baby shower theme unique boy;0
baby shower theme up up and away;0
baby boy shower under the sea theme;0
baby shower for boys theme unique;0
unique whimsical baby shower theme ideas;0
up baby shower theme disney food;0
baby shower theme cake unique;0
baby shower gift ideas up theme;0
baby shower theme vintage;0
baby shower theme valentines day;0
baby shower theme valentines;0
baby shower thème voyage;0
baby shower theme video;0
baby shower theme vert;0
baby shower theme vichy;0
baby shower theme vision board;0
baby shower theme vans;0
baby shower theme vintage girl;0
baby shower theme violet;0
baby shower theme video game;0
49ers baby shower theme;0
90s theme baby shower outfit;0
baby shower decorations balloons;0
baby shower decorations bear;0
baby shower decorations blue;0
baby shower decorations boy ideas;0
baby shower decorations clothesline;0
baby shower decorations dollar tree;0
baby shower decorations elephants;0
baby shower decorations flowers;0
baby shower decorations for a boy;0
baby shower decorations for boys;0
baby shower decorations for girl;0
baby shower decorations for home;0
baby shower decorations for table;0
baby shower decorations for twins;0
baby shower decorations gender neutral;0
baby shower decorations girl ideas;0
baby shower decorations green;0
baby shower decorations ideas;0
baby shower decorations neutral;0
baby shower dragon ball z theme;0
baby shower table decorations;0
baby shower wall decorations;0
cheap baby shower decorations;0
pink baby shower decorations;0
4th of july baby shower decorations;0
90s baby shower decorations;0
baby q baby shower decorations;0
baby que shower decorations;0
baby shower decorations indian style;0
baby shower decorations jungle theme;0
baby shower decorations kit;0
baby shower decorations lilac;0
baby shower decorations list;0
baby shower decorations neutral colors;0
baby shower decorations outdoor;0
baby shower decorations pastel;0
baby shower decorations pictures;0
baby shower decorations pink;0
baby shower decorations plates;0
baby shower decorations purple;0
baby shower decorations safari;0
baby shower decorations table;0
baby shower decorations theme;0
baby shower decorations twins;0
baby shower decorations using baby items;0
baby shower decorations using diapers;0
baby shower decorations winnie the pooh;0
baby shower decorations without balloons;0
baby shower decorations yellow and white;0
baby shower party decorations;0
baby shower party favor ideas;0
baby shower party games;0
do it yourself baby shower decorations;0
dragon ball z baby shower decorations;0
john deere baby shower decorations;0
jordan baby shower decorations;0
quick baby shower decorations;0
virtual baby shower decorations;0
yellow baby shower table decorations;0
zero waste baby shower decorations;0
zoo baby shower decorations;0
baby shower kitty party;0
baby shower party bags;0
baby shower party bags for guests;0
baby shower party checklist;0
baby shower party dress;0
baby shower party essentials;0
baby shower party favor sign;0
baby shower party favors boy;0
baby shower party gifts;0
baby shower party girl;0
baby shower party hats;0
baby shower party ideas boy;0
baby shower party ideas girl;0
baby shower party junge;0
baby shower party kit;0
baby shower party must haves;0
baby shower party packs;0
baby shower party photo booth props;0
baby shower party photos;0
baby shower party pictures;0
baby shower party props;0
baby shower party rentals;0
baby shower party supplies;0
baby shower party supplies list;0
baby shower party theme ideas;0
tea party baby shower ideas;0
baby shower theme winter;0
baby shower theme winnie the pooh;0
baby shower theme woodland;0
baby shower theme wildflower;0
baby shower theme western;0
baby shower theme white;0
baby shower theme whimsical;0
baby shower theme we can bearly wait;0
baby shower theme with bows;0
baby shower theme winter girl;0
baby shower theme wallpaper;0
baby shower theme wax sachet;0
xo baby shower theme;0
xmas baby shower theme decorations;0
baby shower theme yellow;0
baby shower theme you are my sunshine;0
baby shower theme yellow and blue;0
baby shower theme yellow and green;0
baby shower theme yellow and pink;0
baby shower theme yellow and white;0
baby shower yellow theme ideas;0
sea you soon baby shower theme cupcakes;0
baby shower yellow blue theme;0
zoo theme baby shower nails;0
zodiac sign baby shower theme;0
baby shower boy zoo theme;0
zoo theme baby shower favors;0
zoo theme baby shower cookies;0
dragon ball z baby shower theme invitations;0
007 baby shower theme;0
formula 1 baby shower theme;0
baby shower theme cake 1 kg;0
#1 draft pick baby shower theme;0
1920s baby shower theme;0
ben 10 baby shower theme;0
1st baby shower theme;0
101 dalmatian baby shower theme;0
abc 123 baby shower theme;0
11:11 baby shower theme;0
7/11 baby shower theme;0
18 wheeler baby shower theme;0
baby shower theme cake 1kg;0
round 2 baby shower theme;0
tea for 2 baby shower theme;0
baby shower theme cake 2 tier;0
chapter 2 baby shower theme;0
baby shower theme for baby number 2;0
2 scoops baby shower theme;0
baby number 2 baby shower theme;0
baby #2 shower theme;0
baby shower theme 2026;0
baby shower theme 2026 girl;0
baby shower theme 2nd baby;0
baby shower theme 2026 boy;0
baby shower theme 2 tier cake;0
baby shower theme for 2026;0
baby shower theme trends 2025;0
baby shower theme for 2nd boy;0
baby shower 2000s theme;0
baby shower girl theme ideas 2026;0
baby shower theme ideas 2025;0
3 peas in a pod baby shower theme;0
baby number 3 shower theme;0
baby shower theme cake 3 kg;0
player 3 baby shower theme;0
baby shower theme 3rd baby;0
3rd times a charm baby shower theme;0
baby shower theme for 3rd baby;0
3rd baby shower theme ideas;0
july 4 baby shower theme;0
sims 4 baby shower theme;0
she’s ready to pop baby shower theme 4th of july;0
40s baby shower theme;0
baby shower theme for 4th baby;0
party of 5 baby shower theme;0
50s baby shower theme;0
50s diner baby shower theme;0
50s theme baby shower ideas;0
60’s baby shower theme;0
route 66 baby shower theme;0
lucky 7 baby shower theme;0
70s theme baby shower cake;0
70s theme baby shower cookies;0
70’s baby shower theme;0
baby shower 70s theme;0
70s theme baby shower outfit;0
el chavo del 8 baby shower theme;0
80s baby shower theme;0
cloud 9 baby shower theme balloon arch;0
cloud 9 baby shower theme dessert;0
baby shower theme cloud 9;0
cloud 9 baby shower theme cake;0
baby shower theme on cloud 9;0
cloud 9 baby shower theme treats;0
baby shower theme 90s;0
90s theme baby shower ideas;0
90s cartoon baby shower theme;0
baby shower decorations simple;0
baby shower decorations indian at home;0
baby shower decorations backdrop;0
baby shower for boys decorations;0
baby shower decorations aesthetic;0
baby shower decorations at home ideas;0
baby shower decorations at home indian;0
baby shower decorations at home simple;0
baby shower decorations arch;0
baby shower decorations at restaurant;0
baby shower decorations at home diy;0
baby shower decorations animals;0
baby shower decorations at terrace;0
baby shower decorations at home flower;0
baby shower decorations at hall;0
baby shower decorations background;0
baby shower decorations blue and pink;0
baby shower decorations butterfly;0
baby shower decorations brown;0
baby shower decorations banana leaf;0
baby shower decorations centerpieces;0
baby shower decorations cake;0
baby shower decorations checklist;0
baby shower decorations circle arch;0
baby shower decorations cutouts;0
baby shower decorations christmas;0
baby shower decorations colorful;0
baby shower decorations cricut;0
baby shower decorations clothes;0
baby shower decorations cowboy;0
baby shower decorations classy;0
baby shower decorations diy craft ideas;0
baby shower decorations dinosaur;0
baby shower decorations drawing;0
baby shower decorations ducks;0
baby shower decorations dinosaur theme;0
baby shower decorations dessert table;0
baby shower decorations design;0
baby shower decorations disney;0
baby shower decorations diy girl;0
baby shower decorations diy boy;0
baby shower decorations easy;0
baby shower decorations elephant theme;0
baby shower decorations entry gate;0
baby shower decorations entrance;0
baby shower decorations elegant;0
baby shower decorations easy at home;0
baby shower decorations entry;0
baby shower decorations event;0
baby shower decorations eco friendly;0
baby shower decorations easter;0
baby shower decorations floral;0
baby shower decorations fall;0
baby shower decorations for boys simple;0
baby shower decorations for boys themes;0
baby shower decorations flower theme;0
baby shower decorations girl simple;0
baby shower decorations girl table;0
baby shower decorations girl diy;0
baby shower decorations gujarati;0
baby shower decorations green and pink;0
baby shower decorations gender reveal;0
baby shower decorations girl floral;0
baby shower decorations goose;0
baby shower decorations home;0
baby shower decorations hanuman theme;0
baby shower decorations hall;0
baby shower decorations home indian;0
baby shower decorations homemade;0
baby shower decorations home simple;0
baby shower decorations handmade;0
baby shower decorations hamper;0
baby shower decorations halloween;0
baby shower decorations hello kitty;0
baby shower decorations hot air balloon;0
baby shower decorations honey bee theme;0
baby shower decorations ideas at home;0
baby shower decorations ideas indian;0
baby shower decorations in home;0
baby shower decorations indoor;0
baby shower decorations indian aesthetic;0
baby shower decorations ideas simple;0
baby shower decorations indian simple;0
baby shower decorations in banquet hall;0
baby shower decorations jungle;0
baby shower decorations jardin;0
baby shower decorations january;0
blue jean baby shower theme decorations;0
blue jean baby shower theme boy decorations;0
blue jean baby shower table decorations;0
baby shower jungle table decorations;0
baby shower decorations krishna theme;0
baby shower decorations krishna;0
baby shower decorations kanha theme;0
baby shower decorations karnataka;0
baby shower decorations kerala;0
baby shower decorations krishna radha;0
baby shower decorations kolam;0
kerala style baby shower decorations;0
kitchen island baby shower decorations;0
baby shower decorations latest;0
baby shower decorations luxury;0
baby shower decorations low budget;0
baby shower decorations lavender;0
baby shower decorations lemon;0
baby shower decorations lights;0
baby shower decorations lion king;0
baby shower decorations leaves;0
baby shower decorations living room;0
baby shower decorations locally grown;0
baby shower decorations murugar;0
baby shower decorations maharashtrian;0
baby shower decorations murugar theme;0
baby shower decorations marathi;0
baby shower decorations minimal;0
baby shower decorations marathi style;0
baby shower decorations maa theme;0
baby shower decorations minimalist;0
baby shower decorations muslim;0
baby shower decorations modern;0
baby shower decorations maa;0
baby shower decorations no balloons;0
baby shower decorations new;0
baby shower decorations new ideas;0
baby shower decorations neutral classy;0
baby shower decorations normal;0
baby shower decorations nadachadi;0
baby shower decorations niña;0
baby shower decorations night;0
baby shower decorations nature;0
baby shower decorations neutral boy;0
baby shower decorations outside;0
baby shower decorations on a budget;0
baby shower decorations on stage;0
baby shower decorations office;0
baby shower decorations orange;0
baby shower decorations ourson;0
baby shower decorations onesies;0
baby shower decorations on wall;0
baby shower decorations outdoor indian;0
baby shower decorations on swing;0
baby shower decorations oh baby;0
baby shower decorations pink and blue;0
baby shower decorations photos;0
baby shower decorations printable;0
baby shower decorations pink bows;0
baby shower decorations pink blue;0
baby shower decorations purple theme;0
baby shower decorations props;0
baby shower decorations quotes;0
quick and easy baby shower decorations;0
baby q shower ideas decorations backyard bbq;0
baby q shower table decorations;0
baby shower quotes for decorations;0
baby q shower ideas decorations;0
baby-q shower decorations;0
baby shower decorations rukhvat;0
baby shower decorations radha krishna;0
baby shower decorations round ring;0
baby shower decorations ring;0
baby shower decorations restaurant;0
baby shower decorations red;0
baby shower decorations room;0
baby shower decorations real flower;0
baby shower decorations rooftop;0
baby shower decorations ribbon;0
baby shower decorations red and pink;0
baby shower decorations ralph lauren;0
baby shower decorations simple at home;0
baby shower decorations south indian;0
baby shower decorations simple ideas;0
baby shower decorations stage;0
baby shower decorations sage green;0
baby shower decorations simple indian;0
baby shower decorations shreenathji;0
baby shower decorations spring;0
baby shower decorations strawberry;0
baby shower decorations table settings;0
baby shower decorations teddy bears;0
baby shower decorations tamil;0
baby shower decorations tamilnadu;0
baby shower decorations theme ideas;0
baby shower decorations trending;0
baby shower decorations tray;0
baby shower decorations unique;0
baby shower decorations unisex decor;0
baby shower decorations unique ideas;0
baby shower decorations ultrasound;0
baby shower decorations usa;0
baby shower decorations under the sea;0
baby shower decorations using baby shoes;0
baby shower decorations under budget;0
baby shower decorations using bangles;0
baby shower decorations using books;0
baby shower decorations video;0
baby shower decorations vintage;0
baby shower decorations videos indian;0
baby shower decorations valentines;0
baby shower decorations very simple;0
baby shower decorations violet;0
baby shower decorations vitthal rukmini;0
baby shower decorations vaquero;0
baby shower decorations vitthal;0
vintage storybook baby shower decorations;0
vintage tea party baby shower decorations;0
baby shower decorations with flowers;0
baby shower decorations with balloons;0
baby shower decorations with murugar;0
baby shower decorations western;0
baby shower decorations winter;0
baby shower decorations white;0
baby shower decorations with bangles;0
baby shower decorations with swing;0
baby shower decorations wall;0
baby shower decorations woodland theme;0
baby shower decorations yellow;0
baby shower decorations yellow and pink;0
baby shower decorations yellow and green;0
baby shower decorations yashoda krishna;0
baby shower decorations yellow theme;0
baby shower decorations yellow and blue;0
simple baby shower decorations yellow;0
baby shower decorations girl yellow;0
yellow and brown baby shower decorations;0
baby shower decorations with zula;0
baby shower decorations indian zula;0
zoo baby shower ideas decorations;0
baby shower zoo theme decorations;0
zoo animal baby shower table decorations;0
100 acre woods baby shower decorations;0
baby shower decorations 2026;0
baby shower decorations girl 2025;0
2nd baby shower decorations;0
baby shower theme decorations 2025;0
5th month baby shower decorations at home;0
5th month baby shower decorations ideas;0
cloud 9 baby shower theme decorations;0
baby shower party favors for guests;0
baby shower party outfit;0
baby shower party food;0
sprinkle baby shower ideas party themes;0
whimsical garden party baby shower ideas;0
cherry on top baby shower theme party favors;0
finger foods appetizers appetizer party baby shower;0
baby shower party aesthetic;0
baby shower party at home;0
baby shower party activities;0
baby shower party at work;0
baby shower party accessories;0
baby shower party at night;0
baby shower party animals;0
baby shower party activity;0
baby shower party arch;0
baby shower party boy;0
baby shower party bags gift ideas;0
baby shower party boy ideas;0
baby shower party banner;0
baby shower party backdrop;0
baby shower party background;0
baby shower party bild;0
baby shower party boy outfit;0
baby shower party blue;0
baby shower thank you gifts for guests boys party favors;0
baby shower party cake;0
baby shower party clothes;0
baby shower party cards;0
baby shower party captions;0
baby shower party crafts;0
baby shower party centerpieces;0
baby shower party couple;0
baby shower party candy bar;0
baby shower party coed;0
baby shower party cupcakes;0
baby shower party dress for guest;0
baby shower party decor ideas;0
baby shower party decorations diy;0
baby shower party decorations ideas;0
baby shower party decorations simple;0
baby shower party decorations girl;0
baby shower party dress ideas;0
baby shower party essen;0
baby shower party evde;0
baby shower party einladung;0
baby shower party event;0
baby shower party elements;0
english garden party baby shower ideas;0
elephant baby shower party favor;0
pink elephant baby shower theme decoration party ideas;0
baby shower exterior party ideas;0
garden party co ed baby shower themes;0
baby shower party favor ideas boy;0
baby shower party food ideas;0
baby shower party favors for men;0
baby shower party favors boy bear;0
baby shower party favors fall;0
baby shower party gifts for guests;0
baby shower party game prizes;0
baby shower party games ideas;0
baby shower party guest outfit;0
baby shower party gift ideas;0
baby shower party games funny;0
baby shower party geschenk;0
baby shower party gifts for games;0
baby shower party geschenk ideen;0
baby shower party hall decoration;0
baby shower party hairstyles;0
baby shower party home;0
baby shower honey party favors;0
fun baby shower games big dot of happiness | party decorations;0
hermoso cariño baby shower party favors;0
high tea baby shower ideas decoration party favors;0
how to organize a baby shower party;0
baby shower party decoration hot air balloon;0
hello kitty baby shower party favors;0
baby shower party ideas decoration;0
baby shower party invitations;0
baby shower party invite;0
baby shower party ideas at home;0
baby shower party instagram story;0
baby shower party ideas games;0
baby shower party ideas food;0
baby shower party ideas simple;0
baby shower party ideas theme;0
juegos baby shower mixto party ideas;0
4th of july baby shower party favors;0
jack and jill baby shower party favors;0
jelly bean party favors baby shower ideas;0
baby shower jungle theme party favors;0
mason jar party favors baby shower boys;0
baby shower party favors in a jar;0
baby boy shower ideas themes jungle safari party favors;0
blue jean baby shower party favor;0
baby shower party kuchen;0
baby shower party kekse;0
baby shower party karte;0
korean baby shower party;0
baby shower koozies party favors;0
baby shower party favor for kids;0
baby shower cat theme kitty party;0
baby shower party favors kisses;0
baby shower party list;0
baby shower party list of things needed;0
baby shower party layout;0
baby shower party look;0
baby shower party list to do;0
baby shower party list to buy;0
baby shower party luxury;0
twinkle twinkle little star baby shower party;0
baby shower party favors twinkle twinkle little star;0
cielito lindo baby shower theme girl party favors;0
baby shower buffet table layout party ideas;0
baby shower party muffins;0
baby shower party makeup;0
baby shower party mehendi;0
moon and stars baby shower party favor ideas;0
tea party baby shower mood board;0
cookie monster baby shower party favors;0
baby shower party favors message;0
mushroom baby shower party favors;0
baby shower party needs list;0
baby shower party night;0
baby shower party nails;0
baby shower party needs;0
finding nemo baby shower party favors;0
tea party baby shower nails;0
cloud nine baby shower party favors;0
what do you need for a baby shower party;0
nike baby shower theme party favors;0
tea party baby shower gender neutral;0
baby shower party outfit for guest;0
baby shower party outfits guests;0
baby shower party outfit ideas;0
baby shower party outfit for guest women;0
baby shower party outfits for mom;0
baby shower party outfit men;0
baby shower party outside;0
baby shower party outfit winter;0
baby shower party outdoor;0
baby shower party prizes;0
baby shower party photoshoot;0
baby shower party photography;0
baby shower party punch;0
baby shower party planning;0
baby shower party quotes;0
baby b q shower bbq party;0
baby q shower party favors;0
tea party baby shower quotes;0
baby shower party reminder message;0
baby shower party room;0
baby shower party room set up;0
baby shower party return gifts;0
baby shower party room decor;0
baby shower party reel;0
baby shower gender reveal decorations party themes;0
ribbon for baby shower party favors;0
gender reveal baby shower party;0
little ray of sunshine baby shower party favors;0
baby shower party snacks;0
baby shower party snap;0
baby shower party signs;0
baby shower party set up ideas;0
baby shower party set up;0
baby shower party simple;0
baby shower party themes for boys;0
baby shower party themes girl;0
baby shower party table;0
baby shower party themes summer;0
baby shower party treats;0
baby shower party themes neutral;0
baby shower party wear;0
baby shower setup for boy;0
useful baby shower party favors;0
virtual baby shower party favors;0
baby shower party ideas indian;0
baby shower decoration ideas boy;0
baby shower decoration ideas for a boy;0
baby shower decoration ideas for girl;0
baby shower decoration ideas for twins;0
baby shower decoration ideas girl;0
baby shower gender reveal party ideas;0
baby shower gift table decoration ideas;0
baby shower girl party favor ideas;0
baby shower party gifts ideas;0
heaven sent baby shower decoration ideas;0
indian baby shower decoration ideas at home;0
vintage tea party baby shower ideas;0
baby shower party torte;0
baby shower party themes boy;0
baby shower party table set up;0
baby shower party favor set up;0
once upon a time baby shower party favors;0
baby shower party favors under the sea;0
baby shower unisex party favors;0
unique baby shower themes creative party;0
unique baby shower party;0
unique party favors for a baby shower boy;0
ugly christmas sweater baby shower party;0
unique winnie the pooh baby shower party favor ideas;0
baby shower party video;0
vans baby shower party favors;0
tea party baby shower vintage;0
vintage tea party baby shower boy;0
valentines themed baby shower party favor;0
vintage garden party baby shower ideas;0
victorian tea party baby shower ideas;0
baby shower party with friends;0
baby shower party wear saree;0
baby shower party with people;0
baby shower party wear ideas;0
baby shower party welcome sign;0
baby shower party winter;0
woodland baby shower theme party favor;0
woodland theme baby shower party favors;0
whimsical tea party baby shower ideas;0
baby shower party yellow;0
sea you soon baby shower party favor;0
yea party baby shower cake;0
thank you cards for baby shower gifts party favors;0
yea party baby shower outfits;0
yea party baby shower sign;0
yogurt parfait bar baby shower brunch party;0
yea party baby shower cookies;0
yea party baby shower backdrop;0
sims 4 baby shower party cc;0
sims 4 baby shower party;0
50 best baby shower party foods;0
cloud 9 baby shower party favors;0
cloud 9 baby shower theme party favors;0
90s baby shower party favors;0
90s baby shower theme party ideas;0
baby shower setup ideas;0
baby shower setup at home;0
baby shower setups;0
baby shower setup living rooms;0
baby shower setup table;0
baby shower setup outdoor;0
baby shower setup boy;0
baby shower setup girl;0
baby shower setup ideas food tables;0
baby shower setup simple;0
baby shower setup indian;0
baby shower setup without balloons;0
baby shower park setup;0
baby shower plate setup;0
baby shower table decor setup;0
baby shower drinks setup;0
baby shower new setup;0
baby shower onesie station setup;0
baby shower decor setup;0
baby shower food setup ideas;0
backyard baby shower setup on a budget;0
at home baby shower setup indoor;0
airplane baby shower setup;0
baby shower arch setup;0
at home baby shower food setup;0
baby shower activity setup;0
baby shower gift area setup;0
baby shower cake and cupcake setup;0
princess and the frog baby shower setup;0
baby shower at park setup;0
baby shower activity table setup;0
baby shower setup blue;0
baby shower setup checklist;0
baby shower setup cake;0
cute baby shower setup;0
baby shower coffee bar setup;0
we can bearly wait baby shower setup;0
cowboy baby shower setup;0
simple baby shower cake setup;0
cielito lindo baby shower setup;0
baby shower chocolate setup;0
here comes the son baby shower setup;0
baby shower catering setup;0
baby shower setup decor;0
baby shower decorations table setup;0
baby shower food setup display;0
baby shower back drop setup;0
baby shower diy setup;0
blue baby shower dessert table setup;0
baby shower dessert setup;0
baby shower doll setup;0
baby shower decorations setup;0
baby shower dessert table setup ideas;0
baby shower entrance table setup;0
easy baby shower setup;0
baby shower event setup;0
baby shower setup food;0
floral baby shower table setup;0
backyard baby shower setup fall;0
baby shower favors setup;0
floral baby shower setup;0
baby shower fruit setup;0
baby shower brunch food setup;0
table setup for baby shower girl;0
baby shower setup green;0
baby shower setup ideas girl;0
baby shower gift table setup;0
baby shower guest table setup;0
baby shower game setup;0
gender-neutral baby shower setup ideas;0
locally grown baby shower setup;0
backyard baby shower setup girl;0
garden baby shower table setup;0
baby shower gift setup;0
hello kitty baby shower setup;0
home baby shower setup;0
in home baby shower setup;0
here comes the son baby shower table setup;0
baby shower hospital setup;0
baby shower setup indoor;0
outdoor baby shower setup ideas;0
baby shower island setup;0
baby on board baby shower table setup ideas;0
blue jean baby shower table setup;0
ralph lauren baby shower setup;0
luxury baby shower setup;0
long table baby shower setup;0
locally grown baby shower table setup;0
baby shower lunch setup;0
ralph lauren baby shower table setup;0
baby shower mini setup;0
minimalist baby shower setup ideas;0
minimal baby shower setup;0
minimalist baby shower setup;0
modern baby shower setup ideas;0
unique modern baby shower table setup ideas;0
baby shower farmers market setup;0
neutral baby shower table setup;0
neutral baby shower setup;0
baby shower setup outside;0
oh boy baby shower table setup ideas;0
ideas for outdoor baby shower table setup;0
outdoor fall baby shower setup ideas;0
baby shower gift opening setup;0
baby shower onesie decorating station setup;0
baby shower food table outdoor setup ideas;0
baby shower setup pink;0
pink bow baby shower table setup;0
winnie the pooh baby shower ideas table setup;0
simple baby shower picnic setup;0
pink and white baby shower table setup;0
winnie the pooh baby shower table setup;0
backyard baby shower party setup;0
winnie the pooh baby shower backdrop setup;0
baby shower setup restaurant;0
round table baby shower setup;0
baby shower room setup;0
backyard baby shower setup rustic;0
peter rabbit baby shower setup;0
baby shower setup traditional;0
baby shower tent setup;0
baby shower table setup boy;0
baby shower buffet table setup;0
unique baby shower gift table setup ideas;0
baby shower setup video;0
baby shower venue setup;0
work baby shower setup;0
woodland baby shower setup;0
winnie the pooh baby shower setup;0
baby shower table setup with onesies;0
baby shower welcome sign setup;0
baby shower styling ideas;0
baby shower saree styling;0
baby shower dupatta styling;0
simple baby shower styling;0
baby shower buffet styling;0
baby shower food styling;0
baby shower outfit styling;0
baby shower food table styling;0
baby shower gift styling;0
baby shower dessert table styling;0
baby shower hair styling;0
baby shower aesthetic ideas;0
baby shower aesthetic girl;0
baby shower aesthetic decor;0
baby shower aesthetic boy;0
baby shower aesthetic photos;0
baby shower aesthetics;0
baby shower aesthetic cake;0
baby shower aesthetic outfit;0
baby shower aesthetic wallpaper;0
baby shower aesthetic invitation;0
baby shower aesthetic decorations;0
baby shower aesthetic background;0
aesthetic girl baby shower ideas;0
aesthetic indian baby shower decor;0
aesthetic baby shower outfits guest;0
baby shower niño decoracion aesthetic;0
decoración de baby shower aesthetic;0
backyard baby shower aesthetic;0
baby shower aesthetic decoracion;0
aesthetic baby shower at home;0
centro de mesa baby shower niña aesthetic;0
baby shower invite aesthetic;0
baby shower aesthetic at home;0
baby shower aesthetic art;0
baby shower aesthetic amigas;0
baby shower aesthetic boy blue;0
baby shower aesthetic boy green;0
baby shower aesthetic black people;0
baby shower aesthetic brunch;0
baby shower aesthetic backdrop;0
baby shower aesthetic boy and girl;0
baby shower aesthetic blue;0
baby shower aesthetic beige;0
baby shower aesthetic brown;0
baby shower aesthetic beach;0
baby shower aesthetic couple;0
baby shower aesthetic captions;0
baby shower aesthetic couple poses;0
baby shower aesthetic cake designs;0
baby shower aesthetic colorful;0
baby shower aesthetic cake ideas;0
baby shower aesthetic collage;0
baby shower aesthetic cards;0
baby shower aesthetic cookies;0
aesthetic baby shower girl cake;0
baby shower aesthetic drawing;0
baby shower aesthetic design;0
baby shower aesthetic dress;0
baby shower aesthetic diy;0
baby shower aesthetic details;0
baby shower aesthetic dark;0
baby shower aesthetic decor ideas;0
baby shower aesthetic drinks;0
baby shower aesthetic event;0
outfits para ir a un baby shower de dia en invierno aesthetic;0
eculyptus baby shower aesthetic;0
earthy baby shower aesthetic;0
baby shower emoji aesthetic;0
baby shower aesthetic friends;0
baby shower aesthetic fall;0
baby shower aesthetic food;0
baby shower aesthetic flat lays videos;0
baby shower aesthetic for boy;0
baby shower aesthetic family;0
baby shower aesthetic floral;0
baby shower aesthetic flowers;0
baby shower for girl aesthetic;0
baby shower outfit for guest aesthetic;0
baby shower invites for girl aesthetic;0
fall baby shower dress aesthetic;0
baby shower aesthetic gifts;0
baby shower aesthetic games;0
baby shower aesthetic gender neutral;0
baby shower aesthetic girl ideas;0
baby shower aesthetic garden;0
baby shower aesthetic girl cake;0
baby shower aesthetic guests;0
baby shower girl decoracion aesthetic;0
baby shower green aesthetic;0
hello kitty baby shower aesthetic;0
halloween baby shower aesthetic;0
baby shower haul aesthetic;0
baby shower hamper aesthetic;0
here comes the son baby shower aesthetic;0
heaven sent baby shower aesthetic;0
baby shower henna aesthetic;0
home baby shower aesthetic;0
baby shower aesthetic indian;0
baby shower aesthetic ideas decoration;0
baby shower aesthetic invite;0
baby shower aesthetic instagram story;0
baby shower aesthetic indoor;0
baby shower aesthetic instagram;0
baby shower aesthetic images;0
baby shower aesthetic icons;0
january baby shower aesthetic;0
blue jean baby shower aesthetic;0
jungle baby shower aesthetic;0
juegos para baby shower aesthetic;0
baby shower aesthetic look;0
baby shower aesthetic luxury;0
ladybug baby shower aesthetic;0
ladybug baby shower theme aesthetic;0
lemon baby shower aesthetic;0
baby shower lunch aesthetic;0
love bug baby shower aesthetic;0
locally grown baby shower aesthetic;0
baby shower aesthetic mehendi;0
baby shower aesthetic minimal;0
baby shower aesthetic mom;0
baby shower aesthetic mesa;0
centro de mesa baby shower aesthetic;0
baby shower mehendi designs aesthetic;0
my baby shower aesthetic;0
baby shower mother aesthetic;0
over the moon baby shower aesthetic;0
baby shower mujer aesthetic;0
baby shower aesthetic neutral;0
baby shower aesthetic niña;0
baby shower aesthetic nails;0
baby shower niño aesthetic;0
decoración aesthetic baby shower niña;0
invitación baby shower niña aesthetic;0
invitaciones baby shower niño aesthetic;0
recuerdos de baby shower niña aesthetic;0
pastel de baby shower niña aesthetic;0
baby shower aesthetic outside;0
baby shower aesthetic outdoor;0
outfits para baby shower aesthetic;0
casual baby shower outfit aesthetic;0
outfits aesthetic para baby shower invitada;0
winter baby shower outfit aesthetic;0
baby shower outfit aesthetic guest;0
outfit para baby shower pareja aesthetic;0
aesthetic baby shower decor outdoor;0
baby shower aesthetic photo shoot;0
baby shower aesthetic pink;0
baby shower aesthetic party;0
baby shower aesthetic poses;0
baby shower aesthetic pictures;0
baby shower aesthetic photography;0
baby shower aesthetic photo ideas;0
baby shower aesthetic pastel;0
aesthetic baby shower photo;0
aesthetic baby shower poster;0
baby shower aesthetic quotes;0
baby q shower aesthetic;0
baby shower aesthetic red;0
baby shower aesthetic rich;0
baby shower aesthetic rosa;0
regalos baby shower aesthetic;0
peter rabbit baby shower aesthetic;0
recuerdos para baby shower aesthetic;0
recuerdos baby shower aesthetic;0
rainbow baby shower aesthetic;0
recuerdos de baby shower aesthetic;0
regalos para baby shower aesthetic;0
baby shower gender reveal aesthetic;0
baby shower aesthetic stickers;0
baby shower aesthetic simple;0
baby shower aesthetic story;0
baby shower aesthetic sencillo;0
baby shower aesthetic snap;0
baby shower aesthetic summer;0
baby shower aesthetic spring;0
baby shower aesthetic stories;0
baby shower aesthetic shoot;0
baby shower aesthetic sign;0
baby shower aesthetic theme;0
baby shower aesthetic twins;0
baby shower aesthetic table;0
baby shower aesthetic template;0
boy baby shower themes aesthetic;0
woodland baby shower theme aesthetic;0
baby shower theme ideas aesthetic;0
baby shower invitation template aesthetic;0
toy story baby shower aesthetic;0
tarjeta baby shower aesthetic;0
tamil baby shower aesthetic;0
under the sea baby shower aesthetic;0
unique baby shower themes aesthetic;0
baby shower set up aesthetic;0
outfits aesthetic para un baby shower invitada;0
outfits para ir a un baby shower aesthetic;0
baby shower aesthetic video;0
baby shower vintage aesthetic;0
valentines baby shower aesthetic;0
torta baby shower varon aesthetic;0
vestidos para baby shower aesthetic;0
vestido baby shower aesthetic;0
baby shower varon aesthetic;0
aesthetic baby shower videos;0
baby shower aesthetic winter;0
baby shower aesthetic white;0
baby shower aesthetic winnie the pooh;0
baby shower aesthetic with friends;0
baby shower gift wrapping aesthetic;0
witchy baby shower aesthetic;0
baby shower gift wrap aesthetic;0
baby shower girl aesthetic wallpaper;0
baby shower aesthetic yellow;0
sea you soon baby shower aesthetic;0
baby shower aesthetic 2026;0
2000s baby shower aesthetic;0
baby shower party ideas for boys;0
baby shower party ideas for a boy;0
baby shower party ideas outdoor;0
baby shower program template party ideas;0
diamonds and pearls baby shower theme party ideas;0
baby shower garden ideas party;0
ballon arch baby shower party ideas;0
rub a dub dub baby shower party ideas;0
baby shower food for boy appetizers blue party ideas;0
creative can bearly wait baby shower decoration ideas for an outdoor party;0
where the wild things are baby shower decorations party ideas;0
baby shower afternoon tea decorations party ideas;0
girl baby shower ideas on a budget diy party favors;0
coronas baby shower party ideas;0
party favors for baby shower girl babyshower cute ideas;0
catch my party baby shower ideas;0
butterfly baby shower ideas centerpieces party tables;0
ciao baby shower party ideas;0
butterfly baby shower ideas centerpieces party tables decorations;0
coed baby shower party ideas;0
cosas baby shower party ideas;0
costume party baby shower ideas;0
cake pop display baby shower party ideas;0
tea party baby shower decorating ideas;0
diy party favors baby shower gift ideas;0
drive by baby shower ideas party favors;0
baby girl decorations party shower ideas;0
gerber daisy baby shower party ideas;0
fun co-ed baby shower party favor ideas;0
what to eat at a baby shower party ideas;0
english tea party baby shower ideas;0
elegant tea party baby shower ideas;0
elephant girl baby shower theme party ideas;0
elegant garden party baby shower ideas;0
embarazo baby shower party ideas;0
baby in bloom shower ideas party favors;0
what to wear for baby shower guest party ideas;0
high tea party baby shower ideas;0
halloween baby shower party favor ideas;0
halloween baby shower party ideas;0
happy potter baby shower party ideas;0
harry potter baby shower ideas decoration party;0
mad hatter tea party baby shower ideas;0
rocking horse baby shower girl party ideas;0
heaven sent baby shower theme angel wings party ideas;0
january baby shower ideas party favors;0
blue jean baby shower party ideas;0
safari baby shower cake boy jungle theme party ideas;0
jungle theme baby shower ideas cakes safari birthday party;0
jungle theme baby shower ideas for girls safari party;0
jello shots for baby shower party ideas;0
tea party baby shower ideas decoration babyshower mason jars;0
safari baby shower boy centerpieces jungle theme party ideas;0
lion king baby shower party ideas;0
baby shower fruit tray ideas party platters kids;0
little piggy baby shower party ideas;0
smore love baby shower party ideas;0
what little boys are made of baby shower party ideas;0
boy baby shower themes prince little man party ideas;0
locally grown baby shower party ideas;0
baby looney tunes baby shower theme party ideas;0
baby boy shower ideas themes little man mustache party;0
little man baby shower ideas decoration babyshower mustache party;0
precious moments baby shower party favor ideas;0
minnie mouse baby shower party ideas;0
modern garden party baby shower ideas;0
men’s baby shower party ideas;0
mimosa bar ideas baby shower brunch party;0
mikey baby shower party ideas;0
tea party baby shower menu ideas;0
mardi gras baby shower theme party ideas;0
gender neutral tea party baby shower ideas;0
baby name at baby shower party ideas;0
baby shower nourriture party ideas;0
tea party baby shower ideas boy gender neutral;0
nursery rhyme baby shower theme party ideas;0
pool party baby shower ideas neutral;0
finding nemo baby shower party ideas;0
newborn baby party shower ideas;0
sprinkle baby shower ideas party themes gender neutral;0
nautical baby shower party favor ideas;0
neutral tea party baby shower ideas;0
owl baby shower theme boy decorations party ideas;0
onesie themed party baby shower ideas;0
baby shower ideas for office party;0
gender reveal party decorations boy or girl baby shower ideas;0
ocean baby shower party favor ideas;0
outfit ideas for a baby shower party guest;0
pool party baby shower ideas outfit;0
tea party baby shower outfit ideas;0
outdoor garden party baby shower ideas;0
gender reveal and baby shower ideas for party;0
ready to pop baby shower ideas for girls party favors;0
peter rabbit tea party baby shower ideas;0
baby shower rana party ideas;0
royal blue and gold baby shower decor party ideas;0
baby shower room decoration party ideas;0
boy or girl party gender reveal baby shower ideas;0
sea turtle baby shower ideas party;0
unique can bearly wait baby shower party favor ideas;0
unique can bearly wait baby shower party favor ideas for guests;0
pop up baby shower party ideas;0
ultrasound picture ideas for baby shower party favors;0
baby shower food table set up buffet party ideas;0
unique baby shower themes for boys baby shower party ideas boys;0
baby shower verano party ideas;0
it takes a village to raise a child baby shower party ideas;0
wildflower baby shower party favor ideas;0
winter baby shower party favor ideas;0
whinnie the pooh baby shower ideas for boys party favors;0
winnie the pooh baby shower party ideas;0
woodland tea party baby shower ideas;0
yea party baby shower ideas;0
baby shower yoga party ideas;0
baby shower in yard party ideas;0
throw your own baby shower party ideas;0
baby shower decoration ideas simple;0
baby shower decoration ideas traditional;0
baby shower decoration ideas at home diy;0
baby shower decoration ideas indian diy;0
baby shower decoration ideas niña;0
baby shower decoration ideas outdoor;0
baby shower decoration ideas at home simple;0
valentine baby shower ideas decoration;0
baby shower ideas indian style decoration;0
restaurant baby shower ideas decoration;0
baby shower background decoration ideas;0
highland cow baby shower decoration ideas;0
baby shower decoration ideas at hall;0
baby shower decoration ideas aesthetic;0
baby shower decoration ideas at banquet;0
baby shower decoration ideas at work;0
baby shower decoration ideas easy at home;0
highland cow baby shower decoration ideas for a boy;0
baby shower arch decoration ideas;0
sip and see baby shower ideas decoration;0
baby shower decoration ideas blue;0
baby shower decoration ideas balloons;0
baby shower decoration ideas bear;0
baby shower decoration ideas bengali;0
baby shower decoration ideas boy bear;0
baby shower decoration ideas brown;0
baby shower decoration ideas backyard;0
baby shower decoration ideas baby girl;0
baby shower decoration ideas boy simple;0
baby shower decoration ideas blue theme;0
baby shower decoration ideas cricut;0
baby shower decoration ideas christmas;0
hot cocoa bar baby shower ideas decoration;0
baby shower cupcake decoration ideas;0
baby shower table decoration ideas cloud;0
christian baby shower decoration ideas;0
princess baby shower ideas decoration centerpieces;0
elephant baby shower centerpiece decoration ideas;0
cow baby shower decoration ideas;0
she’s the cherry on top baby shower decoration ideas;0
baby shower decoration ideas diy;0
baby shower decoration ideas de niño;0
baby shower decoration ideas easy;0
baby shower decoration ideas elefante;0
elephant baby shower table decoration ideas;0
boy elephant baby shower ideas decoration;0
elephant baby shower theme boy decoration cake ideas;0
eucalyptus baby shower venue decoration ideas;0
baby shower decoration ideas at home diy easy;0
easy diy pink and gold baby shower decoration ideas;0
baby shower decoration ideas for boys;0
baby shower decoration ideas flowers;0
baby shower decoration ideas for stage;0
baby shower decoration ideas for home;0
baby shower decoration ideas for hall;0
baby shower decoration ideas floral;0
baby shower decoration ideas fall;0
baby shower decoration ideas for table;0
baby shower decoration ideas for indian;0
baby shower decoration ideas green;0
baby shower decoration ideas girl simple;0
baby shower decoration ideas games;0
baby girl shower ideas decoration pink;0
sunflower baby shower ideas decoration girl;0
baby shower decoration ideas for baby girl;0
girl themed baby shower ideas decoration;0
twin girls baby shower ideas decoration;0
winnie the pooh baby shower ideas decoration girl;0
baby shower decoration ideas home;0
baby shower decoration ideas halloween;0
hundred acre woods baby shower decoration ideas;0
baby shower decoration ideas indoor;0
baby shower decoration ideas in home;0
baby shower decoration ideas in garden;0
baby shower decoration ideas in india;0
baby shower decoration ideas on a budget;0
sports theme baby shower ideas;0
under the sea baby shower decoration ideas;0
baby shower table decorations girl;0
pool party baby shower themes;0
baby shower centerpiece boy;0
baby shower centerpiece ideas girl;0
baby shower centerpieces diy;0
baby shower centerpieces flowers;0
baby shower centerpieces neutral;0
baby shower flower centerpieces;0
baby shower hot air balloon centerpiece;0
baby shower table centerpieces;0
fall baby shower centerpieces;0
halloween baby shower centerpieces;0
winnie the pooh baby shower centerpieces;0
winter baby shower centerpieces;0
baby shower decoration ideas in hall;0
baby shower decoration ideas jungle;0
jain baby shower decoration ideas;0
jungle theme baby shower ideas decoration color schemes;0
jungle theme baby shower ideas for boys decoration;0
dinosaur baby shower ideas decoration mason jars;0
safari baby shower ideas decoration jungle animals;0
jack skellington baby shower ideas the decoration;0
wild and fun jungle baby shower decoration ideas;0
winnie the pooh baby shower ideas decoration honey jars;0
baby shower jhula decoration ideas;0
lion king baby shower ideas decoration decor;0
hello kitty baby shower ideas decoration dessert tables;0
lion king baby shower ideas decoration centerpieces;0
baby shower decoration ideas krishna theme;0
hello kitty baby shower ideas decoration;0
baby shower decoration ideas radha krishna;0
lion king baby shower ideas decoration;0
lion king baby shower ideas for boys decoration;0
lion king baby shower ideas decoration diy;0
lion king baby shower ideas for boys decoration jungle theme;0
baby shower decoration ideas latest;0
baby shower decoration ideas lavender;0
luxury baby shower decoration ideas;0
little prince baby shower ideas decoration royal blue;0
lemon themed baby shower ideas decoration;0
little pumpkin baby shower decoration ideas;0
baby shower table decoration ideas long table;0
lilac baby shower ideas decoration;0
clothes line baby shower decoration decorating ideas;0
baby shower decoration ideas marathi;0
baby shower decoration ideas murugan;0
minimalist baby shower decoration ideas;0
baby shower main table decoration ideas;0
baby shower decoration ideas murugan theme;0
modern baby shower decoration ideas;0
monkey baby shower ideas decoration;0
mauve baby shower decoration ideas;0
baby shower table decoration ideas maharashtrian;0
diy minimalist baby shower decoration ideas;0
baby shower decoration ideas neutral;0
baby shower decoration ideas no balloons;0
baby shower decoration ideas nene;0
baby shower decoration ideas para niño;0
natural baby shower ideas decoration;0
gender neutral baby shower ideas decoration simple;0
neutral color baby shower decoration ideas;0
gender-neutral baby shower table decoration ideas;0
nightmare before christmas baby shower decoration ideas;0
nightmare before christmas baby shower cake decoration ideas;0
baby shower decoration ideas outside;0
baby shower decoration ideas on stage;0
baby shower decoration ideas on wall;0
baby shower decoration ideas office;0
outdoor fall baby shower ideas decoration;0
baby shower onsies decoration ideas boy;0
baby shower table decoration ideas outside;0
the office baby shower ideas decoration;0
baby shower decoration ideas pink;0
baby shower decoration ideas pink blue;0
baby shower decoration ideas pastel;0
baby shower decoration ideas purple;0
poppin bottles baby shower diy decoration ideas;0
princess baby shower ideas decoration;0
winnie the pooh baby shower ideas decoration quotes;0
baby q shower decoration ideas;0
peter rabbit baby shower ideas decoration;0
baby shower table decoration ideas round table;0
baby shower ideas room decoration;0
rainbow baby shower ideas decoration;0
valentines baby shower ideas decoration pink and red;0
rubber ducky baby shower ideas for boys decoration ducks;0
rainbow baby shower ideas decoration boy;0
rustic diy baby shower decoration ideas;0
neutral rainbow baby shower ideas decoration;0
baby shower decoration ideas sencillas;0
baby shower decoration ideas sage green;0
baby shower decoration ideas stage;0
baby shower decoration ideas summer;0
baby shower decoration ideas safari;0
baby shower decoration ideas spring;0
baby shower decoration ideas strawberry;0
baby shower decoration ideas table;0
baby shower decoration ideas tamil;0
baby shower decoration ideas twins;0
baby shower decoration ideas tamilnadu;0
baby shower table flower decoration ideas;0
baby shower boho table decoration ideas;0
baby shower decoration ideas unique;0
unicorn baby shower ideas decoration;0
baby shower table decoration ideas under the sea;0
up theme baby shower ideas decoration;0
ideas para un baby shower decoration sencillo;0
ideas para un baby shower decoration nena;0
under the sea baby shower ideas decoration center pieces;0
ideas para un baby shower decoration niño;0
under the sea baby shower ideas for boys decoration;0
under the sea baby shower ideas for girls decoration;0
baby shower decoration set up ideas;0
baby shower decoration ideas varon;0
baby shower decoration ideas videos;0
vintage baby shower table decoration ideas;0
vintage-inspired baby shower decoration ideas;0
vintage boy baby shower ideas decoration;0
vintage theme baby shower ideas decoration;0
vintage travel-themed baby shower decoration ideas;0
baby shower decoration ideas with flower;0
baby shower decoration ideas with swing;0
baby shower decoration ideas white;0
baby shower decoration ideas winter;0
baby shower decoration ideas western;0
baby shower decoration ideas wall;0
baby shower at work ideas decoration;0
baby in bloom shower whimsical decoration ideas;0
witchy baby shower crystal decoration ideas;0
we can bearly wait baby shower decoration ideas;0
baby shower decoration ideas yellow;0
pink and yellow baby shower ideas decoration;0
adorable baby shower decoration ideas that’ll wow your guests;0
you are my sunshine baby shower ideas decoration;0
you are my sunshine baby shower ideas decoration theme;0
baby shower table decoration ideas yellow;0
zoo animal baby shower ideas decoration;0
zoo themed baby shower ideas decoration;0
baby shower decoration ideas 2026;0
baby shower theme ideas summer;0
baby shower theme ideas spring;0
baby shower theme ideas for may;0
baby shower theme ideas november;0
noah’s ark baby shower theme ideas;0
ralph lauren theme baby shower ideas;0
winnie the pooh theme baby shower ideas;0
baby shower theme ideas august;0
baby shower theme ideas april;0
baby shower theme ideas at home;0
baby shower theme ideas animals;0
baby shower theme ideas autumn;0
once upon a time baby shower theme ideas;0
animal theme baby boy shower ideas;0
baby shower theme ideas boy;0
baby shower theme ideas bear;0
baby shower theme ideas brunch;0
baby shower theme ideas bunny;0
baby shower theme ideas baby girl;0
baby shower theme ideas blue;0
baby shower theme ideas christmas;0
baby shower theme ideas coffee;0
baby shower theme ideas country;0
baby shower theme ideas cartoon;0
baby shower theme ideas classy;0
baby shower theme ideas cute;0
candy land theme baby shower ideas;0
valentines theme baby shower ideas cake;0
construction theme baby shower food ideas;0
baby shower ideas cactus theme;0
baby shower theme ideas december;0
baby shower theme ideas disney;0
baseball theme baby shower ideas decoración;0
doughnut theme baby shower ideas;0
dior theme baby shower ideas pink;0
cutie orange baby shower theme decorating ideas;0
baby shower table decoration ideas bee theme;0
egyptian theme baby shower ideas;0
eucalyptus theme baby shower ideas;0
girl baby shower ideas elephant theme;0
purple baby shower ideas elephant theme;0
enchanted forest theme baby shower ideas girl;0
enchanted theme baby shower ideas girl;0
popular co-ed baby shower theme ideas;0
diy elephant theme baby shower ideas;0
earth tone baby shower ideas boy theme;0
easy baby shower food ideas winnie the pooh theme;0
baby shower theme ideas for a boy;0
baby shower theme ideas for twins;0
baby shower theme ideas february;0
baby shower theme ideas for girls themes;0
baby shower theme ideas for fall;0
baby shower theme ideas for july;0
baby shower theme ideas for baby boy;0
baby shower theme ideas for winter;0
baby shower theme ideas girl summer;0
baby shower theme ideas girl winter;0
baby shower theme ideas girl fall;0
baby shower theme ideas green;0
baby shower theme ideas girl spring;0
baby shower theme ideas girl september;0
baby shower theme ideas girl cowgirl;0
baby girl baby shower ideas bow theme;0
beach theme girl baby shower ideas;0
baby shower theme ideas halloween;0
honey bee baby shower theme ideas;0
baby shower ideas harry potter theme;0
hunting theme baby shower ideas cookies;0
boy baby shower ideas halloween theme;0
hocus pocus theme baby shower ideas;0
honeybee theme baby shower ideas;0
baby shower ideas hot air balloon theme;0
heaven sent theme baby shower ideas;0
hunting theme baby shower ideas girl;0
highland cow theme baby shower ideas;0
baby shower theme ideas indian;0
baby shower theme ideas italian;0
baby shower theme ideas in december;0
baby shower theme ideas january;0
baby shower theme ideas july;0
simple jungle theme baby shower ideas;0
jungle theme girl baby shower ideas;0
jungle theme boy baby shower ideas;0
baby shower backdrop ideas krishna theme;0
baby shower ideas lion king theme;0
horse theme baby shower ideas kentucky derby;0
hello kitty theme baby shower ideas;0
jungle theme baby shower ideas food fruit kabobs;0
koala theme baby shower ideas;0
king theme baby shower ideas;0
baby shower theme ideas list;0
baby shower theme ideas lemon;0
lumberjack theme baby shower ideas;0
leopard theme baby shower ideas;0
ralph lauren theme baby shower outfit ideas;0
love theme baby shower ideas;0
love bug baby shower theme ideas;0
lion theme baby shower ideas for boys;0
llama theme baby shower ideas girl;0
baby shower theme ideas march;0
baby shower theme ideas mexican;0
baby shower theme ideas may;0
girl theme baby shower ideas may;0
mexican theme baby shower ideas cinco de mayo;0
mexican theme baby shower ideas for girl;0
mexico theme baby shower ideas;0
mexican theme baby shower food ideas;0
marvel theme baby shower ideas;0
motorcycle theme baby shower ideas;0
baby shower theme ideas neutral fall;0
gender neutral baby shower ideas theme spring;0
baby shower ideas with no theme;0
winter theme baby shower ideas gender neutral;0
gender neutral baby shower ideas theme february;0
navy theme baby shower ideas;0
cloud nine theme baby shower ideas;0
baby shower theme ideas october;0
baby shower theme ideas outdoor;0
baby shower theme ideas outfits;0
pink ocean theme baby shower ideas;0
orange theme baby shower ideas girl;0
ocean theme baby shower ideas girl;0
october theme baby shower ideas girl;0
boy baby shower ideas ocean theme;0
baby shower theme ideas pink;0
baby shower theme ideas pizza;0
baby shower ideas butterfly theme purple;0
pink cow theme baby shower ideas;0
butterfly theme baby shower ideas pink;0
peanut theme baby shower ideas;0
queen theme baby shower ideas;0
red roses theme baby shower ideas;0
royal princess baby shower theme ideas;0
dusty rose baby shower theme ideas;0
gender reveal and baby shower theme ideas;0
rose theme baby shower ideas;0
red theme baby shower ideas;0
baby shower return gift ideas indian theme;0
rainforest theme baby shower ideas;0
pastel rainbow theme baby shower ideas;0
baby shower gender reveal theme ideas;0
baby shower theme ideas september;0
baby shower theme ideas simple;0
baby shower theme ideas strawberry;0
baby shower theme ideas sage green;0
baby shower theme ideas summer girl;0
baby shower theme ideas spanish;0
baby shower theme ideas twins;0
baby shower theme ideas traditional;0
baby shower theme ideas trending;0
baby shower theme ideas unique;0
unique baby shower theme ideas for boys;0
unique coed baby shower theme ideas;0
ocean theme baby shower ideas under the sea;0
unique girl baby shower theme ideas;0
unique floral baby shower theme ideas;0
unique pink and gold baby shower theme ideas;0
underwater theme baby shower ideas;0
valentine theme baby shower ideas for boy;0
charming vintage baby shower theme ideas;0
veggie theme baby shower ideas;0
vintage garden theme baby shower ideas;0
video game theme baby shower ideas;0
valentines theme baby shower ideas food;0
valentines theme baby shower ideas;0
it takes a village baby shower theme ideas;0
vegetable garden theme baby shower ideas;0
baby shower theme ideas winnie the pooh;0
baby shower theme ideas western;0
woodland theme baby shower gift ideas;0
western baby shower ideas for boys cowboy theme;0
woodland theme baby shower centerpiece ideas;0
work baby shower theme ideas;0
baby shower ideas for woodland theme;0
western theme baby shower ideas boys;0
penguin theme baby shower ideas winter wonderland;0
baby shower theme ideas yellow;0
baby yoda theme baby shower ideas;0
yellow color theme baby shower ideas;0
sea you soon theme baby shower ideas;0
yellow and pink theme baby shower ideas;0
you are my sunshine theme baby shower ideas;0
sea you soon baby shower theme girl ideas;0
new years theme baby shower ideas;0
yellow butterfly theme baby shower ideas;0
zebra theme baby shower ideas;0
baby shower theme ideas 2026;0
2nd baby shower theme ideas;0
girl theme baby shower ideas 2025;0
27 baby shower cake topper ideas for every theme;0
2025 baby shower theme ideas;0
2000s theme baby shower ideas;0
2nd baby shower ideas sprinkle theme;0
90s theme baby shower ideas girl;0
baby shower party themes winter;0
baby shower party themes fall;0
baby shower party themes spring;0
baby shower party themes for girl;0
baby shower party girl themes;0
pajama party baby shower themes;0
tea party baby shower themes;0
girl baby shower themes tea party;0
baby shower themes girl summer beach party;0
baby boy shower ideas themes woodland party diaper cakes;0
combined baby shower and diaper party themes;0
april baby shower ideas party themes;0
couple baby shower themes party ideas;0
gender reveal party ideas decorations food baby shower themes;0
baby shower diaper party themes;0
boy baby shower themes fall party ideas;0
fun baby shower party themes;0
boy baby shower ideas themes teddy bears party favors;0
garden party baby shower themes;0
garden party baby shower ideas boy themes;0
girl baby shower ideas themes tea party;0
sprinkle baby shower ideas party themes girl;0
high tea baby shower ideas table settings party themes;0
sprinkle baby shower ideas party themes boy;0
boy baby shower themes summer party ideas;0
unique baby shower party themes;0
baby shower table decor girl;0
baby shower table decor boy;0
baby shower table decoration ideas boy;0
baby shower table decoration ideas girl;0
baby shower table decor pink;0
baby shower table decor simple;0
baby shower table decoration ideas cheap;0
baby shower table decoration ideas pink;0
baby shower table decoration ideas blue;0
berry sweet baby shower theme table decor;0
baby in bloom baby shower table decor;0
table decorations baby shower boy;0
under the sea baby shower centerpieces table decorations;0
baby’s breath baby shower table decor;0
she’s ready to pop baby shower theme table decor;0
slice slice baby shower table decor;0
baby shower table decor at home;0
apple baby shower table decor;0
a new chapter baby shower theme table decor;0
pink and sage baby shower table decor;0
noah's ark baby shower table decor;0
green and white baby shower table decor;0
baby shower table decor pink and yellow;0
a little pumpkin baby shower theme table decor;0
a baby is brewing baby shower table decor;0
baby shower table arch decor;0
baby shower activity table decor;0
baby shower table decor blue;0
baby shower table decor brown;0
baby shower table decor baby in bloom;0
baby shower table decor bear;0
baby shower table decor balloons;0
baby shower table decor bear theme;0
baby shower table decor bud vases;0
baby shower table decor babys breath;0
baby shower table decor beige;0
baby shower table decor butterfly;0
baby shower table decor blue and white;0
baby shower table decor cheese cloth;0
baby shower table decor cheap;0
baby shower table decor candles;0
baby shower table decor circle;0
baby shower table decor christmas;0
baby shower table decor cake;0
baby shower table decor coffee;0
baby shower table decor cards;0
baby shower table decor cowboy;0
baby its cold outside shower table decor;0
baby shower table decor dusty blue;0
baby shower table decor duck;0
baby shower table decor dessert;0
baby shower table decor easy;0
baby shower table decor elegant;0
baby shower entry table decor;0
earthy baby shower table decor;0
elephant theme baby shower table decor;0
elephant baby shower table decor;0
baby shower entry table decor ideas;0
enchanted to meet you baby shower table decor;0
baby shower entrance table decor;0
enchanted forest baby shower table decor;0
enchanted garden baby shower theme wedding table decor;0
baby shower table decor flowers;0
baby shower table decor fall;0
baby shower table decor for girl;0
baby shower table decor food;0
baby shower table decor floral;0
baby shower table decor for boy;0
fall theme baby shower table decor;0
forest theme baby shower table decor;0
wild flower baby shower table decor;0
woodland baby shower food table decor;0
fiesta baby shower table decor;0
farm table baby shower decor;0
baby shower table decor green;0
baby shower table decor gender neutral;0
baby shower table decor goose;0
baby shower table decor gingham;0
silly goose baby shower table decor;0
simple baby girl shower table decor;0
girl baby shower guest table decor;0
baby shower table decor for baby girl;0
locally grown baby shower theme table decor;0
baby shower table decor halloween;0
here comes the son baby shower theme table decor;0
a little butterfly is on her way baby shower table decor;0
rocking horse baby shower table decor;0
hunting baby shower table decor;0
hawaiian baby shower table decor;0
a little piece of heaven baby shower boy table decor;0
she’ll be here soon baby shower table decor;0
high tea baby shower table decor;0
harry potter baby shower table decor;0
hot air balloon baby shower theme table decor;0
hatching soon baby shower table decor;0
baby shower table decor ideas;0
baby shower table decor ideas for boys;0
baby shower table decor indian;0
baby shower table decor ideas girl;0
baby shower table decor ideas simple;0
baby shower table decor ideas boy;0
baby in bloom baby shower theme table decor;0
peter rabbit baby shower table decor ideas;0
baby shower cake table decor ideas;0
little pumpkin baby shower ideas table decor;0
baby shower table decor mason jar;0
blue jean baby shower theme boy table decor;0
jungle safari baby shower table decor;0
blue jean baby shower theme table decor;0
blue jean baby shower table decor;0
jungle themed baby shower table decor;0
january baby shower table decor;0
jungle baby shower table decor;0
toile de jouy baby shower table decor;0
hello kitty baby shower table decor;0
lion king baby shower table decor;0
lion king baby shower ideas table decor;0
baby shower table decor luxury;0
baby shower table decor lemon;0
my little pumpkin baby shower table decor;0
cielito lindo baby shower theme table decor;0
merry little baby shower table decor;0
lemon baby shower theme table decor;0
baby shower table decor minimal;0
baby shower main table decor;0
minimalistic baby shower table decor;0
cookie monster baby shower table decor;0
mickey baby shower table decor;0
mommy to bee baby shower table decor;0
mallard duck baby shower table decor;0
mallard baby shower table decor;0
s’mores baby shower table decor;0
baby shower table decor neutral;0
baby shower table decor no plates;0
baby shower table decor no flowers;0
new chapter baby shower table decor;0
navy blue baby shower table decor;0
baby shower neutral theme table decor;0
national park baby shower table decor;0
november baby shower table decor;0
neutral color baby shower table decor;0
baby shower table decor outdoor;0
baby shower table decor outside;0
baby shower table decor on a budget;0
october baby shower table decor;0
she's the cherry on top baby shower table decor;0
oh boy baby shower table decor;0
baby shower over the table decor;0
baby it’s cold outside baby shower table decor;0
baby it’s cold outside shower theme pink table decor;0
our greatest adventure baby shower table decor;0
baby shower table decor purple;0
baby shower table decor pink and gold;0
baby shower table decor pastel;0
baby shower table decor pink and blue;0
baby shower table decor pink and green;0
baby shower table decor pooh;0
baby shower table decor plates;0
baby shower table decor photos;0
baby shower table decor pumpkin;0
baby shower table decor round table;0
baby shower table decor restaurant;0
baby shower table decor red;0
baby shower table decor rustic;0
ready to pop baby shower table decor;0
rodeo baby shower table decor;0
rectangle baby shower table decor;0
peter rabbit baby shower table decor;0
girl baby shower round table decor;0
simple baby shower round table decor;0
baby shower table decor strawberry;0
baby shower table decor sage green;0
baby shower table decor sign;0
baby shower table decor summer;0
baby shower table decor safari;0
baby shower table decor sports;0
baby shower table decor silly goose;0
baby shower table decor teddy bear;0
baby shower table decor traditional;0
baby shower table decor twins;0
berry baby shower table decor;0
baby shower table decor ultrasound;0
baby shower table decor under the sea;0
once upon a time baby shower theme table decor;0
unisex baby shower table decor;0
once upon a time baby shower table decor;0
baby shower table decor set up;0
unique baby shower table decor ideas;0
baby shower table decor vintage;0
valentines day baby shower table decor;0
valentines baby shower table decor;0
baby shower food table vintage decor ideas;0
creative vintage baby shower table decor ideas;0
vans baby shower table decor;0
it takes a village baby shower table decor;0
vintage pooh baby shower table decor;0
baby shower table decor winnie the pooh;0
baby shower table decor with baby shoes;0
baby shower table decor without plates;0
baby shower table decor winter;0
baby shower table decor with pictures;0
baby shower table decor with flowers;0
baby shower table decor with balloons;0
baby shower table decor with toys;0
baby shower table decor woodland;0
baby shower table decor with candles;0
baby shower table decor wildflower;0
baby shower table decor with books;0
sea you soon baby shower theme decor table;0
sea you soon baby shower table decor pink;0
sea you soon baby shower table decor;0
sea you soon baby shower theme boy table decor;0
sea you soon baby shower girl table decor;0
sea you soon baby shower theme girl table decor;0
blue and yellow baby shower table decor;0
baby shower centerpieces for boys;0
baby shower centerpiece ideas for boys;0
baby shower centerpieces winnie the pooh;0
baby shower centerpieces simple;0
baby shower centerpieces cherry on top;0
locally grown baby shower centerpieces;0
flower arrangements baby shower boy centerpiece ideas;0
a little pumpkin baby shower centerpiece;0
let the adventure begin baby shower centerpiece;0
black and white baby shower centerpiece ideas;0
woodland adventure baby shower centerpiece;0
adorable bearly wait baby shower centerpiece ideas;0
a little boo is due baby shower centerpiece;0
baby shower centerpiece ideas for a tropical theme;0
adventure awaits baby shower centerpiece;0
adventure begins baby shower centerpiece;0
baby shower centerpiece bear;0
baby shower centerpiece balloon;0
baby shower centerpiece books;0
baby shower centerpiece butterfly;0
baby shower centerpiece blue;0
baby shower centerpiece babys breath;0
baby shower centerpiece game;0
baby shower centerpiece sticks;0
centerpiece for baby shower girl;0
lion king baby shower centerpiece;0
lion king baby shower centerpiece ideas;0
mason jar baby shower centerpiece ideas;0
nautical baby shower centerpiece;0
under the sea baby shower centerpiece ideas;0
winnie the pooh baby shower centerpiece ideas;0
baby shower design cake;0
baby shower design ideas;0
baby shower envelope design;0
baby shower mehndi design latest;0
baby shower programme design;0
design a onesie baby shower game;0
baby shower celebration ideas;0
baby shower celebration quotes;0
diy baby shower decorations for a boy;0
diy jungle baby shower decorations;0
diy minnie mouse baby shower decorations;0
diy nautical baby shower decorations;0
tea party baby shower decor;0
baby shower centerpiece bud vases;0
baby shower centerpiece baby pictures;0
baby shower centerpiece baby in bloom;0
baby shower centerpiece candles;0
baby shower centerpiece clothes;0
baby shower centerpiece cheap;0
baby it’s cold outside baby shower theme centerpiece;0
winnie the pooh centerpiece ideas baby shower decor;0
centerpiece ideas for baby shower boy;0
baby shower centerpiece diy;0
baby shower centerpiece diy tutorials;0
baby shower centerpiece decor;0
baby shower centerpiece decorations;0
baby shower centerpiece dinosaur;0
daisy themed baby shower centerpiece;0
hoop centerpiece baby shower diy;0
dirt bike baby shower centerpiece;0
diy boy baby shower decorations centerpiece ideas;0
woodland centerpiece baby shower ideas diy;0
baby shower centerpiece easy;0
baby shower centerpiece elephant;0
baby shower centerpiece eucalyptus;0
pink elephant baby shower centerpiece;0
elephant baby shower centerpiece table setting ideas;0
elegant baby shower floral centerpiece ideas;0
enchanted baby shower fairy centerpiece ideas green peach;0
eucalyptus wreath baby shower centerpiece;0
purple elephant baby shower centerpiece;0
baby shower centerpiece flowers;0
baby shower centerpiece for girl;0
baby shower centerpiece fall;0
baby shower centerpiece floral;0
baby shower centerpiece for boy;0
baby shower centerpiece for tables;0
baby shower centerpiece for round table;0
baby shower centerpiece flowers boy;0
baby shower centerpiece for long table;0
fall color baby shower centerpiece;0
baby shower centerpiece girl;0
baby shower centerpiece gifts;0
baby shower centerpiece green;0
baby shower centerpiece giveaway;0
baby shower centerpiece goose;0
girl baby shower paris theme centerpiece;0
fairy garden baby shower centerpiece;0
mardi gras baby shower centerpiece;0
baby shower centerpiece halloween;0
baby shower centerpiece hot air balloon;0
honey baby shower centerpiece;0
honey bee baby shower centerpiece ideas;0
rocking horse baby shower centerpiece;0
hermoso cariño baby shower centerpiece;0
centerpiece for homegrown baby shower theme;0
here comes the son baby shower theme table centerpiece;0
honey comb baby shower centerpiece;0
hot air balloon baby shower centerpiece with flowers;0
little honey baby shower theme centerpiece;0
baby shower centerpiece ideas diy;0
baby shower centerpiece ideas neutral;0
baby shower centerpiece ideas flowers;0
baby shower centerpiece ideas with books;0
baby shower centerpiece ideas simple;0
baby shower centerpiece ideas snoopy;0
baby shower centerpiece ideas for a boy;0
baby shower centerpiece ideas butterfly;0
baby shower centerpiece ideas for twins;0
blue jean baby shower theme boy centerpiece;0
jungle baby shower centerpiece;0
baby shower mason jar centerpiece;0
butterfly centerpiece ideas baby shower mason jars;0
baby shower centerpiece ideas with mason jars;0
mason jar centerpiece baby shower girl;0
blue jean baby shower centerpiece ideas;0
jungle theme baby shower centerpiece ideas;0
jungle themed baby shower centerpiece;0
space jam baby shower centerpiece ideas;0
hello kitty baby shower centerpiece;0
wood land baby shower centerpiece;0
lantern baby shower centerpiece;0
little cowboy baby shower centerpiece;0
lemon theme baby shower centerpiece;0
baby shower large centerpiece;0
lion baby shower centerpiece;0
love bug baby shower centerpiece;0
baby shower centerpiece mason jar;0
farmers market baby shower theme centerpiece;0
over the moon baby shower ideas boy centerpiece;0
over the moon baby shower centerpiece favor ideas;0
martini baby shower centerpiece;0
moon baby shower centerpiece;0
over the moon baby shower centerpiece cake topper ideas;0
mexican baby shower centerpiece;0
over the moon baby shower centerpiece ideas pink;0
over the moon baby shower centerpiece;0
baby shower centerpiece no flowers;0
baby shower centerpiece neutral;0
nightmare before christmas baby shower centerpiece;0
noah's ark baby shower centerpiece ideas;0
national park baby shower centerpiece;0
new to the club baby shower centerpiece;0
nightmare before christmas baby shower centerpiece ideas;0
gender neutral baby shower centerpiece;0
a new chapter baby shower centerpiece;0
nike baby shower centerpiece;0
noah ark baby shower centerpiece;0
baby on board baby shower centerpiece ideas;0
baby on board baby shower centerpiece;0
outdoor boy baby shower centerpiece ideas;0
bun in the oven baby shower centerpiece;0
she's the cherry on top baby shower centerpiece;0
oh boy baby shower centerpiece ideas;0
baby shower centerpiece pink;0
baby shower centerpiece pictures;0
baby shower centerpiece prizes;0
baby shower centerpiece photos;0
baby shower centerpiece pumpkin;0
peter rabbit baby shower table centerpiece;0
centerpiece for baby shower winnie the pooh;0
pirate baby shower centerpiece;0
baby q shower centerpiece ideas;0
baby shower centerpiece round table;0
baby shower centerpiece rectangle table;0
baby shower rainbow centerpiece;0
pastel rainbow baby shower centerpiece ideas;0
race car baby shower centerpiece;0
ready to pop baby shower centerpiece;0
baby shower centerpiece ideas round table;0
racecar baby shower theme centerpiece;0
baby shower centerpiece simple;0
baby shower centerpiece sage green;0
baby shower centerpiece sign;0
baby shower centerpiece safari;0
baby shower centerpiece strawberry;0
baby shower centerpiece teddy bear;0
baby shower centerpiece table;0
travel theme baby shower centerpiece;0
train baby shower centerpiece;0
baby shower centerpiece ultrasound;0
up baby shower theme disney centerpiece;0
fish bowl centerpiece baby shower under the sea;0
unique baby shower flower centerpiece ideas;0
umbrella centerpiece baby shower ideas;0
baby shower umbrella centerpiece;0
baby shower ultrasound picture centerpiece;0
under the sea baby shower centerpiece;0
under the sea baby shower table centerpiece;0
baby shower centerpiece vases;0
baby shower vintage centerpiece;0
glass-vase-baby-shower-centerpiece;0
vintage baby boy shower centerpiece ideas;0
valentine baby shower centerpiece ideas;0
glass vase baby shower centerpiece;0
valentine’s day baby shower centerpiece;0
it takes a village baby shower centerpiece;0
valentine baby shower centerpiece;0
valentines baby shower table centerpiece;0
pink vase baby shower centerpiece;0
vintage book baby shower centerpiece;0
baby shower centerpiece with books;0
baby shower centerpiece with photo;0
baby shower centerpiece winter;0
baby shower centerpiece winnie the pooh;0
baby shower centerpiece with ultrasound;0
baby shower centerpiece with baby breath;0
baby shower centerpiece with balloons;0
baby shower centerpiece with baby shoes;0
baby shower centerpiece woodland;0
baby shower centerpiece with bear;0
baby shower centerpiece with flowers;0
baby shower centerpiece with pictures;0
baby shower centerpiece yellow;0
sea you soon baby shower theme centerpiece;0
baby shower centerpiece ideas yellow;0
you are my sunshine baby shower centerpiece;0
sea you soon baby shower centerpiece;0
sea you soon baby shower table centerpiece;0
pink and yellow baby shower centerpiece;0
dragon ball z baby shower centerpiece;0
thing 1 thing 2 baby shower centerpieces;0
100 acre woods baby shower centerpiece;0
2 peas in a pod baby shower centerpieces;0
cloud 9 baby shower centerpiece;0
on cloud 9 baby shower centerpiece;0
cloud 9 baby shower theme centerpieces;0
baby shower details card;0
baby shower details ideas;0
baby shower details girl;0
baby shower details boy;0
baby shower details photography;0
baby shower details facebook;0
baby shower details page;0
baby shower details for guests;0
baby shower details aesthetic;0
baby shower details photos;0
baby shower details table;0
personalized baby shower details;0
baby girl shower details;0
baby shower invites details;0
baby shower small details;0
sweet baby shower details;0
custom baby shower details;0
blue jean baby shower details;0
yellow baby shower details;0
baby shower corsage ideas with personalized details;0
cute baby shower details;0
here comes the son baby shower details;0
baby shower cake details;0
baby shower event details;0
fall baby shower details;0
details for baby shower invitation;0
locally grown baby shower details;0
baby shower invite with details;0
baby shower invitations with details;0
baby shower invitations details;0
baby in bloom shower details;0
ralph lauren baby shower details;0
baby shower little details;0
winnie the pooh baby shower details;0
baby shower party details;0
pink baby shower details;0
baby shower photo details;0
unique baby shower details;0
winter baby shower details;0
baby shower design mehndi;0
baby shower design invitation;0
baby shower design blouse;0
baby shower design a block;0
baby shower designer outfit;0
baby shower designer saree look;0
baby shower design background;0
baby shower design template;0
baby shower mehendi design;0
baby shower blouse design;0
baby shower mehendi designs for dad;0
baby shower cake design;0
baby shower simple mehendi designs;0
baby shower mehndi designs hand;0
simple baby shower aari work blouse design;0
baby shower mehendi designs simple palm;0
baby shower cake design ideas simple;0
baby shower simple aari work blouse designs;0
baby shower design aari work;0
baby shower design a onesie;0
baby shower design a bib;0
baby shower design at home;0
baby shower design aari;0
baby shower aari work design drawing;0
baby shower album page design;0
15x24 baby shower album design;0
baby shower ariwork blouse design simple;0
baby shower design boy;0
baby shower design back hand;0
baby shower design banner;0
baby shower design backdrop;0
baby shower design baby grow;0
baby shower design blocks;0
baby shower design black and white;0
baby shower design board;0
baby shower design cards;0
baby shower design cookies;0
baby shower design chocolate;0
baby shower invitation cards design free printable free;0
baby shower cake design 2 tier;0
butterfly baby shower cake design;0
baby shower chaniya choli design for mom;0
baby shower chunni design;0
baby shower coconut design;0
baby shower cards design free printable free;0
baby shower design decoration;0
baby shower design drawing;0
baby shower design dress;0
baby shower design decor;0
mehndi design for baby shower girl;0
baby shower embroidery hoop design;0
baby shower shirts for family design elephant;0
baby shower nails design easy;0
baby shower mehndi design easy;0
mehandi design for baby shower function easy;0
baby shower embroidery design blouse;0
baby shower design flyer;0
baby shower design for boys;0
baby shower design for blouse;0
baby shower design for dad;0
baby shower design frame;0
nails design for baby shower girl;0
baby shower mehndi design for father;0
front hand baby shower mehndi design;0
baby shower design girl;0
baby shower design graphic;0
baby shower design green;0
baby shower invitation graphic design;0
baby shower blouse design green;0
baby shower gift tag design;0
cake design baby shower boy or girl;0
baby shower card design gujarati;0
baby shower invitations card design in gujarati;0
baby girl logo design shower invitations;0
baby shower design henna;0
baby shower mehndi simple design back hand;0
baby shower back hand mehandi design;0
baby shower hand mehandi design;0
baby shower henna design front hand simple;0
baby shower dupatta design at home;0
baby shower mehndi design for back hand;0
baby shower blouse hanging design;0
baby shower hand design;0
mehndi design for baby shower function back hand;0
baby shower design ideas simple;0
baby shower design in mehendi;0
baby shower design ideas for boys;0
baby shower design invite;0
baby shower design ideas girl;0
baby shower design in marathi;0
baby shower design indian;0
baby shower design images;0
baby shower jadai design murugan;0
baby shower flower jewellery design;0
baby shower jewellery design;0
baby shower jadai design with doll;0
baby shower jadai design baby designs;0
baby shower jadai design;0
baby shower jwellery design simple;0
baby shower jewellery new design;0
baby shower jadai design simple;0
baby shower jwellery design real flower;0
baby shower poo jadai design;0
baby shower jute bags design;0
radha krishna baby shower mehndi design;0
baby shower dupatta design krishna;0
baby shower kurta design for men;0
baby shower 1 kg cake design;0
baby shower mehndi design for kids;0
baby shower kanku pagla rumal design;0
baby shower invitations design krishna;0
baby shower blouse knot design;0
baby shower ke liye mehndi design;0
baby shower kolam design;0
baby shower ka design;0
baby shower cake design 2 kg;0
baby shower design logo;0
baby shower design landscape;0
baby shower legs design;0
baby shower poster design landscape;0
leg baby shower design;0
baby shower dupatta design lotus;0
latest baby shower mehandi design;0
baby shower leg design mehndi;0
baby shower mehendi designs latest simple design;0
baby shower leg mhendi design;0
baby shower design marathi;0
baby shower special mehandi design;0
muslim baby shower mehandi design;0
baby shower design nails;0
baby shower design normal;0
baby shower theme nail design;0
blue baby shower nails design;0
baby shower necklace design;0
baby shower nails design pink;0
nail design for baby shower boys;0
baby shower mehndi design new;0
neutral baby shower design;0
baby shower design onesies;0
baby shower onesie design;0
baby shower outfits design;0
free online baby shower invitations design;0
baby shower press on nails design;0
outdoor baby shower design;0
olive green baby shower cake design;0
baby shower oti rumal painting design;0
baby shower oti rumal design;0
baby shower design png;0
baby shower design poster;0
baby shower design photo;0
baby shower mehndi design pakistani;0
baby shower placemat design;0
rainbow baby shower invitations design;0
baby shower return gift bag design;0
baby shower rangoli design simple;0
baby shower rakhi design;0
baby shower rakhi design silver;0
baby shower malai design rose;0
baby shower ready rangoli design;0
baby shower cake design rectangle;0
baby shower round design;0
rubber ducky baby shower cake design ideas;0
baby shower design simple;0
baby shower design sketch;0
baby shower design saree;0
baby shower design shirt;0
baby shower design table;0
baby shower design tamil;0
baby shower design theme;0
baby shower design traditional;0
baby shower design tracing;0
baby shower boy table design;0
baby shower tag design;0
baby shower aari design tracing;0
baby shower banner design tamil;0
baby shower mehendi design unique;0
baby shower blouse design unique;0
unique baby shower design;0
unique baby shower cake design;0
unisex baby shower cake design;0
unique baby shower mehandi design;0
baby shower start up design;0
baby shower dupatta design unique;0
baby shower invitation cards design unique;0
baby shower unique mehndi design;0
baby shower design video;0
baby shower invitations design video;0
baby shower vector design;0
baby shower invitation card background design video;0
baby shower invitation card design video;0
baby shower mehandi design video;0
baby shower henna design video;0
baby shower nails design video;0
vintage baby shower design;0
baby shower aari work simple design;0
welcome board baby shower design;0
baby shower welcome standee design;0
baby shower are you work blouse design;0
baby shower website design;0
baby shower hand work blouse design;0
baby shower writing design;0
baby shower chocolate wrapper design;0
baby shower cake design white;0
thank you card baby shower design;0
baby shower are you work design;0
baby shower cake design yellow;0
baby shower thank you cards design;0
baby shower cake designs 1 tier;0
baby shower cake designs 1 pound;0
1/2 kg baby shower cake design;0
baby shower cake designs simple 1 tier;0
baby shower 12x36 album design;0
baby shower album design 12x36 psd;0
baby shower album design 12x18;0
baby shower cake design 1kg;0
baby shower theme cake design 1kg;0
baby shower album design 16x24;0
baby shower 2 tier cake designs;0
baby shower cake designs simple 2 tier;0
baby shower cake designs 2 kg;0
baby shower cake designs 2 layer;0
baby shower mehndi design 2026;0
baby shower cake design 2kg;0
baby shower album design 24x16;0
baby shower cake design 2 layer;0
baby shower cake design 2026;0
baby shower mehendi designs 3/4;0
baby shower cake design 3 tier;0
5 month baby shower mehandi design;0
5th month baby shower mehandi design;0
baby shower backdrop design6/6;0
baby shower album design 8x24;0
baby shower celebration video;0
baby shower celebration with friends;0
baby shower celebration india;0
baby shower celebration captions;0
baby shower celebrations;0
baby shower celebration invitation;0
baby shower celebration ideas at home;0
baby shower celebration at home;0
baby shower celebration photos;0
baby shower celebration cake;0
dohalejevan indian baby shower pregnant mother child celebration;0
baby shower celebration poster;0
black and white baby shower theme ideas for a cohesive celebration;0
baby shower celebration snap;0
ideas for welcome baby shower sign for outdoor celebrations;0
baby shower celebration image;0
creative baby shower themes for a stunning celebration;0
baby shower celebration decoration;0
baby shower family celebration;0
indian baby shower celebration;0
baby shower celebration photography;0
baby shower party decorations boys;0
baby shower party decorations at home;0
baby shower party decorations outdoor;0
baby shower party decorations indian;0
garden tea party baby shower decorations;0
baby shower decorations girl tea party;0
royal baby shower theme girl decoration princess party;0
tea party theme baby shower decor;0
baby shower party girl decor;0
baby shower tea party table decor;0
pajama party baby shower decor;0
pool party baby shower decor;0
tea party baby shower decor ideas;0
baby shower dinner party decor;0
butterfly baby shower ideas centerpieces party tables decor;0
baby shower cocktail party decor;0
garden party baby shower table decor;0
baby shower decor garden party;0
baby shower garden party decor ideas;0
baby shower party tent decor;0
pizza party baby shower table decor;0
winnie the pooh baby shower party decor;0
vintage tea party baby shower decor;0
yea party baby shower decor;0
baby shower decorations diy at home;0
baby shower decorations diy balloon arch;0
baby shower decorations diy indian;0
baby shower decorations diy ideas;0
baby shower decorations diy simple;0
safari baby shower boy decorations diy diaper cakes;0
diy cheap baby shower decorations;0
pumpkin baby shower decorations diy;0
diy baby shower safari decorations;0
diy whinny the pooh baby shower decorations;0
diy baby shower decorations at home girl;0
simple baby shower decorations at home diy;0
airplane baby shower decorations diy;0
diy baby shower decorations at home simple ideas;0
diy baby shower decorations at home indian;0
diy baby shower decorations at home classy;0
easy diy baby shower decorations at home diy;0
diy farm animal baby shower decorations;0
hot air balloon baby shower decorations diy;0
winnie the pooh baby shower decorations diy center pieces;0
diy baby shower crafts decorations;0
diy baby shower decorations boy cheap centerpieces;0
classic winnie the pooh baby shower diy decorations;0
diy cow baby shower decorations;0
diy cowgirl baby shower decorations;0
elephant decorations for baby shower diy;0
baby shower ideas for girls decorations homemade easy diy;0
easy diy baby shower decorations centerpieces;0
easy diy baby shower decorations how to make;0
diy baby shower decorations elephants;0
easy diy baby shower decorations boy ideas;0
easy diy winnie the pooh baby shower decorations;0
easy diy baby shower table decorations;0
easy baby shower decorations boy diy decorating ideas;0
easy diy baby shower decorations girl;0
baby shower for boys decorations diy;0
baby shower decorations for boys diy decorating ideas;0
diy woodland baby shower decorations free printable;0
diaper decorations for baby shower diy;0
diy floral baby shower decorations;0
idea for baby shower decorations diy decorating;0
diy baby shower fall decorations;0
dinosaur baby shower ideas for boys decorations diy;0
diy baby shower decorations flowers;0
diy balloon decorations for baby shower backdrop ideas;0
diy baby shower decorations girl homemade gift ideas;0
diy garden baby shower decorations;0
diy locally grown baby shower decorations;0
diy baby shower gift decorations;0
diy baby shower decorations green;0
diy baby shower decorations girl cheap;0
diy baby shower decorations goose;0
diy golf baby shower decorations;0
gender reveal party decorations diy baby shower centerpieces;0
diy baby shower decorations halloween;0
diy honey bee baby shower decorations;0
baby shower decorations home diy;0
diy baby shower decorations india;0
baby in bloom shower ideas decorations diy;0
diy safari decorations baby shower ideas;0
star wars baby shower ideas decorations diy;0
diy strawberry baby shower decorations idea;0
safari baby shower boy decorations diy jungle theme balloons;0
safari baby shower boy decorations diy jungle theme di;0
little pumpkin baby shower decorations diy;0
floral baby shower decorations diy flower letters;0
mickey mouse baby shower decorations diy;0
baby shower diy decorations craft ideas how to make;0
diy mexican baby shower decorations;0
diy baby shower name decorations;0
baby shower diy decorations craft ideas gender neutral;0
diy nightmare before christmas baby shower decorations;0
diy ocean baby shower decorations;0
baby shower safari;0
diy baby shower decorations on a budget;0
diy princess baby shower decorations;0
diy teddy bear baby shower decorations;0
diy unicorn baby shower decorations;0
safari baby shower appetizers;0
safari baby shower boy;0
safari baby shower boy cake;0
safari baby shower cake;0
safari baby shower centerpieces;0
safari baby shower cookies;0
safari baby shower decorations;0
safari baby shower food ideas;0
safari baby shower girl;0
safari baby shower ideas;0
safari baby shower backdrop;0
safari baby shower balloon arch;0
safari baby shower banner;0
safari baby shower cake ideas;0
safari baby shower cake pops;0
safari baby shower cake topper;0
safari baby shower centerpiece ideas;0
safari baby shower cupcakes;0
safari baby shower decorations diy;0
safari baby shower diaper cake;0
safari baby shower favor ideas;0
safari baby shower favors;0
safari baby shower food;0
safari baby shower food table;0
safari baby shower for girl;0
safari baby shower games;0
safari baby shower gifts;0
safari baby shower girl decorations;0
safari baby shower invitations;0
safari baby shower invitations template;0
safari baby shower menu ideas;0
safari baby shower napkins;0
safari baby shower outfit;0
safari baby shower party favors;0
safari baby shower poster;0
safari baby shower printables;0
safari baby shower prizes;0
safari baby shower punch;0
safari baby shower sash;0
safari baby shower sheet cake;0
safari baby shower shirts;0
safari baby shower sign;0
safari baby shower sugar cookies;0
safari baby shower table centerpieces;0
safari baby shower table set up;0
safari baby shower treats;0
safari baby shower welcome sign;0
safari baby shower word search;0
baby shower decorations unicorn;0
farm animal baby shower cookies;0
farm animals baby shower theme;0
farm baby shower boy;0
farm baby shower cake;0
farm baby shower centerpieces;0
farm baby shower decor;0
farm baby shower decorations;0
farm baby shower ideas;0
farm baby shower theme;0
farm themed baby shower cakes;0
fishing baby shower backdrop;0
fishing baby shower banner;0
fishing baby shower cake;0
fishing baby shower cookies;0
fishing baby shower decorations;0
fishing baby shower food ideas;0
fishing baby shower games;0
fishing baby shower ideas;0
fishing baby shower invitations;0
fishing baby shower invite;0
fishing baby shower theme;0
fishing theme baby shower decorations;0
fishing themed baby shower cake;0
fishing themed baby shower games;0
fishing themed baby shower invitations;0
safari baby shower thank you cards;0
unicorn baby shower backdrop;0
unicorn baby shower banner;0
unicorn baby shower cake;0
unicorn baby shower cake ideas;0
unicorn baby shower centerpieces;0
unicorn baby shower cookies;0
unicorn baby shower cupcakes;0
unicorn baby shower decor;0
unicorn baby shower decorations;0
unicorn baby shower games;0
unicorn baby shower gift ideas;0
unicorn baby shower gifts;0
unicorn baby shower ideas;0
unicorn baby shower invitations;0
unicorn baby shower party favors;0
unicorn baby shower theme;0
unicorn baby shower treats;0
unicorn themed baby shower ideas;0
diy baby shower decorations outdoor;0
oh deer baby shower boy decorations diy;0
diy baby on board baby shower decorations;0
diy ocean-themed baby shower decorations;0
diy baby shower decorations outside;0
diy baby shower decorations printable;0
diy pastel baby shower decorations;0
diy baby shower decorations paper;0
winnie the pooh diy baby shower decorations;0
diy rainbow baby shower decorations;0
diy baby shower decorations traditional;0
diy wilderness-themed baby shower decorations;0
diy baby shower table decorations;0
bee themed baby shower decorations diy;0
winnie the pooh baby shower table decorations diy;0
diy baby shower decorations winter;0
diy western baby shower decorations;0
diy star wars baby shower decorations;0
diy baby shower decorations with cricut;0
teddy bear baby shower theme inspiration;0
baby shower decor ideas for boys;0
baby shower decor ideas for girl;0
baby shower decor ideas without balloons;0
baby shower decor ideas minimal;0
baby shower decor ideas outdoor;0
little sprout baby shower decor ideas;0
lilo and stitch baby shower ideas decor;0
baby shower entrance decor cute ideas;0
baby shower and gender reveal decor ideas;0
cowboy themed baby shower decor ideas;0
boy baby shower ideas decor;0
baby shower decor ideas at home simple;0
baby shower decor ideas aesthetic;0
baby shower decor ideas at restaurant;0
baby shower decor ideas at cafe;0
apple of our eye baby shower decor ideas;0
blue and white baby shower decor ideas;0
baby shower ideas and decor;0
a baby is brewing baby shower ideas table decor;0
pink and blue baby shower decor ideas;0
baby shower decor ideas blue;0
baby shower decor ideas backdrop;0
baby shower decor ideas brown;0
baby shower decor ideas baby in bloom;0
baby shower decor ideas bear;0
baby shower decor ideas bear theme;0
coffee baby shower ideas decor;0
baby shower chair decor ideas;0
christmas baby shower decor ideas;0
cute baby shower ideas decor;0
baby shower cart decor ideas;0
baby it’s cold outside baby shower decor ideas;0
baby is brewing shower ideas coffee decor;0
baby shower cheap decor ideas;0
baby shower decor ideas diy;0
baby shower decor ideas easy;0
baby shower decor ideas elegant;0
elegant boy baby shower decor ideas;0
personalized baby shower entrance decor ideas;0
baby shower entrance decor ideas;0
baby shower event decor ideas;0
baby shower decor ideas for a boy;0
baby shower decor ideas for twins;0
baby shower decor ideas flower;0
baby shower decor ideas for home;0
baby shower decor ideas floral;0
baby shower decor ideas fall;0
baby shower decor ideas for baby boy;0
baby shower decor ideas for table;0
forest themed baby shower ideas decor;0
decor ideas for baby shower indian;0
baby shower decor ideas green;0
baby shower decor ideas gender neutral;0
baby shower gift decor ideas;0
pink white gold baby shower decor backdrop ideas;0
little pumpkin baby shower ideas girl decor;0
baby shower decor ideas sage green;0
winnie the pooh baby shower ideas girl table decor;0
baby shower decor ideas handmade;0
baby shower decor ideas home;0
simple baby shower decor ideas at home;0
baby shower home decor ideas india;0
baby shower house decor ideas;0
baby shower hostess gift ideas for home decor;0
here comes the sun baby shower decor ideas;0
harry potter baby shower decor ideas;0
highland cow baby shower decor ideas;0
baby shower decor at home ideas;0
baby shower decor ideas indoor;0
baby shower decor ideas in home;0
baby shower decor ideas in hall;0
baby shower decor ideas indian style;0
baby shower decor ideas in india;0
baby shower decor ideas in lawn;0
budget-friendly space jam baby shower decor ideas;0
jungle safari baby shower ideas decor;0
blue jean baby shower decor ideas;0
june baby shower ideas decor;0
lion king baby shower decor ideas;0
hello kitty baby shower decor ideas;0
little pumpkin baby shower ideas boy decor;0
low budget baby shower decor ideas;0
little prince mickey mouse baby shower decor ideas;0
last minute baby shower ideas decor;0
locally grown baby shower ideas decor;0
locally grown baby shower theme decor ideas;0
little pumpkin baby shower decor ideas;0
marathi baby shower decor ideas;0
baby shower mantle decor ideas;0
over the moon baby shower ideas girl decor;0
mother goose baby shower decor ideas;0
minimalist baby shower table decor ideas;0
farmers market baby shower decor ideas;0
over the moon baby shower ideas boy decor;0
minimalist modern baby shower decor ideas;0
baby shower decor ideas no balloons;0
navy blue baby shower ideas boys decor;0
baby shower decor ideas neutral color schemes;0
gender-neutral baby shower table decor ideas;0
november baby shower ideas girl decor;0
disney themed baby shower ideas gender neutral decor;0
winnie the pooh baby shower ideas neutral decor;0
new baby shower decor ideas;0
baby shower decor ideas outside;0
baby shower decor ideas on a budget;0
office baby shower decor ideas;0
oh baby shower decor ideas;0
small office baby shower ideas decor;0
october baby shower decor ideas;0
she’s the cherry on top baby shower decor ideas;0
baby shower decor ideas purple;0
baby shower decor ideas pink;0
baby shower decor ideas pink and blue;0
pink pumpkin baby shower decor ideas;0
park baby shower decor ideas;0
prince themed baby shower ideas decor;0
rustic boy baby shower decor ideas;0
rainbow baby shower decor ideas;0
restaurant baby shower decor ideas;0
simple baby shower decor ideas rustic;0
rustic baby shower decor ideas;0
she's ready to pop baby shower decor ideas;0
round table baby shower decor ideas;0
rustic baby shower ideas for girls decor table runners;0
baby shower decor ideas simple at home;0
baby shower decor ideas south indian;0
baby shower decor ideas safari;0
baby shower decor ideas table;0
baby shower decor ideas twins;0
baby shower decor ideas unique;0
baby shower umbrella decor ideas;0
baby shower decor set up ideas;0
under the sea baby shower ideas decor;0
unisex baby shower decor ideas;0
baby shower venue decor ideas;0
it takes a village baby shower decor ideas;0
baby shower decor ideas with flowers;0
baby shower decor ideas winter;0
baby shower decor ideas with balloons;0
baby shower decor ideas winnie the pooh;0
work baby shower decor ideas;0
whimsical baby shower table decor ideas;0
baby shower decor ideas yellow;0
you are my sunshine baby shower decor ideas;0
sea you soon baby shower decor ideas;0
baby shower ideas planning;0
safari baby shower boy centerpieces;0
safari baby shower boy decorations;0
baby shower niño safari;0
invitación baby shower de niño safari;0
blue toile safari baby shower cake;0
decoracion baby shower niño safari azul;0
pastel para baby shower tema safari;0
safari baby shower backdrop ideas;0
tortas de baby shower temática safari;0
safari baby shower arch backdrop;0
safari baby shower arch;0
safari baby shower animals;0
safari baby shower activities;0
safari baby shower azul;0
safari baby shower aesthetic;0
safari baby shower attire;0
safari baby shower at home;0
safari animals baby shower invitations;0
safari baby shower boy ideas;0
safari baby shower boy invitations;0
safari baby shower boy dessert tables;0
safari baby shower cookies decorated;0
safari baby shower centerpieces diy;0
safari baby shower cake boy;0
safari baby shower cake girl;0
safari baby shower decor;0
safari baby shower desserts;0
safari baby shower dress;0
safari baby shower dessert table;0
safari baby shower dress idea;0
safari baby shower decor ideas;0
safari baby shower drinks;0
safari baby shower diy;0
safari baby shower entrance;0
safari baby shower elegant;0
safari baby shower entry table;0
safari baby shower entrance sign;0
safari baby shower etiquetas;0
etiqueta baby shower safari;0
tarjetas baby shower safari para editar;0
etiqueta redonda baby shower safari;0
baby shower safari elegante;0
entrada baby shower safari;0
letrero de baby shower para entrada safari;0
vestido para embarazada baby shower safari;0
safari baby shower favors for guests;0
safari baby shower flyer;0
safari baby shower flowers;0
safari baby shower food table decor;0
safari baby shower fruit trays;0
safari baby shower flower centerpieces;0
safari baby shower gift basket;0
safari baby shower girl table set up;0
safari baby shower girl centerpieces;0
safari baby shower girl cake;0
safari baby shower girl cookies;0
safari baby shower gender neutral;0
safari baby shower guest outfit;0
safari baby shower games printable;0
safari baby shower head table;0
safari baby shower hot air balloon;0
decoración safari baby shower hombre sencillo;0
baby shower hombre safari;0
centros de mesa safari baby shower hombre;0
decoración safari baby shower hombre;0
centro de mesas baby shower safari hombre;0
safari baby shower ideas for boys;0
safari baby shower invite;0
safari baby shower ideas girl;0
safari baby shower ideas decoration;0
safari baby shower ideas centerpieces;0
safari baby shower ideas food;0
safari baby shower images;0
safari baby shower ideas boy;0
safari baby shower invite template;0
safari baby shower juegos;0
safari baby shower jeep;0
juegos para baby shower divertidos imprimibles de safari;0
jungle safari baby shower food ideas;0
baby shower ideas decoracion boys jungle safari;0
juegos baby shower de safari;0
juegos baby shower divertidos imprimir safari;0
juegos de mesa baby shower safari;0
safari baby shower keepsake;0
safari baby shower rice krispies;0
safari baby shower boy una fiesta bonita/ kits imprimibles para fiestas y cursos online;0
safari baby shower rice krispy treats;0
lion king safari baby shower cake;0
lion king safari baby shower ideas;0
boy baby shower themes safari disney lion king;0
safari baby shower leon;0
safari baby shower luxury;0
sopa de letras para baby shower varon safari;0
bienvenido a mi baby shower letrero safari;0
lona baby shower safari;0
bienvenida baby shower letrero safari;0
sopa de letras baby shower safari;0
letrero de bienvenida para baby shower safari;0
baby shower letra safari;0
safari baby shower mom outfit;0
safari baby shower maternity dress;0
safari baby shower macarons;0
safari baby shower makeup;0
safari baby shower mood board;0
centro mesas baby shower safari;0
mesa de regalos baby shower safari;0
mesa de dulces para baby shower de safari;0
baby shower mickey safari decoracion;0
vestido mama baby shower safari;0
safari baby shower nails;0
safari baby shower niña;0
safari baby shower nail ideas;0
safari baby shower neutral;0
safari baby shower nails boy;0
safari baby shower no balloons;0
safari baby shower outfit for mom;0
safari baby shower outfit guest;0
safari baby shower outfit women;0
safari baby shower outfit for dad;0
safari baby shower outfit ideas;0
safari baby shower outside;0
safari baby shower oreos;0
safari baby shower outdoor;0
safari baby shower outfit for guest;0
safari baby shower on a budget;0
safari baby shower painted banner;0
safari baby shower photo backdrop;0
safari baby shower party favor ideas;0
safari baby shower pretzel rods;0
safari baby shower png;0
safari baby shower parents table;0
safari baby shower pretzels;0
queques baby shower safari;0
queques para baby shower safari;0
quequitos baby shower safari;0
queque baby shower safari niña;0
queque safari baby shower niño;0
queque baby shower boys safari;0
safari baby shower royal icing cookies;0
safari baby shower recuerdos;0
safari baby shower round table decor;0
safari baby shower room;0
recuerdos para baby shower niña safari;0
regalo baby shower ideas safari;0
rotulo de bienvenida baby shower safari;0
velas para baby shower recuerdo de safari;0
safari baby shower stickers;0
safari baby shower snacks;0
safari baby shower snack table;0
safari baby shower sweet table;0
safari baby shower souvenirs;0
safari baby shower set up;0
safari baby shower sugar cookies boy;0
safari baby shower table decor;0
safari baby shower treats ideas;0
safari baby shower table setting;0
safari baby shower table;0
safari baby shower treat table;0
safari baby shower thank you gifts;0
decoración baby shower unisex safari;0
uñas baby shower safari;0
baby shower unisex ideas safari;0
uñas para baby shower safari;0
uñas baby shower boy safari;0
safari baby shower boy set up;0
baby shower safari vestimenta;0
safari baby shower boy veggie tray;0
velitas baby shower safari;0
temas baby shower varon safari;0
ideas de baby shower varon safari;0
baby shower safari varon;0
recordatorios baby shower velas safari;0
safari baby shower wallpaper;0
safari baby shower welcome sign template;0
safari baby shower with blue;0
safari baby shower welcome sign diy;0
safari baby shower without balloons;0
safari baby shower wall decor;0
safari baby shower word scramble;0
safari baby shower welcome board;0
safari baby shower welcome;0
safari baby shower yellow;0
baby shower thank you gifts safari;0
safari baby shower thank you gifts for guests;0
safari baby shower thank you;0
safari baby shower boy invitations thank you cards;0
baby shower safari niña y niño;0
safari baby shower boy thank you gifts;0
safari baby shower thank you tags;0
safari baby shower thank you favors;0
safari baby shower zebra cakes;0
safari baby shower cake 1 tier;0
safari baby shower cake 2 tier;0
baby shower safari 2026;0
safari baby shower cake 3 tier;0
unicorn baby shower theme decoration;0
unicorn baby shower theme centerpieces;0
unicorn baby shower theme girl;0
unicorn baby shower theme boy;0
unicorn baby shower theme cake;0
girl unicorn baby shower ideas;0
rainbow unicorn baby shower ideas;0
baby unicorn baby shower theme;0
pink unicorn baby shower theme;0
rainbow and unicorn baby shower ideas;0
unicorn baby shower cookies decorated;0
unicorn theme baby shower decorations;0
unicorn baby shower theme decoration diy;0
unicorn baby shower theme food items;0
baby shower themes girl unicorn;0
unicorn baby shower theme invitations;0
baby shower invitation unicorn;0
pastel unicorn baby shower ideas;0
purple unicorn baby shower theme;0
pastel unicorn baby shower theme;0
unicorn rainbow baby shower theme;0
fishing baby shower food;0
fishing baby shower theme decorations;0
fishing baby shower centerpieces;0
fishing baby shower theme food;0
fishing baby shower gift;0
baby boy baby shower fishing theme;0
fishing baby girl shower theme;0
fishing theme baby shower balloon arch;0
fishing theme baby shower basket;0
baby shower fishing decorations;0
fishing baby shower theme outfit;0
baby shower fishing boat;0
fishing baby shower themed;0
boy baby shower fishing;0
baby shower fishing banner;0
fly fishing baby shower cookies;0
fishing baby shower arch;0
camping and fishing baby shower theme;0
fishing baby shower balloon arch;0
hunting and fishing baby shower theme decor;0
hunting and fishing baby shower cake;0
baby shower fishing theme decorations its a boy;0
fishing and hunting baby shower theme;0
hunting and fishing baby shower cookies;0
hunting and fishing baby shower decor;0
fishing baby shower boy;0
fishing baby shower basket;0
fishing baby shower background;0
fishing baby shower balloons;0
fishing baby shower balloon garland;0
fishing baby shower cupcakes;0
fishing baby shower cakes for boys;0
fishing baby shower cookies decorated;0
fishing baby shower cake ideas;0
fishing baby shower cake pops;0
fishing baby shower cookie cake;0
fishing theme baby shower cookies;0
fishing baby shower decor;0
fishing baby shower desserts;0
fishing baby shower decor ideas;0
fishing baby shower diy;0
fishing baby shower dessert table;0
fishing baby shower diaper cake;0
fishing baby shower drinks;0
fishing baby shower dress;0
fishing themed baby shower decor;0
fishing baby shower favors;0
fishing baby shower for girl;0
fishing baby shower gift basket;0
fishing baby shower gift ideas;0
fishing baby shower game ideas;0
fishing baby shower guest book;0
fishing themed baby shower gift;0
baby shower game fishing;0
fishing baby shower thank you gifts;0
hunting fishing baby shower theme;0
fishing hunting baby shower ideas;0
boy baby shower hunting fishing;0
hunting fishing baby shower cookies;0
hunting fishing baby shower cake;0
fishing baby shower ideas for boys;0
fishing baby shower ideas themes;0
fishing baby shower ideas girl;0
fishing themed baby shower invite;0
bass fishing baby shower ideas;0
fishing baby shower nails;0
gender neutral baby shower ideas fishing;0
fishing baby shower theme gender neutral;0
fishing baby shower outfit;0
fishing baby shower painted banner;0
fishing baby shower party favors;0
fishing baby shower prizes;0
fishing baby shower punch;0
fishing baby shower poster;0
baby shower party favors fishing theme;0
fishing pacifier baby shower game;0
fishing baby shower center piece;0
baby shower games pacifier fishing;0
fishing themed baby shower party favors;0
fishing pole baby shower game;0
rustic fishing baby shower theme;0
fishing baby shower sign;0
fishing baby shower sheet cake;0
fishing baby shower sugar cookies;0
fishing baby shower snacks;0
fishing baby shower sweets;0
fishing baby shower theme girl;0
fishing baby shower theme cake;0
fishing baby shower table decor;0
fishing baby shower theme centerpieces;0
fishing baby shower table decorations;0
fishing baby shower theme games;0
fishing baby shower treats;0
vintage fishing baby shower theme;0
vintage fishing baby shower cookies;0
vintage fishing baby shower decor;0
fishing baby shower welcome sign;0
baby shower welcome sign fishing theme;0
fishing baby shower thank you;0
farm baby shower food;0
farm baby shower cookies;0
farm baby shower games;0
farm baby shower theme decorations;0
farm baby shower banner;0
farm baby shower theme food;0
farm fresh baby shower ideas;0
farm baby shower theme gender neutral;0
farm theme baby shower party favors;0
baby farm animals shower decorations;0
farm baby shower desserts;0
farm baby shower cake boys;0
baby shower boy theme farm;0
farm boy baby shower cake;0
farm baby shower aesthetic;0
farm baby shower activities;0
farm animal baby shower sugar cookies;0
farm animal baby shower game;0
farm baby shower backdrop;0
farm baby shower balloon arch;0
farm baby shower favors;0
farm baby shower food ideas;0
farm baby shower girl;0
farm baby shower invitations;0
floral baby shower backdrop;0
floral baby shower banner;0
floral baby shower boy;0
floral baby shower cake;0
floral baby shower centerpieces;0
floral baby shower cookies;0
floral baby shower cupcakes;0
floral baby shower decor;0
floral baby shower decorations;0
floral baby shower dress;0
floral baby shower favors;0
floral baby shower games;0
floral baby shower ideas;0
floral baby shower invitations;0
floral baby shower theme;0
pink floral baby shower decorations;0
floral baby shower guest book;0
floral baby shower invitations template;0
floral baby shower napkins;0
floral baby shower plates;0
floral baby shower sheet cake;0
garden baby shower boy;0
garden baby shower cake;0
garden baby shower decorations;0
garden baby shower ideas;0
garden baby shower invitations;0
garden baby shower theme;0
garden themed baby shower invitations;0
butterfly baby shower backdrop;0
butterfly baby shower cake;0
butterfly baby shower cake ideas;0
butterfly baby shower centerpiece ideas;0
butterfly baby shower centerpieces;0
butterfly baby shower cookies;0
butterfly baby shower cupcakes;0
butterfly baby shower decor;0
butterfly baby shower decoration ideas;0
butterfly baby shower decorations;0
butterfly baby shower dress;0
butterfly baby shower evite;0
butterfly baby shower favors;0
butterfly baby shower ideas;0
butterfly baby shower invitations;0
butterfly baby shower theme;0
butterfly baby shower treats;0
enchanted garden baby shower ideas;0
garden baby shower favors;0
garden baby shower games;0
garden baby shower girl;0
pink and purple butterfly baby shower decorations;0
rose garden baby shower theme;0
farm baby shower basket;0
farm baby shower balloons;0
farm baby shower background;0
farm baby shower brunch;0
farm baby shower cupcakes;0
farm baby shower centerpiece ideas;0
farm baby shower cookies decorated;0
farm baby shower cake girl;0
farm baby shower cake ideas;0
farm baby shower charcuterie;0
farm baby shower cake topper;0
farm baby shower dress;0
farm baby shower dessert table;0
farm baby shower drinks;0
farm baby shower diy;0
farm baby shower decoration ideas;0
baby shower farm theme decoration;0
elegant farm baby shower ideas;0
farm baby shower favor ideas;0
farm baby shower flowers;0
farm baby shower for girl;0
farm baby shower food table;0
farm baby shower for boy;0
farm baby shower gift basket;0
farm baby shower gift ideas;0
farm baby shower gifts;0
farm baby shower guest outfit;0
farm baby shower guest book ideas;0
girl farm baby shower cookies;0
farm theme baby shower girl;0
girl baby shower ideas farm;0
farm theme baby shower gift basket;0
old mcdonald had a farm baby shower ideas;0
farm baby shower invite;0
farm baby shower ideas for boys;0
farm baby shower ideas girl;0
farm baby shower ideas decoration;0
farm baby shower invitation template;0
farm baby shower ideas boy;0
farm baby shower ideas food;0
farm stand baby shower invites;0
locally grown baby shower farm stand;0
little farm baby shower theme;0
locally grown farm baby shower theme;0
farm baby shower outfit for mom;0
farm-to-table baby shower brunch menu ideas;0
farm market baby shower ideas;0
farm-to-table baby shower menu ideas;0
modern farm baby shower theme;0
baby shower outfits for mom farm theme;0
farm baby shower nails;0
farm baby shower neutral;0
gender neutral farm baby shower ideas;0
gender neutral baby shower ideas farm animals;0
gender-neutral farm baby shower decorations;0
baby shower nails boy farm;0
baby shower niño farm;0
neutral baby shower ideas farm;0
gender neutral baby shower themes farm;0
farm animal baby shower theme gender neutral;0
farm baby shower outfit;0
farm baby shower outfit guest;0
baby shower on farm;0
oh boy farm baby shower ideas;0
farm theme baby shower outfit;0
outdoor farm baby shower ideas;0
baby shower on the farm;0
fall farm baby shower outfit;0
farm themed baby shower ideas decoration outdoor;0
on the farm baby shower theme;0
farm baby shower painted banner;0
farm baby shower party favors;0
farm baby shower poster;0
farm baby shower prizes;0
farm animal baby shower painted banner;0
pink farm baby shower theme;0
pink farm baby shower decorations;0
baby shower photo backdrop farm;0
barn baby shower ideas farm party;0
rustic farm baby shower ideas for boys;0
farm-to-table baby shower brunch recipes;0
rustic farm baby shower centerpiece;0
rustic farm baby shower theme;0
rustic farm-themed baby shower ideas;0
rustic farm baby shower ideas;0
rustic farm baby shower cake;0
farm baby shower sign;0
farm baby shower snacks;0
farm baby shower sugar cookies;0
farm baby shower sheet cake;0
farm baby shower stickers;0
farm baby shower theme girl;0
farm baby shower theme boys;0
farm baby shower theme girl decor;0
farm baby shower theme centerpieces;0
farm baby shower table decor;0
farm baby shower treats;0
farm baby shower theme boys decor;0
farm baby shower theme cookies;0
vintage farm baby shower ideas;0
vintage farm baby shower theme;0
farm baby shower welcome sign;0
wildflower farm baby shower theme;0
baby shower welcome sign farm theme;0
farm animal baby shower welcome sign;0
baby shower cakes with farm animals;0
farm yard baby shower ideas;0
farm yard baby shower theme;0
farm baby shower thank you gifts;0
floral baby shower nails;0
floral baby shower outfit;0
pink floral baby shower ideas;0
baby shower floral arrangements girl;0
pink baby shower floral centerpieces;0
baby shower girl theme floral;0
blue and white floral baby shower cake;0
blush pink floral baby shower cake;0
floral baby shower decorations boy;0
yellow floral baby shower dress;0
baby shower cookies floral theme;0
baby shower floral party favors;0
floral baby shower arch;0
floral baby shower activities;0
floral baby shower aesthetic;0
floral baby shower arrangements;0
floral baby shower at home;0
floral baby shower activity;0
floral baby shower attire;0
pink and gray floral baby shower ideas;0
pink and green baby shower floral;0
floral and bows baby shower theme;0
floral baby shower basket;0
floral baby shower background;0
floral baby shower balloon arch;0
floral baby shower backdrop ideas;0
floral baby shower balloons;0
floral baby shower brunch;0
floral baby shower blue;0
floral baby shower biscuits;0
floral baby shower backdrop diy;0
floral baby shower cake ideas;0
floral baby shower centerpiece ideas;0
floral baby shower cookies decorated;0
floral baby shower cookies for girl;0
floral baby shower cake pops;0
floral baby shower cake girl;0
floral baby shower cookies for boy;0
floral baby shower cupcakes girl;0
floral baby shower dress for mom;0
floral baby shower decorations ideas;0
floral baby shower desserts;0
floral baby shower dress guest;0
floral baby shower dress code;0
floral baby shower dessert table;0
floral baby shower decorations table;0
floral baby shower decor ideas;0
floral baby shower entrance sign;0
floral elephant baby shower cookies;0
elegant floral baby shower ideas;0
fun floral baby shower games for guests to enjoy;0
easy floral baby shower diy ideas;0
baby shower entrance decor floral;0
elegant floral baby shower decorations;0
elegant baby shower floral arrangement ideas;0
floral elephant baby shower theme;0
floral baby shower food;0
floral baby shower food ideas;0
floral baby shower food table;0
floral baby shower favor ideas;0
floral baby shower for boy;0
floral baby shower for girl;0
floral baby shower fall;0
floral baby shower fruit tray;0
floral baby shower flowers;0
floral baby shower girl;0
floral baby shower guest outfit;0
floral baby shower gift ideas;0
floral baby shower gifts;0
floral baby shower guest dress;0
floral baby shower game ideas;0
floral baby shower girl theme;0
floral baby shower gift basket;0
floral baby shower gender neutral;0
floral baby shower girl cake;0
baby shower floral hairstyles;0
baby shower high chair floral;0
floral baby shower ideas at home;0
baby shower floral centerpieces white hydrangeas;0
baby shower floral hoop;0
baby shower floral hair;0
floral highland cow baby shower cookies;0
baby shower floral centerpieces for boys blue hydrangea;0
here comes the son baby shower floral;0
baby shower floral headpiece;0
baby shower head wreath floral crowns;0
floral baby shower invite;0
floral baby shower ideas decoration;0
floral baby shower ideas girl;0
floral baby shower ideas boy;0
floral baby shower ideas decoration diy;0
floral baby shower ideas minimal;0
floral baby shower invitation ideas;0
floral baby shower ideas centerpieces;0
floral baby shower ideas food;0
floral baby shower jewellery;0
baby shower jewelry floral;0
baby shower floral jewellery ideas;0
floral jewellery for baby shower green saree;0
baby shower floral jewelry indian;0
floral jewellery for baby shower diy;0
baby shower floral jewellery look;0
baby shower real floral jewellery;0
baby shower jwellery floral;0
ralph lauren baby shower floral arrangements;0
little cutie baby shower floral centerpieces;0
ralph lauren baby shower floral;0
baby shower floral look;0
light pink floral baby shower decor;0
long floral baby shower dress;0
twinkle little star baby shower floral centerpieces;0
locally grown floral baby shower theme;0
floral baby shower mehndi;0
floral baby shower mehndi designs;0
floral baby shower mood board;0
floral baby shower maternity dress;0
floral baby shower mantle;0
baby shower floral mehendi;0
over the moon baby shower floral;0
moody floral baby shower ideas;0
baby shower floral mehendi designs;0
pink floral baby shower dress for mom;0
modern floral baby shower ideas;0
floral baby shower nails girl;0
floral baby shower neutral;0
baby shower floral niño;0
neutral baby shower cake floral;0
baby shower niña decoracion floral;0
baby shower niña tematica floral;0
baby shower nails boy floral;0
baby shower floral centerpieces neutral;0
baby shower nails pink floral;0
baby shower de niña floral;0
floral baby shower outfit guest;0
floral baby shower outfit ideas;0
floral baby shower outfits for mom;0
floral baby shower outside;0
floral baby shower on a budget;0
floral baby shower outfit for guest;0
floral baby shower outdoor;0
outdoor floral baby shower ideas;0
orange floral baby shower dress;0
floral baby shower painted banner;0
floral baby shower party favors;0
floral baby shower photo backdrop;0
floral baby shower pink;0
floral baby shower party favor ideas;0
floral baby shower prizes;0
floral baby shower photo booth ideas;0
floral baby shower picnic;0
floral baby shower poster;0
floral baby shower pretzel rods;0
floral baby shower place setting;0
floral baby shower royal icing cookies;0
floral baby shower rustic;0
red floral baby shower ideas;0
recuerdos baby shower floral;0
baby shower floral table runners;0
rustic floral baby shower cake;0
rustic floral baby shower ideas;0
floral baby shower centerpieces pink roses;0
floral baby shower drink recipes;0
floral baby shower sign;0
floral baby shower sugar cookies;0
floral baby shower simple;0
floral baby shower set up;0
floral baby shower sign ideas;0
floral baby shower stationary;0
floral baby shower sweets;0
floral baby shower signage;0
floral baby shower sweets table;0
floral baby shower table decor;0
floral baby shower table;0
floral baby shower treats;0
floral baby shower theme girl;0
floral baby shower table set up;0
floral baby shower theme ideas;0
floral baby shower tablescape;0
floral baby shower table decor ideas;0
floral baby shower theme boy;0
floral baby shower template;0
floral baby shower theme decor;0
floral baby shower umbrella;0
unique floral baby shower favor ideas for guests;0
floral baby shower vibes;0
vintage floral baby shower banner;0
baby shower girl vintage floral;0
vintage floral baby shower invite;0
vintage floral baby shower centerpieces;0
vintage floral baby shower sign;0
vintage floral baby shower cake;0
vintage blue floral baby shower ideas;0
vintage floral baby shower ideas decorations;0
vintage floral baby shower dress;0
vintage floral baby shower invitation;0
vintage floral baby shower decor;0
floral baby shower welcome sign;0
floral baby shower wallpaper;0
floral baby shower winter;0
floral baby shower welcome;0
floral baby shower wall decor;0
white floral baby shower dress;0
winter baby shower floral centerpieces;0
baby shower welcome sign with floral arrangement;0
floral baby shower balloon arch pink gold white;0
table centerpieces for a boho baby shower with sage green floral;0
baby shower floral wall backdrop;0
baby shower thank you gifts floral;0
yellow floral baby shower ideas;0
yellow floral baby shower cake;0
pink and yellow floral baby shower ideas;0
baby shower cake 2 tier floral;0
garden baby showers;0
garden baby shower decor;0
garden baby shower outfit;0
garden baby shower cookies;0
garden baby shower theme girl;0
garden baby shower food;0
garden baby shower theme boy;0
garden baby shower dress;0
enchanted forest baby shower theme girl garden;0
girl baby shower themes garden;0
whimsical garden baby shower backdrop;0
enchanted garden girl baby shower theme;0
garden baby shower tent;0
baby boy shower ideas themes garden;0
baby shower invitation garden;0
garden baby shower activities;0
garden baby shower aesthetic;0
garden baby shower attire;0
baby shower at the garden;0
garden party baby shower balloon arch;0
baby shower ideas in a garden;0
fairy tale baby shower ideas once upon a time enchanted garden;0
ideas for an outdoor baby shower in a garden;0
garden-inspired baby shower activity ideas;0
garden party baby shower attire;0
baby shower afternoon tea garden;0
baby shower in a garden;0
garden baby shower backdrop;0
garden baby shower banner;0
garden baby shower balloon arch;0
garden baby shower brunch;0
garden baby shower boy theme;0
garden baby shower balloons;0
garden baby shower basket;0
garden baby shower blue;0
garden baby shower backdrop ideas;0
garden baby shower centerpiece;0
garden baby shower cupcakes;0
garden baby shower cake ideas;0
garden baby shower centerpiece ideas;0
garden baby shower cake boy;0
garden baby shower cake pops;0
secret garden baby shower cookies;0
garden chic baby shower outfit;0
garden party baby shower cupcakes;0
garden baby shower decorations outdoor;0
garden baby shower decoration ideas;0
garden baby shower decor boy;0
garden baby shower desserts;0
garden baby shower diy;0
garden baby shower decor ideas;0
garden baby shower dessert table;0
garden baby shower drinks;0
garden baby shower dress code;0
enchanted garden baby shower dress;0
enchanted garden baby shower outfit;0
enchanted fairy garden baby shower ideas;0
enchanted garden baby shower theme food;0
enchanted garden baby shower cupcakes;0
enchanted garden baby shower favors;0
baby shower girl theme fairies enchanted garden;0
garden baby shower food ideas;0
garden baby shower for boy;0
garden baby shower flowers;0
garden baby shower food table;0
garden baby shower for girl;0
garden baby shower florals;0
garden baby shower fall;0
fairy garden baby shower cookies;0
garden baby shower guest outfit;0
garden baby shower gift ideas;0
garden baby shower gifts;0
garden baby shower guest book;0
garden baby shower gift table;0
home garden baby shower ideas;0
baby shower at home garden;0
baby shower decorations at home garden;0
garden baby shower invite;0
garden baby shower ideas boy;0
garden baby shower ideas girl;0
garden baby shower ideas decoration;0
garden baby shower indoor;0
garden baby shower ideas for boys;0
garden baby shower ideas simple;0
garden baby shower lunch;0
mushroom garden baby shower ideas;0
modern garden theme baby shower ideas;0
baby shower magic garden;0
magical garden baby shower theme;0
modern garden baby shower ideas;0
garden baby shower nails;0
garden baby shower neutral;0
garden baby shower theme gender neutral;0
garden-themed gender-neutral baby shower ideas;0
baby shower niño garden;0
baby shower themes neutral garden;0
neutral garden baby shower ideas;0
gender neutral garden baby shower ideas;0
baby shower garden party gender neutral;0
garden theme baby shower ideas neutral;0
garden baby shower theme neutral;0
gender-neutral garden baby shower decorations;0
garden baby shower outfit guest;0
garden baby shower outdoor;0
garden baby shower outfit ideas;0
garden-themed outdoor baby shower ideas;0
outside garden baby shower ideas;0
garden of eden baby shower cake;0
outdoor garden baby shower theme;0
baby shower outdoor garden party;0
open garden baby shower decoration;0
garden baby shower party;0
garden baby shower pink;0
garden baby shower photo backdrop;0
garden baby shower party favors;0
garden baby shower photoshoot;0
garden baby shower picnic;0
garden baby shower prizes;0
garden party baby shower dress;0
pink baby shower garden party;0
rustic garden baby shower ideas;0
peter rabbit baby shower veggie garden;0
dusty rose garden baby shower theme;0
garden baby shower theme boy peter rabbit;0
peter rabbit baby shower ideas girl garden parties;0
rose garden baby shower ideas;0
baby shower rustic garden;0
peter rabbit garden baby shower ideas;0
rustic fairy garden baby shower ideas;0
baby shower rose garden;0
rustic garden party baby shower ideas;0
garden baby shower sign;0
garden baby shower set up;0
garden baby shower seating;0
garden baby shower sugar cookies;0
garden baby shower simple;0
garden baby shower summer;0
garden baby shower theme decor;0
garden baby shower table decor;0
garden baby shower table;0
garden baby shower tea party;0
garden baby shower table setting;0
garden baby shower theme food;0
garden baby shower tablescape;0
garden baby shower uk;0
baby shower vegetable garden theme;0
vintage garden baby shower ideas;0
vintage garden themed baby shower ideas;0
vintage garden baby shower cookies;0
baby shower garden vibes;0
vegetable garden baby shower cookies;0
vegetable garden baby shower ideas;0
vintage garden baby shower theme;0
vintage secret garden baby shower ideas;0
garden baby shower welcome sign;0
wildflower garden baby shower theme;0
whimsical garden baby shower theme;0
girl baby shower themes garden woodland fairy;0
whimsical garden baby shower cake;0
baby shower whimsical garden;0
whimsical garden theme baby shower ideas;0
winnie the pooh baby shower ideas garden;0
baby shower yellow garden;0
zen garden baby shower ideas;0
butterfly baby shower ideas decoration;0
butterfly baby shower ideas centerpieces;0
butterfly baby shower food;0
flower and butterfly baby shower theme;0
butterfly cupcakes baby shower girl;0
baby shower ideas for girls themes butterfly;0
butterfly baby shower theme decoration dessert tables;0
pink butterfly baby shower centerpieces;0
butterfly baby shower arch;0
butterfly baby shower aesthetic;0
butterfly baby shower at home;0
butterfly baby shower at park;0
butterfly baby shower activities;0
butterfly baby shower acrylic sign;0
butterfly and flower baby shower invitations;0
flower and butterfly baby shower backdrop;0
baby shower flower and butterfly;0
butterfly baby shower banner;0
butterfly baby shower balloon arch;0
butterfly baby shower backdrop ideas;0
butterfly baby shower balloons;0
butterfly baby shower balloon backdrop;0
butterfly baby shower background;0
butterfly baby shower basket;0
butterfly baby shower brunch;0
butterfly baby shower balloon garland;0
butterfly baby shower banner painted;0
butterfly baby shower balloon ideas;0
butterfly baby shower centerpieces diy;0
butterfly baby shower cookies for girl;0
butterfly baby shower cake pops;0
butterfly baby shower cookies decorated;0
butterfly baby shower cakes girl;0
butterfly baby shower cake square;0
butterfly baby shower dessert table;0
butterfly baby shower desserts;0
butterfly baby shower dessert ideas;0
butterfly baby shower diy craft ideas;0
butterfly baby shower diy;0
butterfly baby shower drinks;0
butterfly baby shower decorations table;0
butterfly baby shower diaper cake;0
butterfly baby shower entrance sign;0
butterfly baby shower entrance;0
enchanted butterfly baby shower ideas;0
elephant and butterfly baby shower cake;0
enchanted butterfly garden baby shower theme;0
enchanted butterfly baby shower cake;0
enchanted butterfly baby shower theme;0
butterfly and elephant baby shower ideas;0
elegant butterfly baby shower theme;0
butterfly baby shower food ideas;0
butterfly baby shower favors for guests;0
butterfly baby shower food table;0
butterfly baby shower favor ideas;0
butterfly baby shower for boy;0
butterfly baby shower for girl;0
butterfly baby shower flowers;0
butterfly baby shower flyer;0
butterfly baby shower florals;0
boy rainbow baby shower ideas;0
butterfly baby shower games;0
butterfly baby shower invite;0
butterfly baby shower party favors;0
butterfly baby shower plates;0
butterfly baby shower sash;0
butterfly baby shower sheet cake;0
butterfly baby shower table;0
butterfly baby shower theme ideas;0
butterfly baby shower welcome sign;0
butterfly kisses and baby wishes baby shower decorations;0
butterfly kisses baby shower decorations;0
butterfly kisses baby shower invitation;0
rainbow baby shower backdrop;0
rainbow baby shower balloons;0
rainbow baby shower banner;0
rainbow baby shower cake;0
rainbow baby shower cake ideas;0
rainbow baby shower cake topper;0
rainbow baby shower centerpiece ideas;0
rainbow baby shower centerpieces;0
rainbow baby shower cookies;0
rainbow baby shower cupcakes;0
rainbow baby shower decor;0
rainbow baby shower decorations;0
rainbow baby shower dress;0
rainbow baby shower favors;0
rainbow baby shower food ideas;0
rainbow baby shower for boy;0
rainbow baby shower ideas;0
rainbow baby shower invitations;0
rainbow baby shower theme;0
rainbow themed baby shower decorations;0
baby shower cloud;0
cloud baby shower backdrop;0
cloud baby shower boy;0
cloud baby shower cake;0
cloud baby shower centerpieces;0
cloud baby shower decorations;0
cloud baby shower favors;0
cloud baby shower girl;0
cloud baby shower ideas;0
cloud baby shower invitation;0
cloud baby shower theme;0
muted rainbow baby shower decor;0
rainbow baby shower for girl;0
rainbow baby shower games;0
rainbow baby shower gift ideas;0
rainbow baby shower gifts;0
rainbow baby shower invite;0
rainbow baby shower party favors;0
rainbow baby shower quotes;0
rainbow baby shower sheet cake;0
rainbow baby shower table decorations;0
rainbow themed baby shower games;0
all star baby shower centerpieces;0
baby shower themes twinkle twinkle little star;0
love you to the moon and back baby shower decorations;0
love you to the moon and back baby shower girl;0
love you to the moon and back baby shower ideas;0
love you to the moon and back baby shower invitations;0
moon and star baby shower cake;0
moon and stars baby shower cake topper;0
moon and stars baby shower favors;0
moon baby shower cake;0
moon baby shower decorations;0
moon baby shower girl;0
moon baby shower ideas;0
moon baby shower invite;0
moon baby shower theme;0
over the moon baby shower boy;0
star baby shower cake;0
star baby shower centerpieces;0
star baby shower decorations;0
star baby shower favors;0
star baby shower invitations;0
twinkle little star baby shower invitations;0
twinkle twinkle little star baby boy shower cake;0
twinkle twinkle little star baby shower favors;0
twinkle twinkle little star girl baby shower decorations;0
butterfly baby shower food recipes;0
butterfly baby shower gift;0
butterfly baby shower gift ideas;0
butterfly baby shower game ideas;0
butterfly baby shower gift basket;0
butterfly baby shower guest book ideas;0
butterfly baby shower games printable;0
butterfly baby shower gift table;0
butterfly baby shower gift bags;0
butterfly baby shower garland;0
butterfly baby shower giveaways;0
butterfly baby shower gender neutral;0
butterfly baby shower hairstyle ideas;0
a little butterfly is on her way baby shower cake;0
a little butterfly is on her way baby shower treats;0
a little butterfly is on her way baby shower invitation;0
a little butterfly is on her way baby shower ideas;0
a little butterfly is on her way baby shower decorations;0
a little butterfly is on her way baby shower decor;0
a little butterfly is on her way baby shower invitation template;0
butterfly baby shower invitation ideas;0
butterfly baby shower ideas pink;0
butterfly baby shower ideas girl;0
butterfly baby shower ideas food;0
butterfly baby shower invitations blank;0
butterfly baby shower ideas backdrop;0
butterfly baby shower ideas purple;0
mason jar centerpieces baby shower girl butterfly;0
butterfly kisses baby shower ideas;0
butterfly kisses baby shower theme;0
butterfly kisses baby shower theme cake;0
baby shower rice krispie treats butterfly;0
butterfly kisses baby shower games;0
butterfly kisses baby shower cake;0
butterfly kisses baby shower centerpieces;0
butterfly kisses baby shower backdrop;0
butterfly kisses and baby wishes baby shower ideas;0
baby shower little butterfly;0
light pink butterfly baby shower theme;0
lavender butterfly baby shower ideas;0
lilac butterfly baby shower invitations;0
a little butterfly is on the way baby shower invitation;0
little butterfly baby shower theme;0
lilac butterfly baby shower theme;0
lilac butterfly baby shower ideas;0
lavender and gold butterfly baby shower ideas;0
butterfly baby shower mood board;0
butterfly baby shower makeup;0
baby shower monarch butterfly theme;0
baby shower outfits for mom butterfly;0
monarch butterfly baby shower invitation;0
monarch butterfly baby shower cake;0
centros de mesa baby shower girl butterfly;0
monarch butterfly baby shower ideas;0
mauve butterfly baby shower ideas;0
monarch butterfly theme baby shower ideas;0
butterfly baby shower nails;0
butterfly baby shower nails short;0
butterfly baby shower napkins;0
butterfly baby shower neutral;0
butterfly baby shower no balloons;0
baby shower pacifier necklace butterfly;0
butterfly baby shower ideas neutral;0
baby shower butterfly theme nails;0
gender neutral butterfly baby shower ideas;0
baby shower nails girl butterfly purple;0
pink baby shower nails butterfly;0
butterfly baby shower outfit ideas;0
butterfly baby shower outfit;0
butterfly baby shower outside;0
butterfly baby shower orange;0
butterfly baby shower on a budget;0
pink butterfly-themed baby shower outfits;0
butterfly baby shower ideas outside;0
butterfly theme baby shower ideas orange;0
orange butterfly baby shower ideas;0
butterfly baby shower party favor ideas;0
butterfly baby shower purple;0
butterfly baby shower painted banner;0
butterfly baby shower pink;0
butterfly baby shower photo booth ideas;0
butterfly baby shower pretzels;0
butterfly baby shower poster;0
butterfly baby shower photo wall;0
butterfly baby shower pastel colors;0
butterfly baby shower quotes;0
butterfly baby shower rice krispies;0
butterfly baby shower recuerdos;0
butterfly and rainbow baby shower theme;0
butterfly and rainbow baby shower ideas;0
butterfly baby shower ideas pink and rose gold;0
rose gold butterfly baby shower ideas;0
rustic butterfly baby shower ideas;0
rainbow butterfly baby shower ideas;0
roses and butterfly baby shower theme;0
butterfly baby shower diaper raffle;0
butterfly baby shower sign;0
butterfly baby shower sugar cookies;0
butterfly baby shower save the date;0
butterfly baby shower shirts;0
butterfly baby shower sweets;0
butterfly baby shower stickers;0
butterfly baby shower sweets table;0
butterfly baby shower snacks;0
butterfly baby shower set up;0
butterfly baby shower snack ideas;0
butterfly baby shower table decor;0
butterfly baby shower theme decoration;0
butterfly baby shower table setup;0
butterfly baby shower theme girl;0
butterfly baby shower theme centerpieces;0
butterfly baby shower treat table;0
butterfly baby shower theme cake;0
butterfly baby shower theme invitations;0
butterfly theme baby shower table set up;0
butterfly baby shower table set up;0
vintage butterfly baby shower ideas;0
butterfly baby shower welcome board;0
butterfly baby shower wallpaper;0
butterfly baby shower welcome table;0
pink butterfly baby shower wallpaper;0
butterfly theme baby shower welcome board;0
baby shower welcome sign butterfly theme;0
wildflower butterfly baby shower cake;0
welcome to baby shower sign butterfly;0
baby shower centerpieces with butterfly;0
wildflower butterfly baby shower ideas;0
butterfly baby shower thank you;0
yellow butterfly baby shower theme;0
butterfly baby shower thank you gifts;0
butterfly baby shower ideas yellow;0
baby shower thank you cards butterfly;0
baby shower thank you gifts butterfly theme;0
thank you baby shower gifts for guests butterfly;0
butterfly baby shower cake 1 tier;0
2 tier butterfly baby shower cake;0
rainbow baby shower ideas pastel colors;0
rainbow baby shower ideas boy;0
rainbow baby shower ideas girl;0
rainbow pastel baby shower ideas;0
rainbow theme baby shower decor;0
rainbow fish baby shower ideas;0
rainbow and sunshine baby shower ideas;0
baby girl rainbow baby shower ideas;0
rainbow baby shower boy cake;0
rainbow baby shower arch;0
cloud and rainbow baby shower theme;0
rainbow baby shower balloon arch;0
rainbow after the storm baby shower ideas;0
rainbow baby announcement ideas shower invitations;0
pastel rainbow baby shower balloon arch;0
boho rainbow baby shower balloon arch;0
rainbow baby shower boy;0
rainbow baby shower background;0
rainbow baby shower balloon decorations;0
rainbow baby shower boy ideas;0
rainbow baby shower cake boy;0
rainbow baby shower cookies decorated;0
rainbow baby shower cake girl;0
rainbow baby shower cookies boy;0
rainbow baby shower desserts;0
rainbow baby shower dessert table;0
baby shower boho rainbow decorations;0
rainbow baby shower food;0
rainbow baby shower favors for guests;0
rainbow baby shower food table;0
rainbow baby shower flowers;0
rainbow baby shower fruit;0
baby shower invites for girl rainbow;0
rainbow baby shower girl;0
rainbow baby shower gift basket;0
rainbow baby shower guest book ideas;0
rainbow baby shower guest book;0
baby shower cakes girl rainbow;0
here comes the son baby shower rainbow;0
at home baby shower ideas rainbow baby;0
rainbow baby shower ideas for boys;0
rainbow baby shower invitation template;0
rainbow baby shower ideas neutral;0
rainbow baby shower maternity dress;0
muted rainbow baby shower ideas;0
rainbow baby shower outfit mom;0
boho rainbow baby shower outfit ideas for mom-to-be;0
mauve rainbow baby shower ideas;0
rainbow baby shower nails;0
rainbow baby shower neutral;0
neutral color rainbow baby shower ideas;0
baby shower themes neutral rainbow;0
boho rainbow neutral baby shower ideas;0
rainbow baby shower outfits;0
over the rainbow baby shower theme;0
rainbow theme baby shower ideas wizard of oz;0
somewhere over the rainbow baby shower ideas;0
somewhere over the rainbow baby shower theme;0
over the rainbow baby shower ideas;0
pastel rainbow baby shower outfits;0
ray of sunshine rainbow baby shower ideas;0
baby shower themes over the rainbow;0
over the rainbow baby shower cookies;0
rainbow baby shower pastel colors;0
rainbow baby shower pastel;0
rainbow baby shower photo backdrop;0
baby shower pastel rainbow cake;0
pastel rainbow themed baby shower ideas;0
pastel rainbow baby shower ideas boy;0
boho pink rainbow baby shower decorations;0
pastel rainbow baby shower table decor;0
pastel rainbow baby shower sheet cake;0
rainbow baby shower sign;0
rainbow baby shower sugar cookies;0
rainbow baby shower snacks;0
rainbow baby shower theme girl;0
rainbow baby shower treats;0
rainbow baby shower theme boy;0
rainbow baby shower theme ideas;0
rainbow baby shower thank you gifts;0
rainbow baby shower theme decorations;0
rainbow baby shower table decor;0
rainbow baby shower theme cookies;0
rainbow baby shower table centerpieces;0
rainbow baby shower theme decor;0
rainbow baby shower welcome board;0
rainbow baby shower welcome sign;0
baby shower cakes with rainbow;0
winter rainbow baby shower ideas;0
cloud baby shower decor;0
cloud baby shower cookies;0
cloud baby shower theme girl;0
cloud baby shower theme boy;0
cloud baby shower theme decoration;0
cloud baby shower centerpiece ideas;0
cloud 9 baby shower cookies;0
cloud 9 baby shower invitation template;0
boy baby shower on cloud nine;0
cloud baby shower table;0
cloud baby shower themes;0
cloud baby shower arch;0
on cloud nine baby shower theme balloon arch;0
we are on cloud nine baby shower invite;0
hot air balloon cake baby shower cloud;0
moon and cloud baby shower decorations;0
cloud baby shower balloon arch;0
we are on cloud 9 baby shower cake;0
moon and cloud baby shower theme;0
cloud and stars baby shower theme;0
cloud and stars baby shower cake;0
cloud baby shower banner;0
cloud baby shower basket;0
cloud baby shower balloons;0
cloud baby shower biscuits;0
cloud baby shower background;0
cloud baby shower blue;0
cloud baby shower cupcakes;0
cloud baby shower cake boy;0
cloud baby shower cake pops;0
cloud baby shower centerpieces diy;0
cloud baby shower cake girl;0
cloud baby shower cookies decorated;0
cloud baby shower centerpieces pink;0
cloud baby shower cake ideas;0
cloud baby shower dessert ideas;0
cloud baby shower decoration ideas;0
cloud baby shower dessert table;0
cloud baby shower desserts;0
cloud baby shower dress;0
cloud baby shower diy;0
cloud baby shower entrance;0
on cloud 9 baby shower entrance;0
elephant cloud baby shower theme;0
cloud baby shower food;0
cloud baby shower flowers;0
cloud baby shower favor ideas;0
on cloud nine baby shower flowers;0
cloud flower centerpiece baby shower ideas;0
on cloud nine baby shower party favors;0
cloud nine baby shower flyer;0
on cloud 9 baby shower favors;0
baby shower cloud centerpieces for boys;0
cloud themed baby shower ideas food;0
cloud baby shower gift basket;0
cloud baby shower games;0
cloud baby shower gifts;0
cloud baby shower theme gift;0
cloud nine baby shower theme girl;0
cloud cake baby shower girl;0
cloud nine baby shower girl;0
baby shower cloud theme girl;0
cloud theme girl baby shower ideas;0
heaven sent cloud baby shower theme;0
cloud baby shower invite;0
cloud baby shower invitations template;0
cloud baby shower ideas girl;0
cloud baby shower invitation ideas;0
cloud baby shower ideas boy;0
simple cloud theme baby shower ideas;0
on cloud nine baby shower invites;0
on cloud nine baby shower backdrop lights;0
cloud paper lantern centerpiece baby shower ideas;0
baby shower moon and cloud;0
cloud baby shower theme boy minimalist;0
moon stars cloud baby shower cake;0
cloud and moon baby shower cake;0
cloud and moon baby shower cookies;0
cloud moon baby shower theme;0
cloud and moon baby shower centerpieces;0
moon star and cloud baby shower cake;0
moon and cloud baby shower invitations;0
cloud baby shower nails;0
cloud nine baby shower sign;0
cloud nine baby shower theme pink;0
cloud nine baby shower balloons;0
we’re on cloud nine baby shower cookies;0
on cloud nine baby shower backdrop;0
cloud baby shower outfit;0
on cloud 9 baby shower sign;0
baby shower cake on cloud 9;0
were on cloud 9 baby shower invitation;0
on cloud 9 baby shower desserts;0
we’re on cloud 9 baby shower invite;0
cloud baby shower pink;0
cloud baby shower party favors;0
baby shower cloud center piece;0
pink cloud baby shower backdrop;0
cloud baby shower theme pink;0
cloud theme baby shower ideas purple;0
cloud-shaped baby shower party snacks;0
pink cloud baby shower cookies;0
baby shower rain cloud decoration;0
cloud and rain baby shower theme;0
we’re on cloud nine baby shower cake;0
we’re on cloud nine baby shower invite;0
baby shower balloon cloud rain drops;0
rain cloud baby shower theme;0
we’re on cloud 9 baby shower cake;0
we’re on cloud nine baby shower backdrop;0
we’re on cloud nine baby shower sign;0
cloud baby shower sign;0
cloud baby shower sheet cake;0
cloud baby shower sugar cookies;0
cloud baby shower strawberries;0
cloud baby shower treats;0
cloud baby shower theme boy centerpiece;0
cloud baby shower table decor;0
cloud baby shower theme boy decor;0
cloud baby shower theme cake;0
cloud baby shower theme boy backdrop;0
cloud baby shower theme invitation;0
cloud baby shower table set up;0
cloud baby shower welcome sign;0
cloud baby shower wallpaper;0
cloud nine baby shower welcome sign;0
white baby shower cloud cake;0
on cloud nine baby shower welcome sign;0
we are on cloud nine baby shower theme;0
cloud 9 baby shower dress;0
moon baby shower favors;0
moon baby shower decor;0
moon baby shower theme girl;0
moon baby shower invitation;0
moon baby shower cookies;0
moon baby shower backdrop;0
moon baby shower theme boy;0
over the moon baby shower ideas girl;0
moon and sun baby shower theme;0
baby shower moon decorations indian;0
baby shower star moon theme;0
sun moon baby shower cookies;0
star moon baby shower decor;0
baby shower poses on moon;0
moon baby shower aesthetic;0
to the moon and back baby shower invites;0
star and moon baby shower cake pops;0
to the moon and back baby shower cakes;0
we are over the moon baby shower theme;0
over the moon baby shower balloon arch;0
moon and stars girl baby shower theme;0
baby shower sun and moon;0
moon baby shower balloon arch;0
moon baby shower boy;0
moon baby shower banner;0
moon baby shower balloons;0
moon baby shower cupcakes;0
moon baby shower centerpiece girl;0
moon baby shower cake girl;0
moon baby shower cake topper;0
moon baby shower cookies decorated;0
moon baby shower cake pops;0
moon baby shower dessert table;0
moon baby shower desserts;0
moon baby shower dress;0
moon baby shower drawing;0
moon and star baby shower desserts;0
we’re over the moon baby shower decor;0
baby shower over the moon decor;0
elephant moon and stars baby shower theme;0
over the moon baby shower invitations editable;0
over the moon baby shower entrance;0
moon baby shower food;0
moon baby shower food ideas;0
moon baby shower flower;0
moon themed baby shower favors;0
over the moon baby shower flyer;0
over the moon baby shower cakes for boys;0
moon baby shower games;0
moon baby shower gifts;0
baby shower goodnight moon;0
over the moon baby shower ideas green;0
moon and stars baby shower gift ideas;0
goodnight moon baby shower ideas;0
moon baby girl shower theme;0
baby shower cake girl over the moon;0
moon and stars baby shower theme games;0
half moon baby shower decor;0
half moon baby shower ideas;0
half moon baby shower decoration;0
harvest moon baby shower theme;0
over the harvest moon baby shower theme;0
baby shower decorations half moon;0
over the harvest moon baby shower ideas;0
harvest moon baby shower ideas;0
moon baby shower invitation template;0
moon baby shower ideas girl;0
baby shower moon invitations;0
cow jumped over the moon baby shower ideas;0
cow jumped over the moon baby shower theme;0
i love you to the moon and back baby shower boy;0
love you to the moon baby shower ideas;0
i love you to the moon and back baby shower cake;0
love you to the moon and back baby shower cookies;0
baby shower love you to the moon;0
moon baby shower nails;0
baby shower niña sailor moon;0
neutral over the moon baby shower ideas;0
good night moon baby shower theme;0
over the moon baby shower theme gender neutral;0
baby shower nails moon and stars;0
over the moon baby shower nails;0
baby shower nails boy over the moon;0
over the moon baby shower ideas gender neutral;0
over the moon baby shower neutral;0
moon and stars baby shower theme gender neutral;0
over the moon baby shower cookie cake;0
over the moon baby shower table;0
over the moon baby shower backdrop ideas;0
moon baby shower party favors;0
moon baby shower photoshoot;0
moon baby shower png;0
over the moon baby shower poster;0
over the moon baby shower paper banner;0
over the moon baby shower ideas pink;0
moon and stars baby shower theme girl purple;0
moon and stars pink baby shower theme;0
over the moon baby shower photo backdrop;0
we’re over the moon baby shower backdrop;0
we’re over the moon baby shower ideas girl;0
over the moon baby shower diaper raffle;0
we’re over the moon baby shower cake;0
we’re over the moon baby shower cookies;0
we’re over the moon baby shower cake girl;0
we’re over the moon baby shower invite;0
we’re over the moon baby shower theme;0
we’re over the moon baby shower centerpiece;0
we’re over the moon baby shower sign;0
we’re over the moon baby shower ideas;0
moon baby shower sign;0
moon baby shower snacks;0
moon baby shower treats;0
moon baby shower theme centerpiece;0
moon baby shower theme backdrop;0
moon baby shower table decor;0
moon baby shower theme cake;0
moon baby shower theme girl invitation;0
moon baby shower theme pink;0
moon baby shower theme indian;0
moon baby shower table;0
over the moon baby shower table set up;0
under the moon baby shower ideas;0
over the moon baby shower set up;0
moon baby shower welcome sign;0
over the moon baby shower wallpaper;0
over the moon baby shower welcome;0
we are over the moon baby shower cupcakes;0
baby shower with moon and stars;0
baby shower we are over the moon;0
stay wild moon child baby shower theme boy;0
over the moon baby shower welcome sign;0
we are over the moon baby shower girl;0
love you to the moon baby shower theme;0
love you to the moon and back baby shower theme girl;0
star baby shower theme;0
star baby showers;0
star baby shower ideas;0
star baby shower theme girl;0
star baby shower cookies;0
star baby shower decor;0
star baby shower girl;0
star baby shower backdrop;0
twinkle little star baby shower decorated cookies;0
star trek baby shower ideas;0
twinkle little star baby shower ideas royal blue;0
recuerdos baby shower star wars;0
star baby shower aesthetic;0
all star baby shower decor;0
wish upon a star baby shower theme;0
moon and star baby shower theme decoration;0
all star baby shower party favors;0
moon and star baby shower decor;0
star and moon baby shower theme;0
moon and star baby shower boy;0
star baby shower banner;0
star baby shower boy;0
star baby shower cupcakes;0
star wars baby shower cookies decorated;0
star wars theme baby shower cookies;0
star wars themed baby shower cake;0
star wars baby shower dessert table;0
twinkle little star baby shower table decorations;0
decoración de baby shower star wars;0
star baby shower food;0
twinkle little star baby shower food;0
rock star baby shower ideas;0
star wars baby shower game;0
star wars baby shower invite;0
sunshine baby shower cake;0
sunshine baby shower decorations;0
sunshine baby shower favors;0
sunshine baby shower ideas;0
sunshine baby shower invitations;0
sunshine baby shower theme;0
twinkle twinkle little star baby shower for boy;0
twinkle twinkle little star baby shower for girl;0
twinkle twinkle little star baby shower gender neutral;0
twinkle twinkle little star baby shower ideas;0
you are my sunshine baby shower backdrop;0
you are my sunshine baby shower cake;0
you are my sunshine baby shower centerpieces;0
you are my sunshine baby shower invites;0
bee baby shower backdrop;0
bee baby shower cake;0
bee baby shower cake topper;0
bee baby shower centerpieces;0
bee baby shower cookies;0
bee baby shower cupcakes;0
bee baby shower decoration ideas;0
bee baby shower favors;0
bee baby shower food ideas;0
bee baby shower games;0
bee baby shower ideas;0
bee baby shower invitations;0
bee baby shower party favors;0
bee baby shower plates;0
bee themed baby shower favors;0
bumble bee baby shower ideas;0
bumble bee baby shower theme;0
what will it bee baby shower cake;0
bird baby shower cake;0
bird baby shower centerpieces;0
bird baby shower decorations;0
bird baby shower invitations;0
bird baby shower theme;0
blue bird baby shower theme;0
name that storybook baby shower game;0
storybook baby shower backdrop;0
storybook baby shower banner;0
storybook baby shower cake;0
storybook baby shower centerpieces;0
storybook baby shower decor;0
storybook baby shower decorations;0
storybook baby shower favor ideas;0
storybook baby shower favors;0
storybook baby shower food;0
storybook baby shower games;0
storybook baby shower ideas;0
storybook baby shower invitations;0
storybook baby shower printables;0
storybook themed baby shower invitations;0
tweety bird baby shower cake;0
tweety bird baby shower decorations;0
baby shower favors star wars;0
star wars baby shower invitations free;0
star and moon baby shower food ideas;0
moon and star baby shower favors;0
star baby shower games;0
star wars baby shower ideas games;0
star wars baby shower gift basket;0
star wars baby shower ideas girl;0
twinkle little star baby shower ideas pink and gold;0
star theme baby shower ideas girl;0
twinkle little star baby shower ideas girl centerpieces;0
star wars baby shower gift ideas;0
twinkle little star do you know how loved you are baby shower ideas;0
twinkle little star how we wonder what you are baby shower ideas;0
star baby shower invite;0
twinkle little star baby shower ideas outdoor;0
twinkle little star baby shower centerpieces mason jars;0
twinkle twinkle little star baby shower rice krispies;0
baby shower star moon;0
star moon baby shower cake;0
baby shower niña star wars;0
twinkle little star baby shower nails;0
twinkle little star baby shower ideas neutral;0
baby shower star wars niño;0
baby shower niño decoracion star wars;0
twinkle little star baby shower ideas navy blue and gold;0
star wars baby shower nails;0
twinkle little star baby shower ideas neutral decor;0
star night baby shower theme;0
decoracion baby shower star wars niña;0
gender neutral baby shower ideas theme babyshower twinkle twinkle little star;0
star baby shower outfit;0
twinkle little star baby shower outfit;0
star wars baby shower outfit;0
a little all star is on the way baby shower ideas;0
star wars baby shower outfit for mom;0
star wars baby shower poster;0
star wars baby shower ideas princess leia;0
twinkle twinkle little star baby shower pastel;0
twinkle little star pink baby shower ideas;0
twinkle little star baby shower cake pops;0
twinkle twinkle little star baby shower pink;0
star wars baby shower invitations free printable;0
rock star baby shower centerpieces;0
rock star baby shower cake;0
rock star baby shower theme;0
twinkle little star baby shower ideas gender reveal;0
star baby shower sign;0
star baby shower theme boys;0
star baby shower theme pink;0
star baby shower theme cake;0
wish upon a star baby shower ideas girl;0
wish upon a star baby shower ideas;0
wish upon a star baby shower cake;0
when you wish upon a star baby shower theme;0
when you wish upon a star baby shower ideas;0
boy baby shower ideas star wars;0
star wars themed baby shower invite;0
star wars baby shower theme treats;0
star wars baby shower thank you gifts;0
twinkle little star baby shower thank you gifts;0
sunshine baby shower cookies;0
sunshine baby shower theme girl;0
sunshine baby showers;0
sunshine baby shower theme decor;0
sunshine baby shower centerpieces;0
sunshine baby shower food;0
little ray of sunshine baby shower themes;0
little ray of sunshine baby shower desserts;0
sunshine baby shower ideas decoration;0
sunshine baby shower pretzels;0
baby shower food sunshine;0
ray of sunshine baby shower invitations;0
baby shower invitations sunshine;0
little sunshine baby shower cake;0
sunshine baby shower activities;0
sunshine baby shower arch;0
baby shower a little ray of sunshine theme;0
you are my sunshine baby shower ideas girl;0
you are my sunshine baby shower cookie;0
a little ray of sunshine baby shower theme girl;0
a little ray of sunshine baby shower banner;0
a ray of sunshine baby shower cookies;0
sunshine baby shower banner;0
sunshine baby shower backdrop;0
sunshine baby shower balloon arch;0
sunshine baby shower boy;0
sunshine baby shower balloons;0
sunshine baby shower brunch;0
sunshine baby shower basket;0
sunshine baby shower background;0
sunshine baby shower cupcakes;0
sunshine baby shower cake ideas;0
sunshine baby shower cookies decorated;0
sunshine baby shower color palette;0
sunshine baby shower cake pops;0
sunshine baby shower centerpiece ideas;0
sunshine baby shower cake boy;0
sunshine baby shower cake topper;0
sunshine baby shower decor;0
sunshine baby shower dessert;0
sunshine baby shower dessert table;0
sunshine baby shower dress;0
sunshine baby shower diaper cake;0
sunshine baby shower drinks;0
sunshine baby shower diy;0
baby shower sunshine theme table decor;0
little ray of sunshine baby shower dress;0
sunshine baby shower invitations editable;0
sunshine baby shower food ideas;0
sunshine baby shower flowers;0
sunshine baby shower favor ideas;0
sunshine themed baby shower favors;0
sunshine baby shower theme favors;0
ray of sunshine baby shower favors;0
ray of sunshine baby shower food ideas;0
baby shower sunshine theme food;0
sunshine baby shower theme fall;0
sunshine baby shower girl;0
sunshine baby shower games;0
sunshine baby shower gifts;0
sunshine baby shower gift ideas;0
sunshine baby shower gift basket;0
sunshine baby shower guest book;0
sunshine baby shower girl theme;0
sunshine baby shower garland;0
sunshine baby shower girl with pink;0
little ray of sunshine baby girl shower ideas;0
here comes the sunshine baby shower theme;0
hello sunshine baby shower cake;0
hello sunshine baby shower theme;0
baby shower hello sunshine;0
hello sunshine baby shower cupcakes;0
sunshine baby shower invite;0
sunshine baby shower ideas girl;0
sunshine baby shower invite template;0
baby boy shower ideas sunshine;0
yellow sunshine baby shower ideas;0
little ray of sunshine baby shower banner;0
little ray of sunshine baby shower balloons;0
little miss sunshine baby shower ideas;0
little ray of sunshine baby shower centerpieces;0
centros de mesa baby shower sunshine;0
you are my sunshine baby shower ideas pink;0
sunshine baby shower nails;0
little ray of sunshine baby shower nails;0
sunshine baby shower theme gender neutral;0
gender neutral baby shower ideas sunshine;0
baby shower niño sunshine;0
ray of sunshine baby shower nails;0
baby shower sunshine niña;0
sunshine baby shower outfit;0
ray of sunshine baby shower gifts;0
sunshine baby shower party favors;0
sunshine baby shower prizes;0
sunshine baby shower poster;0
sunshine baby shower pink;0
sunshine baby shower photo backdrop;0
sunshine baby shower painted banner;0
sunshine baby shower punch;0
sunshine baby shower center pieces;0
you are my sunshine baby shower ideas center pieces;0
sunshine baby shower sign;0
sunshine baby shower sugar cookies;0
sunshine baby shower sheet cake;0
sunshine baby shower theme boy;0
sunshine baby shower table decor;0
sunshine baby shower theme centerpiece;0
sunshine baby shower theme food;0
sunshine baby shower theme cake;0
sunshine baby shower treats;0
sunshine baby shower theme boy cake;0
sunshine baby shower theme cookies;0
sunshine baby shower theme desserts;0
sunshine baby shower welcome sign;0
sunshine baby shower welcome board;0
whimsical sunshine baby shower theme;0
baby shower ideas with sunshine theme;0
little ray of sunshine baby shower welcome sign;0
welcome to baby shower sign sunshine;0
a little ray of sunshine is on the way baby shower invite;0
welcome sunshine baby shower theme;0
sunshine baby shower theme welcome sign;0
a little ray of sunshine is on the way baby shower cake;0
a little ray of sunshine is on the way baby shower ideas;0
you are our sunshine baby shower ideas;0
bee baby shower theme;0
bee baby shower food;0
bee baby shower decoration;0
bee baby shower theme decoration;0
bee baby shower balloons;0
honey bee themed baby shower ideas;0
mama to bee baby shower ideas girl;0
sweet as can bee baby shower ideas food;0
boy baby shower bee theme;0
baby shower bee sugar cookies;0
parents to bee baby shower cake;0
honey bee baby shower favor ideas;0
bee baby shower arch;0
bee baby shower aesthetic;0
bee baby shower activities;0
bee baby shower announcement;0
bumble bee and sunflowers baby shower ideas;0
bee and flower baby shower theme;0
sweet as can bee baby shower centerpieces;0
sunflower and bee baby shower theme;0
bee baby shower theme blue and yellow;0
sweet as can bee baby shower cupcakes;0
bee themed baby shower arch;0
bee baby shower banner;0
bee baby shower balloon arch;0
bee baby shower boy;0
bee baby shower backdrop ideas;0
bee baby shower background;0
bee baby shower balloon garland;0
bee baby shower balloon decor;0
bee baby shower bingo;0
bee baby shower basket;0
bee baby shower brunch;0
bee baby shower cake ideas;0
bee baby shower cookies decorated;0
bee baby shower cake pops;0
bee baby shower centerpiece ideas;0
bee baby shower cupcake ideas;0
bee baby shower centerpieces diy;0
bee baby shower charcuterie;0
bee baby shower decor;0
bee baby shower dessert table;0
bee baby shower desserts;0
bee baby shower diy;0
bee baby shower dress;0
bee baby shower dessert ideas;0
bee baby shower diaper cake;0
bee baby shower drinks;0
bee baby shower diy decorations;0
elegant bee baby shower theme;0
elegant bumble bee baby shower table setting ideas;0
bee baby shower favor ideas;0
bee baby shower for girl;0
bee baby shower food table;0
bee baby shower flowers;0
bee baby shower flower centerpieces;0
bee baby shower for boy;0
bee baby shower favors for guests;0
bee baby shower fruit tray;0
bee baby shower girl;0
bee baby shower gifts;0
bee baby shower gift ideas;0
bee baby shower guest book;0
bee baby shower gift basket;0
bee baby shower games free printable;0
bee baby shower game ideas;0
bee baby shower gift bags;0
bee baby shower game prizes;0
bee baby shower gift table;0
bee baby shower guest outfit;0
bee baby shower honeycomb decorations;0
bee baby shower honey;0
bee baby shower honey comb;0
honey bee baby shower foods;0
honey bee baby shower ideas centerpieces;0
honey bee baby shower invite;0
honey bee baby shower treats;0
honey bee baby shower nails;0
honey bee baby shower theme games;0
bee baby shower invite;0
bee baby shower invitations templates;0
bee baby shower ideas girl;0
bee baby shower ideas decoration;0
bee baby shower ideas boy;0
bee baby shower invite template;0
bee baby shower invitation ideas;0
bee baby shower ideas food;0
bee baby shower inspiration;0
bee baby shower centerpieces mason jars;0
little honey bee baby shower theme;0
little honey bee baby shower cake;0
little bee baby shower ideas;0
little bee baby shower theme;0
bee baby shower mom outfit;0
mommy to bee baby shower banner;0
mom to bee baby shower food;0
mommy to bee baby shower balloons;0
mama to bee baby shower cake;0
mommy to bee baby shower theme cookies;0
mama to bee baby shower invite;0
mama to bee baby shower sign;0
momma to bee baby shower ideas;0
mommy to bee baby shower theme boy;0
mommy to bee baby shower theme invitations;0
bee baby shower nails;0
bee baby shower neutral;0
gender neutral baby shower ideas bee;0
gender-neutral bumble bee baby shower ideas;0
baby shower bee niña;0
baby shower nails bee theme;0
sweet as can bee baby shower nails;0
bumble bee baby shower nails;0
neutral bee baby shower ideas;0
baby shower themes neutral bee;0
honey bee baby shower napkins;0
bee baby shower outfit;0
bee baby shower outfit ideas;0
bee baby shower oreos;0
bee theme baby shower outfit;0
bee themed baby shower ideas outfits;0
bee baby shower theme outside;0
bee themed baby shower guest outfit;0
honey bee baby shower outfits;0
mommy to bee baby shower theme outfit;0
mommy to bee baby shower outfit;0
bumble bee baby shower decorations on a budget;0
bee baby shower photo backdrop;0
bee baby shower poster;0
bee baby shower painted banner;0
bee baby shower pink;0
bee baby shower party favor ideas;0
bee baby shower pretzels;0
bee baby shower paper plates;0
bee baby shower prizes;0
bee baby shower party;0
bee baby shower punch;0
bee baby shower quotes;0
honey bee baby shower quotes;0
queen bee baby shower ideas;0
bee baby shower rice crispies;0
bee baby shower royal icing cookies;0
rustic bee baby shower theme;0
honey bee baby shower return gifts;0
he or she what will it bee gender reveal baby shower ideas;0
bumble bee baby shower ideas decoration decor gender reveal;0
bee baby shower sign;0
bee baby shower sugar cookies;0
bee baby shower sheet cake;0
bee baby shower snacks;0
bee baby shower stickers;0
bee baby shower souvenirs;0
bee baby shower set up;0
bee baby shower sweet table;0
bee baby shower sheet cake ideas;0
bee baby shower simple;0
bee baby shower table decor;0
bee baby shower theme decoration table;0
bee baby shower theme girl;0
bee baby shower treats;0
bee baby shower theme food;0
bee baby shower theme centerpieces;0
bee baby shower theme cake;0
bee baby shower theme boy;0
bee baby shower theme invitations;0
bee baby shower theme party favors;0
bee theme baby shower table set up;0
vintage bee baby shower theme;0
bee baby shower welcome sign;0
bee baby shower welcome board;0
bee baby shower wallpaper;0
bee baby shower with pink;0
bee baby shower with blue;0
welcome to baby shower bee theme;0
honey bee baby shower with pink;0
what will it bee baby shower invite;0
mommy to bee baby shower welcome sign;0
winnie the pooh baby shower ideas bee hives;0
winnie the pooh bee baby shower ideas;0
yellow bee baby shower ideas;0
bee baby shower thank you gifts;0
bee themed baby shower thank you gifts;0
honey bee baby shower thank you;0
yellow bee baby shower cake;0
yellow baby shower bee;0
bee baby shower theme centerpieces yellow flowers;0
baby shower thank you gifts bee theme;0
bumble bee baby shower thank you gifts;0
pink and yellow bee baby shower ideas;0
bumble bee 2 tier baby shower cake;0
bird baby shower ideas;0
bird baby shower decor;0
bird baby shower cookies;0
bird baby shower theme decor;0
bird baby shower theme ideas;0
bird baby shower girl;0
bird baby shower invite;0
bird baby shower theme girl;0
tweety bird baby shower ideas birthday parties;0
girl baby shower themes bird;0
bird baby shower banner;0
bird theme baby shower girl;0
bird theme baby shower games;0
humming bird baby shower theme;0
spring baby shower ideas baby bird;0
baby bird baby shower theme;0
tweety bird baby shower ideas girl;0
tweedy bird baby shower theme;0
tweety bird baby shower ideas for a boy;0
bird baby shower backdrop;0
bird baby shower boy;0
bird baby shower cupcakes;0
bird nest baby shower cake;0
baby shower bird theme cake;0
bird theme baby shower cookies;0
bird cage baby shower ideas;0
bird cage centerpiece baby shower birdcage decor;0
bird cage baby shower centerpieces;0
baby shower cake with bird;0
bird theme baby shower decorations;0
bird themed baby shower ideas decoration;0
bird themed baby shower decor;0
baby shower bird theme decoration;0
bird dog baby shower theme;0
bird cage baby shower decor;0
bird baby shower food;0
baby shower favors bird seed;0
bird theme baby shower food;0
bird themed baby shower favors;0
bird seed baby shower favor;0
bird baby shower games;0
bird baby shower theme girl pink;0
bird house baby shower ideas;0
hatching soon baby shower bird;0
little bird baby shower ideas;0
baby bird theme shower ideas;0
baby shower invitation bird;0
bird nest baby shower ideas;0
blue bird baby shower ideas;0
little bird baby shower theme;0
bird nest baby shower theme;0
vintage bird baby shower ideas;0
baby shower welcome bird;0
storybook baby shower theme;0
storybook baby shower theme decoration;0
storybook baby shower cookies;0
a storybook baby shower theme;0
storybook baby shower welcome sign;0
storybook baby shower theme for boy;0
storybook fairytale baby shower theme;0
storybook baby shower foods;0
storybook baby shower theme party favors;0
storybook baby shower tables;0
storybook baby shower theme cupcakes;0
storybook baby shower for boy;0
storybook baby shower cookie;0
baby shower invitation storybook;0
storybook baby shower activities;0
storybook baby shower aesthetic;0
storybook baby shower arch;0
storybook baby shower theme balloon arch;0
storybook baby shower balloon arch;0
a new chapter baby shower theme storybook;0
storybook baby shower boy;0
storybook baby shower backdrop ideas;0
storybook baby shower balloons;0
storybook baby shower bookmarks;0
storybook baby shower brunch;0
storybook baby shower bundle;0
storybook baby shower book request;0
storybook baby shower background;0
storybook baby shower cupcakes;0
storybook baby shower cake ideas;0
storybook baby shower cookies decorated;0
storybook baby shower cake pops;0
storybook baby shower cake topper;0
classic storybook baby shower theme;0
storybook theme baby shower centerpieces;0
baby shower storybook theme cake;0
storybook baby shower decor ideas;0
storybook baby shower decorations diy;0
storybook baby shower dessert table;0
storybook baby shower drinks;0
storybook baby shower dessert;0
storybook baby shower dress;0
storybook baby shower decorations girl;0
storybook baby shower decorated cookies;0
storybook baby shower diy;0
storybook baby shower diaper cake;0
storybook baby shower food ideas;0
storybook baby shower food table;0
storybook baby shower flowers;0
storybook baby shower for girl;0
vintage storybook baby shower food;0
storybook baby shower girl;0
storybook baby shower guest book;0
storybook baby shower gifts;0
storybook baby shower gift table;0
storybook baby shower game ideas;0
storybook baby shower guest book ideas;0
storybook baby shower gift ideas;0
storybook garden baby shower theme;0
guess the storybook baby shower game;0
baby shower game storybook;0
storybook baby shower invite;0
storybook baby shower ideas girl;0
storybook themed baby shower ideas;0
storybook themed baby shower ideas boy;0
vintage storybook baby shower invitation;0
storybook baby shower theme invitation;0
kids storybook baby shower theme;0
storybook baby shower nails;0
storybook baby shower theme decoration nursery rhymes;0
storybook baby shower outfit;0
storybook baby shower theme outfit;0
storybook baby shower photo backdrop;0
storybook baby shower party favors;0
storybook baby shower painted banner;0
storybook baby shower punch;0
storybook baby shower primary colors;0
storybook baby shower prizes;0
storybook baby shower poster;0
storybook pooh baby shower balloons;0
storybook baby shower theme pink;0
book themed baby shower ideas food storybook party;0
storybook baby shower quotes;0
storybook baby shower diaper raffle;0
storybook baby shower sign;0
storybook baby shower sugar cookies;0
storybook baby shower snacks;0
storybook baby shower sheet cake;0
storybook baby shower sign in;0
storybook baby shower theme food;0
storybook baby shower table decorations;0
storybook baby shower theme centerpieces;0
storybook baby shower theme girl;0
storybook baby shower theme cookies;0
storybook baby shower theme cake;0
storybook baby shower theme games;0
storybook baby shower theme invitations;0
storybook baby shower theme backdrop;0
storybook baby shower theme boy;0
storybook baby shower vintage;0
storybook baby shower theme vintage;0
vintage storybook baby shower theme decor;0
vintage storybook baby shower invites;0
vintage storybook baby shower backdrop;0
vintage storybook baby shower cake;0
vintage storybook baby shower ideas;0
vintage storybook baby shower cookies;0
vintage storybook baby shower girl;0
storybook baby shower welcome;0
winter storybook baby shower theme;0
whimsical storybook baby shower theme;0
whimsical storybook-themed baby shower invitations;0
woodland storybook baby shower theme;0
storybook baby shower theme welcome sign;0
baby shower princess;0
disney princess baby shower games;0
little princess baby shower invitations;0
princess baby shower backdrop;0
princess baby shower balloons;0
princess baby shower cake;0
princess baby shower cake ideas;0
princess baby shower cake pops;0
princess baby shower cake topper;0
princess baby shower centerpiece ideas;0
princess baby shower centerpieces;0
princess baby shower cookies;0
princess baby shower cupcakes;0
princess baby shower decor;0
princess baby shower decorations;0
princess baby shower diaper cake;0
princess baby shower diy;0
princess baby shower favors;0
princess baby shower food ideas;0
princess baby shower games;0
princess baby shower guest book;0
princess baby shower invitation;0
princess baby shower invitations;0
princess baby shower invitations free;0
princess baby shower invite;0
princess baby shower party favors;0
princess baby shower sheet cake;0
princess baby shower shirts;0
princess baby shower table centerpieces;0
princess baby shower theme;0
princess baby shower theme ideas;0
princess baby shower welcome sign;0
princess jasmine baby shower ideas;0
princess jasmine baby shower invitations;0
princess jasmine baby shower theme;0
princess leia baby shower decorations;0
princess tiana baby shower backdrop;0
royal princess baby shower decorations;0
royal princess baby shower ideas;0
royal princess baby shower invitation;0
royal princess baby shower theme;0
royal princess baby shower theme purple;0
whimsical baby shower ideas;0
whimsical baby shower invitations;0
whimsical baby shower theme;0
baby shower forest animal theme;0
forest baby shower cake;0
forest baby shower decorations;0
forest baby shower invitations;0
forest baby shower theme;0
forest themed baby shower ideas;0
nature baby shower cake;0
nature baby shower decorations;0
nature baby shower ideas;0
nature baby shower invitations;0
nature baby shower theme;0
nature themed baby shower decorations;0
nature themed baby shower favors;0
nature themed baby shower games;0
nature themed baby shower invitations;0
whimsical baby shower decorations;0
enchanted forest baby shower cake;0
enchanted forest baby shower girl;0
ocean baby shower decorations;0
ocean baby shower favors;0
ocean baby shower ideas;0
ocean baby shower invitations;0
ocean baby shower invite;0
ocean baby shower theme;0
ocean themed baby shower food ideas;0
ocean themed baby shower gifts;0
storybook baby shower thank you gifts;0
princess baby shower gift;0
princess baby shower treats;0
princess and frog baby shower decorations;0
baby shower princess tiana theme;0
pink princess baby shower ideas;0
princess baby shower ideas centerpieces cinderella carriage;0
princess baby shower cake pink and gold;0
purple princess baby shower cake;0
princess baby shower aesthetic;0
princess baby shower activities;0
princess and the frog baby shower decoration;0
princess and the frog baby shower booklet;0
tiana princess and the frog baby shower ideas;0
princess and the frog baby shower theme dress;0
baby shower princess and frog;0
princess and the frog baby shower decor;0
princess and the frog baby shower food ideas;0
princess and the frog baby shower theme cake;0
princess baby shower banner;0
princess baby shower balloon arch;0
princess baby shower backdrop ideas;0
princess baby shower background;0
princess baby shower basket;0
princess baby shower balloon decorations;0
princess baby shower cookies decorated;0
princess baby shower centerpieces diy;0
princess baby shower cake one tier;0
princess baby shower dress;0
princess baby shower dessert table;0
princess baby shower desserts;0
princess baby shower disney;0
princess baby shower decorated cookies;0
princess baby shower decor ideas;0
princess tiana baby shower invitations editable;0
enchanted princess baby shower theme girl;0
elegant princess baby shower ideas;0
enchanted princess baby shower theme;0
baby girl shower edible cake topper princess ballerina;0
princess baby shower food;0
princess baby shower favor ideas;0
princess baby shower flyer;0
princess baby shower favors for guests;0
princess baby shower food table;0
princess baby shower flowers;0
fresh princess baby shower theme diy;0
fairy princess baby shower theme;0
princess baby shower gift basket;0
princess baby shower gift ideas;0
princess baby shower guest book ideas;0
princess baby shower game ideas;0
princess baby shower girl theme;0
baby shower themes princess girl;0
a little princess is on her way baby shower cake;0
a little princess is on her way baby shower theme;0
a little princess is on her way baby shower decorations;0
a little princess is on her way baby shower ideas;0
princess baby shower ideas centerpieces;0
princess baby shower ideas disney;0
princess baby shower ideas food;0
princess baby shower ideas girl;0
princess baby shower invitations blank;0
princess baby shower ideas invitations;0
princess baby shower ideas cake;0
aladdin baby shower ideas princess jasmine;0
princess jasmine baby shower cake;0
little princess baby shower treats;0
little princess baby shower ideas purple;0
little princess baby shower theme;0
baby shower little princess;0
little black princess baby shower ideas;0
little princess baby shower ideas pink and gold;0
baby shower mario bros princess peach;0
princess baby shower outfit for mom;0
my little princess baby shower ideas;0
princess and the frog baby shower outfit for mom;0
the little mermaid baby shower ideas disney princess;0
princess baby shower nails;0
princess & the frog baby shower nails;0
baby shower nails princess and the frog;0
baby shower nails girl princess;0
baby shower niña princess;0
princess tiana baby shower nails;0
princess theme baby shower nails;0
princess baby shower outfit;0
princess tiana baby shower outfits;0
princess theme baby shower outfits;0
princess and the frog baby shower outfits;0
once upon a time princess baby shower theme;0
princess on the way baby shower theme;0
princess and the frog baby shower ideas outside;0
princess on the way baby shower cake;0
princess baby shower painted banner;0
princess baby shower prizes;0
royal princess baby shower treats;0
royal princess baby shower cookies;0
baby shower princess rapunzel;0
royal princess baby shower theme centerpieces;0
royal princess baby shower decoration ideas;0
princess baby shower sugar cookies;0
princess baby shower sign;0
princess baby shower sheet cake ideas;0
princess baby shower sash;0
princess baby shower set up;0
princess baby shower theme girl;0
princess baby shower treat table;0
princess baby shower table set up;0
princess baby shower theme centerpieces;0
princess baby shower table decor;0
princess baby shower theme cake;0
princess baby shower theme decorations;0
princess baby shower table;0
princess and the frog baby shower table set up;0
vintage disney princess baby shower ideas;0
vintage princess baby shower ideas;0
winter princess baby shower theme;0
disney princess baby shower welcome sign;0
princess tiana baby shower welcome sign;0
snow white baby shower theme disney princess;0
princess theme baby shower welcome sign;0
princess baby shower thank you gifts;0
sims 4 princess baby shower cc;0
romantic baby shower ideas;0
romantic baby shower dress;0
romantic baby shower theme;0
romantic baby shower decor;0
romantic baby shower cake;0
romantic baby shower invitation;0
baby shower romantic blush pink;0
baby shower romantic;0
baby shower girl romantic;0
soft and romantic baby shower makeup ideas;0
romantic baby shower themes;0
whimsical baby shower dress;0
whimsical baby shower decor;0
whimsical baby shower cake;0
whimsical baby shower ideas fairy tales;0
whimsical baby shower invite;0
whimsical baby shower ideas girl;0
whimsical baby shower outfit;0
whimsical baby shower ideas boy;0
whimsical baby shower boy;0
whimsical woodland baby shower decorations;0
whimsical woodland baby shower theme;0
whimsical couples baby shower decorations;0
whimsical baby shower table;0
whimsical wildflower baby shower ideas;0
whimsical baby shower cake ideas;0
whimsical baby shower dresses;0
whimsical baby shower activities;0
whimsical baby shower aesthetic;0
whimsical baby shower art;0
gender-neutral baby shower whimsical balloon arch;0
whimsical animal baby shower;0
whimsical baby shower balloon arch;0
adorable whimsical baby shower cake designs;0
whimsical hot air balloon baby shower decorations;0
whimsical animal-themed baby shower ideas;0
whimsical baby shower backdrop;0
whimsical baby shower banner;0
whimsical baby shower backdrop ideas;0
whimsical baby shower balloons;0
whimsical baby shower brunch;0
whimsical baby shower cookies;0
whimsical baby shower centerpieces;0
whimsical baby shower cupcakes;0
whimsical baby shower centerpiece ideas;0
whimsical baby shower cake boy;0
whimsical baby shower cake girl;0
whimsical baby shower sugar cookies;0
whimsical baby shower diy craft ideas;0
whimsical baby shower decoration ideas;0
whimsical baby shower dessert table;0
whimsical baby shower diy;0
whimsical baby shower decor ideas;0
whimsical baby shower desserts;0
whimsical baby shower food ideas;0
whimsical baby shower food;0
whimsical baby shower favors;0
whimsical baby shower flowers;0
whimsical baby shower for girl;0
whimsical baby shower florals;0
whimsical baby shower for boy;0
whimsical fairy baby shower theme;0
fall whimsical baby shower ideas;0
whimsical woodland baby shower ideas for fall;0
whimsical forest baby shower theme;0
whimsical flower baby shower ideas;0
whimsical baby shower girl;0
whimsical baby shower games;0
whimsical baby shower gift ideas;0
whimsical baby shower gifts;0
whimsical baby shower guest outfit;0
whimsical baby girl shower themes;0
whimsical baby shower ideas boho chic;0
whimsical baby shower ideas bohemian;0
whimsical baby shower ideas springtime;0
whimsical baby shower ideas boy neutral;0
whimsical baby shower ideas summer;0
whimsical baby shower ideas winter;0
modern whimsical baby shower ideas;0
capturing whimsical baby shower moments;0
over the moon baby shower ideas whimsical;0
whimsical mushroom baby shower ideas;0
whimsical baby shower nails;0
gender neutral whimsical baby shower invitation;0
whimsical gender neutral baby shower ideas;0
whimsical baby shower outfit ideas;0
whimsical outdoor baby shower decorations;0
unique whimsical baby shower venue options;0
whimsical baby shower party favors;0
whimsical baby shower photo backdrop;0
whimsical baby shower painted banner;0
whimsical pink baby shower ideas;0
whimsical winnie the pooh baby shower ideas;0
whimsical baby q shower ideas;0
rustic whimsical baby shower ideas;0
whimsical baby shower sign;0
whimsical baby shower theme ideas;0
whimsical baby shower theme girl;0
whimsical baby shower treats;0
whimsical baby shower tablescape;0
whimsical baby shower table decor;0
vintage whimsical baby shower ideas;0
vintage whimsical baby shower theme;0
whimsical baby shower welcome sign;0
whimsical baby shower winter;0
nature baby shower cookies;0
nature baby shower theme girl;0
nature baby shower theme gender neutral;0
nature baby shower decor;0
nature baby shower theme boys;0
nature baby shower food;0
nature baby shower backdrop;0
baby boy nature shower ideas;0
nature-inspired baby shower themes;0
baby shower in nature;0
nature theme baby shower girl;0
boy baby shower themes nature;0
idée baby shower nature;0
baby shower cake nature;0
nature themed baby shower desserts;0
nature themed baby shower banner;0
nature baby shower activities;0
nature baby shower arch;0
nature baby shower boy;0
nature baby shower banner;0
nature baby shower centerpieces;0
nature baby shower cupcakes;0
nature baby shower cake girl;0
nature theme baby shower cookies;0
simple nature baby shower cake;0
baby shower card nature;0
baby shower nature theme cake;0
baby shower cookies boy nature;0
nature baby shower theme centerpieces;0
nature inspired baby shower cake;0
nature baby shower dress;0
baby shower nature theme decoration;0
nature theme baby shower decor;0
baby shower idées deco nature;0
décoration baby shower nature;0
nature baby shower table decor;0
baby shower dans la nature;0
baby boy shower decoration ideas themes sage green nature;0
nature baby shower food ideas;0
nature baby shower favors;0
nature baby shower for girl;0
nature baby shower theme food;0
nature themed baby shower food;0
baby shower themes for boys nature;0
baby shower party favors nature;0
baby shower ideas for boys nature;0
nature-themed baby shower favor ideas;0
nature themed baby shower ideas for girl;0
nature baby shower girl;0
nature baby shower games;0
nature baby shower gifts;0
gender neutral baby shower ideas nature;0
nature themed baby shower gift;0
baby shower themes girl nature;0
green nature baby shower theme;0
nature theme baby shower ideas girl;0
nature baby shower invite;0
baby shower invitation nature;0
nature-themed baby shower invitation ideas;0
mother nature baby shower ideas;0
mother nature baby shower theme;0
nature baby shower outfit;0
nature theme baby shower ideas outdoor;0
nature baby shower party favors;0
baby shower photoshoot nature;0
pink nature baby shower theme;0
nature baby shower sign;0
nature baby shower theme cookies;0
woodland nature baby shower theme;0
nature themed baby shower ideas boy woodland;0
forest baby shower ideas;0
forest baby shower food;0
forest baby showers;0
forest baby shower centerpieces;0
forest baby shower cookies;0
forest baby shower theme girl;0
forest baby shower cupcakes;0
forest baby shower banner;0
enchanted forest baby shower theme food;0
enchanted forest baby shower theme girl nursery;0
baby shower girl forest animals;0
enchanted forest baby shower invitation;0
winter forest baby shower theme table;0
enchanted forest baby shower theme girl backdrop;0
forest baby shower sugar cookies;0
baby shower themes for boys forest;0
baby shower boy themes forest;0
forest baby shower aesthetic;0
forest baby shower arch;0
baby shower ideas forest animals;0
forest animals baby shower gift ideas;0
forest animal baby shower backdrop;0
forest animals baby shower cupcakes;0
forest animal baby shower decor;0
forest baby shower backdrop;0
forest baby shower boy;0
forest baby shower balloon arch;0
forest baby shower basket;0
forest baby shower balloons;0
forest baby shower background;0
forest baby shower brunch;0
forest baby shower cake ideas;0
forest baby shower cake pops;0
forest baby shower centerpiece ideas;0
forest baby shower cookies boy;0
forest baby shower cookies decorated;0
forest baby shower cake girl;0
diy forest baby shower crafts;0
forest baby shower decor;0
forest baby shower desserts;0
forest baby shower dress;0
forest baby shower diy;0
forest baby shower diaper cake;0
forest baby shower dessert table ideas;0
forest baby shower dessert table;0
forest baby shower drinks;0
baby shower decoration forest;0
forest theme baby shower decorations;0
baby shower enchanted forest themes;0
enchanted forest baby shower balloons;0
enchanted forest baby shower foods;0
enchanted forest themed baby shower ideas;0
enchanted forest baby shower decor;0
forest baby shower favors;0
forest baby shower food ideas;0
forest baby shower favor ideas;0
forest baby shower food table;0
forest baby shower flowers;0
forest baby shower for boy;0
forest baby shower for girl;0
forest baby shower games;0
forest baby shower girl;0
forest baby shower gifts;0
forest baby shower gift ideas;0
forest baby shower guest book;0
forest baby shower garland;0
boy baby shower forest green;0
forest baby shower invite;0
forest baby shower ideas girl;0
forest baby shower ideas for boys;0
forest baby shower invitations boy;0
forest baby shower ideas boy;0
forest themed baby shower invites;0
love bug baby shower forest;0
enchanted forest baby shower game ideas for large groups;0
magic forest baby shower theme;0
baby shower mystical forest;0
forest mountain baby shower theme;0
mushroom forest baby shower decor;0
mushroom forest baby shower ideas;0
magical forest baby shower ideas;0
mushroom forest baby shower cookies;0
baby shower magical forest;0
mystical forest baby shower ideas;0
forest baby shower nails;0
forest green baby shower nails;0
forest themed baby shower nails;0
baby shower niña forest;0
national forest baby shower themes;0
forest baby shower theme gender neutral;0
enchanted forest baby shower gender-neutral theme ideas;0
gender neutral baby shower ideas forest;0
forest baby shower outfit;0
forest baby shower outfit ideas;0
forest theme baby shower outfit;0
outdoor forest baby shower games;0
outdoor forest baby shower ideas;0
enchanted forest baby shower outfit;0
forest green baby shower outfit;0
enchanted forest baby shower outfit ideas for guests;0
enchanted forest baby shower outfit ideas;0
forest baby shower theme outside;0
forest baby shower painted banner;0
forest baby shower party favors;0
forest baby shower photo backdrop;0
forest baby shower poster;0
forest baby shower prizes;0
forest baby shower pink;0
pink forest baby shower theme;0
woodland baby shower theme centerpieces forest party;0
forest theme baby shower ideas woodland party;0
forest themed baby shower party favors;0
rain forest baby shower theme;0
rain forest themed baby shower ideas;0
rustic forest baby shower ideas;0
rain forest baby shower decorations;0
forest baby shower sign;0
forest baby shower snacks;0
forest baby shower sheet cake;0
forest baby shower theme boys;0
forest baby shower theme centerpieces;0
forest baby shower table decor;0
forest baby shower theme cake;0
forest baby shower theme food;0
forest baby shower treats;0
forest baby shower theme decoration;0
forest baby shower theme backdrop;0
forest baby shower tables;0
forest baby shower venue ideas;0
vintage forest baby shower ideas;0
forest baby shower welcome sign;0
baby shower winter forest theme;0
winter forest baby shower theme cookies;0
winter forest themed baby shower ideas;0
winter forest baby shower ideas;0
woodland forest baby shower decor;0
forest themed baby shower thank you gifts;0
ocean baby shower cake;0
ocean baby showers;0
ocean baby shower centerpieces;0
ocean baby shower theme girl;0
ocean baby shower cookies;0
ocean baby shower theme boy;0
ocean baby shower games;0
ocean baby shower theme boy decorations;0
ocean baby shower food;0
baby shower ocean;0
ocean themed baby shower for girl;0
ocean themed baby shower centerpieces;0
boy baby shower ocean themes;0
ocean baby shower cake ideas;0
ocean theme baby shower favors;0
ocean baby shower food ideas;0
baby boy baby shower ideas ocean;0
ocean themed baby shower foods;0
baby girl shower ocean theme;0
ocean theme baby shower balloons;0
ocean baby shower activities;0
ocean baby shower aesthetic;0
ocean themed baby shower balloon arch;0
baby shower ocean animals;0
ocean animals baby shower theme;0
ocean themed baby shower activities;0
ocean themed baby shower ideas its a boy;0
ocean animals baby shower ideas;0
ocean baby shower boy;0
ocean baby shower banner;0
ocean baby shower balloon arch;0
ocean baby shower backdrop;0
ocean baby shower background;0
ocean baby shower balloons;0
ocean baby shower brunch;0
ocean baby shower basket;0
ocean baby shower cupcakes;0
ocean baby shower cookies decorated;0
ocean baby shower cake boy;0
ocean baby shower cake girl;0
ocean baby shower crafts;0
baby shower card ocean;0
ocean theme baby shower card;0
ocean baby shower decor;0
ocean baby shower dress;0
ocean baby shower dessert;0
ocean baby shower drinks;0
ocean baby shower dessert table;0
ocean baby shower diy;0
ocean theme baby shower desserts;0
baby shower decorations ocean theme;0
ocean themed baby shower dress;0
gender-neutral ocean baby shower decorations;0
ocean baby shower for girl;0
ocean baby shower for boy;0
baby shower cookies for boy ocean;0
ocean baby shower party favor;0
baby shower food ideas ocean theme;0
ocean baby shower girl;0
ocean baby shower gifts;0
ocean baby shower gift basket;0
ocean baby shower guest book;0
baby shower gift ocean;0
ocean baby shower ideas girl;0
ocean themed girl baby shower ideas;0
guess how many baby shower game ocean theme;0
ocean baby shower ideas for boys;0
ocean baby shower ideas decoration;0
sea life baby shower ideas ocean themes;0
ocean life baby shower ideas;0
ocean baby shower nails;0
ocean baby shower neutral;0
neutral ocean baby shower ideas;0
gender neutral baby shower ideas ocean;0
ocean themed baby shower ideas gender neutral;0
ocean baby shower theme gender neutral;0
ocean themed baby shower nails;0
baby shower niño ocean;0
baby shower nails boy ocean;0
ocean baby shower outfit;0
ocean baby shower party favors;0
ocean baby shower painted banner;0
ocean baby shower photo booth;0
ocean baby shower pink;0
ocean baby shower center piece;0
pink ocean baby shower theme;0
ocean water baby shower punch;0
ocean-inspired baby shower color palettes;0
ocean themed baby shower prizes;0
ocean themed baby shower party favors;0
ocean baby shower sugar cookies;0
ocean baby shower snacks;0
ocean baby shower signs;0
ocean baby shower sheet cake;0
ocean baby shower theme boy cake;0
baby shower woodland theme food;0
minimalist baby shower decorations;0
minimalist baby shower gifts;0
minimalist baby shower ideas;0
minimalist baby shower invitation;0
modern baby shower cake;0
modern baby shower decor;0
modern baby shower games;0
modern baby shower ideas;0
modern baby shower invitations;0
modern baby shower invite;0
modern baby shower themes;0
modern baby showers;0
woodland theme baby shower ideas;0
woodland theme baby shower napkins;0
woodland theme shower ideas;0
country baby shower decorations;0
country baby shower games;0
country baby shower ideas;0
country baby shower invitations;0
country baby shower songs;0
country club baby shower attire;0
modern baby shower activities;0
modern baby shower decorations;0
modern baby shower decorations girl;0
modern baby shower favors;0
modern baby shower food;0
modern baby shower gifts;0
country western baby shower ideas;0
earthy baby shower cake;0
earthy baby shower decorations;0
earthy baby shower ideas;0
earthy baby shower invitations;0
natural baby shower decorations;0
natural baby shower favors;0
natural baby shower gifts;0
natural baby shower ideas;0
natural baby shower invitations;0
natural baby shower theme;0
ocean baby shower table decor;0
ocean baby shower theme food;0
ocean baby shower theme decorations;0
ocean baby shower table centerpieces;0
ocean baby shower thank you gifts;0
ocean baby shower treats;0
under the sea baby shower ideas for boys ocean themes;0
under the sea baby shower ideas for boys ocean themes printable;0
under the ocean baby shower ideas;0
ocean baby shower table set up;0
ocean baby shower welcome sign;0
ocean theme baby shower welcome sign;0
ocean themed baby shower thank you gifts;0
undersea baby shower ideas;0
undersea baby shower theme;0
undersea baby shower cake;0
woodland theme shower cake;0
woodland theme shower food;0
woodland theme shower favors;0
woodland theme shower decor;0
woodland theme shower decorations;0
woodland theme baby shower boy invites;0
woodland baby shower theme fruit tray;0
woodland baby shower theme cookies girl;0
woodland baby shower theme invitations girl;0
woodland baby shower theme brunch;0
woodland baby shower theme simple;0
minimalist woodland baby shower theme;0
woodland adventure baby shower theme;0
baby shower theme woodland animals;0
woodland baby shower theme appetizers;0
woodland baby shower theme table settings;0
woodland baby shower theme girl sugar cookies;0
woodland theme baby shower boy cookies;0
baby shower cakes woodland theme;0
woodland theme centerpieces baby shower table decorations with books;0
woodland critter baby shower theme;0
woodland baby shower theme drinks;0
woodland theme baby shower dessert;0
woodland baby shower theme decorated cookies;0
woodland baby shower theme deserts;0
girly woodland baby shower theme decorations;0
woodland theme baby shower decor;0
woodland baby shower theme food table;0
woodland baby shower theme food pretzel sticks;0
woodland baby shower theme boy favors;0
girly woodland baby shower theme;0
baby shower gift woodland theme;0
woodland baby shower theme green;0
woodland baby shower theme girl food ideas;0
baby shower invites woodland theme;0
woodland theme girl baby shower ideas;0
modern woodland baby shower theme;0
magical woodland baby shower theme;0
woodland baby shower theme trail mix bar;0
woodland baby shower theme mom outfit;0
woodland moose baby shower theme;0
mountain woodland baby shower theme;0
woodland baby shower theme gender neutral;0
woodland baby shower theme food names;0
woodland baby shower theme name;0
woodland baby shower theme on a budget;0
woodland baby shower theme outside;0
woodland owl baby shower theme;0
woodland pumpkin baby shower theme;0
woodland baby shower theme plates;0
pastel woodland baby shower theme;0
woodland baby shower theme centerpieces rustic;0
woodland baby shower theme red;0
woodland baby shower theme diaper raffle;0
woodland baby shower theme royal icing cookies;0
minimalist baby shower decor;0
minimalist baby shower cake;0
minimalist baby shower theme;0
minimalist baby shower ideas girl;0
minimalist baby shower backdrop;0
minimalist baby shower centerpiece ideas;0
minimalist baby shower table decor;0
minimalist baby shower girl;0
minimalist baby shower boy;0
minimalist baby shower decor outdoor;0
minimalist baby shower boy cake;0
baby shower for minimalist;0
baby shower cake designs minimalist;0
baby shower decoration minimalist;0
baby shower minimalist mehndi;0
minimalist baby shower banner;0
baby shower invite minimalist;0
minimalist baby shower at home;0
minimalist baby shower activities;0
minimalist baby shower aesthetic;0
minimalist baby shower arch;0
baby shower minimalist decor at home;0
simple baby shower decorations at home minimalist;0
minimalist baby shower themes and decorations;0
minimalist baby shower balloon arch;0
minimalist black and white gender-neutral baby shower color palette;0
simple and minimalist baby shower decor;0
modern and minimalist boy baby shower ideas;0
minimalist baby shower backdrop ideas;0
minimalist baby shower balloons;0
minimalist baby shower brunch;0
minimalist baby shower blue;0
minimalist baby shower boy decor;0
minimalist baby shower cake boy;0
minimalist baby shower cookies;0
minimalist baby shower cake pink;0
minimalist baby shower centerpieces;0
minimalist baby shower cupcakes;0
minimalist baby shower cake girl;0
minimalist baby shower cake ideas;0
minimalist baby shower cake blue;0
minimalist baby shower checklist;0
minimalist baby shower cards;0
minimalist baby shower decor boy;0
minimalist baby shower dress;0
minimalist baby shower decor girl;0
minimalist baby shower decorations girl;0
minimalist baby shower dessert table;0
minimalist baby shower decor ideas;0
minimalist baby shower decor table;0
minimalist baby shower decor indian;0
minimalist baby shower food;0
minimalist baby shower flowers;0
minimalist baby shower favors;0
minimalist baby shower for girl;0
minimalist baby shower for boy;0
minimalist baby shower food recipes;0
minimalist baby shower fall;0
minimalist baby shower ideas fall;0
baby shower ideas for boys minimalist;0
minimalist fall baby shower decor;0
baby shower food table set up minimalist;0
minimalist baby shower games;0
minimalist baby shower guest outfit;0
minimalist baby shower girl cake;0
minimalist baby shower gift ideas;0
minimalist baby shower game ideas;0
baby shower ideas girl minimalist;0
gender neutral baby shower decorations minimalist;0
baby shower minimalist decor girl;0
minimalist baby shower invite;0
minimalist baby shower ideas boy;0
minimalist baby shower ideas boy neutral;0
minimalist baby shower ideas blue;0
minimalist baby shower ideas winter;0
minimalist baby shower ideas neutral;0
minimalist baby shower ideas for boys;0
baby shower registry list minimalist;0
minimalist baby shower mehendi;0
minimalist baby shower mehendi designs;0
minimalist baby shower nails;0
minimalist baby shower neutral;0
minimalist neutral baby shower ideas;0
neutral minimalist baby shower decorations;0
gender neutral minimalist baby shower invitation;0
gender-neutral baby shower minimalist decor;0
minimalist neutral baby shower decor;0
minimalist baby shower outfit;0
minimalist outdoor baby shower ideas;0
outdoor baby shower ideas decoration minimalist;0
minimalist baby shower photo backdrop;0
minimalist baby shower pink;0
minimalist baby shower picnic;0
minimalist baby shower photo;0
minimalist baby shower party;0
minimalist pink baby shower decor;0
winnie the pooh baby shower ideas minimalist;0
minimalist baby shower registry;0
minimalist baby shower sign;0
minimalist baby shower sheet cake;0
minimalist baby shower theme ideas;0
minimalist baby shower table;0
minimalist baby shower themes girl;0
minimalist baby shower table setting;0
baby shower theme boy minimalist;0
minimalist baby shower invitation template;0
minimalist baby shower welcome sign;0
modern baby shower themes girl;0
modern baby shower outfit;0
modern baby shower themes classy;0
modern baby shower themes neutral;0
modern boy baby shower decor;0
modern couples baby shower decorations;0
baby shower cakes modern;0
modern farmhouse baby shower ideas;0
baby shower invitation modern;0
modern baby shower cake girl;0
baby shower invites modern;0
boy modern baby shower ideas;0
modern baby shower games and activities that aren't cringy;0
modern black and white baby shower ideas;0
modern baby shower ideas for a boy;0
sleek and modern baby shower decoration ideas;0
modern baby shower games activities;0
modern baby shower backdrop;0
modern baby shower boy;0
modern baby shower banner;0
modern baby shower boy themes;0
modern baby shower brunch;0
modern baby shower cookies;0
modern baby shower cake ideas;0
modern baby shower centerpieces;0
modern baby shower centerpiece ideas;0
modern baby shower chalkboard sign ideas;0
modern baby shower cake boy;0
modern baby shower corsage;0
modern baby shower cupcakes;0
modern baby shower dress;0
modern baby shower decor ideas;0
modern indian baby shower decorations;0
modern baby shower decorations maternity photography;0
modern baby shower flowers;0
modern baby shower for boy;0
modern baby shower food ideas;0
modern baby shower florals;0
modern baby shower fall;0
modern baby shower ideas for boys;0
modern fall baby shower ideas;0
modern baby shower invites for girl;0
modern baby shower games fun;0
modern baby shower guest outfit;0
modern baby shower girl;0
modern baby shower gift basket;0
modern baby shower game ideas;0
modern baby shower girl ideas;0
modern baby shower gender neutral;0
modern baby shower ideas girl;0
modern baby shower ideas boys;0
modern baby shower ideas classy;0
modern baby shower invitation ideas;0
modern baby shower ideas fall;0
modern baby shower ideas summer;0
modern jungle baby shower theme;0
modern baby shower look;0
modern baby shower saree look;0
modern baby shower mehndi designs;0
modern baby shower mehendi;0
modern baby shower neutral;0
baby shower ideas neutral colors modern;0
modern neutral baby shower ideas;0
modern baby shower themes gender neutral;0
modern primary gender-neutral baby shower color scheme;0
modern gender neutral baby shower ideas;0
modern gender neutral baby shower ideas decoration;0
outfit baby shower mama casual modern;0
organic modern baby shower ideas;0
baby shower outfits for mom modern;0
modern baby shower photoshoot;0
modern baby shower photo backdrop;0
modern baby shower party;0
modern winnie the pooh baby shower ideas;0
baby shower modern poses;0
modern pink baby shower ideas;0
modern pink baby shower cake;0
baby shower photography poses modern;0
modern pooh bear baby shower ideas;0
modern baby q shower ideas;0
baby shower rangoli designs ideas modern;0
modern baby shower sign;0
modern baby shower saree;0
modern baby shower sign ideas;0
modern baby shower themes boy;0
modern baby shower theme ideas;0
modern baby shower themes vintage;0
modern baby shower themes summer;0
modern baby shower table decor;0
modern baby shower table setting ideas;0
modern baby shower tablescapes;0
modern vintage baby shower ideas;0
modern baby shower welcome sign;0
modern winter baby shower ideas;0
baby shower welcome board modern;0
modern wildflower baby shower ideas;0
modern western baby shower ideas;0
country baby shower theme;0
country baby shower outfit;0
country baby shower ideas girl;0
country baby shower girl;0
country baby shower outfit guest;0
country baby shower cake;0
country baby shower ideas rustic;0
country baby shower ideas for boys;0
country baby shower boy;0
country baby shower dress;0
boy baby shower themes country;0
gender neutral country baby shower ideas;0
country baby girl baby shower ideas;0
country baby shower theme boy;0
country baby shower outfit ideas;0
country baby shower centerpiece ideas;0
baby shower french country;0
country style baby shower cake;0
baby shower theme country club;0
country baby shower for a girl;0
country themed baby shower outfit;0
country baby shower aesthetic;0
baby shower at a country club;0
what to wear to a baby shower at a country club;0
country baby shower ideas for a girl;0
country themed baby shower for a girl;0
country baby shower basket;0
country baby shower backdrop;0
country baby shower banner;0
country baby shower cookies;0
country baby shower centerpieces;0
country baby shower cupcakes;0
country baby shower cake design ideas;0
country baby shower cake for boys;0
country baby shower cake pops;0
country baby shower decor;0
country baby shower desserts;0
country baby shower dessert table;0
decoración de baby shower country;0
country club baby shower decor;0
recuerdos baby shower de madera country;0
baby shower dress for mom country;0
country theme baby shower ideas decor;0
country club baby shower dress;0
baby shower estilo country;0
baby shower en madera country;0
english country baby shower ideas;0
country baby shower food ideas;0
country baby shower food;0
country baby shower for boy;0
country baby shower favors;0
country baby shower favors for guests;0
country baby shower for girl;0
country baby shower fit;0
country baby shower party favors;0
country theme baby shower food;0
country themed baby shower for girl;0
french country blue baby shower ideas;0
country baby shower gift ideas;0
country baby shower gifts;0
country baby shower guest outfit;0
country baby shower gift basket;0
country baby shower gifts for boys;0
baby shower cupcakes girl country;0
country theme baby shower ideas girl;0
country baby shower ideas for boys camo hunting themes;0
country baby shower ideas boy;0
country baby shower invite;0
country baby shower ideas rustic decor;0
country baby shower ideas food;0
blue jean baby country shower theme;0
low country boil baby shower cookies;0
low country boil baby shower ideas;0
country music baby shower ideas;0
country baby shower outfit for mom;0
country baby shower outfit for mom-to-be;0
country baby shower outfit men;0
baby shower madera country;0
baby shower outfits for mom country;0
country baby shower nails;0
country baby shower neutral;0
french country spring baby shower themes neutral;0
baby shower nails boy country;0
baby shower niña country;0
country baby shower theme gender neutral;0
neutral country baby shower ideas;0
country baby shower outfit for guest;0
country club baby shower outfit;0
baby shower outfits country;0
country girl baby shower outfit;0
country baby shower painted banner;0
country baby shower playlist;0
country baby shower prizes;0
pink country baby shower ideas;0
girl baby shower themes rustic country;0
country boy baby shower ideas rustic;0
country baby shower theme girl;0
country baby shower themes for boys;0
country baby shower table decor;0
country baby shower theme ideas;0
country baby shower table;0
country baby shower twins;0
vintage country baby shower ideas;0
vintage country baby shower theme ideas;0
country baby shower ideas for girls western theme;0
country western baby shower theme;0
country boy baby shower ideas western theme;0
country club baby shower outfit winter;0
country western baby shower boy;0
country baby shower girl decorations western theme;0
country winter baby shower ideas;0
baby shower welcome sign country;0
baby shower cakes for boys country western theme;0
90s country baby shower theme;0
natural baby shower makeup;0
natural baby shower decor;0
natural baby shower cake;0
natural baby shower nails;0
natural baby shower ideas gender neutral;0
natural baby shower hairstyles;0
natural baby shower makeup looks;0
baby shower makeup ideas natural pink;0
gender natural baby shower themes;0
baby girl shower natural;0
maquillaje baby shower natural;0
natural baby shower balloons;0
natural baby shower cake ideas;0
baby shower decoration natural;0
baby shower niño natural;0
baby shower decor natural;0
maquillaje natural para baby shower niño;0
corsage baby shower flor natural;0
all natural baby shower decor;0
all natural baby shower gifts;0
natural and glowing baby shower makeup ideas;0
maquillaje para baby shower de dia natural azul;0
natural baby shower balloon arch;0
natural baby shower backdrop;0
natural baby shower centerpieces;0
natural baby shower cupcakes;0
natural baby shower cookies;0
gender natural baby shower cake;0
natural color baby shower cake;0
natural theme baby shower cake;0
corsage de baby shower niña flor natural;0
corsage flor natural baby shower niño;0
gender natural baby shower cookies;0
natural baby shower decor ideas;0
natural baby shower dress;0
baby shower niño decoracion natural;0
maquillaje natural para baby shower de niño;0
maquillaje para baby shower de dia natural sencillo;0
decoracion baby shower natural;0
baby shower makeup ideas natural eyes;0
natural earthy baby shower ideas;0
baby shower estilo natural;0
centro de mesa baby shower flor natural;0
baby shower natural flowers;0
baby shower nails floral natural nails;0
centros de mesa para baby shower flor natural;0
baby shower centerpieces natural flowers;0
baby shower natural flower decorations;0
baby shower ideas for boys natural;0
centros de mesa baby shower niño flor natural;0
natural baby shower gift basket;0
natural baby shower girl;0
natural baby shower glam;0
natural baby shower gift ideas;0
natural girl baby shower ideas;0
gender natural baby shower ideas;0
baby shower nails girl natural nail;0
natural baby shower hair;0
baby shower natural hairstyles black women;0
baby shower hairstyles black women natural hair;0
baby shower hairstyles natural hair;0
baby shower natural hair ideas;0
baby shower hairstyles natural curly hair;0
natural baby shower ideas girl;0
natural baby shower invites;0
baby shower makeup ideas natural blue;0
baby shower makeup looks natural;0
baby shower make up looks natural indian;0
baby shower natural makeup look;0
natural baby shower makeup black women;0
maquillaje natural baby shower mamá;0
maquillaje para un baby shower mujer natural;0
maquillaje para baby shower mama natural;0
natural baby shower outfit;0
baby shower nails on natural nails;0
maquillaje natural para baby shower de dia;0
maquillaje para baby shower de dia rosa natural;0
maquillaje para baby shower natural;0
maquillaje para baby shower de dia natural verde;0
natural baby shower sign;0
natural baby shower table decor;0
natural baby shower theme ideas;0
natural baby shower theme girl;0
natural baby shower table;0
natural color baby shower theme;0
natural themed baby shower ideas;0
natural theme baby shower decorations;0
torta baby shower natural;0
baby shower themes natural;0
baby shower make up looks natural;0
natural wood baby shower decor;0
baby shower cake with natural flowers;0
earthy baby shower theme;0
earthy baby shower ideas bohemian;0
earthy baby shower ideas springtime;0
earthy baby shower outfit;0
earthy baby shower decor;0
earthy baby showers;0
earthy baby shower cookies;0
earthy baby shower dress;0
baby shower boy earthy;0
earthy tones baby shower outfit;0
baby shower earthy theme;0
earthy baby shower invite;0
baby shower earthy decor;0
earthy girl baby shower ideas;0
earthy baby shower backdrop;0
earthy baby shower banner;0
earthy baby shower boy;0
earthy baby shower balloons;0
earthy baby shower centerpieces;0
earthy baby shower cupcakes;0
earthy baby shower cake ideas;0
earthy baby shower colors;0
baby shower earthy colours;0
earthy tones baby shower cake;0
earthy green baby shower cake;0
earthy color baby shower ideas;0
baby shower cakes earthy;0
earthy baby shower favors;0
earthy baby shower food;0
earthy baby shower for girl;0
earthy baby shower girl;0
earthy baby shower games;0
earthy baby shower gifts;0
earthy baby shower theme girl;0
earthy green baby shower ideas;0
girl baby shower themes earthy;0
earthy baby shower ideas girl;0
earthy baby shower ideas simple;0
earthy baby shower ideas table settings;0
earthy themed baby shower ideas;0
earthy baby shower nails;0
earthy neutral baby shower ideas;0
earthy pink baby shower ideas;0
earthy baby shower treats;0
earthy baby shower theme ideas;0
earthy baby shower tables;0
baby shower earthy tones;0
earthy winter baby shower ideas;0
soft baby shower makeup;0
soft baby shower theme;0
soft baby shower theme boy;0
soft baby shower glam;0
soft baby shower ideas;0
soft baby shower theme girl;0
soft baby shower makeup blue;0
soft baby shower nails;0
soft baby shower decor;0
soft baby shower girl;0
soft baby shower aesthetic;0
soft baby shower cake;0
soft glam baby shower makeup;0
girl baby shower soft pink;0
soft pink baby shower dress;0
baby shower themes soft;0
soft glam baby shower makeup black women;0
soft pink baby shower theme;0
soft pink baby shower backdrop;0
soft pink baby shower cake;0
soft pink baby shower aesthetic;0
baby shower makeup ideas soft glam;0
soft yellow baby shower dress;0
soft pink and gold baby shower ideas;0
soft alt baby shower outfit;0
soft autumn baby shower dress;0
soft baby shower boy;0
soft blue baby shower cake;0
baby shower soft colors;0
soft color baby shower ideas;0
soft pink baby shower cupcakes;0
soft pink baby shower cookies;0
chic baby shower decor;0
chic baby shower decorations;0
chic baby shower favors;0
chic baby shower gifts;0
chic baby shower ideas;0
chic baby shower invitations;0
pretty baby shower cakes;0
pretty baby shower ideas;0
pretty baby showers;0
pretty in pink baby shower ideas;0
rustic chic baby shower ideas;0
simple baby shower at home;0
simple baby shower backdrop;0
simple baby shower cake;0
simple baby shower cake boy;0
simple baby shower cake ideas;0
simple baby shower cookies;0
simple baby shower cupcakes;0
simple baby shower decor;0
simple baby shower decoration ideas;0
simple baby shower decorations;0
simple baby shower decorations at home;0
simple baby shower decorations girl;0
simple baby shower dessert table;0
simple baby shower food;0
simple baby shower food ideas;0
simple baby shower for boy;0
simple baby shower games;0
simple baby shower gift ideas;0
simple baby shower gifts;0
simple baby shower ideas;0
simple baby shower ideas at home;0
simple baby shower ideas boy;0
simple baby shower ideas girl;0
simple baby shower invitations;0
simple baby shower themes;0
simple baby shower ideas for a boy;0
soft green baby shower cake;0
soft yellow baby shower cake;0
baby shower girl soft colors;0
soft baby shower dress;0
soft baby shower decorations;0
soft pink baby shower decor;0
soft blue baby shower decor;0
soft floral baby shower decorations;0
soft blue baby shower dress;0
soft pink baby shower flowers;0
soft baby shower glam makeup;0
soft glam baby shower makeup looks;0
soft glam baby shower makeup blue;0
soft green baby shower ideas;0
soft glam baby shower makeup pink;0
soft baby shower hair;0
soft purple baby shower ideas;0
soft pink baby shower invitation;0
soft yellow baby shower ideas;0
soft pink baby shower ideas;0
soft jungle baby shower theme;0
soft baby shower look;0
soft baby shower makeup pink;0
soft natural baby shower makeup;0
soft neutral baby shower theme;0
soft pink baby shower nails;0
baby shower soft neutral;0
soft pink baby shower outfit;0
soft yellow baby shower theme;0
soft safari baby shower theme;0
soft pastel baby shower theme;0
soft pink baby shower treats;0
soft baby shower make up;0
baby shower soft yellow;0
dreamy baby shower theme;0
dreamy baby shower theme girl;0
dreamy baby shower theme boy;0
dreamy baby shower theme pink;0
dreamy baby shower theme decor;0
dreamy baby shower cake;0
dreamy baby shower dress;0
dreamy baby shower ideas;0
dreamy baby shower boy;0
dreamy baby shower invitation;0
dreamy baby shower decor;0
dreamy baby shower girl;0
dreamy baby shower centerpieces;0
dreamy baby shower invite;0
baby shower dreamy;0
dreamy baby shower themes;0
dreamy baby shower outfit;0
dreamy whimsical baby shower backdrop ideas;0
cozy baby shower theme;0
cozy baby shower ideas;0
cozy baby shower outfit;0
cozy baby shower decor;0
cozy baby shower food;0
cozy baby shower outfit guest;0
cozy baby shower theme winter;0
cozy baby shower outfits for mom;0
cozy baby shower at home;0
cozy baby shower decorations;0
cozy baby shower winter;0
cozy baby shower girl;0
cozy cabin baby shower theme;0
cozy fall baby shower themes;0
cozy themed baby shower ideas;0
cozy fall baby shower decor;0
cozy november baby shower ideas;0
cozy winter baby shower theme;0
cozy winter baby shower decor;0
cozy baby shower aesthetic;0
cozy autumn-themed baby shower ideas;0
warm and cozy baby shower theme;0
cozy baby shower brunch;0
cozy baby shower boy;0
cozy baby shower cookies;0
cozy baby shower dress;0
cozy baby shower favors;0
cozy fall baby shower outfit ideas;0
cozy winter baby shower food;0
cozy sweater weather-themed fall baby shower ideas;0
cozy fall baby shower ideas;0
cozy fall baby shower food;0
cozy baby shower outfits for guest;0
cozy baby shower games;0
cozy baby shower game ideas;0
cozy coupe baby shower gift;0
cozy baby shower theme girl;0
baby shower themes girl cozy;0
cozy winter baby shower girl;0
cozy baby shower invite;0
cozy baby shower invitation;0
cozy winter baby shower invitation;0
cozy cottage baby shower ideas;0
cozy campfire baby shower ideas;0
cozy winter baby shower ideas;0
cozy casual baby shower outfit;0
cozy winter baby shower outfit;0
cozy baby shower prizes;0
cozy winter baby shower themes;0
cozy campfire baby shower theme;0
cozy baby shower vibes;0
cozy winter baby shower cookies;0
chic baby shower outfit;0
chic baby shower outfit guest;0
chic baby shower theme;0
chic baby shower dress;0
chic baby shower outfit for mom;0
chic baby shower cake;0
chic baby shower invite;0
chic baby shower games;0
baby shower invite chic;0
chic fila baby shower ideas;0
chic baby shower attire;0
boho chic baby shower ideas boy;0
baby shower guest chic outfit;0
boho chic baby shower cakes;0
baby shower ideas chic;0
chic baby shower activities;0
chic baby shower aesthetic;0
chic baby shower activity;0
chic fil a baby shower banner;0
chic fil a baby shower food;0
chic fil a baby shower theme;0
tennis chic baby shower attire;0
chic baby shower boy;0
chic baby shower backdrop;0
chic baby shower brunch;0
chic baby shower balloons;0
chic baby shower cookies;0
chic baby shower centerpieces;0
chic baby shower decoration ideas;0
chic baby shower dress for mom;0
chic baby shower dinner;0
chic baby shower decor boy;0
desert chic baby shower theme;0
simple chic baby shower decor;0
boho chic baby shower dress;0
flower theme baby shower decor boho chic;0
baby shower estilo boho chic;0
chic baby shower food;0
chic baby shower for girl;0
chic baby shower favor ideas;0
chic baby shower florals;0
chic baby shower flowers;0
chic baby shower for boy;0
chic baby shower ideas fall;0
french chic baby shower outfit;0
baby shower outfit for guest summer chic;0
chic baby shower outfit for guest;0
chic baby shower guest outfit;0
chic baby shower girl;0
chic baby shower guest;0
chic baby shower guest gifts;0
simple baby shower ideas girl boho chic;0
casual chic baby shower guest outfit ideas;0
boho chic girl baby shower ideas;0
baby shower niña hippie chic;0
baby shower hippie chic;0
hippie style baby shower boho chic;0
hippie baby shower ideas boho chic boy;0
chic baby shower ideas boy;0
chic baby shower ideas girl;0
chic baby shower ideas gender neutral;0
chic baby shower invitation ideas;0
chic baby shower invite boy;0
chic jungle baby shower theme;0
chic baby shower look;0
chic baby shower lunch;0
chic maternity baby shower outfit;0
modern chic baby shower ideas;0
chic baby shower nails;0
baby shower boho chic niña;0
baby shower niña chic;0
boho chic gender-neutral baby shower color scheme;0
boho chic baby shower ideas neutral;0
boho chic baby shower ideas gender neutral;0
chic baby shower outfit winter;0
chic baby shower outfit guest spring;0
chic baby shower outfit guest winter;0
chic baby shower outfit ideas;0
chic baby shower outfit guest fall;0
baby shower outfits chic;0
chic baby shower party favors;0
chic baby shower party;0
boho chic baby shower color palette;0
chic pink baby shower outfit;0
pink baby shower ideas boho chic;0
pampas grass pink boho chic baby shower girl invitation;0
free printable boho chic flower baby shower invitation template;0
pink chic baby shower ideas;0
boho chic baby shower picnic;0
free printable baby shower invitations girl boho chic;0
rustic chic baby shower ideas girl;0
rustic chic baby shower cake;0
boho chic baby shower ideas rustic;0
baby shower rústico chic;0
chic baby shower sign;0
chic baby shower table decor;0
chic baby shower theme ideas;0
chic baby shower table;0
chic baby shower theme girl;0
chic baby shower tablescape;0
chic baby shower theme boy;0
chic woodland baby shower theme;0
bohemian baby shower ideas boho chic dessert tables;0
baby shower chic themes;0
vintage chic baby shower boy;0
vintage chic baby shower ideas;0
chic baby shower welcome sign;0
chic baby shower wrapping;0
chic baby shower winter;0
western chic baby shower ideas;0
winter baby shower outfit for guest casual chic;0
chic winter baby shower outfit;0
baby shower outfit for guest winter chic;0
western baby shower chic;0
boho western baby shower ideas chic;0
pretty baby shower themes;0
pretty baby shower dresses;0
pretty baby shower invitations;0
pretty baby shower food;0
pretty baby shower nails;0
pretty baby shower outfits;0
pretty baby shower decor;0
pretty baby shower hairstyles;0
pretty baby shower cupcakes;0
pretty bows baby shower theme;0
tiny toes and pretty bows baby shower games;0
the summer i turned pretty baby shower theme;0
pretty girl baby shower ideas;0
tiny toes and pretty bows baby shower theme banner;0
tiny toes and pretty bows baby shower invites;0
tiny toes and pretty bows baby shower invitation;0
tiny toes and pretty bows baby shower sign;0
tiny toes and pretty bows baby shower desserts;0
tiny toes and pretty bows baby shower theme center pieces;0
tiny toes and pretty bows baby shower back drop;0
tiny toes and pretty bows baby shower themes;0
tiny toes and pretty bows baby shower theme treats;0
tiny toes and pretty bows baby shower theme games;0
tiny toes and pretty bows baby shower theme ideas;0
pretty baby shower cookies;0
simple pretty baby shower cake;0
pretty in pink baby shower cookies;0
pretty in pink baby shower cake;0
baby shower cake pretty;0
pretty little pumpkin baby shower cookies;0
tiny toes and pretty bows baby shower cookies;0
tiny toes and pretty bows baby shower centerpiece;0
tiny toes and pretty bows baby shower theme cookies;0
pretty baby shower decorations;0
pretty baby shower dessert;0
pretty in pink baby shower ideas decoration;0
pretty pink baby shower dress;0
tiny toes and pretty bows baby shower decor;0
tiny toes and pretty bows baby shower decorations;0
tiny toes and pretty bows baby shower theme decor;0
pretty in pink baby shower decor;0
pretty in pink baby shower food;0
tiny toes and pretty bows baby shower favors;0
tiny toes and pretty bows baby shower food;0
pretty princess gold crown pink floral baby shower invitation;0
pretty in pink baby shower favors;0
pretty baby shower gift wrapping;0
pretty baby shower gifts;0
pretty baby shower girl;0
pretty girl baby shower themes;0
girl baby shower pretty in pink;0
pretty in pink baby shower backdrop;0
pretty pink baby shower ideas;0
pretty little pumpkin baby shower ideas;0
pretty little baby baby shower theme;0
little toes and pretty bows baby shower theme;0
pretty in pink baby shower outfit;0
tiny toes and pretty bows baby shower outfit;0
pretty baby shower punch;0
pretty baby shower tables;0
baby shower tiny toes pretty bows;0
tiny toes and pretty bows baby shower table set up;0
simple baby shower mehendi designs;0
simple baby shower decorations indian;0
simple baby shower nails;0
simple baby shower mehndi;0
baby shower simple;0
simple baby shower centerpieces;0
simple baby shower cakes for boys;0
simple baby shower activities;0
simple baby shower aari work blouse;0
simple baby shower at home ideas;0
simple baby shower arch;0
simple baby shower activity;0
simple baby shower aari work design;0
simple baby shower at restaurant;0
simple baby shower arch backdrop;0
simple baby shower appetizers;0
simple baby shower aesthetic;0
simple baby shower at home decor;0
simple baby shower backdrop ideas;0
simple baby shower boy;0
simple baby shower balloon decorations;0
simple baby shower banner;0
simple baby shower blouse designs;0
simple baby shower balloons;0
simple baby shower backdrop ideas boy;0
simple baby shower balloon arch;0
simple baby shower basket;0
simple baby shower backdrop diy;0
simple baby shower brunch;0
simple baby shower cake ideas neutral;0
simple baby shower cake girl;0
simple baby shower cake ideas pink;0
simple baby shower cake design;0
simple baby shower centerpieces girl;0
simple baby shower decor ideas diy;0
simple baby shower decor ideas;0
simple baby shower dress;0
simple baby shower decorations boy;0
simple baby shower desserts;0
simple baby shower eye makeup;0
simple baby shower entrance;0
easy baby shower finger food ideas simple;0
baby shower food easy simple;0
elegant simple baby shower ideas;0
baby shower event simple;0
easy simple baby shower nails;0
elephant baby shower theme boy simple;0
baby shower mehndi easy simple;0
simple elephant baby shower theme;0
simple baby shower favors;0
simple baby shower food table;0
simple baby shower flowers;0
simple baby shower flower centerpieces;0
simple baby shower for girl;0
simple baby shower food table ideas;0
simple baby shower foods snacks;0
simple baby shower favors girl;0
simple baby shower finger foods;0
simple baby shower girl;0
simple baby shower game ideas;0
simple baby shower guest outfit;0
simple baby shower gift basket;0
simple baby shower games free printables;0
simple baby shower game prizes;0
simple baby shower garland;0
simple baby shower gifts for guests;0
simple baby shower giveaways;0
simple baby shower hairstyles;0
simple baby shower hairstyles indian;0
simple baby shower henna;0
simple baby shower hairdo;0
simple baby shower henna design;0
simple baby shower home decor;0
simple baby shower home decorations;0
simple baby shower hostess gifts;0
simple baby shower hamper;0
simple baby shower home;0
simple baby shower hair ideas;0
simple baby shower high tea;0
simple baby shower ideas neutral;0
simple baby shower ideas decorations;0
simple baby shower ideas at home indian;0
simple baby shower invite;0
simple baby shower ideas outdoors;0
simple baby shower ideas for boys themes;0
simple baby shower jwellery;0
simple baby shower jadai;0
simple baby shower jadai design;0
jungle baby shower theme simple;0
jungle theme baby shower cake simple;0
simple flower jewellery for baby shower indian;0
blue mason jar centerpieces baby shower simple;0
real flower jewellery for baby shower simple;0
baby shower jewellery simple;0
flower jewellery for baby shower simple;0
baby shower flower jewellery simple;0
simple lion king baby shower cake;0
lion king baby shower ideas simple;0
simple baby shower games for kids;0
simple half kg baby shower cake;0
simple baby shower look in saree;0
simple baby shower look;0
simple baby shower look indian;0
simple baby shower lunch;0
simple baby shower look south indian;0
simple baby shower lunch ideas;0
simple baby shower look in green saree;0
simple baby shower lunch decor;0
simple baby shower luncheon;0
simple baby shower layout;0
simple baby shower list;0
simple ralph lauren baby shower cake;0
simple baby shower mehandi;0
simple baby shower mehendi designs easy;0
simple baby shower mehendi designs back;0
simple baby shower makeup indian;0
simple baby shower mehendi designs short;0
simple baby shower makeup;0
simple baby shower mehendi designs leg;0
simple baby shower makeup natural;0
simple baby shower malai;0
simple baby shower mehndi designs hand;0
simple baby shower makeup south indian;0
simple baby shower nails boy;0
simple baby shower nails girl;0
simple baby shower nails art designs;0
simple baby shower nails neutral;0
simple baby shower nail art;0
simple baby shower nail ideas;0
simple baby shower nails pink;0
simple baby shower neutral;0
simple baby shower nails boy blue;0
simple baby shower nail designs;0
simple baby shower nails for boy;0
simple baby shower outfit;0
simple baby shower outfit guest;0
simple baby shower outfits for mom;0
simple baby shower outfits for guest;0
simple baby shower outfit guest winter;0
simple baby shower outdoor decorations;0
simple baby shower outdoor;0
simple baby shower outfit ideas;0
simple baby shower outfit indian;0
simple baby shower outside;0
simple baby shower outfit guest jeans;0
simple baby shower photo backdrop;0
simple baby shower prizes;0
simple baby shower prize ideas;0
simple baby shower party favors;0
simple baby shower photoshoot;0
simple baby shower picnic;0
simple baby shower picture backdrop;0
simple baby shower prizes for games;0
simple baby shower pink;0
simple baby shower plate decoration;0
simple baby shower painted banner;0
simple baby shower photo backdrop ideas;0
simple baby shower quotes;0
simple quick baby shower games;0
baby q shower ideas simple;0
simple baby shower rangoli;0
simple baby shower royal icing cookies;0
simple baby shower return gifts;0
simple baby shower refreshments;0
simple baby shower return gift ideas;0
simple baby shower round table set up;0
simple baby shower restaurant;0
simple baby shower recuerdos;0
simple baby shower round cake;0
simple baby shower reveal;0
simple baby shower room decorations;0
simple baby shower sheet cake;0
simple baby shower set up;0
simple baby shower stage decor;0
simple baby shower sign;0
simple baby shower snacks;0
simple baby shower saree look;0
simple baby shower sugar cookies boy;0
simple baby shower sugar cookies;0
simple baby shower stage decoration;0
simple baby shower snack ideas;0
simple baby shower sheet cake girl;0
simple baby shower sheet cake boy;0
simple baby shower table decor;0
simple baby shower table set up;0
simple baby shower themes girl;0
simple baby shower table;0
simple baby shower table centerpieces;0
simple baby shower theme ideas;0
simple baby shower themes gender neutral;0
simple baby shower themes for boys;0
simple baby shower treats;0
simple baby shower thank you gifts;0
simple baby shower theme cake;0
simple baby shower updo;0
simple and unique baby shower decorations;0
baby shower table set up boy simple;0
simple unique baby shower games;0
under the sea baby shower cake simple;0
baby shower cake ideas unique simple;0
baby shower table set up simple;0
simple unique baby shower ideas;0
simple baby shower make up;0
simple baby shower food table set up;0
baby shower simple varon;0
very simple baby shower mehendi;0
simple vintage baby shower cake;0
valentines baby shower ideas simple;0
very simple baby shower cake;0
baby shower video simple;0
decoración baby shower simple varon;0
tortas de baby shower varon simple;0
baby shower varón simple;0
torta baby shower varón simple;0
simple baby shower wishes;0
simple baby shower welcome sign;0
simple baby shower wall decor;0
simple baby shower watercolor card;0
simple baby shower welcome board;0
simple baby shower winnie the pooh;0
simple baby shower white cake;0
simple baby shower winter;0
simple baby shower with flowers;0
simple baby shower wall decorations;0
simple baby shower work;0
simple baby shower with bows;0
simple baby shower yellow;0
simple baby shower thank you cards;0
simple baby shower thank you;0
simple yellow baby shower decor;0
yellow baby shower cake simple;0
baby shower simple y elegante;0
simple baby shower thank you gift;0
simple yellow baby shower ideas;0
baby shower thank you cards wording simple;0
sea you soon baby shower theme simple;0
thank you gifts baby shower diy simple;0
simple baby shower cake 1 pound;0
simple baby shower cake 1kg;0
simple 2 tier baby shower cake;0
simple baby shower 2 tier cake;0
on cloud 9 baby shower theme simple;0
aesthetic baby shower ideas;0
aesthetic baby shower cake;0
aesthetic baby shower decor;0
aesthetic baby shower themes;0
aesthetic baby shower decorations;0
aesthetic baby shower gifts;0
aesthetic baby shower invitations;0
aesthetic baby shower outfits;0
aesthetic baby shower mehendi designs;0
aesthetic baby shower girl;0
aesthetic baby shower games;0
aesthetic baby shower activities;0
aesthetic baby shower boy;0
aesthetic baby shower background;0
aesthetic baby shower backdrop;0
aesthetic baby shower basket;0
aesthetic baby shower banner;0
aesthetic baby shower blue;0
aesthetic baby shower brunch;0
aesthetic baby shower cake boy;0
aesthetic baby shower cake ideas;0
aesthetic baby shower cookies;0
aesthetic baby shower cake girl;0
aesthetic baby shower cards;0
aesthetic baby shower cupcakes;0
aesthetic baby shower centerpieces;0
aesthetic baby shower cake design;0
aesthetic baby shower couple;0
aesthetic baby shower cake pops;0
aesthetic baby shower dress;0
aesthetic baby shower decoration ideas;0
aesthetic baby shower desserts;0
aesthetic baby shower decor simple;0
aesthetic baby shower food ideas;0
aesthetic baby shower food;0
aesthetic baby shower favors;0
aesthetic baby shower for girl;0
aesthetic baby shower for boy;0
fiesta baby shower aesthetic;0
fall girl baby shower aesthetic;0
baby shower pink;0
baby shower pink and gold;0
girl baby shower themes pink;0
pink and gold baby shower cake;0
pink and gold baby shower decorations;0
pink and gold baby shower ideas;0
pink and gold baby shower invitations;0
pink baby shower backdrop;0
pink baby shower background;0
pink baby shower balloons;0
pink baby shower banner;0
pink baby shower cake;0
pink baby shower cake pops;0
pink baby shower centerpieces;0
pink baby shower cookies;0
pink baby shower cupcakes;0
pink baby shower dessert table;0
pink baby shower desserts;0
pink baby shower dress;0
pink baby shower dress guest;0
pink baby shower favors;0
pink baby shower food;0
pink baby shower food table;0
pink baby shower games;0
pink baby shower ideas;0
pink baby shower invitations;0
pink baby shower maternity dress;0
pink baby shower nails;0
pink baby shower theme;0
pink ladybug baby shower theme;0
pink little pumpkin baby shower decorations;0
50 shades of pink baby shower invitations;0
blue baby shower alcoholic drinks;0
blue baby shower backdrop;0
blue baby shower background;0
blue baby shower balloons;0
blue baby shower cake;0
blue baby shower centerpieces;0
blue baby shower cupcakes;0
blue baby shower decorations;0
blue baby shower dress;0
blue baby shower drinks;0
blue baby shower ideas;0
blue baby shower nails;0
blue baby shower punch;0
blue baby shower theme;0
pink and blue baby shower cake;0
pink baby shower party favors;0
pink baby shower punch;0
pink baby shower rice crispy treats;0
pink baby shower sign;0
pink baby shower umbrella;0
yellow and pink baby shower theme;0
blue baby shower favors;0
blue baby shower games;0
blue baby shower gift bags;0
blue baby shower invitations;0
blue baby shower sweet cones;0
blue baby shower table decorations;0
blue baby shower themes for boys;0
blue baby shower wrapping paper;0
aesthetic baby shower gift ideas;0
aesthetic baby shower gift basket;0
aesthetic baby shower gift wrapping;0
aesthetic baby shower ideas simple;0
aesthetic baby shower invite;0
aesthetic baby shower ideas girl;0
aesthetic baby shower ideas pink;0
aesthetic baby shower ideas boy;0
aesthetic baby shower ideas boy green;0
aesthetic baby shower ideas blue;0
aesthetic baby shower indian;0
aesthetic baby shower ideas indian;0
aesthetic baby shower ideas fall;0
aesthetic baby shower mehendi;0
aesthetic baby shower makeup;0
mesa baby shower aesthetic;0
baby shower aesthetic mehndi;0
baby shower mom aesthetic;0
aesthetic baby shower nails;0
torta baby shower nena aesthetic;0
aesthetic baby shower outdoor;0
aesthetic baby shower photoshoot;0
aesthetic baby shower pictures;0
aesthetic baby shower poses;0
aesthetic baby shower photos;0
aesthetic baby shower pics;0
aesthetic baby shower photography;0
aesthetic baby shower party favors;0
aesthetic baby shower products;0
aesthetic baby shower photo ideas;0
baby shower aesthetic post;0
red baby shower aesthetic;0
rich baby shower aesthetic;0
aesthetic baby shower sign;0
aesthetic baby shower shoot;0
aesthetic baby shower simple;0
aesthetic baby shower table decor;0
aesthetic baby shower table;0
baby shower twins aesthetic;0
baby shower video aesthetic;0
aesthetic baby shower wallpaper;0
aesthetic baby shower winter;0
winnie the pooh baby shower aesthetic;0
white baby shower aesthetic;0
baby shower with friends aesthetic;0
pink baby shower outfit;0
pink baby shower treats;0
pink baby shower outfit guest;0
pink baby shower dress for mom;0
pink baby shower nail ideas;0
baby shower ideas for girls pink;0
pink baby shower aesthetic;0
pink baby shower arch;0
pink baby shower acrylic nails;0
pink baby shower arch backdrop;0
pink baby shower appetizers;0
pink baby shower arrangements;0
pink baby shower at home;0
pink baby shower aesthetic wallpaper;0
pink baby shower attire for guest;0
pink baby shower alcoholic drinks;0
pink baby shower activities;0
pink baby shower almond nails;0
pink baby shower balloon arch;0
pink baby shower backdrop ideas;0
pink baby shower basket;0
pink baby shower balloon ideas;0
pink baby shower balloon garland;0
pink baby shower bento cake;0
pink baby shower brunch;0
pink baby shower bouquets;0
pink baby shower cake ideas;0
pink baby shower cupcake ideas;0
pink baby shower charcuterie board ideas;0
pink baby shower cake simple;0
pink baby shower centerpiece ideas;0
pink baby shower cake flowers;0
pink baby shower cupcakes simple;0
pink baby shower dress black women;0
pink baby shower decor;0
pink baby shower drinks;0
pink baby shower dress for mom summer;0
pink baby shower dress ideas;0
pink baby shower drink ideas;0
pink baby shower eyeshadow looks;0
pink baby shower entrance;0
pink baby shower elegant;0
pink baby shower eyeshadow;0
pink baby shower easel;0
pink baby shower entrance decor;0
elephant cookies for baby shower pink;0
elefante baby shower ideas pink;0
pink baby shower flowers;0
pink baby shower food ideas;0
pink baby shower flowers centerpieces;0
pink baby shower flower arrangements;0
pink baby shower florals;0
pink baby shower favor ideas;0
pink baby shower fit guest;0
pink baby shower food snacks cute ideas;0
pink baby shower guest outfit;0
pink baby shower gifts;0
pink baby shower guest outfit winter;0
pink baby shower guest dress;0
pink baby shower guest outfit ideas;0
pink baby shower gift basket;0
pink baby shower grazing table;0
pink baby shower guest;0
pink baby shower gift ideas;0
pink baby shower guest outfit fall;0
pink baby shower garland;0
pink baby shower host outfit;0
pink baby shower heart cake;0
pink baby shower halloween;0
pink baby shower hamper;0
pink baby shower hair;0
pink baby shower heels;0
pink baby shower hairstyle ideas;0
pink baby shower hello kitty;0
pink baby shower high tea;0
pink baby shower hot chocolate bar;0
pink baby shower hot air balloon;0
pink baby shower home;0
pink baby shower ideas decorations;0
pink baby shower ideas outfit;0
pink baby shower invite;0
pink baby shower invitation ideas;0
pink baby shower invitations template;0
pink baby shower ideas table;0
pink baby shower ideas food;0
pink baby shower ideas nails;0
pink baby shower ideas bows;0
pink baby shower ideas simple;0
pink baby shower jello;0
pink baby shower jumpsuit;0
pink baby shower juice;0
pink baby shower jewellery;0
pink jungle baby shower cake;0
jello for baby shower pink;0
japanese cherry blossom baby shower pink;0
toile de jouy pink baby shower theme;0
pink jungle baby shower theme;0
blue jean baby shower with pink;0
blue jean baby girl shower theme pink;0
baby shower jello shots pink;0
pink and white baby shower rice krispies;0
rice krispie treats for baby shower pink;0
rice krispie treats baby shower pink;0
baby shower rice krispie treats pink and blue;0
hello kitty baby shower pink and red;0
chocolate covered rice krispie treats baby shower pink;0
pink bow baby shower rice krispies;0
pink baby shower ideas hello kitty;0
baby shower pink rice krispies;0
pink baby shower looks;0
pink baby shower luxury;0
pink baby shower lunch;0
pink baby shower long sleeve dress;0
pink baby shower linen sign;0
pink baby shower long dress;0
pink baby shower long table;0
a little piece of heaven baby shower pink;0
light pink and white baby shower flowers;0
pink baby shower makeup;0
pink baby shower makeup ideas;0
pink baby shower mocktails;0
pink baby shower men outfit;0
pink baby shower macarons;0
pink baby shower mantle;0
pink baby shower makeup looks;0
pink baby shower mom dress;0
pink baby shower mason jar centerpieces;0
pink baby shower mini cupcakes;0
pink baby shower manicure;0
pink baby shower nails design;0
pink baby shower nails square;0
pink baby shower nail ideas almond;0
pink baby shower nails short;0
pink baby shower nails almond;0
pink baby shower nail ideas short;0
pink baby shower nails with bow;0
pink baby shower nail ideas simple;0
pink baby shower outfit black women;0
pink baby shower outfit guest casual;0
pink baby shower outfit guest summer;0
pink baby shower outfits for guest;0
pink baby shower outfit ideas;0
pink baby shower outfit men;0
pink baby shower outfit mom and dad;0
pink baby shower outfit for mom;0
pink baby shower outfit guest winter;0
pink baby shower outfit for mom winter;0
pink baby shower punch recipe;0
pink baby shower punch with sherbert;0
pink baby shower photo backdrop;0
pink baby shower photo shoot ideas;0
pink baby shower pretzels;0
pink baby shower pretzel rods;0
pink baby shower plates;0
pink baby shower pastries;0
pink baby shower picnic;0
pink baby shower poster;0
baby q baby shower pink;0
pink baby q shower ideas;0
pink baby q shower cake;0
baby-q shower pink;0
baby que shower ideas pink;0
baby q baby shower theme pink;0
pink baby shower rice krispie treats;0
pink baby shower royal icing cookies;0
pink baby shower round table setting;0
pink baby shower rectangle cake;0
pink baby shower round tables;0
pink baby shower roses;0
pink baby shower ribbon;0
pink baby shower rice crispies;0
pink baby shower round table decor;0
pink baby shower ramo;0
pink baby shower rabbit;0
pink baby shower sheet cake;0
pink baby shower snacks;0
pink baby shower sugar cookies;0
pink baby shower strawberries;0
pink baby shower snack table;0
pink baby shower set up;0
pink baby shower simple;0
pink baby shower sweets;0
pink baby shower sheet cake ideas;0
pink baby shower sweet table;0
pink baby shower table decor;0
pink baby shower theme ideas;0
pink baby shower table;0
pink baby shower tablescape;0
pink baby shower table setting;0
pink baby shower treat table;0
pink baby shower table set up;0
pink baby shower themes girl;0
pink baby shower table ideas;0
pink baby shower treats desserts;0
pink baby shower make up;0
pink baby shower balloon set up;0
pink and red baby shower table set up;0
under the sea baby shower pink;0
unique pink and gold baby shower favor ideas for guests;0
pink bow baby shower table set up;0
pink umbrella baby shower ideas;0
pink winnie the pooh baby shower table set up;0
pink baby shower vintage cake;0
pink baby shower vintage;0
pink baby shower vases;0
la dolce vita baby shower theme pink;0
vintage pink baby shower decor;0
pink vintage baby shower ideas;0
vintage pink baby shower theme;0
vintage pink bow baby shower ideas;0
pink and gold vintage baby shower ideas;0
vintage pink baby shower backdrop;0
pink baby shower wallpaper;0
pink baby shower winter;0
pink baby shower winter outfit;0
pink baby shower winnie the pooh;0
pink baby shower welcome board;0
pink baby shower wreath;0
pink baby shower with bows;0
pink baby shower wall decor;0
pink baby shower with teddy bears;0
pink baby shower winter dress;0
pink baby shower winter wonderland;0
pink and yellow baby shower invite;0
pink green yellow baby shower ideas;0
pink, purple and yellow baby shower ideas;0
pink yellow baby shower cake;0
yellow and pink baby shower ideas;0
pink and yellow baby shower nails;0
butter yellow and pink baby shower cake;0
pink green and yellow baby shower ideas;0
sea you soon baby shower decor pink;0
pink zebra baby shower ideas;0
pink zoo baby shower theme;0
pink baby shower cake 1 tier;0
pink and gold baby shower cake 2 tier;0
pink 2 tier baby shower cake;0
pink and blue baby shower cake 2 tier;0
2 tier pink bow baby shower cake;0
pink baby shower 2 tier cake;0
pink 3 tier baby shower cake;0
3 tier baby shower cake girls pink;0
50 shades of pink baby shower cake;0
cloud 9 baby shower theme pink;0
cloud 9 baby shower pink;0
on cloud 9 baby shower cake pink;0
on cloud 9 baby shower theme pink;0
blue baby shower food;0
blue baby shower outfit;0
blue baby shower cookies;0
blue baby shower dress for mom;0
blue baby shower outfit guest;0
baby shower dress blue;0
blueberry baby shower ideas;0
green and blue baby shower ideas;0
baby shower guest outfit blue;0
blue baby shower aesthetic;0
blue baby shower arch;0
blue baby shower acrylic nails;0
blue baby shower arch backdrop;0
blue baby shower arrangements;0
blue baby shower almond nails;0
blue baby shower animals;0
blue baby shower at home;0
blue baby shower attire;0
blue baby shower activities;0
blue baby shower appetizers;0
blue baby shower balloon arch;0
blue baby shower banner;0
blue baby shower backdrop ideas;0
blue baby shower bouquet;0
blue baby shower balloon garland;0
blue baby shower boy;0
blue baby shower basket;0
blue baby shower bear;0
blue baby shower backdrop inspiration;0
blue baby shower cake ideas;0
blue baby shower cake pops;0
blue baby shower cupcake ideas;0
blue baby shower cake simple;0
blue baby shower color scheme;0
blue baby shower cookies for boy;0
blue baby shower candy table;0
blue baby shower cake for boys;0
blue baby shower decor;0
blue baby shower dress guest;0
blue baby shower desserts;0
blue baby shower dress black women;0
blue baby shower dessert table;0
blue baby shower dress ideas;0
blue baby shower dress winter;0
blue baby shower drinks non alcoholic;0
blue baby shower eyeshadow looks;0
blue baby shower elegant;0
blue baby shower elephant cake;0
blue baby shower elements;0
blue baby shower eyeshadow;0
eucalyptus and blue baby shower decor;0
robin egg blue baby shower ideas;0
blue elegant baby shower invitation;0
boy baby shower ideas elephant blue grey;0
blue elephant baby shower sheet cake;0
blue baby shower flowers;0
blue baby shower food ideas;0
blue baby shower flower arrangements;0
blue baby shower food table;0
blue baby shower florals;0
blue baby shower for girl;0
blue baby shower flower centerpieces;0
blue baby shower food snacks;0
blue baby shower favor ideas;0
blue baby shower floral centerpieces;0
blue baby shower guest outfit;0
blue baby shower guest outfit ideas;0
blue baby shower guest dress;0
blue baby shower gifts;0
blue baby shower girl;0
blue baby shower guest outfit winter;0
blue baby shower gift ideas;0
blue baby shower gown;0
blue baby shower gift suggestions;0
blue baby shower guest;0
blue baby shower hair;0
blue baby shower high tea;0
blue baby shower heart cake;0
blue baby shower horse;0
blue baby shower hot air balloon;0
hydrangea baby shower blue;0
blue hydrangea baby shower flowers;0
blue harvest baby shower theme;0
blue highland cow baby shower theme;0
blue hydrangea baby shower sign;0
blue heart baby shower ideas;0
blue harvest baby shower cake;0
blue baby shower ideas for boys;0
blue baby shower ideas outfit;0
blue baby shower invite;0
blue baby shower invitation template;0
blue baby shower ideas food;0
blue baby shower ideas simple;0
blue baby shower ideas table;0
blue baby shower ideas outfit guest;0
blue baby shower ideas on a budget;0
blue baby shower ideas centerpieces;0
blue baby shower juice;0
blue baby shower jello;0
blue baby shower jumpsuit;0
blue jean baby shower painted banner;0
blue jean baby shower theme games;0
blue jean baby shower theme dress;0
blue jean baby shower food table;0
baby shower themes blue jean baby;0
baby shower rice krispie treats blue;0
king baby shower theme blue gold;0
blue lion king baby shower ideas;0
lion king baby shower blue;0
hello kitty baby shower ideas blue;0
baby shower balloon box kit - blue 4 sets of baby letters;0
rice krispie treats for baby shower blue;0
koala baby shower theme boy blue;0
blue punch recipes for baby shower boys kool aid;0
blue baby shower rice krispy treats;0
baby shower king theme royal blue;0
blue baby shower looks;0
blue baby shower lunch;0
blue baby shower long sleeve dress;0
blue baby shower logo;0
blue baby shower lemonade;0
blue baby shower linen sign;0
cielito lindo baby shower theme dusty blue;0
light blue baby shower dress for mom;0
lemon blue baby shower theme;0
baby shower nails light blue;0
little pumpkin blue baby shower ideas;0
blue baby shower makeup;0
blue baby shower makeup looks;0
blue baby shower mocktails;0
blue baby shower maternity dress;0
blue baby shower macarons;0
blue baby shower mood board;0
blue baby shower makeup ideas;0
blue baby shower manicure;0
blue baby shower mini cupcakes;0
blue baby shower mom;0
blue baby shower maxi dress;0
blue baby shower mom outfit;0
blue baby shower nail ideas;0
blue baby shower nails teddy bear;0
blue baby shower nails short;0
blue baby shower nails square;0
blue baby shower nails almond;0
blue baby shower nails boys;0
blue baby shower nails coffin;0
blue baby shower nail designs;0
blue baby shower nails simple;0
blue baby shower nails boys short;0
blue baby shower nails short square;0
blue baby shower outfits for mom;0
blue baby shower outfits for guest;0
blue baby shower outfit guest casual;0
blue baby shower outfit men;0
blue baby shower outfit black women;0
blue baby shower outfit guest winter;0
blue baby shower outfit ideas;0
blue baby shower outfit ideas for guest;0
blue baby shower outfit winter;0
blue baby shower punch recipe;0
blue baby shower punch with sherbert;0
blue baby shower party favors;0
blue baby shower prizes;0
blue baby shower pretzel rods;0
blue baby shower photo backdrop;0
blue baby shower plates;0
blue baby shower painted banner;0
blue baby shower party favor ideas;0
blue baby shower picnic;0
blue baby shower punch ideas;0
baby q shower ideas blue;0
blue and white baby q shower ideas;0
baby-q shower blue;0
blue baby-q shower ideas;0
blue baby shower royal icing cookies;0
blue baby shower round table decor;0
blue baby shower ramo;0
blue baby shower rectangle cake;0
blue baby shower ribbon;0
red white blue baby shower decor;0
red and blue baby shower ideas;0
she's ready to pop baby shower ideas blue;0
royal blue baby shower dresses black women;0
blue baby shower snacks;0
blue baby shower sign;0
blue baby shower sheet cake;0
blue baby shower strawberries;0
blue baby shower sugar cookies;0
blue baby shower simple;0
blue baby shower set up;0
blue baby shower sweets;0
blue baby shower stickers;0
blue baby shower stiletto nails;0
blue baby shower sherbet punch;0
blue baby shower table decor;0
blue baby shower table;0
blue baby shower treats;0
blue baby shower table setting;0
blue baby shower theme ideas;0
blue baby shower table setup ideas;0
blue baby shower tablescape;0
blue baby shower treat table;0
blue baby shower table set up;0
baby shower table set up boy blue;0
baby shower round table set up blue;0
unique baby shower cake designs blue;0
blue gingham baby shower table set up;0
baby shower cake ideas unique blue;0
unique blue baby shower dress;0
royal blue baby shower table set up;0
baby shower make up blue eyes;0
baby shower food table set up blue;0
blue jean baby shower set up;0
baby shower blue table set up;0
baby shower table set up pink and blue;0
blue baby shower vintage;0
blue baby shower venue suggestions;0
blue baby shower vintage cake;0
blue baby shower vision board;0
blue valentine baby shower ideas;0
blue vintage baby shower cookies;0
vintage blue baby shower ideas;0
new balance 9060 joe freshgoods inside voices baby shower blue;0
blue valentines baby shower decor;0
vintage blue baby shower theme;0
valentine baby shower ideas boy blue;0
blue baby shower welcome sign;0
blue baby shower wallpaper;0
blue baby shower welcome drinks;0
blue baby shower welcome board;0
blue baby shower winter;0
blue baby shower wreath;0
blue baby shower with bear;0
blue baby shower winter dress;0
blue baby shower word search;0
blue baby shower wall;0
blue baby shower winnie the pooh;0
butter yellow and blue baby shower theme;0
baby shower blue and yellow flowers;0
blue and yellow baby shower banner;0
blue and yellow baby shower cake pops;0
yellow and blue baby shower cupcakes;0
baby shower ideas for boys blue and yellow;0
baby shower light blue and yellow;0
blue and yellow baby shower cakes;0
baby shower blue yellow white;0
blue baby shower cake 1 tier;0
beige baby shower cake;0
sage baby shower cake;0
sage baby shower cookies;0
sage baby shower decorations;0
sage baby shower dress;0
blue 2 tier baby shower cake;0
blue and white 2 tier baby shower cake;0
3 tier baby shower cake boys blue;0
red white and blue baby shower ideas 4th of july;0
cloud 9 baby shower theme blue;0
9060 baby shower blue;0
9060 baby shower blue outfit;0
new balance 9060 baby shower blue outfits;0
new balance 9060 joe freshgoods inside voices baby shower blue outfit;0
new balance joe freshgoods 9060 baby shower blue;0
nb 9060 baby shower blue;0
new balance 9060 baby shower blue outfit ideas;0
new balance 9060 baby shower blue;0
new balance 9060 baby shower blue video;0
beige baby shower ideas;0
beige baby shower outfit;0
beige baby shower dress;0
beige baby shower theme;0
beige baby shower outfit guest;0
beige baby shower decor;0
beige baby shower outfit ideas;0
beige baby shower cupcakes;0
beige baby shower dress for mom;0
beige baby shower outfit ideas guest;0
beige baby shower table decor;0
baby shower beige;0
baby shower cake beige;0
fondo para baby shower beige;0
baby shower color cafe beige;0
decoraciones de baby shower color beige;0
adornos de baby shower beige;0
outfit baby shower beige invitada;0
baby shower blanc beige marron;0
brown and beige baby shower cakes;0
baby shower beige invitation;0
beige baby shower decoration;0
beige baby shower aesthetic;0
beige baby shower arch;0
baby shower beige y amarillo;0
baby shower ideas brown and beige;0
beige and cream baby shower decor;0
baby shower cake blue and beige;0
baby shower decorations white and beige;0
lilac and beige baby shower ideas;0
brown and beige baby shower outfits;0
ideas for boy baby shower bears color cream and beige;0
beige baby shower backdrop;0
beige baby shower background;0
beige baby shower balloons;0
beige baby shower boy;0
beige baby shower basket;0
beige baby shower balloon arch;0
beige baby shower bento cake;0
beige baby shower banner;0
beige baby shower cookies;0
beige baby shower cake ideas;0
beige baby shower centerpiece;0
beige baby shower cake pops;0
baby shower boy cake beige;0
beige pink baby shower cake;0
baby shower cake designs beige;0
beige baby shower dress ideas;0
beige baby shower decor ideas;0
beige baby shower dress black women;0
beige baby shower dessert table;0
invitación de baby shower beige;0
baby shower beige et bleu;0
baby shower einladung beige;0
baby shower en beige;0
baby shower jaune et beige;0
baby shower decoración en beige;0
décoration baby shower vert et beige;0
baby shower beige et rose;0
baby shower elefante beige;0
baby shower idées deco vert et beige;0
pasteles de baby shower niña en tonos beige y cafe;0
torta baby shower bianca e beige;0
etiqueta baby shower beige;0
beige baby shower food table;0
beige baby shower flowers;0
beige baby shower food;0
beige dress for baby shower guest;0
beige outfit for baby shower guest;0
fondo de baby shower beige;0
baby shower fondo beige;0
fondo para baby shower beige horizontal;0
fondo tarjeta baby shower beige;0
baby shower ideas for boys beige;0
beige baby shower guest outfit;0
beige baby shower gift;0
beige baby shower gift basket;0
beige baby shower games;0
beige baby shower guest dress;0
beige baby shower guest;0
gender neutral baby shower ideas beige;0
galletas baby shower boy beige;0
gâteau baby shower beige marron;0
baby shower beige girl;0
sage green and beige baby shower decor;0
hot air balloon baby shower theme beige;0
beige baby shower invitations;0
beige baby shower invite;0
beige baby shower ideas girl;0
beige baby shower ideas simple;0
beige baby shower ideas boy;0
beige baby shower invitation template;0
beige baby shower ideas table;0
beige baby shower ideas decorations;0
baby shower toile de jouy beige;0
juegos baby shower beige;0
baby shower beige jirafa;0
baby shower kuchen beige;0
layer cake baby shower beige;0
baby shower niño luna y nubes tonos blanco, beige y azul viejo;0
beige long sleeve baby shower dress;0
decoración baby shower lila con beige;0
baby shower niña lila y beige;0
loteria baby shower beige;0
baby shower beige y lila;0
letrero baby shower beige;0
baby shower niña lila con beige;0
baby shower lila con beige;0
ralph lauren baby shower theme beige;0
mesa dulces baby shower beige;0
outfit para baby shower mamá y papá beige;0
decoración mesa baby shower beige;0
outfit beige baby shower mamá;0
baby shower azul marino y beige;0
vestido de baby shower mama beige;0
baby shower beige mesa;0
baby shower marron beige vert;0
centro de mesa para baby shower beige;0
baby shower beige centros de mesa;0
beige baby shower nails;0
deco baby shower nena beige;0
baby shower nena color beige;0
baby shower niño oso beige;0
decoración baby shower niña rosa con beige;0
baby shower niño beige y blanco;0
baby shower beige nounours;0
baby shower niño verde con beige;0
baby shower niño color beige;0
torta de baby shower de niño beige;0
decoración de baby shower niño colores beige;0
beige baby shower outfit for guest;0
beige baby shower outfit men;0
beige baby shower outfit couple;0
beige baby shower outfit winter;0
baby shower osos beige;0
pasteles para baby shower beige;0
outfit para baby shower beige o blanco;0
torta para baby shower color beige;0
postres baby shower beige;0
outfits para baby shower invitada color beige;0
pasteles baby shower beige;0
girl baby shower pink and beige;0
baby shower purple and beige;0
decoración de baby shower rosado y beige;0
regalo baby shower beige;0
baby shower rosado y beige;0
recuerdos de baby shower beige;0
decoración de baby shower beige con rosa;0
recuerdos baby shower beige;0
baby shower niña rosa y beige;0
red and beige baby shower ideas;0
decoracion baby shower beige y rosa;0
baby shower beige rose et bleu;0
beige baby shower sign;0
beige baby shower set up;0
beige baby shower simple;0
beige baby shower table;0
beige baby shower treats;0
beige baby shower teddy bear;0
beige baby shower table setting;0
beige baby shower template;0
beige baby shower theme ideas;0
baby shower invitations templates beige;0
torta baby shower tonos beige;0
beige and brown baby shower theme;0
baby shower uitnodiging beige;0
uñas baby shower beige;0
uñas para baby shower beige;0
unghie baby shower beige;0
uñas para baby shower boy beige;0
baby shower table set up beige;0
baby shower vestimenta beige;0
baby shower vert sauge beige;0
vestido beige baby shower invitada;0
baby shower vert beige;0
decoracion baby shower varon color beige;0
deco baby shower varon beige;0
baby shower verde y beige;0
baby shower verde olivo y beige;0
beige baby shower welcome sign;0
beige baby shower welcome board;0
white beige baby shower cake;0
wallpaper baby shower beige;0
baby shower beige white;0
baby shower ideas beige and white;0
white beige baby shower theme;0
baby shower decorations brown white beige;0
beige and white baby shower cakes;0
white beige baby shower decor;0
baby shower color beige y azul;0
decoración baby shower beige y blanco;0
torta baby shower azul y beige;0
outfit baby shower blanco y beige;0
sage baby shower ideas;0
sage baby shower theme;0
sage baby shower decor;0
sage baby shower centerpieces;0
sage baby shower cupcakes;0
sage baby shower backdrop;0
sage baby shower nails;0
sage baby shower ideas for boys;0
sage baby shower table decor;0
sage green and white baby shower ideas;0
sage and pink baby shower decorations;0
sage green baby shower dessert ideas;0
sage green baby shower cake two tier;0
baby shower blue and sage green;0
dusty pink and sage green baby shower ideas;0
sage and brown baby shower cake;0
sage green baby shower cake 1 tier;0
baby shower sage green brown;0
baby shower sage decorations;0
sage and tan baby shower cake;0
sage baby shower arch;0
sage green and pink baby shower table;0
baby shower cakes girl sage green and pink;0
sage green and yellow baby shower ideas;0
sage green and white baby shower cupcakes;0
sage green baby shower flower arrangements;0
sage baby shower balloons;0
sage baby shower boy;0
sage baby shower banner;0
sage baby shower balloon arch;0
sage baby shower balloon garland;0
sage baby shower biscuits;0
sage baby shower brunch;0
sage baby shower cake ideas;0
sage baby shower cake pops;0
sage baby shower centerpiece ideas;0
green sage baby shower cake;0
sage baby shower dress for mom;0
sage baby shower desserts;0
sage baby shower dessert table;0
sage baby shower decor ideas;0
sage green baby shower dessert table;0
baby shower sage green and dusty blue;0
sage green elephant baby shower ideas;0
sage green baby shower entrance;0
elephant baby shower theme sage green;0
sage green elephant baby shower cake;0
sage green eucalyptus baby shower cake;0
sage green baby shower elephant;0
sage elephant baby shower ideas;0
sage baby shower favors;0
sage baby shower food;0
sage baby shower for girl;0
sage baby shower flowers;0
sage baby shower food ideas;0
baby shower cookies for girl sage green;0
sage green baby shower foods;0
sage green baby shower favors;0
sage green fall baby shower ideas;0
baby shower invitations for boys sage green;0
sage baby shower guest outfit;0
sage baby shower girl;0
sage baby shower gifts;0
sage baby shower games;0
highland cow baby shower sage green;0
hot air balloon baby shower theme sage green;0
a little piece of heaven baby shower sage green;0
sage green baby shower hand painted banner;0
sage baby shower invitations;0
sage baby shower ideas girl;0
sage baby shower invite;0
sage baby shower ideas table;0
sage baby shower ideas decor;0
boy baby shower ideas sage;0
baby shower backdrop ideas sage green;0
sage green baby shower decor jungle;0
baby shower rice krispie treats sage green;0
sage green and lilac baby shower ideas;0
lilac and sage baby shower ideas;0
a little pumpkin baby shower theme sage green;0
love bug baby shower sage;0
cielito lindo baby shower theme boy sage green;0
lemon and sage baby shower theme;0
cielito lindo baby shower cake sage green;0
sage green and light blue baby shower decor;0
cielito lindo baby shower sage green;0
baby shower lilac and sage;0
baby shower outfits for mom sage green;0
sage green baby shower dress for mom;0
sage green baby shower macarons;0
sage green baby shower makeup;0
sage green baby shower maternity dress;0
mauve and sage baby shower ideas;0
mauve and sage baby shower cake;0
sage green and mauve baby shower ideas;0
sage green baby shower outfit men;0
sage green baby shower nail;0
gender neutral baby shower ideas sage green;0
neutral baby shower ideas sage green;0
baby shower nails sage green and gold;0
neutral sage baby shower ideas;0
sage green baby shower nails design;0
sage green baby shower nail ideas;0
sage green and pink baby shower nails;0
sage and navy baby shower ideas;0
baby shower sage and neutral;0
gender neutral baby shower ideas sage and gold;0
sage baby shower outfit;0
baby shower guest outfit sage green;0
baby shower outfits sage green;0
sage green baby shower outdoors;0
baby shower sage green outfit;0
sage and orange baby shower ideas;0
sage green baby shower decor outdoor;0
oh baby shower ideas sage;0
baby shower guest outfit sage;0
sage green and burnt orange baby shower ideas;0
sage baby shower party favors;0
baby shower cake pops sage;0
sage green baby shower cake pops;0
baby shower pretzel rods sage green;0
peach and sage green baby shower ideas;0
sage and pink baby shower decor;0
sage green pink baby shower cookies;0
baby shower dusty rose sage green;0
sage green and rose gold baby shower cake;0
sage green baby shower cake rectangle;0
rose gold and sage green baby shower ideas;0
sage green baby shower drink recipes;0
sage green baby shower round tables;0
sage green baby shower diaper raffle;0
dusty rose and sage baby shower theme;0
sage green rustic baby shower ideas;0
sage baby shower sign;0
sage baby shower sugar cookies;0
sage baby shower sheet cake;0
sage baby shower treats;0
sage baby shower table;0
sage baby shower table setting;0
sage baby shower tablescape;0
baby shower girl theme sage green;0
sage green baby shower table set up;0
sage green baby shower set up;0
baby shower ideas using sage green;0
up up and away baby shower theme sage green;0
baby shower verde sage;0
sage baby shower welcome sign;0
baby shower theme with sage green;0
western baby shower sage green;0
sage green welcome baby shower sign;0
sage green baby shower wallpaper;0
we can bearly wait baby shower sage green;0
winnie the pooh baby shower sage;0
sage green and white baby shower cake;0
sage and white baby shower cupcakes;0
sea you soon baby shower theme sage green;0
sage green and yellow baby shower decor;0
sage and yellow baby shower ideas;0
sage green baby shower thank you gift ideas;0
sage and yellow baby shower cookies;0
sage green and yellow baby shower cake;0
sage green baby shower thank you gifts;0
2 tier baby shower cake sage green;0
neutral shower themes;0
neutral fall baby shower themes;0
neutral theme baby shower outfit;0
disney baby shower themes neutral;0
baby shower themes neutral outdoors;0
neutral baby shower themes simple;0
a new chapter baby shower theme gender neutral;0
all white baby shower theme gender neutral;0
april showers baby shower theme gender neutral;0
neutral animal baby shower theme;0
a little pumpkin baby shower theme neutral;0
neutral animal theme baby shower ideas;0
neutral flower baby shower theme;0
gender neutral fall baby shower theme;0
cowboy baby shower theme neutral;0
cow baby shower theme neutral;0
we can bearly wait baby shower theme gender neutral;0
celestial baby shower theme neutral;0
cute baby shower themes gender neutral theme;0
cafe bebe baby shower theme neutral;0
cute neutral baby shower theme;0
baby shower cake neutral theme;0
neutral colour baby shower theme;0
dior baby shower theme neutral;0
neutral baby shower theme decor;0
gender neutral baby shower ideas theme decorations dessert tables;0
baby shower theme decorations neutral;0
elephant baby shower theme neutral decoration;0
dumbo baby shower theme gender neutral;0
neutral earth tone baby shower theme ideas;0
elephant baby shower theme neutral centerpieces;0
enchanted to meet you baby shower theme neutral;0
baby shower neutral theme flowers;0
french baby shower theme gender neutral;0
gender neutral baby shower ideas theme fall;0
neutral floral bridal shower theme;0
baby shower theme for gender neutral;0
gender neutral baby shower bear theme;0
taylor swift baby shower theme gender neutral;0
neutral hot air balloon baby shower theme;0
howdy baby shower theme neutral;0
howdy baby shower theme gender neutral;0
neutral theme baby shower ideas;0
boho theme baby shower ideas neutral;0
spring theme baby shower ideas gender neutral pink;0
gender neutral baby shower ideas book theme;0
gender neutral baby shower ideas theme springtime;0
neutral theme bridal shower ideas;0
jungle baby shower theme neutral;0
neutral jungle theme baby shower ideas;0
blue jean baby shower theme neutral;0
january baby shower gender neutral theme;0
blue jean baby shower theme gender neutral;0
toile de jouy baby shower theme neutral;0
tying the knot bridal shower theme neutral;0
locally grown baby shower theme neutral;0
cielito lindo baby shower theme gender neutral;0
lemon baby shower theme neutral;0
neutral ralph lauren baby shower theme;0
cielito lindo baby shower theme neutral colors;0
locally grown baby shower theme gender neutral;0
merry little baby shower theme neutral;0
mexican baby shower theme neutral;0
mexican baby shower theme gender neutral;0
neutral theme bridal shower outfit;0
baby shower neutral theme outside;0
neutral theme baby shower outfit guest;0
baby it’s cold outside baby shower theme gender neutral;0
on cloud nine baby shower theme neutral;0
baby it’s cold outside shower theme neutral;0
pumpkin baby shower theme neutral;0
baby shower winnie the pooh theme gender neutral;0
pumpkin baby shower theme gender neutral;0
baby shower neutral pink theme;0
tea party baby shower theme gender neutral;0
neutral and pink baby shower theme;0
royal baby shower theme gender neutral;0
neutral rainbow theme baby shower ideas;0
baby shower rainbow theme gender neutral;0
unique neutral baby shower theme;0
unique gender-neutral baby shower theme ideas;0
wildflower baby shower theme gender neutral;0
we can barely wait baby shower theme neutral;0
neutral wedding shower theme;0
baby shower neutral theme yellow;0
sea you soon baby shower theme neutral decor;0
boho bear themed baby shower ideas;0
baby shower ideas boho theme;0
boho baby shower theme for boy;0
wildflower baby shower theme boho;0
dark boho baby shower theme;0
boho baby in bloom baby shower theme;0
boho girl baby shower themes;0
boho boy shower theme;0
a little cutie baby shower theme boho;0
boho farm animal baby shower theme;0
boho theme baby shower games;0
boho pumpkin baby shower theme decor;0
boho cactus baby shower theme;0
boho pumpkin baby shower theme cookies;0
boho theme baby shower cupcakes;0
boho theme baby shower cakes;0
baby shower boho theme girl cupcakes;0
boho theme baby shower centerpieces;0
boho highland cow baby shower theme boy;0
boho cowboy baby shower theme;0
boho cowgirl baby shower theme;0
boho baby shower theme decor;0
baby shower boho theme table decor;0
boho daisy baby shower theme;0
boho theme baby shower decoration;0
desert boho baby shower theme;0
baby shower decorations boho theme;0
boho theme baby shower dress;0
boho theme bridal shower decor;0
dusty rose boho baby shower theme;0
boho floral bridal shower theme;0
boho flower baby shower theme;0
baby shower party favors boho theme;0
boho baby shower theme for girl;0
baby shower bear theme for girl boho;0
wild flower boho baby shower theme;0
boho forest baby shower theme;0
boho flower bridal shower theme;0
flower theme bridal shower ideas boho;0
baby shower boho theme girl backdrop;0
boho garden baby shower theme;0
baby shower girl boho theme;0
bridal shower boho theme games;0
spring theme baby shower ideas gender neutral boho;0
boho theme baby shower ideas girl;0
boho pumpkin baby shower theme girl;0
boho highland cow baby shower theme;0
boho halloween baby shower theme;0
western boho theme baby shower ideas;0
baby shower invitation boho theme;0
boho sunshine theme baby shower ideas;0
boho rainbow theme baby shower ideas;0
boho theme baby shower invitations;0
boho theme baby shower invite;0
boho beach theme baby shower ideas;0
mexican boho baby shower theme;0
teddy bear baby shower theme neutral boho;0
boho theme baby shower outfit;0
boho theme bridal shower outfit;0
boho pumpkin baby shower theme blue;0
boho theme bridal shower picnic;0
boho pumpkin baby shower theme;0
boho pink pumpkin baby shower theme;0
boho pumpkin baby shower theme cake;0
boho pumpkin baby shower theme centerpieces;0
boho rainbow baby shower theme;0
boho rainbow theme baby shower cake;0
boho rainbow theme baby shower cookies;0
boho wedding shower theme;0
we can bearly wait baby shower theme boho;0
boho woodland theme baby shower boy;0
boho theme baby shower welcome board;0
western boho bridal shower theme;0
boho western baby shower theme;0
vintage shower themes;0
her next chapter bridal shower theme vintage;0
strawberry baby shower theme vintage;0
vintage dumbo baby shower theme;0
baby shower vintage theme girl;0
vintage cherry baby shower theme;0
vintage cowboy baby shower theme;0
vintage airplane baby shower theme;0
vintage americana baby shower theme;0
vintage aviation baby shower theme;0
airplane theme baby shower decor vintage travel;0
vintage airplane baby shower theme balloons;0
vintage airplane baby shower theme food;0
vintage airplane baby shower theme baggage claim;0
vintage hot air balloon baby shower theme;0
vintage airplane baby shower theme cookies;0
vintage cottage core baby shower theme;0
vintage carriage baby shower theme;0
vintage car theme baby shower boys;0
vintage coke baby shower theme;0
vintage circus baby shower theme;0
vintage diner baby shower theme;0
vintage theme bridal shower decor;0
vintage duckling baby shower theme;0
vintage disneyland baby shower theme;0
vintage car baby shower theme nursery decor;0
vintage circus baby shower theme decorations;0
vintage football baby shower theme;0
vintage floral bridal shower theme;0
vintage french baby shower theme;0
vintage flower baby shower theme;0
vintage theme baby shower food;0
vintage baby shower theme for girl;0
vintage floral theme baby shower ideas;0
vintage floral baby shower theme;0
vintage car baby shower theme food;0
vintage glam bridal shower theme;0
vintage garden bridal shower theme;0
vintage italian baby shower theme;0
vintage italian bridal shower theme;0
vintage inspired bridal shower theme;0
vintage theme baby shower ideas;0
vintage inspired baby shower theme;0
circus theme baby shower ideas vintage carnival;0
vintage library baby shower theme;0
vintage ralph lauren baby shower theme;0
vintage mickey baby shower theme;0
travel theme bridal shower ideas vintage maps;0
vintage nursery baby shower theme;0
vintage nursery rhyme baby shower theme;0
vintage bridal shower theme outfits;0
vintage winnie the pooh baby shower theme;0
vintage plane baby shower theme;0
vintage polo baby shower theme;0
vintage tea party bridal shower theme;0
vintage winnie the pooh shower theme;0
vintage garden party bridal shower theme;0
vintage pink bow baby shower theme;0
vintage tea party baby shower theme;0
vintage peter rabbit baby shower theme;0
pink vintage bridal shower theme;0
vintage rose baby shower theme;0
vintage red bridal shower theme;0
rustic shower themes;0
baby boy shower activities;0
baby boy shower appetizers;0
baby boy shower backdrop ideas;0
baby boy shower background;0
baby boy shower balloons;0
baby boy shower banner;0
baby boy shower banner ideas;0
baby boy shower cake;0
baby boy shower cake designs;0
baby boy shower cake ideas;0
baby boy shower cakes;0
baby boy shower cards;0
baby boy shower centerpieces;0
baby boy shower charcuterie board;0
baby boy shower cookies;0
baby boy shower cupcakes;0
baby boy shower decorations;0
baby boy shower decorations ideas;0
baby boy shower dessert ideas;0
baby boy shower dessert table;0
baby boy shower desserts;0
baby boy shower drinks;0
baby boy shower elephant theme;0
baby boy shower favors;0
baby boy shower favors for guests;0
baby boy shower food ideas;0
baby boy shower games;0
baby boy shower gift basket ideas;0
baby boy shower gifts for guests;0
baby boy shower invitation ideas;0
baby boy shower invitations;0
baby boy shower invites;0
baby boy shower macarons;0
baby boy shower mocktails;0
baby boy shower nail designs;0
baby boy shower napkins;0
baby boy shower themes;0
cottagecore bridal shower dress;0
rustic theme baby shower cake;0
baby boy 1st birthday themes;0
baby boy first birthday themes;0
baby boy first birthday themes india;0
baby boy nursery themes;0
baby boy shower recipes;0
baby boy shower sheet cake;0
baby boy shower snack ideas;0
baby boy shower stickers;0
baby boy shower sugar cookies;0
baby boy shower theme ideas;0
baby boy shower wallpaper;0
baby boy shower wrapping ideas;0
baby boy themes for nursery;0
baby boy themes for room;0
fall baby shower themes for a boy;0
baby boy first birthday party;0
baby boy party clothes;0
baby boy party decor;0
baby boy party decorations;0
baby boy party dress;0
baby boy party favors;0
baby boy party hat;0
baby boy party outfit;0
baby boy party themes;0
baby boy party wear;0
baby boy party wear dresses;0
photoshoot themes for baby boy;0
unique baby boy nursery themes;0
unique birthday themes for baby boy;0
welcome home baby boy party ideas;0
unique bridal shower themes color schemes rustic;0
rustic wedding shower themes;0
rustic coffee-themed baby shower table setting ideas;0
bridal shower themes boho rustic;0
bridal shower rustic themes;0
rustic baby shower theme girl;0
bridal shower theme rustic;0
baby shower rustic theme decor;0
rustic strawberry baby shower theme;0
rustic theme bridal shower ideas decor;0
rustic chic bridal shower theme;0
rustic christmas bridal shower theme ideas;0
rustic country bridal shower theme;0
rustic charm bridal shower theme;0
rustic cowboy baby shower theme;0
bridal shower cookies rustic theme;0
rustic wildflower baby shower theme decor;0
bridal shower rustic theme decor;0
rustic duck baby shower theme;0
rustic floral bridal shower theme;0
rustic farm theme baby shower ideas;0
rustic theme baby shower ideas girl;0
mexican theme bridal shower ideas rustic;0
rustic italian baby shower theme;0
bridal shower theme ideas rustic;0
rustic winter theme baby shower ideas;0
rustic theme baby shower ideas boy;0
rustic italian bridal shower theme;0
rustic winter bridal shower theme;0
cottagecore shower ideas;0
cottagecore shower tile;0
cottagecore shower room;0
cottagecore shower curtain ideas;0
cottagecore shower aesthetic;0
cottagecore shower routine;0
cottagecore shower bathroom;0
cottagecore showers;0
cottagecore bathroom shower curtain;0
cottagecore bridal shower decor;0
dark cottagecore bathroom shower curtain;0
cottagecore baby shower invitation;0
walk in shower cottagecore;0
cottagecore bridal shower outfit;0
cottagecore bathroom shower tile;0
bridal shower themes cottagecore;0
baby boy shower gifts;0
baby boy shower nails;0
baby boy shower aesthetic;0
baby boy shower arch backdrop;0
baby boy shower arch;0
baby boy shower airplane theme;0
baby boy shower activity ideas;0
baby boy shower animal theme;0
baby boy shower adventure theme;0
baby boy shower arrangements;0
baby boy shower backdrop;0
baby boy shower balloon arch;0
baby boy shower basket;0
baby boy shower basket ideas;0
baby boy shower brunch;0
baby boy shower brunch food ideas;0
baby boy shower banner painted;0
baby boy shower cookies decorated;0
baby boy shower centerpiece ideas;0
baby boy shower cupcake ideas;0
baby boy shower cake pops;0
baby boy shower dress;0
baby boy shower dress for mom;0
baby boy shower decor ideas;0
baby boy shower drink ideas;0
baby boy shower decorations at home;0
baby boy shower elegant;0
baby boy shower entrance decor;0
baby boy shower easter;0
baby boy shower elements;0
baby boy shower easy;0
baby boy shower entrance sign;0
baby boy shower envelope;0
baby boy shower food;0
baby boy shower flowers;0
baby boy shower flower arrangements;0
baby boy shower favor ideas;0
baby boy shower florals;0
baby boy shower fall;0
baby boy shower food table;0
baby boy shower food table display;0
baby boy shower food ideas appetizers;0
baby boy shower gift basket;0
baby boy shower games ideas;0
baby boy shower gift ideas unique;0
baby boy shower gift tags printable free;0
baby boy shower guest outfits;0
baby boy shower gingham;0
baby boy shower green;0
baby boy shower hunting theme;0
baby boy shower hydrangea;0
baby boy shower hostess gift ideas;0
baby boy shower here comes the son;0
baby boy shower hamper;0
baby boy shower horse theme;0
baby boy shower hunting;0
baby boy shower jungle theme;0
baby boy shower jello;0
baby boy shower january;0
baby boy shower july;0
baby boy shower jungle;0
baby boy shower keepsakes;0
baby boy shower koozies;0
kraft paper banner baby shower boy;0
baby shower kage boy;0
baby boy shower lemon theme;0
baby boy shower letter board ideas;0
baby boy shower lemons;0
baby boy shower lake theme;0
baby boy shower locally grown;0
baby boy shower lion king;0
baby boy shower luncheon ideas;0
baby boy shower light blue;0
baby boy shower lion;0
baby boy shower linen sign;0
baby boy shower lake;0
baby boy shower messages;0
baby boy shower mantle decor;0
baby boy shower mimosas;0
baby boy shower makeup ideas;0
baby boy shower mom outfit;0
baby boy shower makeup;0
baby boy shower mimosa bar;0
baby boy shower mantle;0
baby boy shower manicure;0
baby boy shower nail ideas;0
baby boy shower nails blue;0
baby boy shower nails green;0
baby boy shower nails neutral;0
baby boy shower nails short;0
baby boy shower november;0
baby boy shower neutral colors;0
baby boy shower outfit;0
baby boy shower outfit for guest;0
baby boy shower outfit for mom;0
baby boy shower outfit ideas;0
baby boy shower outfit for guest fall;0
baby boy shower outfit for parents;0
baby boy shower outfit guest;0
baby boy shower outfit for mom winter;0
baby boy shower ocean theme;0
baby boy shower october;0
baby boy shower party favors;0
baby boy shower punch;0
baby boy shower punch recipe;0
baby boy shower painted banner;0
baby boy shower party;0
baby boy shower photo backdrop;0
baby boy shower poster;0
baby boy shower prizes;0
baby boy shower presents gift ideas;0
baby boy shower photoshoot;0
baby boy shower punch ideas;0
baby boy shower pretzel rods;0
baby boy shower quotes;0
baby boy shower quotes messages;0
baby boy shower ralph lauren;0
baby boy shower rice krispie treats;0
baby boy shower rocking horse theme;0
baby boy shower registry;0
baby boy shower refreshments;0
baby boy shower return gift ideas;0
baby boy shower royal icing cookies;0
baby boy shower rocking horse;0
baby boy shower round table decor;0
baby boy shower sign;0
baby boy shower snacks;0
baby boy shower simple;0
baby boy shower sea theme;0
baby boy shower summer;0
baby boy shower sheet cake ideas;0
baby boy shower sweets ideas;0
baby boy shower spring;0
baby boy shower table decor;0
baby boy shower treats;0
baby boy shower table centerpieces;0
baby boy shower table ideas;0
baby boy shower themes 2026;0
baby boy shower tablescape;0
baby boy shower themes fall;0
baby boy shower themes unique;0
baby boy shower table;0
baby boy shower themes summer;0
baby boy shower unique;0
baby boy shower unique themes;0
baby boy shower umbrella;0
baby boy shower unique ideas;0
baby boy shower under the sea;0
uñas baby shower boy pies;0
baby boy shower vintage;0
baby boy shower valentines theme;0
baby boy shower veggie tray ideas;0
baby boy shower video;0
baby boy shower valentines;0
baby boy shower vintage cake;0
baby boy shower vases;0
baby boy shower vintage sports;0
baby boy shower veggie tray;0
baby boy shower wishes;0
baby boy shower welcome sign;0
baby boy shower winter;0
baby boy shower winnie the pooh;0
baby boy shower woodland theme;0
baby boy shower winter theme;0
baby boy shower watercolor card;0
baby boy shower western;0
baby boy shower woodland;0
baby boy shower yellow;0
baby boy shower 2026;0
baby boy themes nursery;0
baby boy themes birthday;0
baby boy themes for showers;0
baby boy themes nursery ideas;0
baby boy themes hospital;0
baby boy themes background;0
baby boy themes nursery hunting;0
baby boy themes nursery country;0
baby boy themes photoshoot;0
baby boy themes card;0
baby boy themes chocolate;0
baby boy first birthday party themes;0
baby boy 3rd birthday party themes;0
boy baby shower themes december;0
baby boy 1st birthday themes november;0
baby boy themes aesthetic;0
baby boy first birthday ideas party themes animals;0
baby boy first birthday ideas party themes decoration at home simple;0
baby boy nursery themes amazon;0
baby boy nursery themes aviation;0
baby shower themes boy blue and green;0
baby 1st birthday boy party themes rock and roll;0
boy baby shower ideas themes august;0
april baby shower themes boy;0
baby boy themes blue;0
baby boy themes background video;0
baby boy themes bear;0
baby boy themes bedroom;0
baby boy themes cakes;0
baby boy themes cartoon;0
baby boy themes clothes;0
baby boy themes color;0
baby boy nursery room ideas themes color schemes gray;0
baby boy first birthday party themes turning one high chairs;0
baby boy nursery themes christian;0
boy baby shower cartoon themes;0
baby boy themes decoration;0
baby boy themes drawing;0
baby boy themes dino;0
baby boy themes disney;0
cute boy baby shower themes disney;0
baby boy room themes disney;0
different themes for baby boy birthday;0
baby boy birthday themes dino;0
baby boy birthday decor themes;0
baby shower themes disney boy;0
christening themes boy elephant baby;0
co ed baby shower themes boy;0
baby boy shower ideas themes easy;0
baby boy nursery themes elephants;0
baby boy elephant nursery themes;0
cute boy baby shower themes elephant;0
baby boy themes for birthday;0
baby boy themes for photoshoot;0
baby boy themes for hospital;0
latest monthly themes for baby boy;0
baby boy themes green;0
baby boy green nursery themes;0
boy green baby shower themes;0
baby boy baby shower themes golf;0
baby boy 1st birthday ideas party themes decoration girl;0
boy baby shower themes locally grown;0
baby shower themes for twins boy and girl gender neutral;0
baby boy shower ideas themes olive green;0
baby boy half birthday themes;0
baby boy nursery room ideas themes harry potter;0
baby boy nursery themes hobby lobby;0
baby boy shower ideas themes here comes the son;0
boy baby shower ideas themes childrens books hungry caterpillar;0
baby boy nursery themes hockey;0
baby boy nursery themes vintage hot air balloon;0
first baby boy birthday themes at home;0
baby boy themes ideas;0
boy baby shower themes in may;0
boy baby shower ideas themes outdoor;0
march baby boy shower ideas themes;0
baby boy western shower ideas themes;0
baby boy shower ideas themes cow;0
baby boy birthday themes jungle;0
baby boy 1st birthday themes jungle safari;0
boy baby shower themes for january;0
baby boy rooms themes animals jungle safari;0
june baby shower themes boy;0
baby boy first birthday themes july;0
baby shower themes boy july;0
baby boy 2nd birthday themes kids;0
baby boy nursery themes disney mickey mouse kids rooms;0
baby boy birthday themes lion king;0
kids christmas tree themes boy baby;0
baby 1st birthday boy party themes lion king;0
baby boy birthday themes krishna;0
boy baby shower themes lemon;0
latest baby boy birthday themes;0
boy baby shower themes last baby;0
boy baby shower themes cielito lindo;0
ralph lauren boy baby shower themes;0
boy baby shower themes looney tunes;0
boy baby shower themes list;0
baby boy nursery themes mountains;0
may baby boy shower themes;0
baby boy nursery themes modern;0
baby boy shower themes for march;0
baby boy shower ideas themes for march;0
mexican boy baby shower themes;0
baby boy nursery themes mushrooms;0
boy mom baby shower themes;0
boy baby shower themes march;0
baby boy themes nursery disney;0
baby boy themes newborn;0
baby boy themes nursery ocean;0
baby boy themes nursery ideas woodland;0
baby boy themes nursery green;0
baby boy themes nursery space;0
baby boy themes nails;0
baby boy themes nursery cars;0
baby boy nursery room ideas themes outer space;0
boy baby shower themes orange;0
baby boy one year birthday themes outdoor;0
baby boy outfit themes;0
baby boy turning one themes;0
outdoor boy baby shower themes;0
boy baby shower themes outside;0
baby boy themes party;0
baby boy birthday themes party;0
baby boy first birthday photo shoot themes;0
baby birthday themes boy party ideas;0
baby 1st birthday boy party themes christmas;0
baby 1st birthday boy party themes camping;0
baby boy quilt themes;0
baby boy themes rooms;0
baby boy 1st birthday themes rookie year;0
baby boy room nursery themes;0
baby boy nursery themes rad;0
baby boy reception themes;0
baby boy nursery room ideas themes black white;0
baby boy themes stickers;0
baby boy themes shower ideas;0
baby boy themes sports;0
baby boy themes spring;0
baby boy themes space;0
unique baby boy party themes;0
boy baby shower themes unique spring;0
boy baby shower themes under the sea;0
unique baby boy themes;0
unique baby boy 1st birthday themes ideas;0
unique baby boy 2nd birthday themes;0
cute unique boy baby shower themes;0
unique boy baby shower themes decoration;0
baby boy shower themes vintage;0
valentines day baby shower ideas boy themes;0
baby boy background themes video;0
baby boy nursery themes vintage;0
boy baby shower themes vintage airplane;0
baby boy birthday themes background video;0
valentines baby shower themes boy;0
vintage baby boy themes;0
baby boy shower ideas themes valentines;0
boy baby shower themes cars vintage;0
baby boy themes wallpaper;0
baby boy themes winter;0
boy baby shower themes ideas winter;0
baby boy winter birthday themes;0
boy baby shower themes for work;0
western baby boy nursery themes;0
baby boy nursery themes with black crib;0
baby boy 1 year birthday themes winter;0
boy baby shower themes wilderness;0
1 year baby boy photoshoot themes;0
baby boy 1 year birthday themes soccer;0
birthday themes for 1 year baby boy;0
1 year baby boy birthday party themes;0
one year baby boy birthday themes;0
baby boy photo shoot ideas 1 year outdoor themes;0
one year baby boy photoshoot themes;0
baby boy one year birthday themes winter;0
1 birthday boy themes baby shark;0
baby boy 1 birthday themes;0
baby boy 1 st birthday themes;0
baby boy 1st birthday ideas party themes 1 year girl;0
baby boy 1 year birthday themes disney;0
baby boy 1 year birthday themes;0
baby boy themes 1st birthday;0
1st birthday boy themes boss baby;0
baby boy 1st birthday themes ideas;0
themes for baby boy 1st birthday;0
baby boy 1st birthday themes construction;0
baby boy 1st birthday photoshoot themes;0
baby boy 2 nd birthday themes;0
baby boy 2 birthday themes;0
baby boy photo shoot ideas 2 year outdoor themes;0
birthday themes for baby boy 2;0
baby boy 1st birthday ideas party themes 2 year;0
baby boy birthday themes 2 year;0
birthday themes for baby boy turning 2;0
baby boy themes 2026;0
baby boy 2nd birthday ideas party themes decoration simple;0
baby boy 2nd birthday cake ideas party themes;0
baby shower themes 2025 boy;0
baby boy birthday themes 2026;0
2026 baby boy shower themes;0
birthday themes for baby boy 2nd;0
baby boy birthday themes 3;0
3 month baby boy photoshoot themes;0
baby boy 3 year birthday themes;0
baby boy 3rd month birthday themes;0
baby boy 3rd birthday themes ideas cake;0
baby boy 3rd month themes ideas;0
3rd birthday baby boy themes;0
baby boy 3rd birthday ideas party themes decoration simple;0
baby boy 3rd birthday themes ideas;0
baby boy 3rd birthday ideas party themes decoration;0
baby boy 4 birthday themes;0
baby boy 4 year birthday themes;0
baby boy 4th birthday party themes;0
baby boy birthday themes 4th;0
baby boy 5 birthday themes;0
baby boy photo shoot ideas 5 year outdoor themes;0
baby boy 5 year birthday themes;0
baby boy 5th birthday ideas party themes decoration;0
6 month baby picture themes boy;0
half a year birthday baby 6 months boy themes;0
6 months baby boy photoshoot themes;0
baby boy 6 month birthday themes;0
baby boy birthday themes 6 year;0
6 month baby boy themes;0
baby boy party ideas;0
baby boy party wear outfits;0
baby boy party wear dresses western;0
baby boy party invitation;0
baby boy 1st birthday party;0
baby boy birthday party;0
baby boy birthday party ideas;0
baby gender reveal party ideas boy or girl pregnancy announcements;0
baby boy birthday party ideas decoration photo props;0
baby shark 2nd birthday party boy ideas;0
baby boy party aesthetic;0
baby boy party animals;0
baby girl and boy birthday party;0
baby boy announcement party;0
baby boy aesthetics party;0
sip and see party ideas baby boy;0
boss baby birthday party boy black and white;0
boss baby boy and girl themed party;0
baby boy party backdrop;0
baby boy party balloons;0
baby boy party buffet;0
baby boy party blue;0
baby boy party banner;0
baby boy party bear;0
baby boy party bags;0
baby boy party boxes;0
baby boy party background;0
baby boy party cake;0
baby boy party centerpieces;0
baby boy party cake ideas;0
baby boy party color scheme;0
baby boy party concept;0
baby boy party color palette;0
circumcision party ideas baby boy;0
baby boy 1st birthday party cocomelon;0
colorful baby boy party;0
baby boy party dress ideas;0
baby boy party decoration ideas;0
baby boy party decor ideas;0
baby boy party design;0
baby boy party decorations table;0
baby boy party decorations diy;0
baby boy party dress winter;0
bday party dress for baby boy;0
baby boy 1st birthday party elephant;0
baby birthday party boy decorations diy easy;0
baby boy 1st birthday party easter;0
easy baby boy shower party favors;0
baby party boy einladung;0
baby boy elegant party;0
boss baby birthday party boy entry;0
baby boy birthday party entry;0
baby party boy essen;0
baby shark birthday party boy soiree love | #1 diy balloon garlands, party & event decor;0
elephant baby shower theme boy party favors;0
baby boy birthday party ideas events;0
baby boy party favors ideas;0
baby boy party food;0
baby boy party flowers;0
baby boy party food ideas;0
baby boy party favors goody bags;0
birthday party ideas for baby boy;0
baby boy party guest outfit;0
baby boy party green;0
baby boy party gifts;0
baby boy gender reveal party;0
baby boy shower guest gifts party favors;0
baby girl or boy prediction party;0
baby girl boy party;0
garden baby boy party;0
baby boy 1st birthday party harry potter;0
welcome home party baby boy;0
welcome home baby party boy invitations;0
welcome home party for baby boy;0
baby shark birthday party boy at home;0
hawaiian theme party for baby boy;0
happy birthday party baby boy;0
baby shower party favors boy halloween;0
baby boy party ideas 1st;0
baby boy party ideas decorations;0
baby boy party invite;0
baby boy party invitation card template;0
baby boy party invitation card;0
6 month baby boy party dress;0
baby boy party shoes;0
baby boy party suits;0
baby boy party wear clothes;0
baby boy party wear dresses indian;0
boy toy story baby shower theme;0
baby shower boy decorations;0
oh boy baby shower decor;0
baby boy party ideas themes;0
baby boy party inspiration;0
baby boy party ideas green;0
baby boy 1st birthday party jungle theme;0
baby boy jungle birthday party;0
jungle birthday party outfit baby boy;0
jungle theme birthday party for baby boy;0
baby boy jungle party;0
jalwa party decorations baby boy;0
party favors for baby shower boy babyshower mason jars;0
blue jean baby boy shower party favors;0
baby boy birthday party ideas first jungle safari;0
baby first birthday boy party themes jungle safari;0
baby party boy kuchen;0
baby boy kurta design party wear;0
korean baby boy party outfit;0
beach party outfit kids baby boy;0
kids party wear baby boy;0
kids party wear for baby boy;0
boss baby birthday party boy king team;0
king theme birthday party for baby boy;0
baby boy kids party;0
party wear kurta for baby boy;0
baby boy king birthday party;0
baby boy 1st birthday party lion king;0
baby boy party look;0
baby looney tunes 1st birthday party boy;0
ralph lauren birthday party baby boy;0
baby birthday boy party me mother look;0
luxury baby boy birthday party;0
baby boy birthday party look;0
ralph lauren birthday party theme baby boy;0
luxury baby boy party;0
baby boy ralph lauren party;0
party look for baby boy;0
minions birthday party outfit baby boy;0
7 month baby party wear dress boy;0
ms rachel themed birthday party for baby boy;0
6 month baby party boy;0
minimalist baby boy party;0
3 month baby boy party wear dress;0
baby boy 1st birthday party decorations cookie monster;0
6 month baby picture ideas boy party;0
6 months baby boy party wear;0
6 month baby party ideas boy;0
baby boy birthday party mom outfit;0
baby boy party newborn;0
baby boy party nails;0
navy blue baby boy party;0
nesting party baby boy;0
baby boy 1st birthday party finding nemo;0
new baby boy party;0
party wear dress for newborn baby boy;0
november birthday party ideas for baby boy;0
newborn baby boy party wear;0
baby boy birthday party ideas first nautical theme;0
newborn baby boy party wear dress;0
baby boy party outfit ideas;0
baby boy party outfit indian;0
baby boy party outfit winter;0
baby boy party outfit summer;0
baby boy party outfit black;0
baby boy party outfit guest;0
baby boy party one year;0
beach party baby boy outfit;0
baby boy party pack;0
baby boy party return gifts;0
baby boy party romper;0
rodeo birthday party baby boy;0
rustic baby boy birthday party;0
baby boy first birthday party themes peter rabbit;0
baby boy ms rachel party;0
baby gender reveal party ideas boy or girl pregnancy;0
baby boy party set up;0
baby boy party snacks;0
baby boy party simple;0
baby boy party shirt;0
birthday baby boy decoration superhero party;0
baby boy party theme ideas;0
baby boy party table decor;0
baby boy party themes birthday;0
baby boy party themes decoration;0
baby boy party table;0
baby boy party table decoration;0
baby boy party treats;0
boss baby birthday party boy set up;0
under the sea birthday party baby boy;0
baby boy birthday party table set up;0
under the sea party outfit baby boy;0
baby boy birthday party set up;0
under the sea theme party for baby boy;0
unique baby boy birthday party themes;0
unique birthday party theme for baby boy;0
baby boy 1st birthday ideas party themes under the sea;0
baby boy party video;0
valentine baby boy birthday party;0
valentines baby birthday party boy;0
baby boy vintage party;0
boss baby birthday party boy video;0
baby boy welcome party invitation video;0
vintage baby boy birthday party;0
baby shark birthday party boy video;0
baby boy 1st birthday party videos;0
valentines day first birthday party baby boy;0
vaquero baby boy party;0
baby boy party wear suit;0
baby boy party wear inspiration;0
baby boy party ware dress;0
baby boy party wear dresses ideas;0
baby boy party wear dresses black;0
baby boy party wear kurta;0
1 year baby party boy;0
baby boy one year party outfit;0
birthday party ideas baby boy 2 year;0
6 year baby boy party wear dress;0
baby boy one year party theme;0
baby boy one year birthday party;0
one year old baby boy party ideas;0
one year old baby boy birthday party theme;0
one year old birthday party boy baby boss;0
baby yoda birthday party ideas boy;0
one year baby boy party wear dresses;0
birthday party 1 year baby boy;0
1 baby boy birthday party ideas;0
party wear for 1 year baby boy;0
party wear dress for 1 year baby boy;0
baby boy 1 year birthday party ideas;0
baby boy birthday party 1;0
1 year baby boy party theme;0
1 year baby boy party outfit;0
1 year birthday party ideas for baby boy;0
baby boy party 1 year;0
baby boy 1st birthday party baby shark;0
baby boy 1st birthday party pirate;0
baby shark 1st birthday party boy ideas;0
baby boy 1st birthday party ideas creative;0
baby boy 2 year birthday party;0
baby shark 2 birthday party boy;0
boss baby birthday party boy 2;0
baby boy 2 birthday party ideas;0
baby shark birthday party boy 2 year;0
2 year baby boy party wear dress;0
2 year baby boy party wear;0
birthday party baby boy 2;0
2 year baby boy party wear dress indian;0
2nd birthday party ideas baby boy;0
fish themed 2nd birthday party baby boy;0
2nd birthday party baby boy;0
2nd baby shark birthday party boy;0
baby shark 3 birthday party boy;0
baby boy 3 birthday party ideas;0
3 months baby boy party wear;0
3 year baby boy birthday party;0
3 month baby boy party dress;0
boss baby birthday party boy 3;0
baby boy 3rd birthday party;0
baby shark 3rd birthday party boy shirt;0
3rd birthday party for baby boy;0
baby shark 3rd birthday party boy cake;0
boy baby shark 3rd birthday party;0
4 month baby boy party wear;0
4 month baby boy party dress;0
4 year baby boy party wear dress;0
baby shark birthday party boy 4;0
40 days baby boy party;0
baby shark 4th birthday party boy;0
baby boy 40 days party decor;0
baby boy 4th birthday party ideas;0
4th of july birthday party baby boy;0
5 month baby boy party wear;0
baby shark birthday party boy 5;0
boss baby birthday party boy 5;0
baby shark 5th birthday party boy;0
6 month baby picture ideas boy half birthday party;0
boss baby birthday party boy 6 months;0
6 months baby boy party ideas;0
6 month baby party half birthday boy;0
baby boy 6 months party;0
baby shark birthday party boy 6;0
70s theme party outfit baby boy;0
8 month baby boy party wear dress;0
8 month baby boy party dress;0
8 months baby boy party wear;0
80s party outfits baby boy;0
9 month baby boy party wear dress;0
baby boy shower themes winter;0
baby boy shower themes spring;0
baby boy shower themes golf;0
baby boy shower themes dragon;0
baby boy shower theme november;0
baby boy shower theme ideas unique;0
baby shower for boy theme;0
fish themed baby shower ideas boy;0
baby boy shower theme animal;0
baby shower theme for boy and girl;0
its a boy baby shower theme decoration;0
once upon a time boy baby shower theme;0
alice in wonderland baby shower theme boy;0
mountain adventure baby shower theme boy;0
moon and stars baby boy shower theme;0
clouds and stars baby shower theme boy;0
baby shower theme august boy;0
baby boy shower theme bear;0
baby boy shower theme backdrop;0
baby boy shower theme blue;0
we can barely wait baby boy shower theme;0
baby boy shower theme cake;0
baby boy shower theme cowboy;0
cutie pie boy baby shower theme;0
baby shower cakes bear theme boy;0
bear theme boy baby shower cake;0
baby shower boy theme cookie monster;0
pumpkin baby shower theme cake boy;0
baby boy shower theme decor;0
baby boy shower theme disney;0
baby boy shower theme duck;0
baby shower dumbo theme boy;0
bear baby shower theme boy decor;0
donut baby shower theme boy;0
daisy baby shower theme boy;0
dior theme baby shower boy;0
little duckling baby shower theme boy;0
monkey theme baby shower boy decoration;0
boy baby shower ideas duck theme;0
baby shower elephant theme boy green;0
baby shower games elephant theme boy;0
enchanted baby boy shower theme;0
elephant theme for baby shower boy;0
elephant baby shower theme boy cake cupcake toppers;0
beary excited baby shower theme boy;0
elephant theme baby shower boy cake;0
elephant baby shower theme boy decoration diy;0
elephant baby shower theme boy sugar cookies;0
easy baby shower theme for boy;0
baby boy shower theme fall;0
baby boy shower theme for fall;0
baby boy shower theme football;0
cutie pie baby shower theme for boy;0
funny baby shower theme boy;0
baby boy shower theme green;0
baby boy shower theme golf;0
giraffe baby shower theme boy invitation;0
girl baby shower boy theme;0
teddy bear baby shower theme boy green;0
locally grown baby shower boy theme;0
baby boy shower theme hunting;0
hawaiian baby shower theme boy;0
boy baby shower harry potter theme;0
holy cow baby shower theme boy cake;0
little piece of heaven baby shower theme boy;0
here comes the son boy baby shower theme;0
a piece of heaven baby shower theme boy;0
baby shower halloween theme boy cake;0
holy cow baby shower theme boy cookies;0
baby boy shower theme ideas winter;0
baby boy space theme shower ideas;0
baby in bloom baby shower theme backdrop boy;0
baby shower boy ideas bear theme;0
berry sweet baby shower theme boy invitations;0
baby boy shower theme january;0
baby boy shower theme june;0
japanese baby shower theme boy;0
brown boy joy baby shower theme;0
wrangler blue jean baby shower theme boy;0
blue jean baby shower theme boy outfit;0
blue jean baby shower theme boy invitations;0
cupcakes for baby shower boy jungle theme;0
kangaroo baby shower theme boy;0
koala boy baby shower theme;0
baby shower disney theme boy the lion king;0
koala baby shower theme boy cake;0
fall in love baby boy shower theme;0
cielito lindo baby shower theme boy outfit;0
cielito lindo baby shower theme boy candy table;0
cielito lindo baby shower theme boy center piece;0
baby shower boy theme lion;0
winterwonder land baby boy shower theme;0
mi cielito lindo baby shower theme boy;0
mexican theme baby shower boy;0
baby shower boy theme march;0
baby shower boy theme mehandi;0
farmers market baby shower theme boy;0
moon theme baby shower boy;0
baby boy shower theme nails;0
nautical theme baby shower boy centerpieces table settings;0
nautical theme baby shower boy favors;0
baby shower no theme boy;0
our next chapter baby shower theme boy;0
national park theme baby shower boy;0
nautical theme baby shower boy cookies;0
a new chapter boy baby shower theme;0
a new chapter begins baby shower theme boy;0
baby shower boy theme neutral;0
baby boy shower theme october;0
baby boy shower theme outdoor;0
oh boy baby shower theme blue;0
baby it’s cold outside shower theme boy treats;0
oh boy! baby shower theme;0
oh baby shower theme boy;0
outdoorsy baby shower theme boy;0
wild one baby shower theme boy cake;0
ready to pop baby shower theme boy;0
pumpkins baby shower theme boy;0
baby boy shower prince theme;0
fresh prince baby shower theme boy;0
boy baby shower theme winnie the pooh;0
baby shower rodeo theme boy;0
red baby shower theme boy;0
baby shower boy racing theme;0
royal theme baby shower boy decor blue gold;0
rock and roll boy baby shower theme;0
peter the rabbit baby shower theme boy;0
baby boy shower theme summer;0
baby boy shower theme safari;0
baby boy shower theme september;0
baby boy shower theme spring;0
baby boy shower theme sports;0
baby boy shower theme simple;0
baby boy shower theme sage green;0
baby boy shower theme teddy bear;0
unique boy baby shower theme;0
unique baby shower theme for boy;0
once upon a baby shower theme boy;0
up in the sky baby shower theme boy;0
up up and away baby shower theme boy;0
boy theme baby shower ideas unique boys;0
up baby shower theme disney boy;0
boy theme baby shower ideas unique;0
baby boy shower theme vintage;0
valentine’s day theme baby shower for boy;0
valentine theme baby shower boy;0
baby shower valentines theme boy;0
valentine’s day baby shower theme boy;0
valentines theme baby shower for boy;0
it takes a village baby shower theme boy;0
vans theme baby shower boy;0
vintage theme baby shower ideas boy;0
valentines theme baby shower ideas boy;0
baby boy shower theme winter;0
baby boy shower theme western;0
baby boy shower theme woodland;0
we can bearly wait baby shower theme boy banner;0
we can bearly wait boy baby shower theme;0
we can bearly wait baby shower theme boy food;0
we can bearly wait baby shower theme boy blue;0
sea you soon baby shower theme decor boy;0
sea you soon baby shower theme boy table;0
enchanted to meet you baby shower theme boy;0
sea you soon baby shower theme boy center pieces;0
sea you soon baby shower theme boy cookies;0
baby shower boy theme yellow;0
sea you soon baby shower theme boy party favors;0
sea you soon baby shower theme boy cake;0
baby shower zebra theme boy;0
baby boy shower theme 2026;0
2nd baby shower theme boy;0
boy baby shower theme 2025;0
baby boy shower decorations centerpieces;0
baby boy shower decorated cookies;0
baby boy shower decorations diy;0
baby boy shower decorations simple;0
baby boy shower decorations table;0
baby boy shower decorations blue;0
baby boy shower decor diy;0
baby boy shower decorative cookies;0
mesas decoradas baby shower boy;0
simple baby boy shower ideas decorations;0
baby shower boy decorations flowers;0
decoracion sencilla para baby shower boy sencillo;0
fall baby boy shower decor;0
baby boy shower ideas decorations centerpieces mini diaper cakes;0
baby in bloom boy shower decor;0
baby boy shower decor at home;0
houston we have a boy baby shower decor;0
all american boy baby shower decor;0
all american boy baby shower table decor;0
its a boy story baby shower decor;0
baby shower decor boy and girl;0
baby boy shower arch decor;0
blue and white baby boy shower decor ideas;0
baby boy shower decor blue;0
boy baby shower fireplace decor;0
simple baby shower decor boy;0
baby it’s cold outside shower decor boy;0
cielito lindo baby shower boy decor;0
cielito lindo baby shower theme boy decor;0
baby it’s cold outside shower theme boy decor;0
safari baby shower table decor centerpiece ideas boy;0
baby shower table decor boy centerpiece ideas;0
boy baby shower cake decor;0
cute boy baby shower decor;0
baby it's cold outside baby shower decor boy;0
baby shower for boy decor;0
easy boy baby shower decor;0
baby shower elephant theme boy decor;0
elegant boy baby shower decor;0
elegant baby boy shower table decor;0
elephant baby shower theme boy table decor;0
the apple of our eye baby shower decor boy;0
eucalyptus baby boy shower decor;0
baby boy shower decor flowers;0
wall decor for baby shower boy;0
baby shower decor ideas for boy;0
simple baby shower decor for baby boy;0
winnie the pooh baby shower decor for boy;0
boy baby shower floral decor;0
baby boy shower front door decor;0
table decor for baby shower boy;0
baby boy shower decor green;0
gingham baby shower boy decor;0
pampas grass baby boy shower decor;0
baby shower decor girl or boy;0
silly goose baby shower decor boy;0
sage green baby boy shower decor;0
boy girl baby shower decor;0
baby shower table decor boy green;0
locally grown boy baby shower decor;0
home baby shower ideas decor boy;0
halloween baby shower boy decor;0
boy baby shower home decor;0
houston we have a boy baby shower table decor;0
rocking horse baby shower boy decor;0
hawaiin theme baby shower decor boy;0
baby shower horse theme boy decor;0
baby boy shower hunting decor;0
baby boy shower ideas table decor;0
baby boy brunch shower ideas decor;0
little pumpkin baby shower decor boy;0
baby looney tunes baby shower theme boy decor;0
oh boy let the adventure begin baby shower decor;0
a little piece of heaven baby shower boy decor;0
baby boy shower main table decor;0
minimalist boy baby shower decor;0
minimal baby boy shower decor;0
boy mom baby shower decor;0
modern boy baby shower decor ideas;0
minimalist boy baby shower decor ideas;0
over the moon boy baby shower decor;0
baby shower mantel decor boy;0
neutral boy baby shower decor;0
nautical decor baby shower boy;0
nautical baby shower boy table decor;0
baby shower boy neutral colors decor;0
boy baby shower decor no balloons;0
outdoor boy baby shower decor;0
pumpkin on the way baby shower decor boy;0
office baby shower decor boy;0
wild one baby shower theme boy decor;0
winnie the pooh baby boy shower decor;0
pumpkin baby shower boy decor;0
pumpkin baby shower theme boy decor;0
winnie the pooh baby shower table decor boy;0
winnie the pooh baby shower ideas boy decor;0
baby boy shower party decor;0
ready to pop boy baby shower decor;0
boy baby shower round table decor;0
she’s ready to pop baby boy shower decor;0
baby boy shower room decor;0
round table decor for baby shower boy;0
baby boy shower room decor ideas;0
rustic baby boy shower decor;0
baby boy shower decor simple;0
baby boy shower decor table;0
boho baby boy shower table decor;0
boy baby shower themes decor;0
unique baby boy shower decor;0
under the sea boy baby shower decor;0
vintage baby boy shower decor;0
boy valentines baby shower decor;0
valentine’s day baby boy shower decor;0
baby boy shower decor without balloons;0
baby boy shower wall decor;0
western boy baby shower table decor;0
woodland themed baby shower boy decor;0
western boy baby shower decor;0
sea you soon baby shower decor boy;0
blue teddy bear nursery;0
navy blue teddy bear sweater outfit;0
blue and white teddy bear cake;0
teddy bear wallpaper blue colour;0
blue teddy bear invitation template;0
teddy bear blue theme;0
blue teddy bear transparent background;0
teddy bear and blue balloons;0
teddy bear with a blue bow;0
teddy bears and blue bows;0
blue teddy bear aesthetic cartoon;0
blue teddy bear aesthetic pfp;0
blue teddy bear aesthetic background;0
blue teddy bear app icon;0
blue teddy bear art;0
blue teddy bear aesthetic drawing;0
blue teddy bear animated;0
blue teddy bear aesthetic wallpaper pc;0
blue teddy bear aesthetic icon;0
blue teddy bear anime;0
blue teddy bear birthday decoration;0
blue teddy bear background landscape;0
blue teddy bear background for baptism;0
blue teddy bear crochet;0
blue teddy bear cartoon image;0
blue teddy bear cookies;0
blue teddy bear cake designs;0
blue teddy bear crochet pattern;0
blue teddy bear cloud;0
blue teddy bear diaper cake;0
blue teddy bear design;0
blue teddy bear decor;0
blue teddy bear doodle;0
blue teddy bear diy;0
blue teddy bear doll;0
blue teddy bear draw;0
blue teddy bear decoration;0
blue teddy bear duplicity;0
blue teddy bear desktop;0
dark blue teddy bear widget;0
blue teddy bear elements;0
blue teddy bear embroidery;0
teddy bear brown with blue eyes;0
teddy bear ears wallpaper iphone blue;0
teddy bear brown hair blue eyes;0
teddy bear blue eyes;0
teddy bear bronde with blue eyes;0
teddy bear brown hair with blue eyes;0
white teddy bear blue eyes;0
blue teddy bear frame;0
blue teddy bear fondant;0
blue teddy bear first birthday;0
blue teddy bear for christening;0
blue teddy bear first birthday cake;0
me to you bear tatty teddy blue nose friends;0
fluffy blue teddy bear;0
teddy bear blue flowers;0
blue french tip nails with teddy bear;0
teddy bear with blue flowers;0
blue teddy bear gif;0
blue teddy bear graphic;0
blue teddy bear green screen;0
royal blue and gold quinceanera teddy bear;0
love you blue teddy bear gif;0
pink and blue teddy bear gender reveal cake;0
blue grey teddy bear;0
good morning blue teddy bear;0
blue glass teddy bear;0
good night blue teddy bear;0
blue teddy bear header;0
blue teddy bear holding heart;0
blue teddy bear holding balloons;0
blue teddy bear homescreen;0
blue teddy bear happy birthday;0
blue human sized teddy bear;0
teddy bear blue hat;0
human size blue teddy bear;0
instagram highlight covers teddy bear blue;0
teddy bear with blue hoodie;0
blue teddy bear icon;0
blue teddy bear illustration;0
blue teddy bear invitation;0
blue teddy bear ipad wallpaper;0
blue teddy bear in car;0
blue teddy bear iphone wallpaper;0
blue teddy bear in hot air balloon;0
teddy bear in blue jumper;0
teddy bear in blue sweater;0
baby boy safari nursery;0
baby boy safari outfit;0
little fisherman game;0
quinceanera teddy bear blue;0
quinceanera teddy bear royal blue;0
baby boy nursery woodland;0
baby boy safari clothes;0
baby boy safari costume;0
baby boy safari nursery decor;0
baby boy safari nursery ideas;0
baby boy safari shower;0
baby boy woodland nursery;0
baby boy nautical clothes;0
baby boy nautical nursery;0
baby boy nautical outfit;0
baby boy nautical shower ideas;0
baby boy ocean nursery;0
baby boy ocean theme nursery;0
nautical baby boy outfits;0
nautical baby boy shower favors;0
nautical baby shower boy;0
nautical outfit for baby boy;0
teddy bear in blue background;0
blue teddy bear jacket outfit;0
blue teddy bear jellycat;0
blue teddy bear jumper;0
navy blue teddy bear jacket;0
blue jean baby teddy bear;0
blue teddy bear keyboard;0
teddy bear kulay blue;0
teddy bear knight blue lock;0
dark blue kiss teddy bear;0
hello kitty teddy bear blue;0
kawaii teddy bear wallpaper blue;0
blue teddy bear lock screen;0
blue teddy bear landscape;0
blue teddy bear logo;0
blue teddy bear layout;0
blue teddy bear ralph lauren;0
quince teddy bear light blue;0
blue lock teddy bear;0
cute light blue teddy bear;0
light blue teddy bear png;0
ralph lauren teddy bear blue sweater;0
blue teddy bear mug;0
midnight blue teddy bear;0
navy blue teddy bear wallpaper macbook;0
mini blue teddy bear;0
teddy bear on the moon blue;0
blue teddy bear nursery theme;0
blue teddy bear name;0
blue teddy bear nails acrylic;0
blue teddy bear nail art;0
blue teddy bear nursery boy;0
blue teddy bear nails designs;0
teddy bear nail blue;0
blue teddy bear outfit;0
blue teddy bear overlay;0
blue teddy bear on car;0
blue teddy bear outline;0
blue teddy bear on bed;0
teddy bear blue one;0
blue teddy bear cut out;0
blue teddy bear cardigan outfit;0
ralph lauren teddy bear sweater outfit blue;0
blue teddy bear printable;0
blue teddy bear printable topper;0
blue teddy bear printable cake topper;0
blue teddy bear profile picture;0
blue teddy bear painting;0
blue teddy bear print;0
blue teddy bear profile;0
blue teddy bear poster;0
blue teddy bear pajamas;0
blue teddy bear quince;0
royal blue quince teddy bear;0
baby blue quinceanera teddy bear;0
quinceanera teddy bear light blue;0
dark blue quinceanera teddy bear;0
quince teddy bear navy blue;0
baby blue quince teddy bear;0
quince teddy bear royal blue and gold;0
blue teddy bear rainbow;0
blue teddy bear room;0
teddy bear roses blue;0
teddy bear red and blue;0
teddy bear red blue;0
ralph lauren teddy bear navy blue wallpaper;0
ralph lauren sweater navy blue teddy bear;0
blue teddy bear sweater;0
blue teddy bear sweater outfit;0
blue teddy bear snap;0
blue teddy bear shoes;0
blue teddy bear sketch;0
blue teddy bear smash cake;0
blue teddy bear sitting;0
blue teddy bear theme party decorations;0
blue teddy bear theme;0
blue teddy bear themed nursery boy;0
blue teddy bear topper;0
blue teddy bear themed baby shower ideas;0
blue teddy bear themed nursery;0
blue teddy bear template;0
blue teddy bear theme cake;0
blue teddy bear toy;0
blue teddy bear treats;0
ugly blue teddy bear;0
blue teddy bear video;0
blue teddy bear vintage;0
blue vintage teddy bear nursery;0
blue valentine teddy bear;0
vintage teddy bear with blue bow;0
blue teddy bear wallpaper iphone;0
blue teddy bear widget;0
blue teddy bear wallpaper ipad;0
blue teddy bear watercolor;0
blue teddy bear white background;0
blue teddy bear wallpaper laptop;0
blue teddy bear wallpaper landscape;0
blue teddy bear with girl;0
blue teddy bear with glasses;0
teddy bear blue and yellow;0
yellow and blue teddy bear wallpaper;0
blue teddy bear with i love you;0
blue teddy bear 1st birthday cake;0
blue teddy bear 1st birthday;0
teddy bear theme party 1st birthdays blue;0
teddy bear 1st birthday boy cake ideas blue;0
teddy bear 1st birthday boy blue;0
2 blue teddy bear;0
blue teddy bear 3d;0
little fisherman on the way;0
little fisherman cookies;0
little fisherman nursery;0
a little fisherman is on the way;0
a little fisherman is on the way decor;0
a little fisherman is on the way banner;0
a little fisherman is on the way cake;0
a little fisherman is on the way cookies;0
a little fisherman is on the way food;0
a little fisherman is on the way invite;0
a little fisherman is on his way;0
a little fisherman is on the way dessert;0
a little fisherman is on the way sign;0
a little fisherman on the way;0
a little fisherman is on the way games;0
a little fisherman is on the way centerpieces;0
a little fisherman is on the way cake pops;0
little fisherman balloon arch;0
a little fisherman is on the way sugar cookies;0
a little fisherman is on the way invitations;0
a little fisherman is on the way balloon arch;0
fish and fisherman big little;0
a little fisherman is on the way arch;0
little fisherman invite;0
little fisherman centerpieces;0
little fisherman cake ideas;0
little fisherman cupcakes;0
little fisherman clipart;0
little fisherman sugar cookies;0
little fisherman diaper cake;0
little fisherman drawing;0
little fisherman diaper raffle;0
a little fisherman is on the way desserts;0
a little fisherman is on the way table decor;0
little fisherman house minecraft;0
little fisherman hut minecraft;0
little fisherman on his way;0
little fisherman is on the way;0
little fisherman is on the way cake;0
little fisherman on the way cupcakes;0
little fisherman on the way cookies;0
little fisherman on the way cake;0
one little fisherman;0
little fisherman photo shoot;0
a little fisherman is on the way painted banner;0
a little fisherman is on the way party favors;0
fisherman big little reveal;0
little fisherman tattoo;0
little fisherman theme;0
little fisherman wallpaper;0
a little fisherman is on the way cupcake toppers;0
baby boy safari shower ideas;0
baby boy safari room;0
baby boy safari nursery room ideas;0
baby boy safari shower ideas themes;0
baby boy safari nursery blue;0
baby boy safari theme room;0
baby boy safari theme nursery;0
baby boy safari suit;0
baby boy safari cake;0
baby boy safari birthday ideas;0
safari baby shower boy blue;0
safari baby shower boy food cute ideas;0
safari photoshoot baby boy diy;0
safari clothes for baby boy;0
safari baby shower boy plantilla;0
safari baby shower boy snacks;0
baby boy safari animal nursery;0
safari baby shower boy arch;0
safari baby shower boy free printable jungle animals;0
safari baby shower boy aesthetic;0
decoración baby shower boy safari azul;0
a sweet baby boy is on the way safari;0
safari baby shower boy and girl;0
baby boy nursery room ideas safari wall art;0
arreglos de mesa para baby shower boy safari;0
safari baby boy announcement;0
baby boy safari baby shower ideas;0
baby boy safari bedroom;0
baby boy safari birthday outfit;0
baby boy safari bathroom;0
baby boy safari birthday;0
baby boy safari birthday cake;0
baby boy safari blue;0
baby boy safari birthday theme;0
baby boy safari cake ideas;0
baby boy safari cookies;0
safari baby shower boy cakepops;0
safari baby shower boy cake topper;0
baby shower cake safari boy;0
safari baby shower boy cake blue;0
baby boy safari dress;0
invitaciones digitales baby shower boy safari;0
safari baby shower boy decoracion;0
safari baby shower boy table decorations;0
mesa de postres baby shower boy safari;0
jungle safari baby boy dress;0
baby boy door hanger for hospital safari;0
safari baby shower boy decorations cake;0
decoraciones para baby shower boy safari;0
centro de mesa baby shower boy elefante safari;0
safari elephant baby shower boy;0
elegant safari baby shower boy;0
safari baby shower boy etiquetas;0
safari baby shower boy food table;0
baby boy first birthday safari theme;0
safari outfits for baby boy;0
favors for baby shower boy safari;0
safari outfit for baby boy 1st birthdays;0
safari baby shower boy party favors;0
safari baby shower boy gifts;0
baby boy nursery sage green safari;0
safari baby shower boy gift basket;0
baby boy room sage green safari;0
safari baby shower boy games free printable;0
galletas baby shower boy safari;0
safari giraffe baby shower boy;0
baby boy safari nursery green;0
safari baby shower boy gift ideas;0
safari baby shower cake boy gender neutral;0
safari baby shower girl and boy twins;0
safari baby boy door hanger;0
baby shower invitation boy safari;0
safari boy baby shower ideas;0
baby nursery ideas boy safari;0
baby boy safari shower ideas blue;0
boho safari baby shower ideas boy;0
safari baby shower boy ideas decoration;0
safari baby shower boy invite;0
baby boy room decor ideas safari;0
jungle safari baby boy outfit;0
jungle safari costume baby boy;0
jungle safari baby boy;0
jungle safari-themed baby boy room ideas;0
safari baby shower boy decorations lofaris backdrop;0
safari lion baby shower boy;0
look safari baby boy;0
centros de mesas para baby shower boy safari;0
safari mickey baby shower boy;0
monthly baby photos boy safari;0
6 month baby picture ideas boy safari;0
mickey safari baby boy outfit;0
safari baby shower boy centerpieces mason jars;0
centro de mesa baby shower boy safari;0
safari mickey mouse baby shower boy;0
decoración mesa baby shower boy safari;0
baby boy safari nursery wallpaper;0
baby boy safari nursery room;0
baby boy safari nursery wall art;0
baby boy safari nursery black crib;0
baby boy safari nursery themes;0
baby boy safari nursery black and white;0
baby boy safari nursery modern;0
baby boy safari outfit 1st birthdays;0
safari birthday outfit baby boy;0
safari photoshoot baby boy outfit;0
safari baby shower boy outdoor;0
safari baby shower boy outfit;0
safari baby shower boy outside;0
baby boy safari photoshoot;0
baby boy safari party;0
baby boy safari print;0
safari baby shower boy prizes;0
safari birthday party baby boy;0
baby safari birthday party boy decor;0
baby boy safari quilt;0
quarto baby boy safari;0
baby boy safari room ideas;0
safari baby shower boy recuerdos;0
baby boy room safari themed nursery;0
recuerdos de baby shower boy safari;0
baby room safari theme boy;0
baby boy safari shower cake;0
baby boy safari theme;0
baby boy safari theme cookies;0
baby boy safari theme birthday;0
baby boy safari theme shower ideas;0
baby boy safari theme cake;0
baby boy 1st birthday safari theme;0
safari baby shower boy table set up;0
uñas para baby shower boy safari;0
safari baby shower boy invitations video;0
safari baby shower boy video;0
vintage safari baby shower boy;0
baby boy safari wallpaper;0
baby boy welcome safari;0
wild one safari baby shower boy;0
safari baby shower boy welcome sign;0
baby boy wearing safari outfit;0
safari baby shower boy wallpaper;0
black and white safari baby shower boy;0
baby boy birthday 1 year safari;0
1 year baby boy birthday decoration safari;0
baby boy birthday cake 1 year safari;0
safari theme for baby boy 1st birthday;0
birthday cake for baby boy 1st safari;0
baby boy 1st birthday safari;0
baby boy 1st birthday themes safari;0
safari baby boy outfit 1st birthdays;0
safari 1st birthday cake baby boy;0
baby boy woodland shower ideas;0
baby boy woodland theme nursery;0
baby boy woodland quilt;0
baby boy woodland nursery themes;0
baby boy woodland theme;0
baby boy woodland quilt patterns;0
baby boy woodland nursery room ideas;0
baby boy woodland wallpaper;0
baby boy woodland animal nursery;0
baby boy woodland room;0
baby boy woodland cookies;0
woodland themed baby shower ideas boy;0
baby shower boy woodland theme;0
woodland baby theme boy;0
woodlands boy baby shower ideas;0
baby boy hospital door hangers woodland;0
woodland baby quilt boy;0
baby boy nursery woodland white crib;0
baby boy woodland animals quilt patterns;0
woodland baby boy announcement;0
woodland theme baby shower boy balloon arch;0
baby boy quilt woodland animals;0
woodland animals baby boy nursery;0
baby boy nursery woodland wall art;0
baby boy woodland blanket;0
baby boy woodland baby shower ideas;0
baby boy woodland bedroom;0
baby boy woodland cake;0
baby boy woodland cake ideas;0
baby boy woodland crochet;0
baby boy woodland cupcakes;0
baby boy baby shower cakes woodland theme cupcake cake;0
baby shower cupcakes for boy woodland theme;0
woodland baby boy shower cookies;0
woodland baby boy diaper cake;0
woodland boy baby shower cake;0
baby boy nursery decor woodland;0
woodland baby boy door hanger;0
woodland baby shower theme boy decoration diy;0
baby boy room decor ideas hunting woodland nursery;0
winter woodland baby shower ideas boy diy;0
baby boy door hanger for hospital woodland;0
woodland baby boy embroidery;0
baby boy woodland forest nursery;0
woodland baby shower theme boy food;0
woodland themed baby shower boy food ideas;0
baby boy nursery room ideas woodland forest themes;0
woodland cookies baby boy first birthday;0
baby shower cupcakes for boy woodland;0
woodland theme baby shower boy games;0
woodland baby boy shower games;0
baby boy nursery woodland green;0
woodland theme baby shower boy gift basket;0
baby boy nursery room ideas woodland shower gifts;0
woodland baby boy gift ideas;0
baby shower basket gift ideas boy woodland;0
woodland theme baby shower boy gift;0
woodland baby boy gifts;0
baby boy nursery woodland deer heads faux taxidermy;0
baby boy room ideas woodland;0
woodland baby shower ideas boy;0
winter woodland baby shower ideas boy;0
diy mobile baby boy woodland nursery;0
baby boy woodland nursery ideas;0
baby boy woodland name sign;0
baby boy woodland nursery blue;0
baby boy woodland nursery artwork;0
newborn baby boy photography woodland;0
woodland baby names boy;0
baby boy woodland outfit;0
oh boy baby shower ideas woodland;0
woodland baby boy outfits;0
woodland theme outfit baby boy;0
baby boy room themes outdoors woodland nursery;0
baby boy nursery woodland pictures;0
baby shower punch for boy woodland;0
baby boy first birthday ideas party themes woodland animals;0
woodland baby shower theme boy free printables;0
animal themed birthday party boy woodland baby;0
woodland baby boy quilts;0
baby boy quilts woodland theme;0
free patterns for boy baby quilt with woodland theme;0
baby boy woodland room ideas;0
baby boy nursery room woodland;0
rustic woodland baby boy nursery;0
woodland theme baby boy room;0
baby boy nursery room ideas woodland;0
baby boy nursery room ideas woodland navy blue;0
baby boy nursery room design woodland;0
baby boy woodland shower themes;0
baby boy woodland theme shower ideas;0
vintage woodland baby boy nursery;0
baby boy 1st birthday woodland theme;0
woodland theme 1st birthday baby boy cake;0
baby boy animals nursery;0
baby boy animals theme;0
baby boy animals cake;0
baby boy animals room;0
baby boy animals clipart;0
baby boy animals wallpaper;0
baby boy door hanger for hospital animals;0
baby boy crochet animals;0
baby boy nursery green and animals;0
baby boy shower banner animals;0
2 year baby boy birthday cake animals;0
baby boy nursery room ideas baby animals;0
birthday baby boy animals;0
boy baby nursery animals;0
baby boy theme animals;0
baby boy nursery blue animals;0
baby boy nursery themes country farm animals;0
cake for baby boy 1 year animals;0
cute crochet animals for baby boy;0
baby boy cake ideas animals;0
baby boy blanket crochet animals;0
cute baby animals boy;0
baby shower cookies for boy animals;0
baby boy room design animals;0
baby boy room decor ideas animals;0
baby boy nursery decor animals;0
diaper cakes for baby boy farm animals;0
baby shower boy decorations animals;0
baby boy room decor ideas animals jungle theme;0
baby boy room decor animals;0
baby boy birthday decoration animals;0
baby nursery ideas for boy animals;0
farm animals baby shower boy;0
animals for baby boy;0
boy and girl baby animals;0
baby boy room green animals;0
baby boy nursery green animals;0
baby boy bedroom ideas animals;0
baby shower ideas boy animals;0
6 month baby picture ideas boy stuffed animals;0
baby boy nursery room ideas farm animals;0
baby boy room animals jungle theme;0
baby boy nursery themes jungle safari animals;0
wild one jungle animals boy baby shower invitation;0
monthly baby photos boy animals;0
baby boy monthly pictures ideas animals;0
baby boy nursery animals theme;0
baby boy nursery zoo animals;0
baby boy nursery vintage animals;0
baby boy nursery ocean animals;0
baby boy outfits animals;0
animals photoshoot baby boy;0
baby boy 1st birthday party animals;0
baby boy nursery themes woodland forest animals prints;0
baby boy quilt animals;0
baby boy quilts with animals;0
baby boy room forest animals;0
baby boy room wild animals;0
farm animals baby boy room;0
baby shower boy theme animals;0
baby shower themes boy animals;0
baby shower animals boy;0
baby boy nursery with animals;0
baby boy shower woodland animals;0
birthday cake baby boy 1year animals;0
baby boy 1st birthday ideas animals;0
baby boy 1st birthday cake animals;0
baby boy 1st birthday cake ideas animals;0
baby boy 2nd birthday cake animals;0
baby boy nautical nursery room ideas;0
baby boy nautical theme nursery;0
baby boy nautical theme;0
baby boy nautical quilt;0
baby boy nautical room;0
baby boy nautical cake;0
baby boy nautical theme room;0
nautical diaper cakes for baby boy;0
baby boy nursery nautical;0
nautical baby boy room ideas;0
nautical baby boy shower cake;0
baby boy nursery nautical themes;0
nautical baby shower boy food;0
baby boy crochet blanket nautical;0
vintage nautical baby boy nursery;0
nautical baby shower boy centerpieces navy blue;0
baby shower ahoy its a boy nautical theme;0
coastal and nautical baby boy nursery ideas;0
baby boy nursery themes nautical ideas wall art;0
nautical baby shower boy balloon arch;0
nautical centerpiece ideas baby shower its a boy;0
baby boy ocean and nautical nursery ideas;0
a hoy its a boy baby shower nautical theme;0
anchor baby shower ideas its a boy nautical theme navy blue;0
nautical baby shower boy backdrops;0
nautical cakes ideas for baby boy;0
nautical baby shower boy cookies;0
nautical cake for baby boy;0
nautical theme baby shower boy decoration;0
baby boy nursery nautical theme wall decor;0
nautical baby shower boy diaper cake;0
nautical baby shower boy decorations;0
baby shower nautical theme boy dessert tables;0
nautical baby decorations boy rooms;0
nautical baby shower boy decorations center pieces centerpiece ideas;0
nautical decor baby boy room;0
nautical theme baby shower boy food;0
baby boy first birthday nautical;0
nautical theme for baby boy;0
nautical baby shower boy gifts;0
baby shower ideas nautical boy;0
nautical-themed boy baby shower ideas;0
baby boy nursery ideas nautical;0
baby sailor outfit boy nautical;0
nautical theme photoshoot baby boy;0
nautical baby boy quilt patterns;0
nautical baby boy quilts;0
baby boy nursery room ideas blue navy nautical theme;0
nautical baby shower boy balloons;0
nautical baby shower boy basket;0
baby boy 1st birthday nautical theme;0
vintage nautical baby shower boy;0
nautical whale baby shower boy;0
baby boy ocean theme;0
baby boy ocean shower ideas;0
baby boy ocean room;0
baby boy ocean themed shower ideas;0
baby boy ocean names;0
baby boy ocean nursery themes;0
baby boy ocean cake;0
baby boy ocean quilt;0
baby boy ocean nursery room ideas;0
baby boy ocean outfit;0
baby nursery ideas for boy ocean;0
baby boy room decor ocean;0
baby boy name ocean;0
baby boy room nursery ocean;0
ocean theme birthday baby boy;0
ocean themed baby boy names;0
baby boy first birthday ideas ocean;0
baby boy ocean theme room;0
baby boy ocean eyes;0
ocean nursery baby boy artwork;0
ocean baby boy aesthetic;0
baby boy nursery themes ocean wall art;0
baby boy announcement ocean;0
baby boy ocean birthday;0
baby boy ocean bedroom;0
ocean themed baby shower cake boy;0
baby boy birthday cake ocean theme;0
baby boy elephant cake;0
baby boy elephant cake topper;0
baby boy elephant nursery;0
baby boy elephant theme;0
baby boy teddy bear baby shower theme;0
baby boy teddy bear clothes;0
baby boy teddy bear outfit;0
ocean themed baby boy room;0
teddy bear for baby boy;0
teddy bear quotes for baby boy;0
baby boy duck clothes;0
baby boy duck hunting nursery;0
baby boy duck outfit;0
baby boy elephant baby shower cake;0
baby boy elephant baby shower ideas;0
baby boy elephant clipart;0
baby boy elephant clothes;0
baby boy elephant cookies;0
baby boy elephant diaper cake;0
baby boy elephant drawing;0
baby boy elephant images;0
baby boy elephant nursery ideas;0
baby boy elephant png;0
baby boy elephant room;0
baby boy elephant room ideas;0
baby boy elephant tattoo;0
baby shower cake for boy elephant;0
elephant baby boy shower invitations;0
elephant for baby boy;0
mallard duck baby boy;0
baby boy bear clothes;0
baby boy bear costume;0
baby boy bear invitations;0
baby boy bear nursery;0
baby boy bear onesie;0
baby boy bear outfit;0
baby boy bear suit;0
baby boy forest nursery;0
ocean cake for baby boy;0
ocean theme cake baby boy;0
stay wild ocean child baby boy;0
ocean baby boy clothes;0
baby boy nursery ocean sea creatures;0
ocean theme cake for baby boy;0
ocean theme dress for baby boy;0
decoración baby shower boy ocean;0
diaper cakes for baby boy ocean;0
ocean nursery baby boy decor;0
baby boy with ocean blue eyes;0
baby boy with ocean eyes;0
ocean blue eyes baby boy;0
baby boy first birthday ideas ocean theme;0
ocean theme birthday for baby boy;0
ocean theme baby shower for boy;0
ocean themed baby shower ideas for boy;0
ocean theme for baby boy;0
baby boy first birthday ocean theme;0
baby boy nursery room ideas ocean;0
baby boy bedroom ideas ocean;0
baby boy 1st birthday ideas ocean;0
baby boy in ocean;0
baby boy nursery room ideas sea ocean themes;0
monthly baby photos boy ocean;0
baby boy names meaning ocean;0
baby boy ocean nursery theme;0
baby boy ocean themed nursery;0
baby boy names related to ocean;0
baby boy nursery themes ocean;0
baby boy nursery ocean theme under the sea;0
baby boy ocean theme party;0
ocean nursery baby boy paint;0
ocean party baby boy;0
ocean themed birthday party baby boy;0
baby boy 1st birthday party ocean;0
baby boy rooms ocean;0
baby boy room ideas ocean;0
under the sea nursery boy ocean baby rooms;0
ocean theme baby boy outfit;0
ocean themed bedroom baby boy;0
baby boy ocean wallpaper;0
welcome baby boy ocean;0
ocean nursery baby boy wallpaper;0
baby boy nursery ocean blue whale;0
baby boy 1st birthday ocean theme;0
baby boy 1st birthday ocean;0
baby boy 1st birthday ideas ocean theme;0
baby boy teddy bear shower ideas;0
baby boy teddy bear nursery;0
baby boy teddy bear shower cookies;0
baby boy teddy bear cake;0
baby boy teddy bear clipart;0
baby boy teddy bear photoshoot;0
baby boy teddy bear theme nursery;0
baby boy teddy bear nursery room ideas;0
baby boy teddy bear room;0
baby boy teddy bear nursery ideas;0
baby boy teddy bear theme;0
baby boy nursery room ideas teddy bear;0
teddy bear baby boy birthday theme;0
cookies baby shower boy teddy bears;0
baby boy quilt teddy bear;0
baby boy teddy bear cupcakes;0
baby boy photo shoot with teddy bear;0
baby boy teddy bear aesthetic;0
baby boy and teddy bear;0
teddy bear baby shower theme boy and girl;0
ahoy it's a boy teddy bear baby shower ideas;0
baby boy with a teddy bear;0
baby boy holding a teddy bear;0
baby boy announcement teddy bear;0
teddy bear baby shower for a boy;0
baby boy teddy bear baby shower ideas;0
baby boy teddy bear background;0
baby boy teddy bear birthday;0
baby boy teddy bear blanket;0
baby boy teddy bear bedroom;0
baby boy teddy bear balloon;0
baby boy teddy bear baby shower cake;0
baby boy teddy bear blue;0
baby boy teddy bear cookies;0
baby boy teddy bear cake ideas;0
baby boy teddy bear costume;0
baby boy teddy bear crochet;0
boy baby shower cakes teddy bear;0
boy baby shower teddy bear centerpieces;0
teddy bear baby shower theme boy cake table;0
baby boy teddy bear decoration;0
baby boy teddy bear diaper cake;0
baby boy teddy bear drawing;0
baby boy teddy bear decor;0
baby boy nursery decor teddy bear;0
teddy bear baby boy dress;0
teddy bear baby shower boy decoration;0
teddy bear diaper cakes for baby boy;0
baby boy hospital door hangers teddy bear;0
dessert table ideas baby shower boy teddy bear;0
teddy bear cake design for baby boy;0
baby boy teddy bear shower decorations;0
baby boy tattoos for mom teddy bear;0
teddy bear baby shower theme for boy;0
crochet teddy bear for baby boy;0
teddy bear baby shower cake for boy;0
baby boy first birthday ideas teddy bear;0
teddy bear theme cake for baby boy;0
teddy bear outfit for baby boy;0
baby boy first birthday teddy bear cake;0
baby boy teddy bear graphic;0
teddy bear baby boy gift;0
boy baby shower themes bear teddy grahams;0
teddy bear baby shower theme boy balloon garland;0
teddy bear baby shower theme boy gender neutral;0
teddy bear boy baby shower ideas green;0
baby boy nursery green teddy bear;0
teddy bear baby shower theme boy games;0
baby boy nursery teddy bear golf;0
welcome home baby boy teddy bear;0
baby boy door hanger for hospital teddy bear;0
baby boy hugging teddy bear;0
baby boy door hanger teddy bear;0
baby boy coming home outfit teddy bear;0
baby boy teddy bear invitations;0
boho teddy bear baby shower ideas boy;0
teddy bear boy themed baby shower ideas;0
teddy bear baby shower ideas boy;0
teddy bear boy baby shower invitations;0
ralph lauren teddy bear baby boy;0
ralph lauren teddy bear sweater baby boy;0
monthly baby photos boy teddy bear;0
6 month baby picture ideas boy teddy bear;0
1 month old baby pictures boy teddy bear;0
baby boy teddy bear nursery themes;0
baby boy teddy bear nails;0
baby boy teddy bear nursery blue;0
baby boy nursery teddy bear theme blue;0
vintage teddy bear baby boy nursery;0
teddy bear baby shower theme boy nails;0
baby boy teddy bear onesie;0
teddy bear baby shower theme boy outfit;0
baby boy outfits teddy bear;0
baby boy in teddy bear outfit;0
baby boy teddy bear painting;0
baby boy teddy bear print;0
baby boy teddy bear png;0
teddy bear baby shower theme boy cake pop;0
teddy bear theme baby boy photoshoot;0
teddy bear pilot baby boy;0
teddy bear baby shower theme boy free printable;0
teddy bear picnic baby shower theme boy;0
baby boy teddy bear quilt;0
baby boy quilts teddy bear;0
baby boy rooms teddy bear;0
baby boy room decor ideas teddy bear;0
teddy bear themed baby boy room;0
teddy bear baby shower theme boy red;0
baby boy nursery room teddy bear;0
baby boy teddy bear sticker;0
baby boy teddy bear sugar cookies;0
baby boy teddy bear shower theme;0
baby boy teddy bear sprinkle;0
baby boy teddy bear shower ideas themes;0
baby boy teddy bear shower ideas cake;0
baby boy teddy bear shower cake;0
baby boy teddy bear sports nursery;0
baby boy teddy bear shower centerpieces;0
baby boy teddy bear tattoo;0
baby boy teddy bear toy;0
baby boy teddy bear theme cake;0
baby boy teddy bear treats;0
baby boy teddy bear wallpaper;0
baby boy with teddy bear;0
baby boy sleeping with teddy bear;0
welcome to the world baby boy teddy bear;0
teddy bear welcome baby boy;0
baby boy shower cake with teddy bear;0
baby boy card with teddy bear;0
baby boy birthday 1 year teddy bear;0
baby boy birthday cake 1 year teddy bear;0
baby boy 1st birthday teddy bear;0
baby boy 1st birthday ideas teddy bear;0
teddy bear birthday theme baby boy 1st;0
baby boy 1st birthday party teddy bear theme;0
baby 1st birthday boy party themes teddy bear;0
baby boy 1st birthday teddy bear cake;0
baby boy 6 month pictures ideas teddy bears;0
baby boy elephant shower ideas;0
baby boy elephant cake ideas;0
baby boy elephant nursery diy wall decor;0
baby boy elephant cake design;0
baby boy elephant cartoon;0
elephant baby boy nursery;0
baby boy shadow box ideas elephant;0
baby boy announcement elephant;0
baby boy blue and grey elephant nursery;0
baby elephant girl and boy;0
elephant baby shower theme boy balloon arch;0
its a boy elephant baby shower theme;0
brown baby boy nursery wall art elephant;0
balloon arch baby shower boy elephant;0
baby elephant its a boy;0
elephant wall art nursery baby boy;0
it’s a boy baby elephant;0
elephant and baby boy;0
baby boy elephant background;0
baby boy elephant birthday theme;0
baby boy elephant baby shower invitation;0
baby boy elephant birthday cake;0
baby boy elephant crochet blanket;0
baby boy elephant cake ideas birthdays;0
baby boy elephant cake topper printable;0
baby boy elephant cards;0
baby boy elephant diaper cake ideas;0
elephant cake design for baby boy;0
1 year baby boy birthday decoration elephant;0
baby boy door hanger for hospital elephant;0
baby shower elephant theme boy decoration;0
baby shower elephant theme boy diy centerpiece ideas;0
baby boy elephant embroidery;0
birthday cake for baby boy elephant;0
elephant hair bracelet gold for baby boy;0
elephant theme for baby boy birthday;0
baby boy first birthday elephant theme;0
baby shower cookies for boy elephant;0
baby boy tattoos for mom elephant;0
baby boy nursery elephant mint green;0
elephant baby boy gifts;0
elephant baby shower theme boy diy gift ideas;0
welcome home baby boy elephant;0
elephant door hanger baby boy;0
elephant hair bracelet for baby boy;0
baby boy elephant illustration;0
baby boy elephant invitation template;0
baby boy elephant shower invites;0
6 month birthday cake boy baby elephant;0
one month cake baby boy elephant;0
1 month cake baby boy elephant;0
baby boy elephant nursery room ideas;0
baby boy newborn pictures elephant;0
newborn baby boy photography elephant;0
baby boy nursery elephant theme blue;0
baby boy nursery elephant theme;0
baby boy elephant outfits;0
baby boy elephant photoshoot;0
baby boy elephant painting;0
baby boy elephant print;0
baby boy elephant quilt patterns;0
crochet baby blanket free pattern boy elephant;0
elephant baby shower theme boy center piece;0
baby boy elephant quilt;0
elephant quilts for baby boy;0
baby boy rooms elephant;0
baby boy room elephant theme;0
baby boy elephant nursery room ideas wall decor;0
elephant theme room for baby boy;0
elephant room decor baby boy;0
baby boy nursery room elephant ideas;0
baby boy elephant stickers;0
baby boy elephant shower ideas cake;0
baby boy elephant sugar cookies;0
baby boy elephant shower cake;0
baby boy elephant tattoo ideas;0
baby boy elephant theme nursery;0
baby boy elephant theme cake;0
baby boy elephant wallpaper;0
baby boy elephant watercolor;0
welcome baby boy elephant;0
elephant with baby boy;0
welcome baby boy cake ideas elephant;0
welcome baby boy cake elephant;0
cute baby boy elephant with blue ears;0
baby boy background wallpapers elephant;0
baby boy birthday cake 1 year elephant;0
baby boy 1st birthday cake ideas elephant;0
baby boy cakes 1st birthday elephant;0
baby boy 1st birthday cake elephant;0
baby boy 1st birthday elephant theme;0
baby boy 1st birthday themes elephant;0
baby boy duck nursery;0
baby boy duck shower ideas;0
baby boy duck theme;0
baby boy duck hunting nursery room ideas;0
baby boy duck themed nursery;0
baby boy duck hunting shower ideas;0
baby boy duck photoshoot;0
baby boy duck room;0
baby boy duck nursery room ideas;0
baby boy duck cake;0
baby boy duckling nursery;0
baby boy first birthday ideas duck;0
baby boy duck embroidery;0
baby boy duck crochet blanket;0
baby duck boy;0
duck outfit baby boy;0
duck baby boy room;0
baby boy and duck;0
baby boy nursery duck and deer;0
baby boy announcement duck hunting;0
baby boy announcement duck;0
baby boy duck baby shower ideas;0
baby boy duck banner;0
baby boy duck birthday theme;0
baby boy duck bathroom;0
baby boy duck blanket;0
baby boy duck background;0
baby boy duck birthday;0
baby boy duck costume;0
baby boy duck cookies;0
baby boy birthday cake duck;0
duck baby boy shower cake;0
duck camo baby boy;0
duck theme cake for baby boy;0
duck boy baby shower cookies;0
cake for baby boy 1 year duck;0
baby boy donald duck costume;0
baby boy duck door hanger;0
baby boy nursery duck egg blue;0
baby boy embroidery ideas duck;0
duck egg blue nursery baby boy rooms;0
baby boy first birthday duck theme;0
baby boy first birthday one lucky duck;0
duck cake for baby boy;0
duck theme baby shower for boy;0
baby boy door hanger for hospital duck;0
duck theme for baby boy;0
baby shower party favors boy duck;0
baby boy first birthday duck;0
baby shower cookies for boy duck;0
baby boy duck gift;0
baby boy nursery green duck;0
baby boy duck hunting photoshoot;0
baby boy duck hunting quilt;0
baby boy duck hunting room;0
baby boy duck hunting;0
baby boy duck hunting outfits;0
baby boy duck hunting door hanger;0
baby boy duck hunting nursery decor;0
baby door hangers boy duck hunting;0
duck themed baby shower ideas boy;0
mallard duck baby shower ideas boy;0
duck boy baby shower ideas;0
baby boy nursery ideas duck;0
baby boy nursery room ideas duck;0
baby boy shower invitations duck;0
baby boy 1st birthday one lucky duck;0
ralph lauren nursery baby boy duck;0
baby boy duck monogram;0
baby boy room mallard duck;0
mallard duck baby boy door hanger;0
mallard duck baby boy nursery;0
baby boy mallard duck theme;0
baby shower mallard duck theme boy;0
baby boy mallard duck painting;0
mallard duck themed baby shower ideas boy;0
baby boy nursery room ideas mallard duck;0
baby boy duck nursery themes;0
baby boy duck nursery ideas;0
baby boy duck names;0
baby boy wood duck nursery;0
baby boy duck theme nursery;0
baby boy newborn pictures duck hunting;0
vintage baby boy duck nursery;0
baby boy duck onesie;0
baby boy outfits duck;0
baby boy duck painting;0
baby boy duck party;0
newborn baby boy photography duck;0
baby boy newborn pictures duck;0
duck party ideas baby boy;0
6 month baby picture ideas boy duck hunting;0
paper duck baby boy;0
baby boy duck quilt;0
baby boy quilts duck;0
baby boy quilt mallard duck;0
duck hunting room decor baby boy;0
duck hunting baby boy room;0
baby boy rooms duck;0
baby boy duck themed room;0
baby shower duck theme boy rubber ducky cake;0
baby boy duck shower cake;0
baby boy duck stuff;0
baby boy duck shower themes;0
baby boy duck tattoo;0
baby boy 1st birthday duck theme;0
baby boy duck wallpaper;0
welcome baby boy duck;0
baby boy with duck;0
baby boy nursery duck wallpaper;0
welcome home baby boy duck;0
baby boy 1st birthday duck;0
baby boy 1st birthday ideas duck;0
rubber duck 1st birthday baby boy;0
6 month baby picture ideas boy ducks;0
baby boy bear shower theme;0
baby boy bear cake;0
baby boy bear theme;0
baby boy bear baby shower ideas;0
baby boy bear theme nursery;0
baby boy bear theme shower ideas;0
baby boy bear cookies;0
baby boy bear room;0
baby boy bear nursery room ideas;0
1 month baby picture ideas boy bear;0
baby shower boy cupcakes bear;0
baby boy bear aesthetic;0
baby boy bear art;0
baby boy and bear cake;0
boy and girl baby bear;0
baby boy birthday cake masha and bear;0
baby boy announcement bear theme;0
short boy baby shower dress bear airplane theme casual;0
baby boy bear birthday;0
baby boy bear baby shower cake;0
baby boy bear background;0
baby boy bear baby shower theme;0
baby boy bear birthday theme;0
baby boy bear blanket;0
baby boy bear balloon arch;0
baby boy bear banner;0
baby boy bear balloon;0
baby boy bear blue;0
baby boy bear birthday cake;0
baby boy bear cake topper printable;0
baby boy bear clipart;0
baby boy bear centerpieces;0
baby boy bear cake ideas;0
baby boy bear cupcakes;0
baby boy bear crochet blanket;0
baby boy bear cookies decorated;0
baby boy bear cake topper;0
baby boy bear drawing;0
baby boy bear dress;0
baby boy bear door hanger;0
baby boy bear diaper cake;0
baby boy bear design;0
baby boy bear decorations;0
baby boy bear decor;0
baby boy bear decorated cookies;0
decoración baby shower boy bear;0
baby boy shower bear decorations;0
baby boy bear embroidery;0
baby boy embroidery ideas bear;0
baby boy bear first birthday;0
baby boy bear frame;0
cake with bear for baby boy;0
bear theme cake for baby boy;0
baby boy first birthday ideas bear;0
diaper cakes for baby boy bear;0
bear baby shower ideas for boy;0
bear cake design for baby boy;0
bear theme dress for baby boy;0
baby boy bear gift;0
baby boy bear gift basket;0
baby boy bear green;0
welcome baby boy green bear;0
baby shower bear theme boy green;0
bear boy baby shower games;0
baby boy bear hat;0
baby boy halloween costumes bear;0
happy birthday baby boy bear;0
baby boy hospital door hangers bear;0
baby boy coming home outfit bear;0
welcome home baby boy bear;0
hot air balloon and bear blue theme for baby boy;0
baby boy bear illustration;0
boy bear baby shower ideas simple;0
baby boy baby shower ideas bear;0
baby boy shower ideas themes bear;0
baby shower invitation bear boy;0
baby boy nail ideas bear;0
baby boy bear jacket;0
baby boy ralph lauren bear;0
baby boy crochet bear lovey;0
baby boy nursery little bear;0
polo ralph lauren bear baby boy;0
little bear baby shower boy;0
little cowboy is on the way baby shower boy bear;0
ralph lauren bear nursery baby boy;0
baby boy bear monogram;0
baby boy bear makeup;0
one month cake baby boy bear;0
mini cake bear baby boy;0
1 month cake baby boy bear;0
1 month baby boy photoshoot bear;0
1 month baby boy bear;0
baby boy monthly pictures ideas bear;0
baby boy bear nails;0
baby boy bear nursery blue;0
baby boy bear nursery theme;0
baby boy bear nursery ideas;0
boy bear baby shower nails;0
vintage baby boy bear nursery;0
polo bear baby boy outfits;0
oh boy bear baby shower ideas;0
baby boy in bear onesie;0
baby boy in bear outfit;0
baby boy outfits bear;0
baby boy bear photoshoot;0
baby boy bear print;0
baby boy bear painting;0
baby boy bear png;0
baby boy bear poster;0
baby boy bear party;0
baby boy bear pictures;0
baby boy bear pattern;0
pooh bear baby shower cake boy;0
baby boy bear quilt;0
baby boy bear quilt patterns;0
baby boy teddy bear quilts;0
baby boy quilts bear;0
baby boy bear romper;0
baby boy bear room ideas;0
bear baby boy rooms;0
bear theme baby boy room;0
baby boy room decor bear;0
baby boy room design bear;0
baby boy bear shower ideas;0
baby boy bear shower cake;0
baby boy bear shower cookies;0
baby boy bear sticker;0
baby boy bear shower theme invitation;0
baby boy bear shower ideas themes;0
baby boy bear sweater;0
baby boy bear shower theme food;0
baby boy bear shower centerpieces;0
baby boy bear shower theme cake;0
baby boy bear theme birthday;0
baby boy bear theme room;0
baby boy bear theme woodland nursery;0
baby boy bear theme cake;0
baby boy bear tattoo;0
baby boy bear template;0
baby boy bear theme cookies;0
baby boy bear topper;0
baby boy bear treats;0
bear baby boy vector;0
baby boy bear wallpaper;0
baby boy bear watercolor;0
baby boy bear with balloons;0
welcome baby boy bear cake;0
welcome to the world baby boy bear;0
boy baby shower cake with bear;0
baby boy with bear;0
1 year baby boy birthday decoration bear;0
baby boy birthday cake 1 year bear;0
cake for baby boy 1 year bear;0
cake baby boy 1 year bear bleu big;0
1 year baby boy birthday cake ideas bear;0
zara baby boy bear;0
1 month old baby pictures boy bear;0
baby boy 1st birthday bear theme;0
baby boy 1st birthday party bear theme;0
bear invitations baby boy 1st birthday;0
baby bear 1st birthday party boy;0
baby boy 1st birthday cake brown bear;0
2 month baby boy bear;0
baby boy birthday cake 2nd bear;0
3rd month baby photo ideas boy bear;0
6 month baby picture ideas boy bear;0
baby boy forest theme nursery;0
baby boy forest shower ideas;0
baby boy forest room;0
adventure baby boy;0
baby boy camping outfit;0
baby boy outdoors nursery;0
baby boy outdoorsy names;0
baby boy vintage clothes;0
baby boy vintage clothing;0
vintage baby boy nursery;0
baby boy vintage romper;0
baby girl shower appetizer ideas;0
baby girl shower balloons;0
baby girl shower centerpieces;0
baby girl shower cookies;0
baby girl shower cupcake ideas;0
baby girl shower cupcakes;0
baby girl shower decorations;0
baby girl shower desserts;0
baby girl shower favors;0
baby girl shower gift ideas;0
baby girl shower invitations;0
baby girl shower themes;0
unique vintage baby boy names;0
vintage baby boy christmas outfit;0
vintage baby boy easter outfit;0
vintage baby boy toys;0
vintage boy baby shower decorations;0
baby boy forest nursery room ideas;0
baby boy forest theme;0
baby boy forest quilt;0
baby boy forest nursery ideas;0
baby boy forest photoshoot;0
baby boy forest green nursery;0
baby boy forest animal nursery;0
baby boy forest bedroom;0
enchanted forest theme baby boy;0
forest theme cake for baby boy;0
enchanted forest baby boy outfit;0
baby boy quilts forest;0
forest baby boy nursery;0
baby boy nursery room forest;0
baby boy baby shower ideas forest;0
forest themed baby shower ideas boy;0
baby boy shower forest animals;0
baby boy nursery themes woodland forest animals;0
forest animal baby shower ideas boy;0
woodland baby shower theme boy forest animals cakes;0
baby boy nursery woodland forest friends animal themes;0
baby boy forest background;0
baby boy nursery forest green crib;0
forest cake baby boy;0
baby boy woodland nursery forest theme crib bedding sets;0
white forest cake for baby boy;0
baby shower cake boy forest;0
baby boy shower forest cake ideas;0
black forest cake design for baby boy;0
forest cake for baby boy;0
decoración baby shower boy forest;0
enchanted forest baby shower theme boy decorations;0
baby boy room decor forest;0
diaper cakes for baby boy woodland forest friends;0
baby boy nursery woodland forest friends room decor;0
enchanted forest baby shower ideas boy;0
baby boy nursery enchanted forest;0
enchanted forest boy baby shower theme;0
enchanted forest baby boy;0
enchanted forest theme baby shower ideas boy;0
baby boy nursery forest green wall;0
forest green baby boy quilt;0
baby boy nursery room ideas forest green;0
forest green baby boy room;0
forest green baby boy;0
baby boy forest room ideas;0
baby boy in forest;0
baby boy shower ideas forest theme;0
baby boy forest name sign;0
baby boy forest names;0
forest themed baby boy nursery;0
forest theme baby boy photoshoot;0
baby boy rooms forest;0
baby boy room forest theme;0
boy baby shower forest;0
baby boy forest theme room;0
winter forest baby shower theme boy;0
baby boy nursery woodland forest friends wall stickers;0
baby boy adventure-themed nursery ideas;0
baby boy adventure nursery;0
baby boy adventure shower ideas;0
baby boy adventure room;0
baby boy adventure theme;0
baby boy adventures;0
baby boy adventure quilt;0
baby boy adventure bedroom;0
baby boy adventure quotes;0
adventure awaits baby shower ideas boy;0
baby boy nursery adventure theme;0
adventure nursery baby boy;0
adventure theme baby boy room;0
adventure awaits baby shower ideas boy invitations;0
our greatest adventure baby shower boy;0
boy baby shower adventure;0
oh boy let the adventure begin baby shower theme;0
adventure boy baby shower theme;0
let the adventure begin baby shower boy cookies;0
adventure awaits baby shower ideas boy centerpieces;0
adventure awaits baby shower cookies boy;0
adventure baby shower cake boy;0
adventure baby shower boy centerpieces;0
let the adventure begin baby shower boy cake;0
adventure baby shower cookies boy;0
adventure awaits baby shower ideas boy decorations;0
adventure-themed baby boy nursery decor;0
adventure baby shower boy decorations;0
baby boy first birthday adventure theme;0
adventure quotes for baby boy;0
greatest adventure baby shower theme boy;0
greatest adventure baby shower theme boy blue;0
oh boy let the adventure begin baby shower ideas;0
adventure begins baby shower ideas boy;0
baby boy nursery room ideas adventure;0
oh boy adventure baby shower ideas;0
adventure-inspired baby boy room ideas;0
let the adventure begin baby boy;0
boy baby shower themes let the adventure begin;0
mountain adventure nursery baby boy;0
baby boy nursery themes adventure;0
baby boy nursery adventure awaits;0
adventure baby boy names;0
our adventure begins baby shower theme boy;0
baby boy 1st birthday party adventure;0
boy baby shower themes adventure;0
baby boy camping nursery;0
baby boy camping shower ideas;0
baby boy camping quilt;0
baby boy camping theme;0
baby boy camping photoshoot;0
baby boy nursery room ideas camping;0
camping outfits baby boy;0
baby boy shower camping theme;0
camping theme baby shower ideas boy;0
boy baby shower themes camping;0
camping boy baby shower ideas;0
camping baby boy room;0
baby boy nursery camping theme;0
camping outfit for baby boy;0
baby boy first birthday camping theme;0
baby boy nursery themes camping;0
baby boy room camping theme;0
baby boy 1st birthday camping theme;0
camping with baby boy;0
baby boy outdoorsy outfits;0
baby boy outdoorsy;0
baby boy cake smash outdoors;0
boy baby shower outdoors;0
baby boy photoshoot outdoors;0
baby boy room ideas outdoors;0
baby boy names outdoors;0
6 month baby picture ideas boy outdoors;0
outdoorsy baby boy shower ideas;0
outdoorsy baby boy quilt;0
boy baby shower ideas outdoors;0
baby boy newborn pictures outdoors;0
baby boy photo shoot ideas outdoors;0
baby boy first birthday outdoors;0
baby boy nursery room ideas outdoors;0
6 month baby picture ideas boy outdoors fall;0
6 month baby picture ideas boy outdoors summer;0
baby boy nursery outdoors theme;0
baby boy nursery themes outdoors;0
baby boy nursery vintage outdoors;0
baby boy 1st birthday photoshoot outdoors;0
baby boy quilt outdoors;0
outdoors baby boy room;0
baby boy photo shoot outdoors;0
baby boy shower outdoors theme;0
boy baby shower themes outdoors;0
baby boy blueberry outfit;0
baby boy blueberry cake;0
baby boy blueberry cookies;0
baby boy blueberry hat;0
blueberry baby shower ideas boy;0
blueberry cake design for baby boy;0
blueberry boy baby shower cookies;0
baby shower nails boy blueberry;0
blueberry outfit baby boy;0
baby shower cake boy blueberry;0
blueberry baby shower for boy;0
blueberry baby shower boy invitations;0
baby boy sprinkle blueberry;0
blueberry baby shower theme;0
blueberry baby shower cake;0
blueberry baby shower cookies;0
blueberry baby shower decor;0
blueberry baby shower theme centerpieces;0
blueberry baby shower theme decor;0
blueberry baby shower banner;0
blueberry baby shower invitations;0
blueberry baby shower balloon arch;0
blueberry baby shower food;0
blueberry baby shower centerpiece;0
blueberry baby shower theme food;0
blueberry baby shower decorations;0
blueberry baby shower balloons;0
blueberry themed baby shower table decor;0
blueberry baby shower signs;0
blueberry and strawberry baby shower cookies;0
blueberry baby shower outfit;0
blueberry baby shower set up;0
blueberry baby shower theme cupcakes;0
blueberry theme baby shower decor;0
blueberry themed baby shower brunch;0
blueberry baby shower arch;0
blueberry baby shower aesthetic;0
berry sweet baby shower balloon arch blueberry;0
lemon and blueberry baby shower cake;0
blueberry theme baby shower balloon arch;0
blueberry and lemon themed baby shower ideas;0
blueberry sweet baby shower theme balloon arch;0
blueberry and strawberry baby shower ideas;0
strawberry and blueberry themed baby shower ideas;0
a berry sweet baby shower blueberry;0
lemon and blueberry baby shower invitation;0
blueberry baby shower backdrop;0
blueberry baby shower boy;0
blueberry baby shower brunch;0
blueberry baby shower background;0
blueberry baby shower balloon garland;0
blueberry baby shower backdrop ideas;0
blueberry baby shower cookies decorated;0
blueberry baby shower cupcakes;0
blueberry baby shower centerpiece ideas;0
blueberry baby shower cake pops;0
blueberry baby shower cake ideas;0
blueberry baby shower cake topper;0
blueberry baby shower cakesicles;0
blueberry baby shower dessert;0
blueberry baby shower dessert table;0
blueberry baby shower drinks;0
blueberry baby shower dress;0
blueberry baby shower diaper raffle;0
blueberry baby shower diy;0
blueberry baby shower diaper cake;0
blueberry baby shower decorated cookies;0
blueberry baby shower dessert ideas;0
blueberry baby shower decor ideas;0
berry excited baby shower theme blueberry;0
blueberry excited baby shower theme;0
blueberry baby shower favors;0
blueberry baby shower food ideas;0
blueberry baby shower flowers;0
blueberry baby shower favor ideas;0
blueberry baby shower for girl;0
blueberry baby shower food table;0
blueberry themed baby shower favors;0
blueberry theme baby shower food ideas;0
blueberry baby shower theme party favors;0
blueberry baby shower games;0
blueberry baby shower gifts;0
blueberry baby shower girl;0
blueberry baby shower gift ideas;0
blueberry baby shower theme girl;0
blueberry themed baby shower ideas girl;0
blueberry baby shower theme games;0
blueberry themed baby shower games;0
blueberry themed baby shower gift;0
blueberry gingham baby shower ideas;0
blueberry baby shower ideas decorations;0
blueberry baby shower invite;0
blueberry baby shower ideas centerpieces;0
blueberry baby shower ideas decor;0
blueberry baby shower theme ideas;0
blueberry themed baby shower ideas;0
berry sweet baby shower ideas blueberry;0
blueberry jam baby shower favors;0
blueberry lemon baby shower cookies;0
blueberry lemon baby shower theme;0
lemon blueberry baby shower cupcakes;0
blueberry and lemon baby shower cookies;0
blueberry and lemons baby shower theme;0
blueberry and lemon baby shower ideas;0
blueberry baby shower nails;0
blueberry themed baby shower nails;0
baby shower niño blueberry;0
blueberry baby shower party favors;0
blueberry baby shower painted banner;0
blueberry baby shower poster;0
blueberry baby shower punch;0
blueberry baby shower photo backdrop;0
blueberry baby shower prizes;0
blueberry baby shower paper banner;0
blueberry baby shower pretzels;0
blueberry baby shower painted sign;0
blueberry themed baby shower party favors;0
blueberry patch baby shower ideas;0
blueberry baby shower sign;0
blueberry baby shower sugar cookies;0
blueberry baby shower sweets;0
blueberry baby shower snacks;0
blueberry baby shower sheet cake;0
blueberry baby shower stickers;0
blueberry baby shower seating chart;0
blueberry baby shower table decor;0
blueberry baby shower theme table decor;0
blueberry baby shower theme cake;0
blueberry baby shower treats;0
blueberry baby shower theme invitations;0
blueberry baby shower theme backdrop;0
blueberry baby shower theme cookies;0
blueberry baby shower table set up;0
blueberry baby shower welcome sign;0
blueberry baby shower welcome;0
blueberry themed baby shower welcome sign;0
blueberry baby shower thank you;0
berry sweet baby shower theme strawberry and blueberry;0
a berry sweet baby is on the way blueberry theme;0
a blueberry sweet baby shower theme;0
a berry sweet baby shower theme blueberry;0
blueberry and strawberry baby shower theme;0
berry sweet baby shower theme blueberry cake;0
blueberry theme baby shower centerpieces;0
blueberry theme baby shower cookies;0
berry sweet baby shower theme blueberry cookies;0
blueberry theme baby shower dress;0
berry sweet baby shower theme blueberry decorations;0
blueberry baby shower theme desserts;0
berry sweet baby shower theme blueberry decor;0
baby shower favors blueberry theme;0
berry sweet baby shower theme blueberry food;0
blueberry baby shower theme flowers;0
berry sweet baby shower theme blueberry games;0
blueberry sweet baby theme ideas;0
blueberry baby shower theme invite;0
blueberry theme baby photoshoot;0
berry sweet baby shower theme treats blueberry;0
baby boy picnic outfit;0
baby boy picnic photoshoot;0
baby boy picnic birthday;0
baby boy picnic birthday party;0
baby boy picnic shower ideas;0
baby boy picnic ideas;0
baby boy picnic party;0
baby boy picnic theme;0
baby boy picnic dress;0
baby boy picnic basket;0
baby boy picnic shoot;0
picnic birthday for baby boy;0
baby boy 1st birthday picnic ideas;0
picnic party baby boy;0
picnic photoshoot for baby boy;0
picnic aesthetic baby boy;0
baby boy birthday picnic ideas;0
baby boy first birthday picnic;0
baby boy outfits picnic;0
picnic baby boy photoshoot;0
picnic date baby boy;0
baby 1st birthday party picnic decorations boy;0
baby boy announcement picnic;0
picnic with a baby boy;0
picnic dress for baby boy;0
decoración baby shower boy picnic;0
picnic outfit for baby boy;0
baby boy first birthday ideas picnic;0
picnic ideas for baby boy;0
picnic birthday party for baby boy;0
picnic photoshoot ideas for baby boy;0
picnic for baby boy;0
picnic photoshoot ideas baby boy;0
picnic outfit ideas baby boy;0
6 month baby picture ideas boy picnic;0
picnic with my baby boy;0
baby boy on picnic;0
picnic themed baby shower boy;0
baby shower picnic boy theme;0
boy baby shower picnic table;0
picnic theme baby boy photoshoot;0
picnic photoshoot with baby boy;0
baby boy 1st birthday picnic;0
baby boy vintage nursery;0
baby boy vintage outfits;0
baby boy vintage sports nursery;0
baby boy vintage aesthetic;0
baby boy vintage nursery room ideas;0
baby boy vintage cake;0
baby boy vintage room;0
baby boy vintage car nursery;0
baby boy vintage names;0
baby boy vintage golf nursery;0
baby boy vintage western nursery;0
baby boy nursery vintage sports;0
baby boy clothes vintage;0
vintage boy baby names;0
baby boy summer outfits vintage;0
cute vintage baby boy outfits;0
vintage style baby clothes boy;0
vintage boy outfits baby;0
vintage baby boy 1st birthday;0
baby boy vintage room decor;0
baby boy vintage airplane nursery;0
baby boy vintage americana nursery;0
baby boy vintage art;0
vintage baby boy artwork;0
baby boy wall art vintage;0
baby boy nursery airplanes vintage;0
vintage baby boy room aesthetic;0
vintage americana baby boy;0
baby boy and girl vintage;0
baby boy vintage baseball nursery;0
baby boy vintage baby shower ideas;0
baby boy vintage bedroom;0
baby boy vintage background;0
baby boy vintage birthday;0
baby boy vintage blue nursery;0
baby boy vintage bear nursery;0
baby boy vintage blanket;0
baby boy vintage birthday cake;0
baby boy vintage baseball room;0
baby boy vintage car room;0
baby boy vintage crib bedding;0
baby boy vintage cards;0
baby boy vintage christmas outfit;0
baby boy vintage car photoshoot;0
baby boy vintage cowboy nursery;0
baby boy vintage clipart;0
baby boy vintage cookies;0
baby boy vintage duck nursery;0
baby boy vintage dog nursery;0
baby boy vintage drawing;0
baby boy vintage disney;0
baby boy vintage decor;0
vintage baby boy drawings;0
vintage disneyland baby shower boy;0
invitaciones de baby shower boy vintage;0
vintage baby boy nursery ducks;0
vintage cake design for baby boy;0
vintage baby boy embroidery;0
baby boy vintage fishing nursery;0
baby boy vintage farm nursery;0
baby boy vintage football nursery;0
baby boy vintage fashion;0
baby boy vintage frame;0
baby boy vintage fits;0
baby boy first birthday vintage;0
vintage farm baby boy;0
vintage material styles for baby boy;0
vintage baby boy fit;0
vintage shirt for baby boy;0
baby boy vintage goose nursery;0
baby boy vintage green nursery;0
baby boy vintage golf room;0
vintage green baby boy room;0
sage green vintage baby boy nursery;0
baby boy going home outfit vintage;0
vintage baby boy nursery gallery wall;0
vintage golf baby boy;0
vintage baby boy shower green;0
vintage baby boy gift basket;0
baby boy vintage hunting nursery;0
baby boy vintage hat;0
baby boy vintage heart cake;0
baby boy coming home outfit vintage;0
baby boy nursery vintage hockey;0
baby boy haircut vintage;0
vintage baby boy hairstyles;0
vintage baby boy door hanger;0
vintage baby boy halloween;0
baby boy vintage illustration;0
vintage baby shower invite boy;0
vintage baby shower boy invitation;0
baby boy room inspo vintage;0
vintage inspired baby boy nursery;0
baby boy room ideas vintage;0
vintage baby boy images;0
baby boy vintage car shower ideas;0
vintage baby boy jeans;0
vintage baby boy clothes jumpsuits & rompers;0
korean baby boy vintage;0
baby boy vintage look;0
ralph lauren vintage nursery baby boy;0
vintage ralph lauren baby boy;0
vintage baby boy names list;0
vintage ralph lauren baby boy room;0
vintage baby boy clothes ralph lauren;0
vintage baby boy clothes linen;0
vintage baby boy looks;0
vintage baby boy logo;0
vintage motorcycle nursery baby boy;0
vintage material for baby boy;0
baby boy and mom vintage;0
modern vintage baby boy nursery;0
vintage baby boy mobile;0
vintage baby boy middle names;0
6 month baby picture ideas boy vintage;0
vintage baby boy names with meaning;0
moody vintage baby boy nursery;0
vintage modern baby boy room;0
baby boy vintage nursery blue;0
baby boy vintage nursery ideas;0
baby boy vintage nursery theme;0
baby boy vintage nursery decor;0
baby boy vintage nautical nursery;0
baby boy vintage nursery art;0
baby boy vintage nursery green;0
baby boy vintage nursery sports;0
baby boy vintage nursery ducks;0
baby boy vintage outfits winter;0
baby boy vintage outfits newborn;0
baby boy vintage overalls;0
baby boy vintage outfits summer;0
baby boy vintage outfit ideas;0
vintage baby outfits 90s boy;0
vintage baby style boy outfits;0
skater baby boy outfits vintage;0
baby boy vintage photoshoot;0
baby boy vintage photo;0
baby boy vintage picture;0
baby boy vintage plane nursery;0
baby boy vintage prints;0
baby boy vintage pic;0
baby boy vintage painting;0
vintage pooh baby shower boy;0
baby pictures vintage boy;0
vintage baby boy scrapbook paper;0
baby boy vintage quilt;0
vintage baby boy quilt patterns;0
quarto vintage baby boy;0
vintage baby boy quilts;0
vintage race car nursery baby boy;0
vintage western baby boy room;0
vintage baby rooms boy;0
baby boy vintage style;0
baby boy vintage shower ideas;0
baby boy vintage sports room;0
baby boy vintage shirt;0
baby boy vintage sports;0
baby boy vintage stickers;0
baby boy vintage sweater;0
simple vintage baby boy nursery;0
baby boy vintage travel nursery;0
baby boy vintage theme;0
baby boy vintage teddy bear nursery;0
baby boy vintage transportation nursery;0
baby boy vintage truck nursery;0
vintage theme baby boy nursery;0
vintage themed baby shower boy;0
vintage up and down for baby boy;0
baby boy vintage wallpaper;0
vintage western baby boy clothes;0
vintage winnie the pooh baby shower boy;0
welcome baby boy vintage;0
baby boy nursery wallpaper vintage;0
vintage baby boy outfit winter;0
1 year baby boy photoshoot vintage;0
vintage y2k baby boy outfits;0
baby boy 1st birthday vintage theme;0
baby boy 1st birthday photoshoot vintage;0
baby boy 1st birthday ideas vintage;0
vintage baby clothes 2000s boy;0
vintage baby boy clothes 50s;0
vintage outfits 50s baby boy;0
vintage baby boy clothes 60s;0
vintage baby boy clothes 70s;0
vintage baby boy outfits 80s;0
vintage baby boy clothes 80s;0
vintage 90s baby boy clothes;0
baby girl shower gifts;0
baby girl shower ideas theme;0
baby girl shower nails;0
baby girl shower games;0
baby girl shower food;0
baby girl shower activities;0
baby girl shower aesthetic;0
baby girl shower arch;0
baby girl shower activity ideas;0
baby girl shower appetizers;0
baby girl shower at restaurant;0
baby girl shower at home;0
baby girl shower august;0
baby girl shower arch backdrop;0
baby girl shower announcement;0
baby girl shower banner;0
baby girl shower backdrop;0
baby girl shower basket;0
baby girl shower banner ideas;0
baby girl shower balloon arch;0
baby girl shower basket gift ideas;0
baby girl shower backdrop ideas;0
baby girl shower bow theme;0
baby girl shower brunch;0
baby girl shower bows;0
baby girl shower background;0
baby girl shower cake ideas;0
baby girl shower centerpiece ideas;0
baby girl shower cards;0
baby girl shower cookies decorated;0
baby girl shower cards handmade;0
baby girl shower cookie ideas;0
baby girl shower cake pops;0
baby girl shower dress;0
baby girl shower decor ideas;0
baby girl shower decorations ideas;0
baby girl shower dessert table;0
baby girl shower dress for mom;0
baby girl nursery themes;0
baby girl shower gift wrapping ideas;0
baby girl shower hostess gifts;0
baby girl shower invites;0
baby girl shower napkins;0
baby girl shower poster;0
baby girl shower punch recipes;0
baby girl shower stickers;0
baby girl shower table decorations;0
baby girl shower wrapping paper;0
baby girl themes for birthday;0
baby girl themes ideas;0
baby shower themes for girl;0
baby girl 2nd birthday party themes;0
baby girl 3rd birthday themes;0
baby girl themes for room;0
co ed baby shower themes girl;0
diy girl baby shower ideas;0
simple baby girl room themes;0
baby girl party dresses;0
baby girl shower ideas butterfly;0
baby girl shower ideas for fall;0
baby girl shower ideas purple;0
baby shower nail ideas girl;0
girl and boy baby shower ideas;0
girl elephant baby shower ideas;0
vintage baby shower ideas for girl;0
baby girl shower dessert ideas;0
baby girl shower decorations table;0
baby girl shower decorations simple;0
baby girl shower drawing;0
baby girl shower elephant theme;0
baby girl shower elegant;0
baby girl shower entrance sign;0
baby girl shower evite;0
baby girl shower enchanted forest;0
baby girl shower entry table;0
decoración elefante baby shower girl;0
baby girl shower food ideas;0
baby girl shower flowers;0
baby girl shower fall;0
baby girl shower favors ideas;0
baby girl shower flower arrangements;0
baby girl shower food table;0
baby girl shower favors for guests;0
baby girl shower flowers centerpieces;0
baby girl shower fall theme;0
baby girl shower floral;0
baby girl shower gift basket ideas;0
baby girl shower gift basket;0
baby girl shower guest outfit;0
baby girl shower games ideas;0
baby girl shower gifts for guests;0
baby girl shower giveaways;0
baby girl shower goose;0
baby girl shower gift tag;0
baby girl shower hamper;0
baby girl shower highland cow;0
baby girl shower halloween;0
baby girl shower horse;0
baby girl shower hello kitty;0
baby girl shower halloween theme;0
baby girl shower hanging clothes;0
baby girl shower harry potter;0
baby girl shower hand painted banner;0
baby shower girl cards handmade;0
baby girl shower ideas decoration;0
baby girl shower ideas fall;0
baby girl shower ideas summer;0
baby girl shower ideas gifts;0
baby girl shower invitations templates;0
baby girl shower ideas winter;0
baby girl shower ideas themes february;0
baby girl shower january;0
baby girl shower july;0
january baby shower girl theme;0
baby shower girl jardin;0
baby girl shower themes for july;0
baby girl shower keepsake;0
baby girl shower luxury;0
baby girl shower lemon theme;0
baby girl shower logo;0
baby girl shower linen sign;0
baby girl shower little wildflower;0
baby girl shower lunch ideas;0
baby girl shower lunch;0
baby girl shower love bug;0
baby girl shower letter board;0
baby girl shower lemon;0
baby girl shower luncheon;0
baby girl shower message;0
baby girl shower mini cupcakes;0
baby girl shower mantle decor;0
baby girl shower mantle decorations;0
baby girl shower mocktail;0
baby girl shower macarons;0
baby girl shower mantle;0
baby girl shower mom outfit;0
baby girl shower muted colors;0
baby girl shower menu ideas;0
baby girl shower mood board;0
baby girl shower minimalist;0
baby girl shower nail ideas;0
baby girl shower nails acrylic;0
baby girl shower nail designs;0
baby girl shower not pink;0
baby girl shower november;0
baby girl shower nails fall;0
baby girl shower napkin rings;0
baby girl shower nails pink;0
baby girl shower outfit;0
baby girl shower outfit for guest;0
baby girl shower outfit for mom;0
baby girl shower outfit guest;0
baby girl shower outfit for mom winter;0
baby girl shower outfit ideas;0
baby girl shower october;0
baby girl shower outdoor;0
baby girl shower outfit for dad;0
baby girl shower outfit for guest winter;0
baby girl shower party favors;0
baby girl shower punch;0
baby girl shower painted banner;0
baby girl shower party;0
baby girl shower pink;0
baby girl shower pink bows;0
baby girl shower pumpkin theme;0
baby girl shower prizes;0
baby girl shower party favor ideas;0
baby girl shower painting ideas;0
baby girl shower quotes;0
baby girl shower quotes bible verses;0
baby girl shower rice krispy treats;0
baby girl shower royal icing cookies;0
baby girl shower rustic theme;0
baby girl shower room;0
baby girl shower roses;0
baby girl shower ribbons;0
baby girl shower recipes;0
baby girl shower red;0
baby girl shower ready to pop;0
baby girl shower scrapbook page ideas;0
baby girl shower sign;0
baby girl shower sheet cake;0
baby girl shower sugar cookies;0
baby girl shower strawberry theme;0
baby girl shower summer;0
baby girl shower snacks;0
baby girl shower simple;0
baby girl shower spring;0
baby girl shower theme ideas;0
baby girl shower themes fall;0
baby girl shower themes in fall;0
baby girl shower themes summer;0
baby girl shower themes september;0
baby girl shower themes winter;0
baby girl shower treats;0
baby girl shower tablescapes;0
baby girl shower themes for november;0
baby girl shower themes august;0
baby girl shower umbrella;0
baby girl shower under the sea;0
baby girl shower unique;0
uñas acrilicas para baby shower girl;0
girl baby shower themes under the sea;0
unique baby shower themes girl summer;0
baby shower girl en un parque;0
baby girl shower vintage;0
baby girl shower valentines;0
baby girl shower vegetable tray;0
baby girl shower veggie tray;0
baby girl shower vintage cake;0
baby girl shower vintage themes;0
baby shower girl vestimenta invitada;0
baby girl shower winter;0
baby girl shower welcome sign;0
baby girl shower winnie the pooh;0
baby girl shower wishes;0
baby girl shower wildflower theme;0
baby girl shower wallpaper;0
baby girl shower winter theme;0
baby girl shower wrapping ideas;0
baby girl shower woodland theme;0
baby girl shower watercolor cards;0
baby girl shower western;0
baby girl shower yellow;0
sea you soon baby shower cake girl;0
sea you soon baby shower invitation girl;0
baby girl shower 2026;0
2026 baby girl shower ideas;0
july 4th baby shower girl;0
4th of july baby shower for girl;0
4th of july baby girl shower ideas;0
4th baby shower ideas girl;0
baby girl themes nursery;0
baby girl themes shower ideas;0
baby girl themes nursery ideas;0
baby girl themes birthday;0
baby girl themes card;0
baby girl themes background;0
baby girl themes for baby showers;0
baby girl themes nursery disney;0
baby girl themes chocolate;0
baby girl themes cartoon;0
baby girl 1st birthday party themes;0
winter baby shower ideas themes for girl;0
birthday themes baby girl;0
cute baby shower themes for a girl black;0
baby shower themes girl winnie the pooh;0
baby girl 1st birthday party themes one in a melon;0
girl baby shower ideas themes alice in wonderland;0
autumn girl baby shower themes;0
disney baby shower themes for a girl;0
baby shower color themes for a girl;0
baby shower themes girl in april;0
baby girl nursery themes grey and pink;0
baby shower themes april girl;0
baby girl themes bedroom;0
baby girl themes bunny;0
baby girl themes blue;0
baby girl themes born;0
baby girl themes card empty;0
baby girl themes cakes;0
baby girl themes clothes;0
baby girl themes colors;0
baby girl themes character;0
baby shower themes girl cowgirl;0
cute girl baby shower themes disney;0
baby girl themes disney;0
baby girl themes drawing;0
baby girl room themes disney;0
diy girl baby shower themes;0
baby shower themes girl duck;0
baby shower themes girl due in march;0
girl baby shower decorations themes flowers;0
girl baby shower decor themes;0
baby girl baby shower themes disney;0
baby shower themes girl emo;0
nursery themes girl elephant baby rooms;0
baby girl nursery themes enchanted forest woodland bedroom;0
baby girl nursery themes elephant pink room decor;0
girl baby shower themes enchanted garden;0
girl baby shower themes elephants;0
baby shower themes girl elegant;0
baby girl nursery themes elegant;0
baby girl themes for nursery;0
baby girl themes first birthday;0
baby girl themes for bedroom;0
baby girl themes floral;0
baby girl themes flowers;0
baby girl themes fall;0
baby girl themes frame;0
baby girl themes hospital;0
baby shower themes girl hearts;0
girl baby shower ideas themes halloween;0
heaven sent baby shower themes girl;0
baby girl half birthday party themes;0
baby girl nursery themes harry potter;0
baby girl shower themes halloween;0
baby girl nursery themes highland cow;0
baby shower themes girl harry potter;0
baby girl birthday themes at home;0
half a year birthday baby 6 months girl themes;0
baby girl nursery room ideas themes night lights;0
baby girl nursery room ideas themes;0
fall girl baby shower ideas themes;0
baby girl jungle nursery themes;0
january girl baby shower themes;0
baby girl shower themes in june;0
baby girl baby shower ideas themes july;0
july girl baby shower themes;0
girl baby shower themes for january;0
january baby shower themes for a girl;0
january baby sprinkle themes girl;0
girl baby shower ideas themes january;0
girl baby shower themes in july;0
girl baby shower ideas themes hello kitty;0
baby girl nursery themes hello kitty;0
baby girl nursery themes koala;0
baby shower themes girl lion king;0
baby girl nursery themes llama;0
latest baby girl themes;0
girl baby shower themes lemons;0
baby girl 1st birthday party themes leopard;0
latest monthly themes for baby girl;0
baby shower themes girl cielito lindo;0
lemon baby shower themes girl;0
girl baby shower ideas themes disney little mermaids;0
girl baby shower themes list;0
baby girl nursery themes lemon;0
baby girl shower themes march;0
monthly themes for baby girl;0
girl baby shower themes minnie mouse;0
monthly milestone themes for baby girl;0
baby girl nursery themes modern;0
baby girl nursery themes boho modern;0
baby shower themes girl in may;0
baby girl monthly milestone themes;0
baby girl themes nursery boho;0
baby girl themes nursery purple;0
baby girl themes nursery western;0
baby girl themes nursery green;0
baby girl themes newborn;0
under the sea baby girl nursery ocean themes;0
baby girl woodland nursery themes;0
november baby girl baby shower themes;0
one year old baby girl birthday party themes;0
baby girl nursery themes owl;0
baby girl one year birthday themes;0
baby shower themes girl orange;0
one year old baby girl party themes;0
two year old baby girl birthday themes;0
baby shower themes for october girl;0
one year old baby girl birthday themes;0
girl baby shower october themes;0
girl baby shower themes olive green;0
baby girl themes purple;0
baby girl themes pink;0
baby girl themes party;0
baby girl themes printable;0
baby girl themes princess;0
baby girl 1st birthday party themes sunshine;0
baby shower themes girl park;0
baby girl quilt themes;0
baby girl themes room;0
baby girl nursery themes retro;0
baby shower themes girl rose;0
baby girl nursery room ideas themes pink;0
baby girl nursery themes boho rustic;0
baby girl nursery themes rustic;0
girl baby shower themes rainbow;0
baby girl themes stickers;0
baby girl themes spring;0
baby girl themes summer;0
baby girl themes template;0
baby girl unique themes;0
baby girl 1st birthday party themes under the sea;0
unique baby girl shower themes;0
baby girl nursery themes unicorn;0
baby shower themes girl unique fall;0
girl baby shower ideas themes princesses once upon a time;0
unique baby shower themes for a girl winter;0
unique baby girl first birthday themes;0
unique baby shower themes for baby girl;0
baby girl themes vintage;0
baby girl nursery themes violet;0
baby girl baby shower themes valentines;0
baby girl 1st birthday party themes shabby chic vintage cowgirl;0
baby girl shower themes vintage cute ideas;0
baby girl 1st birthday party themes vintage;0
baby girl nursery themes vintage;0
baby girl nursery themes boho vintage;0
baby shower themes girl valentine;0
virtual baby shower themes girl;0
baby girl 1st birthday party themes valentines;0
baby girl themes wallpaper;0
baby girl themes winter;0
baby girl themes welcome;0
baby girl baby shower themes wildflower;0
baby girl first birthday winter themes;0
girl baby shower themes winter its cold;0
baby shower winter girl themes;0
winter baby shower themes girl purple;0
birthday themes for 2 year baby girl;0
baby girl 2 year birthday themes;0
baby girl 1 year birthday party themes winter;0
1 year baby girl birthday themes;0
baby girl 1st birthday party themes yellow;0
baby girl nursery themes yellow;0
1 birthday themes for baby girl;0
baby girl 1 year birthday party themes;0
1 year baby girl themes;0
birthday themes for 1 year baby girl;0
baby girl 1 st birthday themes;0
baby girl 1 year birthday party themes simple;0
baby girl 1 birthday themes;0
baby girl 1st birthday ideas party themes 1 year;0
baby girl turns 1 party themes;0
baby girl 1st birthday party themes february;0
baby girl 1st birthday party themes bubbles;0
baby girl 1st birthday party themes butterfly;0
baby girl 1st birthday party themes strawberry;0
baby girl 1st birthday party themes christmas;0
baby girl 1st birthday ideas party themes summer;0
baby girl 2 birthday party themes;0
baby girl 2 birthday themes;0
baby girl themes 2025;0
2025 baby shower themes girl;0
2nd birthday themes for baby girl;0
baby shower themes for girl 2026;0
unique baby girl 2nd birthday themes;0
baby girl nursery themes 2000s;0
baby girl 3rd birthday party themes;0
birthday themes for baby girl 3rd;0
baby girl 4 year birthday themes;0
baby girl 4th birthday themes;0
birthday themes for baby girl 5th;0
baby girl 6 months shoot themes;0
6 months baby girl themes;0
baby girl shower ideas spring;0
baby girl shower ideas theme november;0
baby girl shower ideas january;0
baby girl shower ideas pink bows;0
baby it's cold outside baby shower ideas girl;0
baby shower outfit ideas girl;0
ideas de invitaciones de baby shower girl;0
baby shower outfit ideas girl guest;0
october baby shower ideas for a girl;0
baby girl shower ideas august;0
baby girl shower ideas april;0
baby girl shower ideas at home;0
baby shower ideas for girl in april;0
at work baby shower ideas girl;0
baby shower arch ideas girl;0
baby girl shower ideas bows;0
baby girl shower ideas butterflies;0
baby girl shower ideas baby in bloom;0
baby girl shower ideas bow theme;0
baby girl shower ideas bear;0
baby girl shower ideas brunch;0
baby girl shower ideas bunny;0
baby girl shower ideas backdrop;0
baby girl shower ideas black people;0
baby girl shower ideas berry sweet;0
baby girl shower ideas balloons;0
baby girl shower ideas cherry on top;0
baby girl shower ideas cake;0
baby girl shower ideas country;0
baby girl shower ideas cowgirl;0
baby girl shower ideas christmas;0
baby girl shower ideas centerpieces;0
baby girl shower ideas coastal;0
baby girl shower ideas cactus;0
baby girl shower ideas classy;0
baby girl shower ideas cherry blossom;0
baby girl shower ideas cheap;0
baby girl shower ideas cherry;0
baby girl shower ideas daisy;0
baby girl shower ideas december;0
baby girl shower ideas disney;0
baby girl shower ideas decor;0
baby girl shower ideas duck;0
baby shower diaper cake for girl cute ideas;0
baby shower gift ideas girl diaper cakes;0
baby girl shower ideas elegant;0
baby girl shower ideas easy;0
co-ed baby shower ideas girl;0
easy baby girl shower cake ideas;0
enchanted baby shower ideas girl;0
easter baby girl shower ideas;0
baby shower ideas girl elefante;0
baby girl shower ideas for may;0
baby girl shower ideas february;0
baby girl shower ideas food;0
baby girl shower ideas flowers;0
baby girl shower ideas floral;0
baby girl shower ideas fall theme;0
baby girl shower ideas fairy;0
baby girl shower ideas for february;0
baby girl shower ideas for winter;0
baby girl shower ideas for march;0
baby girl shower ideas goose;0
baby girl shower ideas games;0
baby girl shower ideas garden;0
baby girl shower ideas halloween;0
baby shower girl ideas at home;0
halloween baby shower cake ideas for a girl;0
baby shower hamper ideas girl;0
hippie baby shower ideas girl;0
baby shower ideas girl honey;0
baby shower hanging clothes gift ideas girl;0
halloween themed girl baby shower ideas;0
highland cow baby girl baby shower ideas;0
honey bee baby shower ideas girl;0
small baby shower ideas at home girl;0
baby girl shower ideas in january;0
baby girl shower ideas in october;0
baby girl shower ideas invitations;0
baby girl shower ideas in fall;0
baby girl shower ideas in november;0
baby girl shower ideas in march;0
baby girl shower ideas in may;0
baby girl shower ideas indoor;0
baby girl shower ideas in july;0
baby girl shower ideas july;0
jungle girl baby shower ideas;0
july baby shower ideas for girl;0
jungle safari baby shower ideas girl;0
jordan theme baby shower ideas girl;0
baby shower ideas for january girl;0
baby girl baby shower ideas hello kitty;0
lion king baby shower ideas girl;0
low key baby shower ideas girl;0
lion king baby shower ideas for girl;0
lion king theme baby shower ideas girl;0
baby girl shower ideas love bug;0
little pumpkin baby shower ideas girl food;0
a little boo is due girl baby shower ideas;0
little snowflake baby shower ideas girl;0
little pumpkin baby shower ideas girl cookies;0
little pumpkin baby shower ideas girl invitations;0
a little boo is almost due girl baby shower ideas;0
baby girl shower ideas march;0
baby girl shower ideas may;0
baby girl shower ideas mexican;0
baby girl shower ideas moon;0
farmers market themed baby shower ideas girl;0
precious moment baby shower ideas girl;0
minnie mouse baby shower ideas girl;0
baby girl shower ideas november;0
baby girl shower ideas not pink;0
baby girl shower ideas nails;0
baby girl shower ideas neutral;0
girl baby shower ideas in november;0
november themed baby shower ideas girl;0
baby shower backdrop ideas girl no balloons;0
baby shower ideas for a girl in november;0
nautical themed baby shower ideas girl;0
baby shower ideas for a girl nails;0
baby shower nail ideas for girl;0
baby girl shower ideas october;0
baby girl shower ideas outside;0
baby girl shower ideas outdoor;0
baby its cold outside girl baby shower ideas;0
baby girl shower ideas pink;0
baby girl shower ideas princess;0
baby girl shower ideas pumpkin;0
baby girl shower ideas pink and green;0
baby girl shower ideas pastel;0
baby girl shower ideas pink and white;0
baby girl shower ideas picnic;0
peter rabbit baby shower ideas girl;0
winnie the pooh baby shower ideas girl food;0
pink cow print baby shower ideas girl;0
baby q girl baby shower ideas;0
baby q baby shower ideas for a girl;0
baby q shower ideas girl cake;0
baby q shower ideas for girl;0
baby que shower ideas girl;0
baby girl shower ideas roses;0
girl baby shower ideas rabbit;0
baby shower ideas girl recuerdos;0
baby shower ideas girl rose;0
last rodeo baby shower ideas girl;0
ray of sunshine girl baby shower ideas;0
baby girl shower ideas simple;0
baby girl shower ideas september;0
baby girl shower ideas strawberry;0
baby girl shower ideas swan;0
baby girl shower ideas sparkle;0
baby girl shower ideas sunflower;0
baby girl shower ideas silly goose;0
baby girl shower ideas sprinkle;0
baby girl shower ideas spanish;0
baby girl shower ideas theme butterflies;0
baby girl shower ideas theme summer;0
baby girl shower ideas theme fall;0
baby girl shower ideas tea party;0
baby girl shower ideas theme winter;0
baby girl shower ideas theme princess;0
baby girl shower ideas theme bumble bees;0
baby girl shower ideas themes simple;0
baby girl shower ideas theme spring;0
baby girl shower ideas unique;0
up up and away girl baby shower ideas;0
under the sea baby shower ideas for girl;0
once upon a baby shower ideas girl;0
baby girl shower gift ideas unique;0
baby shower set up ideas girl;0
winnie the pooh baby shower ideas girl set up;0
baby girl shower ideas valentines;0
baby girl shower ideas violet;0
baby girl shower ideas vintage;0
victorian girl baby shower ideas;0
vaquero baby shower ideas girl;0
valentine girl baby shower ideas;0
valentines themed baby shower ideas girl;0
valentines day baby shower ideas girl;0
valentine’s day baby girl shower ideas;0
baby girl shower ideas without balloons;0
baby girl shower ideas western;0
baby girl shower ideas winnie the pooh;0
baby girl shower ideas wildflower;0
baby girl shower ideas with bows;0
baby girl shower ideas woodland theme;0
baby girl shower ideas with flowers;0
baby girl shower ideas with pink bows;0
baby girl shower ideas with elephants;0
baby girl shower ideas yellow;0
yellow baby shower ideas for girl;0
sea ya soon baby shower ideas girl;0
girl baby shower ideas pink and yellow;0
new year baby shower ideas girl;0
sea you soon baby girl shower ideas;0
oh the places youll go baby shower ideas girl;0
baby yoda baby shower ideas girl;0
winnie yhe pooh baby shower ideas girl;0
baby girl shower ideas 2026;0
2026 baby shower ideas for girl;0
baby shower ideas for 2nd baby girl;0
baby girl birthday party;0
baby girl first birthday party;0
baby girl party decorations;0
baby girl party favors;0
baby girl party shoes;0
baby girl party theme ideas;0
baby girl party themes;0
baby girl party wear;0
party wear dress for newborn baby girl;0
3 month baby girl party dress;0
6 month baby girl party dress;0
girl baby shower theme;0
jungle theme baby shower for girl;0
party wear dress for 2 year baby girl;0
party wear dress for 6 month baby girl;0
fairy baby shower cake;0
fairy baby shower decor;0
fairy baby shower decorations;0
fairy baby shower ideas;0
fairy baby shower invitations;0
fairy baby shower theme;0
woodland baby shower decorations girl;0
woodland baby shower ideas for girl;0
woodland creature baby shower girl;0
woodland girl baby shower cookies;0
woodland themed baby shower girl;0
baby girl party wear dress;0
baby girl party ideas;0
baby girl party wear dress design;0
baby girl party outfit;0
baby girl party frock;0
baby girl party wear frocks;0
baby girl party hairstyles;0
baby girl party frock design;0
baby girl first birthday party ideas;0
baby girl birthday party ideas;0
baby girl 1st birthday party;0
baby girl 1st birthday party ideas at home;0
black dress outfit party for baby girl;0
baby girl party aesthetic;0
baby girl party wear cutting and stitching;0
adoption party theme baby girl;0
baby girl party dress cutting and stitching;0
baby girl and mom party dresses;0
baby girl first birthday party animal;0
party for a baby girl;0
baby girl party frock cutting and stitching;0
baby girl party backdrop;0
baby girl party balloons;0
baby girl party background;0
baby girl party bag;0
baby girl party birthday;0
baby girl party banner;0
baby girl party blue;0
baby girl party bows;0
baby girl party butterfly;0
baby girl party cake;0
baby girl party centerpieces;0
baby girl party clothes;0
baby girl party choli;0
baby girl party cupcakes;0
baby girl party chaniya choli;0
baby girl party colors;0
baby girl party color palette;0
baby girl first birthday party cow theme;0
cheap party favors for baby shower girl;0
baby girl 1st birthday party country;0
baby girl party decor;0
baby girl party dresses 5 year;0
baby girl party dresses skirt top;0
baby girl party dresses indian;0
baby girl party dresses birthday outfits;0
baby girl party dresses traditional;0
baby girl party decoration ideas;0
baby girl party dresses winter;0
baby girl party dresses black;0
baby girl party dress design;0
baby girl party entry;0
baby girl party elegant;0
baby girl birthday party entry;0
baby girl 1st birthday party elmo;0
baby girl ethnic party wear;0
ethnic party wear for baby girl;0
baby girl 1st birthday party elegant;0
baby girl 1st birthday party themes elephant;0
baby girl first birthday party ideas elephant;0
baby girl 1st birthday party themes easy;0
baby girl 1st birthday party entry;0
elmo birthday party baby girl;0
baby girl party food;0
baby girl party favor ideas;0
baby girl party food ideas;0
baby girl party frock ideas;0
baby girl party frock designs patterns;0
baby girl party flowers;0
baby girl party favors goody bags;0
baby girl party frock simple;0
baby girl party floral;0
baby girl party gown;0
baby girl party gowns princess dresses;0
baby girl party gift;0
baby girl party garden;0
baby girl party guest outfit;0
baby girl party giveaways;0
baby girl party games;0
baby girl party hairstyles short hair;0
baby girl party hat;0
baby girl party hair band;0
baby girl party headband;0
baby girl party hairdo;0
birthday party hairstyle for baby girl;0
baby girl highland cow birthday party;0
welcome home baby girl decorations party ideas;0
party hairstyle for baby girl short hair;0
baby girl party invitations;0
baby girl party ideas themes;0
baby girl party invite;0
baby girl party ideas 1st;0
baby girl party invitation card;0
baby girl party invitation template;0
fall baby first birthday party ideas girl;0
baby girl party jumpsuit;0
baby girl jungle theme party;0
jungle party baby girl;0
baby girl jalwa party;0
jungle theme birthday party outfit for baby girl;0
baby girl 1st birthday party theme january;0
jungle theme birthday party for baby girl;0
4th of july birthday party baby girl;0
baby girl first birthday party ideas january;0
jungle theme birthday party dress for baby girl;0
baby girl jalwa party decoration;0
baby girl party dresses with jacket;0
korean baby girl birthday party;0
baby girl ke liye party wear dress;0
baby girl party wear dress kids fashion;0
baby party kuchen girl;0
baby girl party wear dress kerala;0
kids party wear baby girl;0
baby girl party dresses kerala;0
baby party kuchen boy or girl;0
korean baby girl party dress;0
baby girl birthday party ideas kitty cats;0
baby girl party wear kaftan;0
baby girl 1st birthday party hello kitty;0
baby girl party look;0
baby girl party lehenga;0
little baby girl birthday party;0
lehnga choli designer party wear for baby girl;0
party wear lehenga baby girl;0
baby girl party dresses lehnga;0
baby girl party wear look;0
lavender party dress for baby girl;0
birthday party look for baby girl;0
baby girl 1st birthday party luau;0
baby girl party makeup;0
baby girl party mehndi;0
3 months baby girl party dresses;0
baby girl 6 months party;0
baby girl mexican theme party;0
baby girl party dresses 3 month;0
baby girl birthday party ideas 1st decoration minnie mouse;0
6 month baby girl party;0
mom outfit birthday party baby girl;0
4 months baby girl party wear;0
baby girl party newborn;0
new baby girl party ideas;0
newborn baby girl party outfits;0
november baby girl birthday party ideas;0
baby girl frocks party wear net;0
baby girl party dresses newborn;0
newborn baby girl party decoration;0
baby girl first birthday party ideas november;0
newborn baby girl welcome party;0
november birthday party ideas for baby girl;0
baby girl frock design party dresses net;0
baby girl party outfit ideas;0
baby girl party outfit winter;0
baby girl party ootd;0
baby girl party one year;0
baby girl party outfit ideas winter;0
baby girl party outdoor;0
birthday party baby girl outfit;0
western baby girl outfits bachelorette party;0
baby girl party packs;0
baby girl party pink;0
baby girl party pack ideas;0
baby girl party purple;0
baby girl party romper;0
baby girl party ready;0
baby girl dresses party wear red;0
rose gold birthday party decorations for baby girl;0
baby girl ready for birthday party;0
baby first rodeo party girl outfit;0
first rodeo baby girl party;0
baby girl reveal party;0
rose gold baby girl birthday party;0
ralph lauren baby girl party;0
baby girl party skirt and top;0
baby girl party snacks;0
baby girl party suits;0
baby girl party set up;0
baby girl party style;0
baby girl party sweets;0
baby girl party simple;0
baby girl party skirt;0
baby girl party sandals;0
baby girl party themes first birthdays;0
baby girl party table decor;0
baby girl party table;0
baby girl party table decorations;0
baby girl party tops;0
baby girl party tops design;0
baby girl party treats;0
baby girl party themes disney;0
baby girl 1st birthday party theme winter;0
baby girl 1st birthday party set up;0
unique party wear dress for baby girl;0
baby girl under the sea party;0
baby shark birthday party girl table set up;0
baby girl 1st birthday party unicorn theme;0
baby girl first birthday party themes under the sea;0
under the sea baby girl birthday party;0
unique baby girl party themes;0
unicorn birthday party baby girl;0
baby girl 1st birthday party themes unique;0
baby girl velvet party wear dress;0
baby girl velvet frock designs party wear;0
baby girl vintage party;0
baby girl party dresses velvet;0
vintage birthday party baby girl;0
baby girl 1st birthday party vintage;0
vintage birthday party for baby girl;0
velvet party dress baby girl;0
velvet party dress for baby girl;0
baby girl party wear outfit;0
baby girl party wear skirt and top;0
baby girl party wear dress indian;0
baby girl party wear frock design;0
baby girl party wear dress ideas;0
baby girl party wear gown;0
baby girl party wear hairstyle;0
1 year baby girl birthday party dress;0
baby shark yellow birthday party girl;0
1 year baby girl party wear dresses;0
baby girl party wear dress 1 year;0
baby girl 3 year party;0
one year baby girl party;0
2 year baby girl party dresses;0
one year old baby girl birthday party ideas;0
baby yoda birthday party girl;0
baby girl zoo theme party;0
baby girl zoo party;0
baby girl party 1 year;0
birthday party theme for 1 year baby girl;0
1 baby girl birthday party;0
party wear dresses for 1 year baby girl;0
1 month baby girl party dress;0
1 year baby party theme girl;0
1 year baby girl skirt and top party wear;0
1 year baby girl party ideas;0
baby girl party 1st birthday outfits;0
baby girl 1st birthday party theme fall;0
baby girl 1st birthday party puppy;0
baby shark birthday party girl 2;0
2 year baby girl party;0
birthday party decorations for 2 year baby girl;0
2 year baby girl party wear frock;0
party wear frocks for 2 year baby girl;0
2 month baby girl party wear;0
2 year baby girl partywear dress;0
baby girl 2 birthday party;0
2 month baby girl party dresses;0
2nd birthday party for girl baby shark;0
baby shark 2nd birthday party girl cookies;0
boss baby 2nd birthday party ideas girl;0
2nd birthday party dress for baby girl;0
2nd birthday party for girl baby theme;0
baby shark 2nd birthday party girl cake;0
baby shark 2nd birthday party girl cake topper;0
2nd birthday party for girl baby doll;0
baby girl birthday party 3;0
baby shark birthday party girl 3;0
3 year baby girl dress design party wear;0
baby girl 3 birthday party ideas;0
3 month baby girl party frock;0
3 year baby girl party dresses;0
3 month baby girl party wear dress;0
baby shark birthday party girl 3 year invitation;0
girl baby shark 3rd birthday party;0
3rd birthday party for baby girl;0
baby girl 3rd birthday party ideas;0
4 month baby girl party dress;0
4 year baby girl party wear dress;0
4 year baby girl dress design party wear;0
4 year baby girl party wear;0
4 year baby girl party dress;0
baby shark birthday party girl 4;0
baby girl 40 days party;0
4year baby girl dress party wear;0
baby shark 4th birthday party girl;0
baby girl 4th birthday party ideas;0
baby girl 40 days party decor;0
5 month baby girl party dress;0
5 year baby girl dress design party wear;0
5 month baby girl party wear dress;0
party frocks for 5 months old baby girl;0
baby shark birthday party girl 5;0
5 year baby girl party dress;0
baby girl 5th birthday party;0
baby shark 5th birthday party girl;0
baby girl party dresses 6 year;0
6 year baby girl party wear dress;0
6 month baby girl party decorations;0
6 month baby girl frock designs party wear;0
6 months baby girl party dresses;0
6 months baby party ideas girl;0
baby girl dresses party wear 6 month;0
6 month baby girl party wear dress;0
7 months baby girl party dress;0
7 month baby girl party wear;0
baby girl party wear dress 7 month;0
7year baby girl dress design party wear;0
8 month baby girl party wear dress;0
8 month baby girl party dress;0
80s party outfits baby girl;0
9 month baby girl party wear dress;0
9 month baby girl party dresses;0
9 months baby girl party dress;0
90s baby girl birthday party;0
baby girl shower themes november;0
baby girl shower themes spring;0
baby girl shower themes in may;0
owl baby shower theme girl;0
baby shower girl theme november;0
girl baby shower theme august;0
all american baby girl shower theme;0
african american girl baby shower theme;0
airport theme baby shower girl;0
black and white baby shower theme girl;0
pumpkin baby shower theme girl balloon arch;0
she’s ready to pop baby shower theme for a girl;0
baby girl shower theme bows;0
baby girl shower theme baby in bloom;0
baby girl shower theme banner;0
baby girl shower theme bear;0
baby girl shower theme butterfly;0
baby girl shower theme cake;0
baby it’s cold outside baby shower theme girl decor;0
pumpkin baby shower theme girl cookies;0
pumpkin baby shower theme girl centerpieces;0
bow theme baby shower girl cake;0
girl baby shower cake bear theme;0
elephant baby shower theme centerpieces girl;0
elephant baby girl shower theme cake;0
can barely wait baby shower theme girl;0
pumpkin baby shower theme girl cakes;0
baby girl shower theme decor;0
baby girl shower theme decorations;0
heaven sent baby shower theme decoration girl;0
daisy baby shower theme girl;0
silly goose baby shower theme girl decor;0
disney baby shower theme girl;0
cielito lindo baby shower theme girl dress;0
elephant theme baby shower girl invitations;0
elephant theme baby shower girl treats;0
enchanted baby shower theme girl cake;0
baby girl shower theme fall;0
baby girl shower theme february;0
baby girl shower theme for september;0
locally grown baby shower theme for girl;0
fall baby shower theme for girl;0
baby shower bbq theme for girl;0
baby girl shower theme goose;0
baby shower girl hunting theme;0
holy cow baby girl shower theme;0
little honey baby shower theme girl;0
girl horse baby shower theme;0
hawaiian baby shower theme girl decorations;0
here comes the sun baby shower theme girl;0
a little piece of heaven baby shower theme girl;0
heaven sent baby shower theme girl decorations;0
highland cow baby shower theme for girl;0
honeybee baby shower theme girl;0
hippo baby shower theme girl;0
baby girl shower theme ideas fall;0
spring theme girl baby shower ideas;0
italian baby girl shower theme;0
girl blue jean baby shower theme;0
baby shower theme girl june;0
jungle theme baby shower cake girl;0
baby shower theme for girl in january;0
blue jean baby girl shower theme banner;0
kitten baby shower theme girl;0
baby shower lion king theme girl;0
baby shower girl theme hello kitty;0
koala baby shower theme girl cake;0
koala baby shower theme girl;0
falling in love baby shower theme girl;0
italian lemon baby shower theme girl;0
baby shower theme girl love bug;0
lemon theme baby shower for girl;0
polo ralph lauren girl baby shower theme;0
ralph lauren theme baby shower girl;0
cielito lindo baby shower theme girl cookies;0
fall in love girl baby shower theme;0
baby girl shower theme march;0
baby girl shower theme may;0
mexican theme baby shower cake girl;0
girl mountain baby shower theme;0
girl baby shower theme in may;0
mama mia baby shower theme girl;0
mexican baby girl shower theme;0
baby girl shower theme november;0
baby girl shower theme names;0
baby girl shower no theme;0
national park baby shower theme girl;0
baby shower theme nails girl;0
neutral baby shower girl theme;0
the next chapter baby shower theme girl;0
no theme baby shower ideas girl;0
a new chapter girl baby shower theme;0
baby girl shower theme october;0
baby it’s cold outside baby shower theme girl invitation;0
baby it’s cold outside shower theme girl invite;0
cutie on the way baby shower theme girl;0
baby it’s cold outside baby shower theme girl centerpieces;0
baby girl shower theme pink;0
baby girl shower theme purple;0
baby girl shower theme princess;0
tea party baby shower theme girl;0
baby girl pink theme baby shower cake;0
queen baby shower theme girl;0
baby shower race car theme girl;0
baby shower rubber ducky theme girl;0
rain shower baby shower theme girl;0
peter the rabbit baby shower theme girl;0
baby shower girl ribbon theme;0
girl baby shower theme red;0
baby girl shower theme summer;0
baby girl shower theme spring;0
baby girl shower theme september;0
baby girl shower theme simple;0
baby girl shower theme strawberry;0
baby girl shower theme unique;0
underwater baby shower theme girl;0
unique baby shower theme for girl;0
under the sea theme baby shower girl;0
up baby shower theme disney girl;0
once upon a time baby girl shower theme;0
once upon a time baby shower theme girl decorations;0
under the sea theme baby shower ideas girl;0
baby shower girl theme set up;0
up up and away baby shower theme girl;0
baby girl shower theme vintage;0
baby shower girl valentines theme;0
it takes a village baby shower theme girl;0
vans baby shower theme girl;0
baby shower ideas girl theme valentines;0
vintage goose baby shower theme girl;0
valentine’s day theme baby shower girl;0
valentine theme baby shower ideas for girl;0
vintage theme baby shower ideas girl;0
baby girl shower theme winter;0
baby girl shower theme wildflower;0
whale theme baby shower girl;0
wonderland theme baby shower girl;0
wrangler baby shower theme girl;0
we can bearly wait baby shower theme girl backdrop;0
yellow theme baby shower girl;0
sea you soon baby shower theme girl cake;0
we can’t wait to squeeze you baby shower theme girl;0
sea you soon baby shower theme for girl;0
we can bearly wait to meet you baby shower theme girl;0
sea you soon baby shower theme girl desserts;0
sea you soon baby shower theme girl decorations;0
dragon ball z baby shower theme girl;0
baby girl shower theme 2026;0
baby shower girl theme 2025;0
baby shower theme for girl 2025;0
woodland girl shower theme;0
woodland baby girl shower cake;0
girl woodland baby shower games;0
woodland baby shower sign girl;0
woodland creature baby shower cake girl;0
woodland girl baby shower backdrop;0
girl baby shower ideas woodland;0
baby shower themes woodland girl;0
woodland baby shower for a girl;0
woodland baby girl shower balloon arch;0
woodland baby shower theme girl balloon arch;0
woodland baby shower theme for a girl;0
woodland creature girl baby shower ideas;0
woodland creature baby shower for girl;0
woodland baby shower cookies for girl;0
woodland themed baby shower girl cake;0
woodland baby shower cake for girl;0
woodland theme baby shower girl decor;0
woodland baby shower table decor girl;0
girl woodland baby shower decor;0
woodland baby shower theme girl table decor;0
baby girl woodland shower ideas decor;0
woodland baby shower theme for girl;0
woodland theme baby shower girl food;0
woodland forest baby shower theme girl;0
woodland forest baby shower for girl;0
winter woodland girl baby shower ideas;0
boho woodland baby shower ideas girl;0
woodland baby shower invites girl;0
whimsical woodland baby shower ideas girl;0
woodland baby shower party favors girl;0
fairy baby showers;0
fairy baby shower ideas decoration;0
fairy baby shower cookies;0
fairy baby shower banner;0
fairy baby shower theme girl;0
fairy baby shower centerpieces;0
fairy baby shower dress;0
enchanted fairy baby shower invitations;0
fairy baby shower photo booth ideas;0
baby shower decor fairy;0
fairy baby shower color scheme ideas;0
baby shower fairy cake topper;0
fairy tale baby shower theme;0
fairy baby shower backdrop;0
fairy baby shower themes;0
woodland fairy baby shower cake;0
fairy baby shower diaper cake;0
fairy baby shower aesthetic;0
fairy baby shower activities;0
fairy baby shower arch;0
butterfly and fairy baby shower ideas;0
once upon a time baby shower theme boy fairy tales;0
fairy garden baby shower balloon arch;0
baby shower girl theme once upon a time fairy tales;0
a little fairy is on her way baby shower theme;0
fairy baby shower balloon arch;0
fairy baby shower basket;0
fairy baby shower backdrop designs;0
fairy baby shower balloon garland;0
fairy baby shower balloons;0
fairy baby shower background;0
fairy baby shower cupcakes;0
fairy baby shower centerpiece ideas;0
fairy baby shower cake ideas;0
fairy baby shower cookies decorated;0
fairy baby shower cake topper ideas;0
fairy baby shower cake pops;0
fairy baby shower cake simple;0
fairy baby shower color palette ideas;0
fairy baby shower dessert table;0
fairy baby shower desserts;0
fairy baby shower dessert ideas;0
fairy baby shower decoration ideas;0
fairy baby shower diy;0
fairy baby shower drinks;0
woodland fairy baby shower decorations;0
enchanted fairy forest baby shower treats;0
enchanted fairy baby shower theme cake;0
enchanted fairy forest baby shower theme;0
fairy baby shower theme enchanted garden;0
enchanted fairy baby shower backdrop;0
enchanted fairy baby shower cake;0
enchanted fairy forest baby shower cake;0
fairy baby shower favors;0
fairy baby shower food;0
fairy baby shower food ideas;0
fairy baby shower flower ideas;0
fairy baby shower for girl;0
fairy baby shower games;0
fairy baby shower gift ideas;0
fairy baby shower girl;0
fairy baby shower gifts;0
fairy baby shower gift suggestions;0
fairy baby shower guest book;0
fairy baby shower game ideas;0
fairy garden baby shower boy;0
baby shower fairy garden theme;0
fairy baby shower invitation template;0
fairy baby shower invite;0
fairy baby shower ideas girl;0
fairy baby shower ideas food;0
fairy baby shower ideas cake;0
fairy baby shower invitation ideas;0
fairy baby shower ideas decoration diy;0
fairy baby shower invitation bundle;0
fairy baby shower ideas boy;0
baby shower little fairy;0
baby shower fairy lights;0
baby shower with fairy lights;0
fairy lights baby shower ideas;0
baby shower decor with fairy lights;0
fairy lights baby shower decor;0
baby shower centerpieces with fairy lights;0
baby shower backdrop with fairy lights;0
fairy light baby shower theme;0
little fairy baby shower ideas;0
fairy baby shower makeup;0
mushroom fairy baby shower ideas;0
mystical fairy baby shower theme;0
baby shower flower jewellery;0
flower baby shower cake;0
flower baby shower cupcakes;0
flower baby shower decorations;0
flower baby shower favors;0
flower baby shower ideas;0
flower baby shower invitations;0
flower baby shower plates;0
flower baby shower theme;0
flower decoration for baby shower at home;0
lily flower baby shower theme;0
baby girl floral arrangements;0
baby girl floral blanket;0
baby girl floral clothes;0
baby girl floral dress;0
baby girl floral headband;0
baby girl floral jumpsuit;0
baby girl floral mobile;0
baby girl floral nursery;0
baby girl floral nursery ideas;0
baby girl floral outfit;0
baby girl floral wallpaper;0
baby girl woodland animals;0
baby girl woodland clothes;0
baby girl woodland nursery;0
baby girl woodland nursery decor;0
baby girl woodland nursery ideas;0
baby girl woodland shower ideas;0
baby girl woodland theme;0
floral headband for baby girl;0
flower baby shower sash;0
baby girl floral nursery decor;0
baby girl floral onesie;0
baby girl floral pants;0
baby girl floral romper;0
baby girl floral top;0
baby girl vintage clothes;0
baby girl vintage clothing;0
baby girl vintage dress;0
baby girl vintage outfits;0
floral outfit for baby girl;0
vintage baby girl;0
vintage baby girl clothes;0
vintage baby girl names;0
vintage baby girl nursery;0
fairy baby shower th med;0
fairy baby shower nails;0
baby shower niña fairy;0
fairy baby shower outfit;0
fairy baby shower outfit ideas;0
fairy baby shower outdoor;0
fairy garden baby shower outfit;0
fairy oddparents baby shower theme;0
fairy garden baby shower outfit ideas;0
fairy odd parents baby shower cake;0
fairy theme baby shower outfit;0
fairy baby shower party favors;0
fairy baby shower painted banner;0
fairy baby shower purple;0
fairy baby shower party;0
fairy princess baby shower cake;0
girl baby shower themes princess fairy tales story books;0
baby shower themes for girls princess babyshower fairy tales;0
fairy baby shower sign;0
fairy baby shower sheet cake;0
fairy baby shower snacks;0
fairy baby shower sugar cookies;0
fairy baby shower stickers;0
fairy baby shower sash;0
fairy baby shower simple;0
fairy baby shower shirts;0
fairy baby shower table decor;0
fairy baby shower treats;0
fairy baby shower table decoration ideas;0
fairy baby shower table;0
fairy baby shower thank you gifts;0
fairy baby shower theme centerpieces;0
fairy baby shower theme ideas;0
fairy baby shower theme cake;0
fairy baby shower table decorations;0
unique fairy baby shower themes;0
vintage fairy tale baby shower ideas;0
vintage fairy garden baby shower ideas;0
vintage fairy baby shower ideas;0
fairy baby shower welcome sign;0
woodsy fairy baby shower ideas;0
woodland fairy themed baby shower ideas;0
woodland fairy baby shower food;0
woodland fairy baby shower ideas;0
whimsical fairy baby shower ideas;0
flower baby shower cookies;0
flower baby shower decor;0
flower baby shower theme girl;0
flower baby shower centerpieces;0
flower baby shower backdrop;0
baby boy flower arrangements blue shower centerpieces;0
baby shower cake flower theme;0
indian baby shower flower decoration;0
baby shower flower centerpieces neutral;0
flower baby shower arch;0
flower baby shower activities;0
flower baby shower activity;0
flower baby shower aesthetic;0
baby shower flower arrangements white;0
flower baby shower banner;0
flower baby shower boy;0
flower baby shower bouquet;0
flower baby shower balloon arch;0
flower baby shower backdrop ideas;0
flower baby shower basket;0
flower baby shower background;0
flower baby shower brunch;0
flower baby shower balloons;0
flower baby shower cake ideas;0
flower baby shower cookies decorated;0
flower baby shower centerpiece ideas;0
flower baby shower cake pops;0
flower baby shower craft;0
flower baby shower cupcakes girl;0
flower baby shower cookies for girl;0
flower baby shower cake girl;0
flower baby shower dress;0
flower baby shower desserts;0
flower baby shower decoration ideas;0
flower baby shower diy;0
flower baby shower dessert table;0
flower baby shower decorated cookies;0
flower baby shower decor ideas;0
flower baby shower drinks;0
flower baby shower dessert ideas;0
edible flower baby shower cake;0
elegant flower baby shower ideas;0
baby shower flower centerpieces eucalyptus;0
elegant baby shower flower centerpiece ideas;0
baby shower flower entry;0
easy baby shower flower arrangements;0
elegant wild flower baby shower ideas;0
baby shower flower entrance;0
baby shower entrance decor flower;0
flower baby shower food;0
flower baby shower food ideas;0
flower baby shower favors seed packets;0
flower baby shower favor ideas;0
flower baby shower food table;0
flower baby shower food recipes;0
flower baby shower for boy;0
flower baby shower gift;0
flower baby shower games;0
flower baby shower guest book ideas;0
flower baby shower gift ideas;0
flower baby shower garland;0
flower baby shower game ideas;0
baby shower cupcakes girl flower;0
girl baby shower flower themed;0
baby shower favors for guests flower;0
baby shower flower bouquet ideas girl;0
baby shower gift flower vase;0
baby shower flower jewellery green saree;0
halloween baby shower flower arrangements;0
baby shower hairstyle flower;0
baby shower flower headband;0
baby shower hairstyle with flower;0
baby shower flower hand bag;0
baby shower home decorations flower;0
baby shower flower hairstyles indian;0
hibiscus flower baby shower theme;0
baby shower flower centerpieces hydrangeas;0
baby shower flower hand;0
baby shower hanging flower backdrop;0
flower baby shower invite;0
flower baby shower ideas girl;0
flower baby shower ideas decoration;0
flower baby shower invitations template;0
flower baby shower invites for girl;0
flower baby shower ideas boy;0
flower baby shower jwellery;0
baby shower real flower jwellery;0
baby shower flower jewellery minimal;0
blue jean baby shower flower;0
baby shower bride flower jewellery;0
baby shower flower jewellery indian;0
baby shower flower jewellery red;0
baby shower jasmine flower;0
baby shower flower kamar patta;0
baby shower flower keepsake;0
baby shower flower kaleera;0
lantern centerpieces baby shower flower;0
locally grown baby shower flower arrangements;0
locally grown baby shower flower ideas;0
little wild flower baby shower ideas;0
baby shower flower jewellery latest;0
lotus flower jewellery for baby shower indian;0
ralph lauren baby shower flower;0
a little wild flower baby shower theme;0
locally grown baby shower flower bar;0
locally grown baby shower flower;0
baby shower flower look;0
baby shower outfits for mom flower belt;0
baby shower outfits for mom flower;0
may flower baby shower theme;0
baby shower flower making;0
baby shower mom flower crown;0
mini flower pot baby shower favors;0
baby shower flower belt maternity sash;0
baby shower flower jewellery muslim;0
flower jewellery for baby shower making;0
baby shower flower jewellery making at home;0
april showers bring may flower baby shower theme;0
flower baby shower nails;0
non flower baby shower centerpieces;0
wild flower baby shower nails;0
neutral flower baby shower cake;0
wild flower baby shower treats neutral;0
blue flower baby shower nails;0
gender neutral baby shower flower centerpieces;0
girl baby shower nails flower;0
gender neutral baby shower flower arrangements;0
flower baby shower outfit;0
baby shower original flower dupatta;0
wild flower baby shower favor ideas on a budget;0
organza flower baby shower decor;0
wild flower baby shower outfit ideas;0
baby shower flower jewellery on red saree;0
orange flower baby shower ideas;0
baby shower ornaments real flower;0
baby shower original flower set;0
baby shower flower ornaments;0
flower baby shower party favors;0
flower baby shower painted banner;0
flower baby shower poster;0
flower baby shower pink;0
flower baby shower photoshoot;0
winnie the pooh baby shower flower arrangements;0
pink bow and flower baby shower theme;0
baby shower flower centerpieces winnie the pooh;0
purple flower baby shower cake;0
paper flower backdrop baby shower girl;0
flower baby shower royal icing cookies;0
peter rabbit baby shower flower;0
baby shower decoration real flower;0
rose flower baby shower theme;0
baby shower real white flower jewellery;0
real flower baby shower decorations;0
baby shower real flower jewellery set;0
flower baby shower sign;0
flower baby shower sugar cookies;0
flower baby shower simple;0
flower baby shower stand;0
flower baby shower sheet cake;0
flower baby shower souvenir;0
flower baby shower theme decor;0
flower baby shower table decor;0
flower baby shower theme boy;0
flower baby shower treats;0
flower baby shower theme food;0
flower baby shower table;0
flower baby shower theme centerpieces;0
flower baby shower theme cake;0
flower baby shower theme invitations;0
flower baby shower theme fall;0
baby shower flower set up;0
unique baby shower flower jewellery;0
baby shower flower umbrella;0
flower wall baby shower set up;0
baby shower flower table set up;0
baby shower flower vase;0
violet flower baby shower theme;0
vase centerpieces for baby shower flower;0
vintage flower baby shower ideas;0
flower jewellery for baby shower indian video;0
baby shower flower vase ideas;0
violet flower baby shower ideas;0
baby shower flower veni;0
vintage flower baby shower cake;0
baby shower centerpieces flower vases;0
flower baby shower welcome sign;0
flower baby shower wall;0
flower baby shower wallpaper;0
wild flower baby shower sign;0
baby shower with flower decor;0
wild flower baby shower cupcake ideas;0
baby shower decorations with flower wall;0
baby shower yellow flower;0
baby shower flower arrangements yellow;0
baby shower flower thank you gifts;0
yellow flower baby shower theme;0
baby shower flower centerpieces yellow;0
wild flower baby shower thank you;0
baby shower thank you gifts flower seeds;0
yellow flower baby shower cake;0
baby girl woodland nursery forest theme;0
baby girl woodland nursery room ideas;0
baby girl woodland theme nursery;0
baby girl woodland baby shower theme;0
baby girl woodland room;0
baby girl woodland quilt;0
baby girl woodland cookies;0
baby girl woodland animal nursery;0
woodland theme baby girl;0
woodland baby girl announcement;0
baby girl nursery theme woodland;0
baby girl woodland animal quilt;0
baby girl woodland animal cookies;0
baby girl quilts woodland animals;0
woodland animals baby girl nursery;0
baby girl woodland baby shower cookies;0
baby girl woodland baby shower cake;0
baby girl woodland bedroom;0
baby girl woodland cake;0
baby girl woodland creatures nursery;0
baby girl woodland cupcakes;0
baby girl woodland crochet;0
baby girl woodland diaper cake;0
diaper cakes for baby girl woodland;0
baby girl woodland fairy nursery;0
baby girl woodland nursery forest theme kids rooms;0
baby girl woodland nursery forest theme crib bedding sets;0
baby girl nursery room ideas woodland gender neutral;0
baby girl woodland nursery pink;0
baby girl woodland nursery wallpaper;0
woodland baby girl names;0
woodland baby girl quilt pattern;0
baby girl pink woodland nursery;0
baby girl pink woodland theme nursery;0
woodland baby girl party;0
baby girl 1st birthday party woodland theme;0
woodland themed baby girl room;0
baby girl room ideas woodland;0
woodland theme baby room girl;0
baby girl woodland theme cookies;0
vintage woodland baby girl nursery;0
baby girl woodland wallpaper;0
woodland baby girl 1st birthday;0
baby girl floral shower ideas;0
baby girl floral frock design;0
baby girl floral dress design;0
baby girl floral cake;0
baby girl floral door hanger;0
baby girl floral room;0
baby girl nursery room ideas floral wallpaper;0
baby girl nursery floral rug;0
baby floral flower girl dress;0
baby girl nursery theme floral;0
baby girl neutral floral nursery;0
baby girl room floral wall;0
floral backdrop for baby girl;0
baby girl cookies decorated floral;0
non floral baby girl nursery;0
baby girl floral animal nursery;0
baby girl floral announcement;0
butterfly and floral nursery baby girl;0
floral arrangements for baby shower girl;0
floral arrangement for baby girl;0
floral arrangement for new baby girl;0
baby girl nursery floral and bunny;0
welcome baby girl floral arrangement;0
girl baby shower floral arrangement;0
baby girl nursery pink and floral;0
baby girl floral background;0
baby girl floral baby shower ideas;0
baby girl floral bouquet;0
baby girl floral bubble romper;0
baby girl floral birthday party;0
baby girl floral bedroom;0
baby girl floral birthday cake;0
baby girl floral birthday;0
baby girl floral backdrop;0
baby girl floral birthday theme;0
baby girl floral baby shower cake;0
baby girl floral cookies;0
baby girl floral centerpieces;0
baby girl floral crown;0
baby girl floral cupcakes;0
floral cotton dress for baby girl;0
floral cakes for baby girl;0
girl baby shower cookies floral;0
baby girl shower cakes floral;0
baby girl nursery floral colorful;0
baby girl floral decor;0
baby girl floral dress outfit;0
baby girl floral diaper cake;0
baby girl floral design;0
baby girl nursery floral wall decals;0
baby girl summer dress floral prints;0
baby girl floral embroidery;0
baby girl floral frock;0
baby girl floral first birthday;0
baby girl floral frame;0
baby girl floral gown;0
floral door hanger for baby girl;0
circle painted floral baby girl hospital door hanger;0
baby girl floral door hanger for hospital;0
baby girl hospital door hanger floral;0
flower crown for baby girl floral headbands;0
baby flower girl hair floral crowns;0
baby girl floral invitation;0
girl baby shower ideas pink floral;0
girl floral baby shower ideas;0
baby girl floral nursery room ideas;0
girl baby shower invitations floral;0
floral girl baby shower invitation;0
floral baby girl birthday food idea;0
floral baby shower invites for girl;0
baby girl floral quilt ideas;0
vintage floral baby girl nursery ideas;0
girl baby shower ideas themes floral;0
baby girl floral jumper;0
floral jewellery for baby girl;0
baby girl floral lehenga;0
baby girl nursery light pink floral;0
lavender floral nursery baby girl;0
lilac floral nursery baby girl;0
baby girl floral mural;0
baby girl mobile diy floral;0
baby girl nursery floral mural;0
centro de mesa floral baby shower girl;0
floral baby girl nursery modern;0
baby girl nursery moody floral;0
baby girl nursery mauve floral;0
floral mehndi designs for baby girl;0
baby girl mehndi design floral;0
baby girl floral names;0
baby girl floral name sign;0
baby girl floral nursery wallpaper;0
baby girl floral nursery room decor;0
floral baby girl outfits;0
baby girl outfits newborn floral;0
floral organza frock for baby girl;0
floral organza dress for baby girl;0
baby girl floral pattern;0
baby girl floral print dress;0
baby girl floral print;0
baby girl floral party dress;0
floral print frock designs for baby girl;0
pink floral baby girl nursery;0
baby shower girl pink floral;0
pink floral cake for baby girl;0
floral party dress for baby girl;0
baby girl floral quilt patterns;0
baby girl floral quilt;0
baby girl quilts floral;0
baby girl quilt vintage floral;0
quarto baby girl floral;0
baby girl floral room ideas;0
baby girl floral room decor;0
floral feminine baby girl room;0
baby girl room blue floral;0
rustic floral baby girl nursery;0
baby girl nursery with floral rug;0
baby girl floral sleeper;0
baby girl floral sprinkle;0
simple floral baby girl nursery;0
baby girl floral theme;0
floral theme for baby girl;0
baby girl first birthday theme floral;0
floral birthday theme for baby girl;0
floral theme cake for baby girl;0
baby girl baby shower themes floral;0
floral themed baby shower girl;0
floral theme baby girl room;0
unique baby girl names floral;0
baby girl vintage floral;0
vintage floral baby girl names;0
vintage floral baby girl nursery;0
vintage floral baby girl room;0
baby girl floral wallpaper nursery;0
baby girl floral wreath;0
baby girl nursery floral wall decor;0
baby girl nursery with floral wallpaper;0
white floral frock for baby girl;0
baby girl bedroom floral wallpaper;0
yellow floral baby girl nursery;0
yellow floral dress for baby girl;0
baby girl 1st birthday floral theme;0
baby girl 1st birthday party floral;0
baby girl 1st birthday cake ideas floral;0
baby girl 1st birthday party themes floral;0
baby girl 1st birthday cake floral;0
baby girl 1st birthday floral;0
2 tier floral cake for baby girl;0
baby girl vintage nursery;0
baby girl vintage room;0
baby girl vintage names;0
baby girl vintage cake;0
baby girl vintage gown styles;0
baby girl vintage bunny nursery;0
baby girl vintage nursery prints;0
baby girl vintage baby shower ideas;0
baby girl vintage nursery room ideas;0
baby girl clothes vintage kid styles;0
vintage baby girl outfits aesthetic;0
vintage baby girl nursery farmhouse;0
vintage baby girl names victorian;0
vintage baby girl decor;0
baby girl vintage aesthetic;0
baby girl vintage art;0
dad and baby girl vintage;0
vintage blue and pink baby girl nursery;0
baby girl vintage wall art;0
vintage baby girl nursery wall art;0
asian baby girl vintage;0
vintage baby girl nursery yellow and pink;0
vintage trouser and shirt for baby girl;0
vintage baby girl nursery pink and green;0
vintage baby girl nursery pink and gold;0
baby girl vintage bedroom;0
baby girl vintage ballerina nursery;0
baby girl vintage birthday;0
baby girl vintage background;0
baby girl vintage birthday cake;0
baby girl vintage bedding;0
baby girl vintage bow nursery;0
baby girl vintage cottage nursery;0
baby girl vintage christmas outfit;0
baby girl vintage clipart;0
baby girl vintage cards;0
baby girl vintage crib;0
baby girl vintage closet;0
baby girl vintage cartoon;0
baby girl vintage decor;0
baby girl vintage drawing;0
baby girl vintage duck nursery;0
baby girl vintage disney nursery;0
baby room design girl vintage;0
vintage baptism dress baby girl;0
vintage baby girl outfits dresses;0
vintage baby girl drawings;0
baby girl nursery vintage decor;0
vintage elegant baby girl nursery;0
vintage baby girl names e;0
vintage baby girl embroidery;0
elegant vintage baby girl names;0
baby girl nursery vintage eclectic;0
baby girl easter outfit vintage;0
baby girl vintage floral nursery;0
baby girl vintage frock;0
baby girl vintage first birthday;0
baby girl vintage fashion;0
vintage look for baby girl;0
vintage cake ideas for baby girl;0
vintage styles for baby girl;0
vintage farm baby girl nursery;0
vintage name for baby girl;0
baby girl vintage gallery wall;0
baby girl vintage gown;0
baby girl vintage goose nursery;0
baby girl vintage garden nursery;0
baby halloween costumes girl vintage;0
vintage baby girl hat;0
going home outfit for baby girl vintage;0
baby girl door hanger vintage;0
vintage baby girl hospital announcement;0
vintage baby girl hairstyles;0
vintage hairstyle for baby girl;0
vintage baby girl halloween costume;0
vintage hat for baby girl;0
vintage horse baby girl nursery;0
vintage baby girl hospital door hanger;0
baby girl vintage illustration;0
baby girl in vintage clothes;0
baby girl nursery room ideas vintage;0
vintage inspired baby girl;0
vintage baby girl shower ideas;0
vintage inspired baby girl nursery;0
baby girl outfit ideas vintage;0
baby girl quilt ideas vintage;0
japanese baby girl vintage;0
vintage baby girl jumpsuit;0
vintage baby girl names j;0
vintage baby girl jeans;0
vintage jumpsuit for baby girl;0
baby girl crochet blanket patterns free vintage knit crochet pattern shop;0
vintage baby girl names k;0
korean baby girl vintage;0
baby girl vintage look;0
vintage baby girl looks;0
vintage ralph lauren nursery baby girl;0
little baby girl vintage;0
vintage baby girl names list;0
vintage ralph lauren baby girl room;0
christening baby girl dress vintage lace;0
vintage baby girl logo;0
vintage looking baby girl nursery;0
baby girl vintage modern nursery;0
baby girl vintage mobile;0
baby girl nursery vintage minimal;0
vintage modern baby girl names;0
baby girl room vintage modern;0
vintage material gown styles for baby girl;0
baby girl style with vintage material;0
vintage baby girl first and middle names;0
vintage materials style for baby girl;0
vintage material for baby girl;0
moody vintage baby girl nursery;0
vintage baby girl nursery mood board;0
baby girl vintage nursery pink;0
baby girl vintage nursery decor;0
baby girl vintage nursery ideas;0
baby girl vintage nursery art;0
baby girl vintage nursery wallpaper;0
baby girl boho bedding;0
baby girl boho clothes;0
baby girl boho dress;0
baby girl boho romper;0
baby girl vintage romper;0
boho outfit baby girl;0
baby girl bunny costume;0
baby girl bunny nursery;0
baby girl bunny outfit;0
baby girl butterfly baby shower theme;0
baby girl butterfly clothes;0
baby girl butterfly costume;0
baby girl butterfly dress;0
baby girl butterfly halloween costumes;0
baby girl butterfly nursery;0
baby girl butterfly onesie;0
baby girl butterfly outfit;0
baby girl butterfly theme;0
baby girl butterfly wings;0
butterfly dress for baby girl;0
butterfly quotes for baby girl;0
butterfly theme for baby girl;0
baby bunny girl;0
baby deer costume girl;0
baby girl bunny clothes;0
baby girl bunny dress;0
baby girl bunny ears;0
baby girl deer clothes;0
baby girl deer costume;0
baby girl deer nursery;0
baby girl deer nursery decor;0
baby girl deer outfit;0
baby girl deer theme;0
baby girl easter bunny outfit;0
baby girl nursery bunny theme;0
baby girl unicorn costume;0
baby girl unicorn dress;0
baby girl unicorn nursery;0
bunny costume for baby girl;0
bunny outfit for baby girl;0
bunny romper baby girl;0
deer costume for baby girl;0
oh deer baby shower cake girl;0
unicorn baby girl nursery;0
unicorn costume for baby girl;0
baby girl vintage nursery theme;0
baby girl vintage nursery wall decor;0
baby girl vintage outfits winter;0
baby girl vintage overalls;0
baby girl vintage onesie;0
baby girl vintage outfits newborn;0
old vintage baby girl names;0
vintage baby girl outfits 90s;0
vintage baby outfit girl;0
baby girl vintage pink nursery;0
baby girl vintage princess nursery;0
baby girl vintage pink room;0
baby girl vintage poster;0
baby girl vintage pooh nursery;0
baby girl vintage prints;0
baby girl vintage pink;0
vintage baby girl photoshoots;0
vintage baby girl nursery purple;0
baby girl vintage quilt;0
quarto baby girl vintage;0
baby girl quilts vintage;0
farm girl vintage baby quilt;0
vintage baby girl quilt patterns;0
vintage inspired baby girl quilt;0
baby girl vintage room ideas;0
baby girl vintage room decor;0
vintage flower baby girl room;0
vintage western baby girl room;0
vintage style baby girl room;0
vintage baby girl nursery rug;0
vintage baby room girl pink;0
baby girl vintage style;0
baby girl vintage shower ideas;0
baby girl vintage scrapbook page ideas;0
baby girl vintage style nursery;0
baby girl vintage shirt;0
baby shower vintage girl cake;0
vintage baby girl scrapbook;0
baby girl vintage theme;0
baby girl vintage toys;0
vintage tops for baby girl;0
vintage baby girl tops;0
vintage baby girl first birthday theme;0
vintage winnie the pooh baby girl;0
vintage theme baby girl nursery;0
vintage unique baby girl names;0
unique baby girl names vintage nursery ideas;0
baby girl vintage vibes;0
baby girl vintage wallpaper;0
baby girl vintage western nursery;0
vintage western baby girl names;0
baby girl nursery wallpaper vintage;0
vintage baby girl nursery with white crib;0
vintage whimsical baby girl nursery;0
vintage birthday dress for 1 year baby girl;0
vintage y2k baby girl clothes;0
baby girl nursery yellow vintage;0
vintage 1995 baby girl white with pink flowers overalls;0
baby girl 1st birthday vintage theme;0
baby girl 1st birthday vintage;0
2 tier vintage cake for baby girl;0
vintage 2000s baby girl clothes;0
vintage baby girl clothes 70s;0
vintage baby clothes 90s girl;0
baby girl boho nursery;0
baby girl boho outfits;0
baby girl boho room;0
baby girl boho shower ideas;0
baby girl boho nursery room ideas;0
baby girl boho hospital door hanger;0
baby girl boho bedroom + home office;0
baby girl boho bedroom;0
baby girl boho baptism;0
baby girl boho braids;0
baby girl boho 1st birthday;0
baby girl nursery ideas boho;0
baby girl nursery room ideas boho wall art;0
1 year baby girl birthday decoration boho;0
baby shower decorations girl boho;0
cake pops baby shower girl boho;0
boho wildflower baby girl nursery;0
girl boho baby shower invitations;0
baby girl nursery sunflowers boho;0
baby girl boho nursery rug;0
baby girl boho art;0
boho balloon arch baby shower girl;0
boho baby girl announcement;0
boho baby girl aesthetic;0
baby girl boho nursery accent wall;0
boho baby shower for a girl;0
cute baby shower themes for a girl boho;0
boho baby girl pregnancy announcement;0
boho baby girl birth announcement;0
boho baby girl balloon arch;0
baby girl boho baby shower ideas;0
baby girl boho blankets;0
baby girl boho cookies;0
baby girl boho cake;0
baby girl boho crochet blanket;0
boho baby girl cupcakes;0
boho baby girl cake ideas;0
coastal boho baby shower girl;0
boho coming home outfit baby girl;0
baby girl boho diaper cake;0
baby girl boho door hanger;0
baby girl boho shower decor;0
baby girl room decor boho;0
baby girl boho nursery decor;0
baby girl nursery dark boho;0
baby girl nursery room ideas boho dream catchers;0
fall boho baby shower ideas girl diy;0
earthy boho baby girl nursery;0
baby girl boho floral nursery;0
baby nursery ideas for girl boho;0
baby girl first birthday boho rainbow theme;0
baby girl first birthday theme boho;0
boho room for baby girl;0
baby girl first birthday photoshooting boho;0
boho baby shower invites for girl;0
boho birthday party for baby girl;0
boho baby girl first birthday;0
baby girl first birthday boho rainbow;0
boho rainbow door hanger baby girl;0
hippie baby clothes girl boho style;0
boho baby girl bow holder;0
boho baby girl headbands;0
baby girl hairstyles boho;0
boho highland cow baby girl nursery;0
boho rainbow baby girl hospital door hanger;0
boho baby girl hair;0
baby shower ideas boho girl;0
boho baby girl nursery room ideas;0
baby room ideas girl boho;0
boho baby girl shower ideas pink;0
boho rainbow baby nursery ideas girl;0
lilac nursery baby girl boho;0
lavender nursery baby girl boho;0
boho baby girl names list;0
boho baby girl nursery pendant lights & chandeliers;0
baby girl nursery boho modern;0
baby girl nursery boho mauve;0
boho baby girl nursery mobile;0
boho baby mobile girl;0
baby girl nursery room ideas boho modern;0
baby girl nursery boho mustard;0
baby girl boho names;0
baby girl boho nursery ideas;0
baby girl boho nursery themes;0
baby girl boho nursery room;0
baby girl boho nursery green;0
boho baby girl onesies;0
baby girl one year birthday boho;0
cute boho baby girl outfits;0
baby girl nursery ocean boho;0
boho baby girl fall outfit;0
boho baby girl outfits winter;0
boho chic baby girl outfits;0
baby girl first birthday outfit boho;0
baby girl photoshooting boho;0
boho baby girl nursery pink;0
boho baby girl crochet patterns;0
boho birthday party baby girl;0
boho baby girl nursery wall painting;0
baby girl quilt patterns boho;0
boho baby girl painting;0
baby girl boho quilt;0
boho baby girl quilt ideas;0
baby girl quilts boho;0
quarto baby girl boho;0
baby girl boho room ideas;0
baby girl boho rainbow nursery;0
boho rainbow baby girl;0
boho western baby girl room;0
boho baby girl rooms;0
baby girl boho style;0
baby girl boho sunshine nursery;0
baby girl boho shower themes;0
baby girl boho theme;0
boho table centerpieces baby shower girl;0
unique boho baby girl names;0
baby girl nursery room ideas boho vintage;0
vintage boho baby girl nursery;0
vintage boho baby girl room;0
baby girl boho western nursery;0
welcome baby girl boho;0
boho western baby girl clothes;0
western boho baby shower cookies girl;0
boho western baby shower ideas girl;0
boho baby girl wreath;0
boho western baby shower cake girl;0
boho baby girl nursery wallpaper;0
baby girl nursery boho yellow;0
boho cookies baby girl 1st birthday;0
baby girl 1st birthday party themes boho;0
baby girl cottagecore outfits;0
baby girl cottagecore nursery;0
baby girl cottagecore dress;0
cottagecore baby girl quilt;0
cottagecore baby girl bedroom;0
cottagecore baby clothes girl;0
cottagecore baby room girl;0
cottagecore baby girl aesthetic;0
cottagecore girl baby names;0
baby girl nursery themes cottagecore;0
baby girl nursery cottagecore pink;0
cottagecore baby girl outfits;0
vintage cottagecore baby girl nursery;0
cottagecore baby girl outfit;0
baby girl butterfly cake;0
baby girl butterfly shower ideas;0
baby girl butterfly haircut;0
baby girl butterfly room;0
baby girl butterfly birthday party;0
baby girl butterfly cake ideas;0
baby girl butterfly frock;0
baby girl butterfly shower themes;0
baby girl first birthday butterfly theme dress;0
butterfly nursery baby girl ideas;0
cake butterfly baby girl;0
party favors for baby shower girl butterfly;0
pre birthday shoot baby girl butterfly;0
butterfly theme baby girl dress;0
butterfly baby girl card;0
butterfly sleeves baby girl;0
butterfly baby girl bedroom;0
baby girl onesies butterfly;0
baby girl butterfly art;0
butterfly baby shower ideas for a girl;0
baby girl and butterfly;0
baby shower girl butterfly and flowers;0
balloon arch baby shower girl butterfly;0
baby girl nursery butterfly and flowers;0
butterfly cake for a baby girl;0
butterfly nursery baby girl pink and purple;0
butterfly and flower nursery baby girl;0
baby girl announcement butterfly;0
butterfly costume for a baby girl;0
baby girl butterfly baby shower ideas;0
baby girl butterfly birthday;0
baby girl butterfly birthday theme;0
baby girl butterfly background;0
baby girl butterfly birthday cake;0
baby girl butterfly birthday dress;0
baby girl butterfly bedroom;0
baby girl butterfly bedroom ideas;0
baby girl butterfly cut;0
baby girl butterfly costume diy;0
baby girl butterfly clipart;0
baby girl butterfly clips;0
baby girl butterfly cake design;0
baby girl butterfly cake topper;0
baby girl butterfly cookies;0
baby girl butterfly decoration;0
baby girl butterfly design;0
baby girl butterfly mehndi design;0
butterfly diaper cake for baby girl diy;0
girl baby shower decorations butterfly;0
baby girl 1st birthday butterfly dress;0
1 year baby girl birthday decoration butterfly;0
baby girl mehndi designs butterfly;0
baby girl butterfly earrings;0
butterfly earrings for baby girl;0
butterfly embroidery baby girl;0
baby girl butterfly frame;0
baby girl butterfly first birthday;0
monthly milestone ideas for baby girl butterfly;0
blue butterfly cake for baby girl;0
baby girl butterfly hairstyle;0
baby girl butterfly hair cutting;0
baby girl hair with butterfly clips;0
baby girl hairstyles butterfly;0
baby girl hairstyles with butterfly clips;0
butterfly baby girl door hanger;0
butterfly cut short hair baby girl;0
baby girl door hanger for hospital butterfly;0
butterfly clips hairstyles baby girl;0
baby girl hairstyle with butterfly;0
baby shower butterfly ideas girl;0
baby girl first birthday butterfly theme ideas;0
baby room ideas girl butterfly;0
butterfly cake ideas for baby girl;0
butterfly baby shower invites for girl;0
baby girl photoshooting ideas butterfly;0
girl baby shower ideas decorations butterfly;0
butterfly themed baby shower ideas girl;0
baby girl butterfly quilt ideas;0
lavender butterfly nursery baby girl;0
lilac nursery baby girl butterfly;0
baby girl butterfly mehndi;0
baby girl butterfly makeup;0
monarch butterfly nursery baby girl;0
baby girl mehndi designs simple butterfly;0
butterfly nursery baby girl modern;0
mehendi for baby girl butterfly;0
baby girl names meaning butterfly;0
6 month baby girl butterfly;0
baby girl butterfly nursery room ideas;0
baby girl butterfly nursery themes;0
baby girl butterfly nursery ideas;0
purple butterfly baby girl nursery;0
butterfly nursery baby girl green purple;0
baby girl nursery decor butterfly;0
butterfly nursery baby girl blue;0
gold butterfly nursery baby girl;0
newborn baby girl butterfly;0
butterfly outfit for baby girl;0
butterfly cut on baby girl;0
butterfly theme outfit for baby girl;0
baby girl one year birthday butterfly theme;0
baby girl 1st birthday outfit butterfly;0
butterfly haircut on baby girl;0
baby girl first birthday outfit butterfly;0
baby girl butterfly print;0
baby girl butterfly party;0
baby girl butterfly painting;0
girl baby shower pink butterfly;0
butterfly print baby girl dress;0
pink butterfly cake for baby girl;0
baby girl butterfly quilt;0
baby girl butterfly quilt pattern;0
baby girl quilts butterfly;0
butterfly quotes baby girl;0
baby girl butterfly room ideas;0
baby girl room butterfly theme;0
red butterfly cake for baby girl;0
butterfly baby theme girl rooms;0
baby girl rooms butterfly;0
butterfly room for baby girl;0
baby girl room themes butterfly;0
baby girl nursery room ideas butterfly;0
baby girl nursery room ideas butterfly wall decor;0
baby girl nursery room ideas butterfly wall decor printable;0
baby girl nursery room butterfly;0
baby girl butterfly sticker;0
baby girl butterfly shoot;0
butterfly baby shower centerpieces girl;0
baby girl butterfly theme cake;0
baby girl butterfly theme birthday;0
baby girl butterfly theme room;0
baby girl butterfly tattoo;0
baby girl butterfly theme decoration;0
baby girl butterfly theme nursery;0
baby girl butterfly top;0
butterfly baby shower girl theme;0
vintage baby girl nursery butterfly;0
baby girl butterfly wallpaper;0
welcome baby girl cake butterfly;0
baby girl tattoo with butterfly;0
welcome baby girl butterfly theme;0
baby girl frock with butterfly;0
welcome baby girl butterfly decorations;0
baby girl with butterfly wings;0
welcome baby girl cake with butterfly;0
butterfly with baby girl;0
1 year baby girl birthday dress butterfly;0
yellow butterfly nursery baby girl;0
baby girl birthday cake 1 year butterfly;0
3 yrs baby girl birthday cake butterfly;0
butterfly cake for 1 year baby girl;0
1 year baby girl cake butterfly;0
birthday cakes for 3 year baby girl butterfly;0
birthday cake baby girl 2 year butterfly;0
1 month butterfly theme for baby girl;0
baby girl 1st birthday cake butterfly theme;0
baby girl 1st birthday party butterfly;0
baby girl 1st birthday theme butterfly;0
baby girl 1st birthday ideas decorations butterfly;0
birthday cake for baby girl 1st butterfly;0
baby girl 1st birthday cake butterfly;0
2 tier birthday cake for baby girl butterfly;0
2 tier butterfly cake for baby girl;0
baby girl 2nd birthday butterfly theme;0
birthday cake for baby girl 2nd butterfly;0
baby girl bunny first birthday;0
baby girl bunny themed nursery;0
baby girl bunny theme;0
baby girl bunny cake;0
baby girl bunny room;0
baby girl bunny names;0
baby girl bunny nursery themes;0
baby girl bunny clipart;0
baby girl pink bunny;0
baby girl nursery goose and bunny;0
welcome to the world baby girl bunny;0
baby bunny girl oc;0
birthday cake for baby girl bunny;0
baby bunny boy and girl;0
baby girl bunny aesthetic;0
baby girl bunny art;0
girl and baby bunny;0
baby girl bunny stuffed animal;0
baby girl nursery art bunny;0
baby shower ideas for a girl bunny;0
baby girl announcement bunny;0
baby girl bunny birthday;0
baby girl bunny birthday party;0
baby girl bunny bedroom;0
baby girl bunny birthday cake;0
baby girl bunny birthday theme;0
baby girl bunny cookies;0
baby girl bunny cupcakes;0
bunny theme cake for baby girl;0
baby shower girl bunny cake;0
baby shower cakes girl bunny;0
cute bunny baby girl;0
bunny cake for baby girl;0
baby girl bunny drawing;0
baby girl bunny decor;0
baby girl birthday decoration ideas bunny;0
bunny girl baby shower decor;0
baby shower bunny girl decoracion;0
bunny themed baby shower decor girl;0
bunny dresses for baby girl;0
bunny baby girl decoration;0
baby shower diaper cake for girl bunny;0
baby shower bunny theme girl decorations;0
easter bunny baby girl;0
baby girl embroidery bunny;0
baby neutral girl fuse bead bunny;0
baby shower cookies for girl bunny;0
bunny crochet for baby girl;0
bunny themed baby shower for girl;0
baby girl bunny hat;0
girl holding baby bunny;0
bunny halloween costume baby girl;0
baby girl halloween costumes bunny;0
baby girl bunny illustration;0
bunny theme baby shower ideas girl;0
bunny themed girl baby shower ideas;0
bunny baby shower invitation girl;0
baby girl bunny room ideas;0
baby girl 1st birthday cake ideas bunny;0
baby girl in bunny outfit;0
korean baby girl bunny;0
baby girl bunny lovey;0
looney tunes bunny girl baby;0
little bunny baby girl;0
una baby girl de los 90 bad bunny;0
baby girl bunny mobile;0
1 month cake baby girl bunny;0
baby girl bunny nursery ideas;0
baby girl nursery room bunny;0
vintage bunny baby girl nursery;0
newborn baby girl bunny;0
baby girl bunny onesie;0
baby girl outfits bunny;0
baby girl first birthday some bunny is one;0
cute baby girl bunny outfit;0
baby girl bunny print;0
baby girl bunny poster;0
baby girl 1st birthday party themes bunny;0
pink bunny baby girl room;0
baby girl 1st birthday party bunny;0
baby bunny girl pfp;0
bunny baby girl party;0
baby girl pink bunny nursery;0
cry baby powerpuff girl bunny blossom;0
baby girl bunny quilt;0
baby girl quilts bunny;0
bunny themed baby girl room;0
baby girl nursery room ideas bunny;0
baby girl room bunny theme;0
vintage bunny baby girl room;0
baby girl bunny shower theme;0
baby girl bunny shower ideas;0
baby shower themes girl bunny;0
baby girl bunny theme birthday;0
baby girl bunny toy;0
baby girl 1st birthday bunny theme;0
vintage bunny baby girl;0
baby girl bunny wallpaper;0
baby girl bunny watercolor;0
girl with baby bunny;0
welcome baby girl bunny;0
baby girl nursery bunny wallpaper;0
baby girl cake with bunny;0
baby girl with bunny teeth;0
cake for baby girl with bunny;0
welcome baby girl bunny cake;0
baby girl 1st birthday cake bunny;0
birthday cake for baby girl 1st bunny;0
baby girl 1st birthday bunny;0
baby girl deer shower ideas;0
baby girl deer themed nursery;0
baby girl deer cake;0
baby girl deer costume diy;0
baby girl deer face paint;0
baby girl deer room;0
baby girl deer door hanger;0
baby deer eyes girl;0
deer girl baby;0
baby deer halloween costume girl;0
oh deer baby girl is almost here;0
baby deer costume girl makeup;0
oh deer a baby girl is almost here cake;0
baby deer and girl;0
oh deer a baby girl is almost here banner;0
oh deer a baby girl is almost here cookies;0
girl holding a baby deer;0
newborn baby girl country deer antler;0
baby deer girl aesthetic;0
oh deer a baby girl is almost here decor;0
oh deer a sweet baby girl is almost here;0
oh deer baby shower girl balloon arch;0
baby girl deer baby shower ideas;0
baby girl deer crochet blanket;0
baby girl 1st birthday cake deer;0
oh deer baby girl shower cookies;0
oh deer baby shower girl cake ideas;0
baby girl first birthday deer;0
deer theme baby shower ideas for girl;0
deer cake for baby girl;0
diy deer costume for baby girl;0
baby girl first birthday deer theme;0
baby shower invites for girl deer;0
oh deer baby shower girl food;0
girl holding baby deer;0
baby halloween costumes girl deer;0
deer makeup baby girl;0
baby girl nursery deer theme;0
deer themed baby girl nursery;0
baby girl nursery with deer;0
deer baby girl nursery wall decals;0
boho deer baby girl nursery;0
baby girl nursery themes deer;0
baby girl nursery room ideas deer;0
baby deer girl pfp;0
baby girl 1st birthday party themes deer;0
baby deer birthday party girl;0
baby girl deer quilt;0
baby shower themes girl deer;0
oh deer baby shower girl dessert table;0
baby girl 1st birthday deer theme;0
deer themed baby shower girl decorations;0
welcome baby girl with deer;0
welcome baby girl deer;0
baby girl card with deer;0
baby deer with girl;0
baby girl unicorn cake;0
baby girl unicorn room ideas;0
baby girl unicorn birthday cake;0
baby girl unicorn halloween costume;0
baby girl unicorn birthday;0
baby girl unicorn theme;0
baby girl unicorn frock;0
baby girl unicorn birthday theme;0
baby girl unicorn room;0
baby girl and unicorn;0
simple unicorn cake for baby girl;0
unicorn dan baby girl;0
unicorn gown for baby girl;0
baby girl dresses unicorn;0
baby girl nursery unicorns;0
unicorn theme cake for baby girl;0
baby girl unicorn background;0
baby girl 1st birthday garden party;0
baby girl 1st birthday unicorn outfit;0
baby girl 1st birthday unicorn theme;0
baby girl first birthday unicorn theme;0
baby girl garden gnome costume;0
baby girl rainbow blanket;0
baby girl rainbow dress;0
baby girl rainbow nursery;0
rainbow dress for baby girl;0
rainbow frock for baby girl;0
unicorn birthday dress for baby girl;0
unicorn dress for 1 year baby girl;0
unicorn outfit baby girl;0
unicorn outfit for baby girl;0
baby girl rainbow outfit;0
baby girl teddy bear baby shower theme;0
baby girl teddy bear clipart;0
baby girl teddy bear nursery;0
baby girl teddy bear outfit;0
baby girl teddy bears;0
gender neutral kids shower curtain;0
rainbow baby girl quotes;0
rainbow baby onesie girl;0
teddy bear baby shower cake for girl;0
teddy bear baby shower ideas for girl;0
teddy bear dress for baby girl;0
teddy bear quotes for baby girl;0
baby room decor neutral;0
baby room themes gender neutral;0
baby shower ideas for neutral;0
neutral baby decorations;0
baby girl unicorn blanket;0
cake 3 year baby girl unicorn;0
birthday cake baby girl unicorn;0
baby girl cake design unicorn;0
birthday cake for baby girl 2nd unicorn;0
pink cake for baby girl unicorn;0
baby girl 1st birthday cake ideas unicorn;0
baby girl 1st birthday cake unicorn;0
baby girl wearing unicorn dress;0
diy unicorn costume baby girl;0
cake design for baby girl unicorn;0
baby girl room decorating ideas unicorn;0
baby girl room decor unicorn;0
unicorn dresses for baby girl;0
birthday decorations for baby girl unicorn;0
baby girl unicorn edible cake topper ethnic/black ballerina;0
unicorn birthday theme for baby girl;0
unicorn theme room for baby girl;0
baby girl first birthday unicorn;0
happy birthday baby girl unicorn;0
baby girl room ideas unicorn;0
baby girl nursery room ideas unicorn;0
baby girl birthday invitation card unicorn;0
baby girl birthday decoration ideas unicorn;0
baby girl in unicorn dress;0
baby girl first birthday unicorn theme ideas;0
baby girl birthday cake ideas unicorn;0
unicorn bedroom ideas for baby girl;0
baby girl cake ideas unicorn;0
baby girl mehndi design unicorn;0
baby girl nursery unicorn theme;0
baby girl 1st birthday party themes unicorn;0
baby girl 1st birthday party unicorn;0
baby girl room wallpaper unicorn;0
unicorn socks baby girl socks;0
baby girl unicorn theme cake;0
baby girl birthday unicorn theme;0
unicorn theme birthday cake for baby girl;0
baby unicorn with girl;0
welcome baby girl unicorn;0
1 year baby girl birthday unicorn;0
unicorn cake for 2 year baby girl;0
1 year baby girl birthday decoration unicorn theme;0
1 year baby girl birthday cake unicorn;0
birthday cake baby girl 5 year unicorn;0
1 year baby girl birthday dress unicorn;0
cake for baby girl 1 year unicorn;0
unicorn cake for 1 year baby girl;0
birthday cake baby girl 2 year unicorn;0
baby girl garden nursery;0
baby girl garden shoot;0
baby girl garden party;0
baby girl garden birthday party;0
baby girl garden nursery room ideas;0
baby girl garden room;0
baby girl garden outfit;0
baby girl gardening;0
baby girl garden theme nursery;0
baby girl garden birthday;0
baby girl garden toys;0
baby girl garden theme;0
flower garden nursery baby girl;0
garden birthday baby girl;0
garden party baby girl;0
garden theme baby girl;0
1 year baby girl birthday decoration garden;0
baby girl nursery garden theme;0
baby shower girl garden party;0
garden outfit for baby girl;0
baby girl garden aesthetic;0
baby girl photoshoots at garden;0
baby girl photoshooting at garden;0
baby girl in a garden;0
baby girl at garden;0
baby girl garden cake;0
garden cake for baby girl;0
cute baby girl in garden;0
garden theme cake for baby girl;0
baby girl garden dress;0
baby girl birthday decorations in garden;0
baby girl birthday decoration garden;0
baby girl shower decorations garden;0
baby girl birthday decor in garden;0
baby girl birthday decoration ideas in garden;0
baby girl birthday decoration ideas garden;0
enchanted garden baby girl nursery;0
enchanted garden baby shower girl;0
english garden nursery baby girl rooms;0
english garden baby shower theme girl;0
girl baby shower ideas enchanted garden;0
baby girl first birthday ideas garden;0
garden theme birthday for baby girl;0
baby girl first birthday garden theme;0
baby girl fairy garden nursery;0
fairy garden baby girl room;0
fairy garden theme baby shower ideas girl;0
girl baby shower garden ideas;0
birthday baby girl in garden;0
garden themed baby shower ideas girl;0
baby girl in garden;0
baby girl photoshooting ideas in garden;0
girl baby shower in garden;0
baby girl shoot in garden;0
baby girl in flower garden;0
baby girl photoshooting in garden;0
vintage garden baby girl nursery;0
baby girl nursery secret garden;0
butterfly garden nursery baby girl;0
baby girl nursery themes garden;0
baby girl nursery garden floral;0
baby girl garden party outfit;0
baby girl garden print;0
pre birthday shoot baby girl garden;0
birthday baby girl garden party;0
garden theme party for baby girl;0
baby girl photoshoots garden;0
garden theme party baby girl;0
garden party baby shower theme girl;0
garden themed baby girl room;0
baby girl room garden theme;0
baby girl garden shower ideas;0
girl baby shower garden theme;0
baby girl garden theme birthday;0
garden with baby girl;0
baby girl 1st birthday garden;0
baby girl 1st birthday garden theme;0
baby girl 1st birthday party themes garden;0
baby girl rainbow cake;0
baby girl rainbow room;0
baby girl rainbow pastel crochet dress;0
baby girl rainbow theme;0
baby girl rainbow frock;0
baby girl rainbow birthday cake;0
baby girl rainbow print;0
baby girl rainbow illustration;0
baby girl rainbow theme room;0
rainbow theme frock for baby girl;0
pink rainbow baby girl room;0
girl baby shower rainbow;0
baby girl rainbow dresses;0
names for rainbow baby girl;0
baby girl cake rainbow;0
rainbow birthday cake for baby girl;0
baby girl nursery room ideas rainbow;0
rainbow theme baby girl;0
baby girl crochet blanket rainbow;0
baby girl announcement rainbow;0
baby girl one year birthday them rainbow and sun;0
rainbow dress for a baby girl;0
rainbow baby girl pregnancy announcement;0
baby girl rainbow background;0
baby girl rainbow baby;0
baby girl rainbow bedroom;0
baby girl cake design rainbow;0
1 year baby girl birthday cake rainbow;0
baby girl chocolate rainbow;0
baby girl cake ideas rainbow;0
cake for baby girl rainbow;0
rainbow baby girl cookies;0
boho rainbow baby shower centerpieces girl;0
baby girl birthday decoration ideas rainbow;0
baby girl 1st birthday ideas decorations rainbow;0
baby girl room decor rainbow;0
baby shower decorations girl rainbow;0
1 year baby girl birthday dress rainbow;0
rainbow theme baby girl dress;0
1 year baby girl birthday decoration rainbow;0
baby girl first birthday outfit rainbow;0
macrame rainbow for baby girl;0
rainbow baby girl hospital;0
6 month baby cake half birthday girl rainbow;0
girl baby shower ideas boho rainbow;0
baby girl room ideas rainbow;0
baby girl bedroom ideas rainbow;0
monthly milestone ideas for baby girl rainbow;0
baby girl 1st birthday party themes candy land rainbow cakes;0
baby girl names that mean rainbow;0
macrame rainbow baby girl;0
baby girl names meaning rainbow;0
baby girl rainbow nursery room ideas;0
baby girl rainbow nursery ideas;0
baby girl pink rainbow nursery;0
baby girl nursery rainbow boho;0
baby girl nursery themes rainbow;0
baby girl newborn shoot rainbow;0
pastel rainbow baby girl nursery;0
cute baby girl newborn outfits rainbow;0
rainbow outfit for baby girl;0
boho rainbow outfit for baby girl;0
rainbow baby girl painting;0
rainbow themed birthday party baby girl;0
baby girl 1st birthday party rainbow;0
baby girl 1st birthday party themes rainbow;0
baby girl photoshooting rainbow;0
pink rainbow baby girl;0
baby girl rainbow quilt;0
baby girl rainbow room decor;0
baby girl rainbow shower ideas;0
baby girl rainbow sticker;0
baby girl stickers rainbow;0
baby girl 1st birthday rainbow theme;0
rainbow theme for baby girl;0
baby girl rainbow wallpaper;0
baby girl room rainbow wall;0
baby girl nursery rainbow wallpaper;0
baby girl welcome decoration rainbow;0
welcome baby girl rainbow;0
welcome baby girl decorations rainbow;0
welcome baby girl cake rainbow;0
baby girl rainbow 1st birthday;0
baby girl 1st birthday cake rainbow;0
baby girl 1st birthday cake ideas rainbow;0
baby girl teddy bear shower ideas;0
baby girl teddy bear shower ideas cake;0
baby girl teddy bear cake;0
baby girl teddy bear costume;0
baby girl teddy bear cookies;0
baby girl teddy bear quilts;0
baby girl teddy bear clothes;0
baby girl in teddy bear outfit;0
girl baby shower teddy bears;0
teddy bear baby girl outfit;0
baby girl teddy bear dress;0
teddy bear baby theme girl;0
baby girl teddy bear cake topper;0
welcome baby girl teddy bear;0
teddy bear theme cake for baby girl;0
baby girl teddy bear shower ideas backdrop;0
baby girl teddy bear aesthetic;0
baby girl hugging a teddy bear;0
baby girl holding a teddy bear;0
baby girl teddy bear clip art;0
baby girl with teddy bear aesthetic;0
baby girl with a teddy bear;0
teddy bear baby shower theme for a girl;0
teddy bear and baby girl;0
teddy bear for a baby girl;0
baby girl teddy bear background;0
baby girl teddy bear birthday;0
teddy bear cake for baby girl;0
teddy bear diaper cake baby girl;0
baby girl teddy bear drawing;0
baby girl teddy bear diaper cake;0
teddy bear baby shower dessert table girl;0
teddy bear girl baby shower theme decoration;0
dessert table ideas baby shower girl teddy bear;0
teddy bear baby shower girl decoration;0
girl baby shower decorations teddy bear;0
teddy bear baby shower table decor girl;0
teddy bear cake design for baby girl;0
baby girl with teddy bear drawing;0
baby girl teddy bear embroidery;0
teddy bear baby shower theme for girl;0
teddy bear baby shower theme girl party favors;0
baby shower invites for girl teddy bear;0
teddy bear cakes for baby shower girl;0
baby shower for girl teddy bear;0
teddy bear outfit for baby girl;0
teddy bear girl baby shower favors;0
baby girl hugging teddy bear;0
baby girl holding teddy bear;0
welcome home baby girl teddy bear;0
cute baby girl holding teddy bear;0
baby girl teddy bear illustration;0
teddy bear themed girl baby shower ideas;0
teddy bear girl baby shower ideas;0
teddy bear baby shower invitations girl blank;0
baby girl nursery room ideas teddy bear;0
teddy bear girl baby shower invitation;0
baby girl nursery themes teddy bear;0
baby girl nursery teddy bear theme;0
newborn baby girl teddy bear;0
baby girl outfits teddy bear;0
baby girl teddy bear printable;0
baby girl teddy bear png;0
teddy bear baby shower theme girl pink;0
pink teddy bear baby girl;0
teddy bear baby shower theme girl purple;0
baby girl playing with teddy bear;0
teddy bear cake pops baby shower girl;0
teddy bear baby girl quilt;0
teddy bear girl baby room;0
baby girl teddy bear sticker;0
baby shower themes teddy bear girl;0
girl teddy bear baby shower cookies;0
baby girl teddy bear theme;0
teddy bear with baby girl;0
welcome sign baby shower girl teddy bear;0
teddy bear wallpaper baby girl;0
baby girl with teddy bear illustration;0
cute baby girl with teddy bear;0
baby girl cake with teddy bear;0
baby girl 1st birthday teddy bear;0
baby girl 1st birthday cake teddy bear;0
baby girl 1st birthday teddy bear theme;0
gender neutral shower theme;0
gender neutral shower cake;0
gender neutral shower cookies;0
gender neutral shower decor;0
gender neutral shower curtain kids;0
gender neutral shower punch;0
gender neutral shower prizes;0
gender neutral shower tile;0
adventure awaits baby shower ideas gender neutral;0
aloha baby shower ideas gender neutral;0
black white and gold baby shower ideas gender neutral;0
gender neutral baby shower food ideas for allergies;0
gender neutral shower banner;0
gender neutral shower cupcakes;0
gender neutral shower colors;0
baby shower cupcake gender neutral;0
gender neutral shower dress;0
baby shower dessert gender neutral;0
gender neutral baby shower desert table;0
baby shower gender neutral decorations;0
baby in bloom shower ideas decorations gender neutral;0
funny gender neutral baby shower ideas;0
fall baby shower themes gender neutral;0
gender neutral shower games;0
gender neutral shower gift ideas;0
gender neutral shower invites;0
gender neutral baby shower ideas invitations;0
blue jean baby shower gender neutral;0
gender neutral baby shower ideas july;0
gender neutral bathroom for kids shower curtains;0
ralph lauren baby shower gender neutral;0
gender neutral baby shower ideas lamb;0
little peanut baby shower ideas gender neutral;0
mother goose baby shower ideas gender neutral;0
gender neutral shower outfit;0
gender neutral baby shower ideas outfit;0
baby shower gender neutral outfit;0
gender neutral baby shower ideas pastel;0
gender neutral prizes shower games;0
baby shower painted banner gender neutral;0
baby shower prize ideas gender neutral;0
gender neutral baby shower prize;0
baby shower game prizes gender neutral;0
pumpkin baby shower gender neutral;0
baby shower themes gender neutral spring;0
nautical-themed gender neutral baby shower ideas;0
shower unisex gender neutral;0
vintage winnie the pooh shower ideas gender neutral;0
baby shower themes gender neutral winter;0
gender neutral work baby shower ideas;0
western gender neutral baby shower ideas;0
neutral baby themes nursery;0
neutral baby themes shower ideas;0
baby boy nursery themes neutral;0
baby room themes neutral boho;0
spring baby shower themes neutral;0
baby shower ideas for girls themes neutral;0
baby boy shower ideas themes neutral;0
baby shower themes neutral animals;0
baby shower themes neutral fall autumn;0
august baby shower themes gender neutral;0
baby shower guest book alternatives for gender-neutral themes;0
april baby shower themes neutral;0
april baby shower themes gender neutral;0
gender-neutral autumn baby shower themes;0
gender-neutral baby shower themes and decorations;0
baby shower themes neutral august;0
cute baby shower themes gender neutral;0
spring baby shower themes neutral colors;0
baby shower themes neutral dress code;0
baby shower colour themes gender neutral;0
baby girl nursery room ideas themes color schemes gender neutral;0
cute baby shower tableware for neutral themes;0
baby shower color themes neutral;0
baby room neutral colors nursery themes;0
baby shower neutral themes color schemes;0
neutral colored baby shower themes;0
baby shower decorations for boys themes gender neutral;0
spring baby shower themes neutral decor;0
baby shower themes neutral december;0
gender neutral baby shower themes december;0
baby shower themes neutral ducks;0
baby boy nursery themes disney gender neutral;0
baby room decor neutral nursery themes;0
easy baby shower themes neutral;0
baby shower themes neutral elephant;0
ideas for neutral baby shower themes;0
neutral themes for baby room;0
fun gender neutral baby shower themes;0
neutral baby girl nursery themes;0
baby girl baby shower themes neutral;0
baby shower themes neutral green;0
baby sprinkle themes gender neutral;0
best gender neutral baby shower themes;0
baby shower ideas themes neutral;0
baby shower themes neutral winter invitations;0
rustic baby room themes neutral nursery ideas;0
baby in bloom shower gender-neutral themes;0
baby nursery ideas gender neutral themes;0
baby shower themes neutral fall invitations;0
baby shower themes neutral lemon;0
may baby shower themes neutral;0
neutral baby shower themes march;0
march baby shower themes gender neutral;0
may baby shower themes gender neutral;0
baby shower themes neutral outfits;0
gender neutral baby shower themes october;0
outdoor baby shower themes neutral;0
baby shower themes neutral october;0
baby shower themes neutral winnie the pooh;0
baby shower themes neutral purple;0
baby girl 1st birthday party themes neutral;0
baby q gender-neutral themes;0
baby reveal themes gender neutral;0
baby themes rooms neutral;0
baby room themes neutral bohemian;0
neutral baby room themes;0
gender-neutral baby room themes;0
winter baby shower themes neutral;0
unique baby shower themes neutral summer;0
unique baby shower themes neutral winter;0
unique baby shower themes neutral springtime;0
unisex baby shower themes ideas gender neutral;0
baby shower themes neutral white;0
gender neutral baby shower themes western;0
baby shower themes neutral western;0
baby boy 1st birthday themes neutral;0
neutral shower ideas bathroom;0
neutral shower ideas earth tones;0
neutral colors baby boy shower ideas;0
baby shower cakes ideas neutral;0
neutral spa like shower only bathroom ideas black accents;0
neutral baby shower ideas animals;0
taco bout a baby shower ideas neutral;0
neutral and blue baby shower ideas;0
afternoon tea baby shower ideas neutral;0
gender neutral coed baby shower ideas;0
christmas baby shower ideas gender neutral;0
gender neutral baby shower cupcake ideas;0
baby shower neutral decor ideas;0
baby shower deco ideas gender neutral;0
neutral baby shower dessert table ideas;0
baby in bloom shower ideas decorations neutral;0
easy neutral baby shower ideas;0
neutral shower floor tile ideas;0
neutral hexagon shower tile ideas;0
neutral herringbone shower tile ideas;0
neutral baby shower ideas hot air balloon;0
harry potter baby shower ideas neutral;0
honey bee baby shower ideas gender neutral;0
gender neutral jungle baby shower ideas;0
neutral baby shower ideas january;0
gender neutral baby shower ideas for june;0
neutral large tile shower ideas;0
little pumpkin baby shower ideas neutral;0
neutral large format shower tile ideas;0
neutral master shower ideas;0
neutral marble mosaic shower tile ideas;0
neutral baby shower ideas outfits;0
neutral bathroom ideas shower over bath;0
neutral baby shower ideas outdoor;0
october gender neutral baby shower ideas;0
gender-neutral baby shower onesie decorating ideas;0
stylish outfit ideas for neutral baby shower attendees;0
neutral pumpkin baby shower ideas;0
ideas para baby shower neutral;0
pumpkin themed baby shower ideas gender neutral;0
baby shower ideas gender neutral themed parties fall;0
winnie the pooh baby shower ideas neutral;0
gender neutral baby shower photography ideas;0
rustic neutral shower tile ideas;0
shower remodel ideas tile neutral;0
stand up shower ideas neutral;0
unisex baby shower ideas neutral;0
baby shower gift ideas unisex gender neutral;0
neutral vintage shower tile ideas;0
western neutral baby shower ideas;0
neutral white baby shower ideas;0
winter baby shower ideas neutral;0
baby shower ideas neutral colors winter;0
neutral baby party decor;0
neutral baby party ideas;0
baby party deko neutral;0
neutral baby reveal party;0
baby party torte neutral;0
baby gender reveal party decorations neutral;0
baby neutral birthday party;0
baby gender reveal party ideas neutral colors;0
gender neutral baby shower ideas gifts party favors;0
baby gender reveal party neutral;0
gender neutral baby party;0
baby party geschenke neutral;0
baby gender reveal party ideas neutral;0
baby party ideen neutral;0
baby party geschenk ideen neutral;0
baby party kuchen neutral;0
baby shower neutral party;0
gender-neutral baby room decor inspiration;0
neutral baby wall decor;0
fall neutral baby shower decor;0
neutral and pink baby shower decor;0
baby room decor neutral animal prints;0
sage green and neutral baby shower decor;0
neutral animal baby shower decor;0
sage and neutral baby shower decor;0
neutral and green baby shower decor;0
wall decor for neutral baby room;0
baby room decor ideas neutral;0
gender neutral baby shower balloon decor;0
gender neutral baby wall decor;0
neutral color baby shower decor;0
baby room ideas neutral creative wall decor;0
modern baby room neutral cozy nursery | nursery decor & design;0
neutral baby shower centerpieces decor;0
sims 4 cc gender-neutral baby room decor;0
neutral baby crib decor;0
decor for baby shower neutral;0
table decor for baby shower neutral;0
baby room decor for boys neutral;0
baby shower decor neutral gender;0
baby in bloom gender neutral decor;0
gender neutral baby shower decor simple;0
neutral baby gender reveal table decor;0
gender neutral baby room decor;0
neutral baby girl room decor;0
diy baby room decor gender neutral;0
baby room inspiration neutral nursery decor;0
baby boy room decor ideas themed nursery gender neutral;0
baby boy room decor ideas newborn neutral;0
baby in bloom table decor gender neutral;0
baby room decor neutral minimalist;0
neutral pink baby shower decor;0
neutral pumpkin baby shower decor;0
neutral winnie the pooh baby shower decor;0
baby boy room decor neutral;0
neutral tone baby shower decor;0
neutral themed baby shower decor;0
neutral baby welcome decor;0
baby nursery neutral wall decor;0
gender neutral baby welcome decor;0
gender neutral baby shower table decor with books;0
neutral baby room wall decor;0
neutral baby boy nursery wall decor;0
neutral winter baby shower decor;0
neutral baby theme ideas;0
neutral baby sprinkle theme;0
neutral baby room animal theme;0
baby animal nursery theme gender neutral;0
neutral baby shower theme for girl;0
baby sprinkle theme gender neutral;0
baby nursery ideas neutral theme;0
neutral baby room theme ideas;0
baby jungle theme nursery gender neutral;0
oh baby neutral theme;0
oh baby neutral theme gender reveal;0
neutral theme baby room;0
neutral baby room bear theme;0
baby room theme ideas neutral nurseries;0
baby room theme gender neutral;0
woodland baby room theme gender neutral;0
baby gender reveal neutral theme;0
baby nursery woodland theme gender neutral;0
boho neutral shower curtain;0
neutral boho bathroom shower curtain;0
baby shower cakes neutral boho;0
neutral boho baby shower ideas bohemian;0
neutral themed baby shower ideas boho;0
neutral boho baby shower cake ideas;0
neutral boho baby shower cookies;0
boho shower curtain neutral;0
ice cream baby shower decorations;0
ice cream baby shower invitations;0
neutral teddy bear baby shower cake;0
minimal baby shower decorations;0
woodland creatures baby shower ideas;0
forest animal baby shower ideas;0
forest animal baby shower invitations;0
woodland animal themed baby shower food;0
woodland theme party games;0
woodland themed birthday party girl;0
boho baby shower cake gender neutral;0
neutral boho baby shower cake;0
baby shower ideas neutral colors boho;0
baby shower cupcakes neutral boho;0
boho neutral baby shower decor;0
gender-neutral baby shower boho decor;0
boho gender neutral baby shower decor;0
boho baby shower invites gender neutral;0
baby shower themes gender neutral boho;0
neutral boho baby shower ideas girl;0
boho gender neutral baby shower cookies;0
neutral boho safari baby shower ideas;0
baby shower themes neutral boho;0
woodland baby shower cookies neutral;0
woodland themed baby shower ideas gender neutral;0
woodland-themed gender-neutral baby shower ideas;0
neutral teddy bear nursery;0
neutral teddy bear gender reveal;0
neutral teddy bear wallpaper;0
neutral teddy bear baby shower theme;0
neutral teddy bear cake;0
neutral teddy bear brown hair;0
neutral teddy bear nails;0
neutral teddy bear bronde;0
neutral teddy bear background;0
neutral teddy bear baby shower cookies;0
teddy bear cake neutral colors;0
neutral teddy bear birthday decor;0
teddy bear neutral nursery;0
teddy bear gender neutral cake;0
teddy bear neutral;0
neutral aesthetic teddy bear;0
neutral teddy bear aesthetic;0
neutral teddy bear birthday;0
neutral teddy bear cupcakes;0
neutral teddy bear clipart;0
teddy bear baby shower theme neutral cake;0
neutral baby shower cake teddy bear;0
neutral teddy bear gender reveal cake;0
teddy bear neutral colors;0
gender neutral teddy bear baby shower centerpieces;0
teddy bear themed baby shower ideas gender neutral;0
gender neutral teddy bear nursery;0
teddy bear gender neutral;0
teddy bear nursery theme gender neutral;0
teddy bear themed nursery gender neutral;0
neutral nursery ideas teddy bear;0
neutral teddy bear baby shower invitations;0
neutral baby room ideas teddy bear;0
neutral gender reveal ideas teddy bear;0
neutral teddy bear quilt;0
neutral baby quilt teddy bear;0
neutral teddy bear room;0
teddy bear neutral baby room;0
gender reveal neutral theme teddy bear;0
teddy bear baby shower theme neutral backdrop;0
neutral teddy bear themed nursery;0
neutral teddy bear theme;0
neutral vintage teddy bear nursery;0
teddy bear with balloons neutral;0
neutral safari baby shower ideas;0
gender neutral baby shower safari;0
neutral safari baby shower decor;0
neutral safari baby shower invitations;0
neutral safari baby shower cookies;0
baby shower themes neutral safari;0
safari baby shower boy centerpieces gender neutral;0
neutral safari baby shower cake;0
neutral animal baby shower ideas;0
animal themed baby shower gender neutral;0
animal gender neutral baby shower ideas;0
neutral rainbow baby shower cookies;0
gender-neutral rainbow baby shower decorations;0
neutral rainbow baby shower cake;0
baby shower cupcakes neutral rainbow;0
gender-neutral nature baby shower decorations;0
nature-themed gender neutral baby shower ideas;0
neutral baby nursery ideas animals;0
baby room neutral animals;0
neutral baby nursery animals;0
baby animals nursery gender neutral;0
neutral baby room ideas animals;0
neutral baby room with animals;0
gender neutral baby shower ideas animals;0
neutral baby stuffed animals;0
baby room ideas neutral animals nursery design;0
baby farm animals nursery gender neutral;0
cream baby shower dress;0
cream baby shower outfit;0
cream baby shower ideas;0
cream baby shower cake;0
cream baby shower decor;0
cream baby shower outfit guest;0
cream-baby-shower-dress;0
cream baby shower outfit men;0
cream baby shower theme;0
cream baby shower dress black women;0
cream baby shower nails;0
cream baby shower cupcakes;0
baby shower cream;0
cream tart baby shower cake;0
ice cream theme baby shower cake;0
baby shower cake in cream;0
baby shower decorations cream;0
cream colored baby shower outfits;0
cream base baby shower cake;0
ready to pop baby shower ideas ice cream;0
baby shower ice cream games;0
sprinkle ice cream baby shower ideas;0
cream and blue baby shower decor;0
green and cream baby shower decor;0
cream and gold baby shower cupcakes;0
pink brown and cream baby shower ideas;0
green and cream baby shower cake;0
brown and cream baby shower decorations;0
pink and cream baby shower cookies;0
blue and cream baby shower cake;0
cream and pink baby shower ideas;0
sage green and cream baby shower cake;0
cream baby shower balloons;0
cream baby shower background;0
cream baby shower backdrop;0
cream baby shower cookies;0
cream baby shower cake ideas;0
cream baby shower dress for mom;0
cream baby shower decorations;0
ice cream baby shower back drop;0
baby shower theme cake fresh cream;0
hand cream baby shower favor;0
baby shower outfits for guest cream;0
ice cream baby shower food;0
baby shower cake ideas fresh cream;0
baby shower outfits for dad cream;0
baby shower outfits for mom cream;0
ice cream theme baby shower favors;0
pink punch for baby shower recipe with ice cream;0
butter cream baby shower cakes boys buttercream frosting;0
cream outfit for baby shower guest;0
cream baby shower guest outfit;0
cream baby shower guest;0
ice cream baby shower theme girl;0
ice cream baby shower gifts;0
baby shower cakes girl butter cream;0
sage green and cream baby shower decor;0
baby shower favors hand cream;0
cream baby shower invitations;0
ice cream baby shower sign;0
baby shower ice cream station;0
sprinkled with love ice cream baby shower ideas;0
lavender and cream baby shower ideas;0
baby shower cake with less cream;0
men’s cream baby shower outfit;0
cream cheese baby shower mints;0
cream cheese mints baby shower recipes;0
cream maternity baby shower dress;0
mints for baby shower cream cheeses;0
pink and cream baby shower nails;0
baby shower decorations blue cream neutrals;0
baby shower cream cakes neutral;0
ice cream baby shower nails;0
brown and cream baby shower nails;0
torta baby shower niña butter cream;0
cream baby shower outfit winter;0
ice cream baby shower outfit;0
blue and cream baby shower outfit;0
cherry on top baby shower ice cream bar;0
baby shower ice cream party;0
peach and cream baby shower ideas;0
baby shower punch with ice cream;0
pink cream and gold baby shower ideas;0
pink and cream baby shower backdrop;0
peaches and cream baby shower theme;0
pink and cream baby shower cake;0
rose gold and cream baby shower ideas;0
blue punch recipes for baby shower boys vanilla ice cream;0
red and cream baby shower ideas;0
cream baby shower table decor;0
cream baby shower table;0
ice cream theme baby shower invitations;0
ice cream baby shower theme twins;0
ice cream social baby shower theme;0
i’ve cream baby shower ideas;0
baby shower cake designs whipped cream;0
baby shower cake with cream;0
baby shower cake whipped cream;0
baby shower white and cream;0
baby shower cake whip cream;0
white and cream baby shower theme;0
cream white baby shower cake;0
baby shower cake whipping cream;0
baby shower themes with ice cream;0
baby shower yellow cream;0
yellow and cream baby shower ideas;0
yellow and cream baby shower decor;0
red and beige bridal shower theme;0
beige and white bridal shower theme;0
baby shower cake beige theme;0
brown beige bridal shower theme;0
pink and beige baby shower theme;0
beige themed baby shower ideas;0
bridal shower beige themes;0
teddy bear baby shower theme beige;0
beige and white baby shower theme;0
baby shower blue and beige theme;0
black and beige bridal shower theme;0
baby shower green and beige theme;0
cielito lindo baby shower theme beige;0
dior baby shower theme beige;0
baby shower green white beige theme;0
baby shower girl theme beige;0
green beige baby shower theme;0
beige theme baby shower outfits;0
sea you soon baby shower theme beige;0
sage green theme bridal shower ideas;0
bridal shower themes sage green;0
sage green themed baby shower ideas;0
sage green theme baby shower cake;0
sage baby shower themes;0
baby shower themes sage green;0
dusty rose and sage green bridal shower theme;0
blue and sage baby shower theme;0
sage green and pink baby shower theme;0
sage green and blue baby shower theme;0
sage green and pink bridal shower theme;0
sage green and gold baby shower theme;0
she’s tying the knot bridal shower theme sage green;0
we can bearly wait baby shower theme with sage green;0
her next chapter bridal shower theme sage green;0
we can bearly wait baby shower theme boy sage green;0
we can bearly wait baby shower theme sage green;0
we can bearly wait baby shower theme sage;0
cielito lindo baby shower theme sage green;0
cowboy baby shower theme sage green;0
sage theme baby shower cake;0
cielito lindo baby shower theme sage;0
dusty rose and sage green baby shower theme;0
fresh off the market bridal shower theme sage;0
fresh off the market bridal shower theme sage green;0
baby in bloom baby shower theme sage green;0
sage theme baby shower ideas;0
olive sage baby shower theme;0
sage and pink baby shower theme;0
bridal shower theme with sage green;0
sage woodland baby shower theme;0
woodland baby shower theme sage green;0
sage green wedding shower theme;0
minimal baby shower ideas;0
minimal baby shower decor;0
minimal baby shower mehendi designs;0
minimal baby shower decor indian;0
minimal baby shower mehndi;0
minimal baby shower cake;0
minimal baby shower decor ideas;0
minimal baby shower backdrop;0
minimal baby shower table decor;0
minimal baby shower ideas indian;0
minimal baby shower ideas modern;0
minimal baby shower decor girl;0
mehendi for baby shower minimal;0
minimal baby shower jwellery;0
minimal baby shower look indian;0
baby shower decorations indian minimal;0
baby shower cake minimal;0
baby shower invitation minimal;0
minimal baby shower ideas summer;0
baby shower minimal outfit;0
baby boy shower minimal;0
minimal baby girl shower decor;0
minimal baby shower at home;0
minimal baby shower aesthetic;0
minimal baby shower activities;0
minimal baby shower arch;0
baby shower minimal decoration at home;0
minimal baby shower decor at home;0
minimal baby shower ideas at home;0
minimal baby shower decorations at home;0
minimal baby shower balloons;0
minimal baby shower boy;0
minimal baby shower background;0
minimal baby shower brunch;0
minimal baby shower centerpiece;0
minimal baby shower cake ideas;0
minimal baby shower cake boy;0
minimal baby shower cake girl;0
minimal baby shower cupcakes;0
minimal baby shower cookies;0
baby shower minimal cakes;0
baby shower cake designs minimal;0
baby shower card minimal;0
baby shower centerpieces minimal;0
minimal pink baby shower cake;0
minimal baby shower decoration;0
minimal baby shower decor outdoor;0
minimal baby shower decor boy;0
minimal baby shower decoration ideas;0
minimal baby shower design;0
minimal baby shower decoration at home;0
minimal baby shower flowers;0
minimal baby shower food;0
minimal baby shower for boy;0
minimal baby shower favors;0
surprise baby shower minimal for my sister;0
minimal mehndi design for baby shower function;0
baby shower fikirleri minimal;0
minimal fall baby shower decor;0
minimal baby shower girl;0
minimal baby shower games;0
minimal baby shower gifts;0
baby shower cake girl minimal;0
girl baby shower ideas minimal;0
baby shower guest outfit minimal;0
baby shower decorations girl minimal;0
baby shower themes girl minimal;0
minimal baby shower henna;0
baby shower back hand minimal mehendi;0
baby shower home decor minimal;0
minimal baby shower invitations;0
minimal baby shower invite;0
minimal baby shower ideas girl;0
minimal baby shower ideas boy;0
minimal baby shower ideas pink;0
minimal baby shower ideas outdoor;0
minimal baby shower jewellery;0
minimal baby shower look;0
baby shower mehendi designs latest minimal;0
baby shower minimal leg design;0
latest baby shower mehndi designs minimal;0
minimal baby shower makeup;0
minimal baby shower nails;0
baby shower niña minimal;0
minimal neutral baby shower ideas;0
minimal baby shower outfit;0
outdoor baby shower minimal;0
minimal baby shower photo backdrop;0
minimal baby shower poster;0
minimal baby shower park;0
minimal pink baby shower decor;0
pink baby shower minimal;0
minimal baby shower sign;0
minimal baby shower stage decor;0
minimal baby shower theme;0
minimal baby shower table;0
minimal baby shower table setting;0
minimal baby shower table set up;0
minimal baby shower dessert table;0
boy baby shower themes minimal;0
baby shower mehndi designs mom to be minimal;0
teddy bear baby shower theme minimal;0
baby shower themes minimal;0
minimal baby shower set up;0
minimal baby shower welcome sign;0
woodland shower theme food;0
woodland shower theme cookies;0
woodland shower themes;0
woodland shower theme girl;0
woodland themed baby shower treats;0
woodland baby shower theme dessert table;0
woodland shower ideas for boys;0
woodland baby shower fruit ideas;0
woodland creatures baby shower ideas centerpieces;0
woodland creatures baby shower dessert ideas;0
adventure awaits woodland baby shower ideas;0
autumn woodland baby shower ideas;0
baby woodland animals baby shower ideas;0
woodland creatures baby shower ideas winter;0
woodland baby shower craft ideas;0
woodland creatures baby shower food ideas;0
woodland creatures baby shower ideas decoration ideas;0
woodland baby shower charcuterie board ideas;0
woodland baby shower dessert table ideas;0
woodland shower drink ideas;0
winter woodland baby shower ideas decorations;0
woodland theme baby shower decor ideas;0
woodland theme baby shower drink ideas;0
woodland-themed fall baby shower ideas;0
baby shower ideas for boys woodland;0
woodland fairy bridal shower ideas;0
baby shower gift wrapping ideas woodland;0
green woodland baby shower ideas;0
woodland baby shower trail mix ideas;0
mushroom woodland baby shower ideas;0
magical woodland baby shower ideas;0
outdoor woodland baby shower ideas;0
woodland baby shower prize ideas;0
pink woodland baby shower ideas;0
pink winter woodland baby shower ideas;0
woodland baby shower party ideas;0
woodland baby shower party favor ideas;0
tea party baby shower ideas woodland fairy;0
woodland baby shower center piece ideas;0
woodland themed bridal shower ideas;0
winter woodland themed baby shower ideas;0
baby shower themes woodland creatures;0
woodland baby shower themes;0
baby boy nursery themes woodland;0
baby shower themes woodland animals;0
baby shower ideas themes woodland;0
baby boy nursery themes woodland color schemes;0
baby boy nursery themes woodland animals;0
baby shower ideas for boys themes woodland animals forest friends;0
baby shower cakes for boys woodland animal themes;0
woodland themes baby shower cake;0
baby girl nursery themes woodland creatures;0
baby boy nursery themes woodland deer;0
baby shower themes for boys woodland;0
baby room ideas for girls themes woodland nursery;0
baby room ideas woodland forest themes;0
woodland themes baby shower food;0
baby girl nursery themes boho woodland;0
boy baby shower ideas themes woodland;0
baby room themes woodland;0
baby boy nursery room ideas themes woodland animals;0
woodland animals shower theme;0
woodland animals shower ideas;0
woodland animals shower cake;0
woodland animals baby shower theme centerpieces;0
baby shower woodland animals decor;0
woodland animal themed christmas tree;0
woodland animal theme preschool;0
woodland animal theme cookies;0
woodland animal theme cupcakes;0
woodland animal theme treats;0
woodland animal nursery theme girl;0
woodland animal theme snacks;0
nursery woodland animal theme;0
woodland animal christmas theme;0
woodland animal themed desserts;0
woodland animal theme birthday;0
woodland animal theme backdrop;0
woodland animal theme bedroom;0
woodland animal theme baby shower ideas;0
woodland animal theme birthday party;0
woodland animal theme baby room;0
woodland animal theme balloon arch;0
woodland animal theme baby shower food;0
woodland animal theme christmas tree;0
woodland theme animal crossing;0
woodland animal classroom theme forest friends;0
woodland animal theme daycare;0
woodland animal theme food;0
woodland animal theme food ideas;0
woodland nursery boy forest theme animal babies;0
woodland animal theme party food;0
woodland animal theme nursery boy;0
woodland animal theme nails;0
woodland animal nursery theme neutral;0
woodland animal birthday party theme;0
woodland animal theme room;0
woodland animal theme toddler room;0
baby woodland animal baby shower theme;0
woodland animal baby shower theme boy;0
winter woodland animal baby shower theme;0
woodland animal theme 1st birthday;0
woodland party theme food;0
woodland party theme 1st birthdays;0
woodland party theme outfit;0
woodland party themes;0
woodland party theme cake;0
boys first birthday party ideas themes woodland animals;0
whimsical woodland party theme;0
woodland theme engagement party;0
woodland theme party favor;0
woodland theme party backdrop;0
woodland themed kids party;0
woodland animals theme birthday party;0
woodland theme adult party;0
woodland theme adult birthday party;0
woodland theme birthday party activities;0
girls woodland theme birthday party;0
woodland theme birthday party favors;0
woodland theme baby party;0
woodland party theme enchanted forest fairy birthday;0
woodland christmas theme party;0
woodland creatures party theme;0
woodland creature theme party;0
woodland theme birthday party cake;0
forest theme cupcakes woodland party;0
forest theme cookies woodland party;0
woodland theme decorations party ideas;0
woodland birthday theme decoration forest party;0
woodland theme birthday party decor;0
woodland fairy party decorations forest theme;0
woodland theme birthday party decor ideas;0
woodland theme birthday party dress;0
enchanted forest theme decorations ideas woodland party;0
woodland theme dinner party;0
enchanted woodland theme party;0
woodland theme party foods;0
woodland theme birthday party for girl;0
woodland theme birthday party games;0
2nd birthday party for girl theme ideas woodland fairy;0
girls 1st birthday party ideas theme woodland fairy;0
woodland garden party theme;0
woodland theme birthday party girl;0
woodland theme graduation party;0
woodland theme party invitation;0
woodland theme birthday party invitation;0
food ideas for woodland theme party;0
woodland theme birthday party for kids;0
woodland theme kids party;0
mushroom woodland theme party;0
magical woodland party theme;0
woodland theme retirement party;0
woodland theme birthday party snacks;0
forest theme snacks woodland party;0
woods baby shower theme woodland party;0
woodland theme party snacks;0
woodland tea party baby shower theme;0
1st birthday boy themes woodland party 1 year;0
woodland theme 2nd birthday party;0
forest themed baby shower for boys;0
forest theme baby shower balloon arch;0
forest adventure baby shower theme;0
forest animal shower theme;0
forest animal theme baby shower ideas;0
baby shower theme forest animals;0
enchanted forest theme baby shower centerpieces;0
forest theme baby shower cake ideas;0
enchanted forest baby shower theme girl cupcakes;0
forest theme baby shower cookies;0
baby shower forest theme cake;0
winter forest baby shower theme centerpieces;0
forest theme baby shower cupcakes;0
enchanted forest baby shower theme cookies;0
enchanted forest baby shower theme girl cookies;0
enchanted forest baby shower theme decorations;0
forest theme baby shower desserts;0
winter forest baby shower theme decorations;0
forest theme baby shower dress;0
forest baby shower theme decor;0
woodland baby shower theme forest friends dessert tables;0
enchanted forest girl baby shower theme;0
enchanted forest baby shower theme girl invitations;0
enchanted forest shower theme;0
shower forest theme;0
forest theme baby shower games;0
forest girl baby shower theme;0
baby shower forest green theme;0
baby shower invite forest theme;0
forest theme baby shower ideas for boys;0
forest theme baby shower invitations;0
forest theme baby shower invites;0
forest theme bridal shower ideas;0
baby shower food ideas forest theme;0
baby shower forest theme ideas;0
forest theme baby shower nails;0
forest theme baby shower party favor;0
baby shower party favors forest theme;0
enchanted forest baby shower theme girl purple;0
rain forest theme baby shower ideas;0
forest woodland baby shower theme;0
forest themes baby room;0
forest baby shower themes;0
baby shower ideas themes forest;0
baby boy nursery themes forest;0
baby shower themes girl forest;0
baby shower themes forest animals;0
baby girl nursery themes enchanted forest decorating ideas;0
baby girl nursery themes enchanted forest fairy tales;0
baby room themes for girls enchanted forest fairy bedroom;0
baby boy shower ideas themes forest;0
forest animal baby shower girl;0
forest animal baby shower banner;0
forest animal baby shower centerpieces;0
forest animal themed baby shower cake;0
forest animal baby shower food;0
forest animal baby shower favors;0
forest animal baby shower cupcakes;0
forest animal baby shower cookies;0
forest animal baby shower decorations;0
forest animal baby shower table decor;0
forest animal baby shower ideas decoration;0
forest animal baby shower games;0
baby forest animal baby shower theme girl;0
forest animal baby shower ideas girl;0
forest animal baby shower ideas free printable;0
forest animal baby shower food ideas;0
rustic woodland baby shower decorations;0
woodland deer baby shower decorations;0
apple baby shower invitations;0
apple of my eye baby shower theme;0
baby shower playlist apple music;0
candy apple baby shower favors;0
woodland forest animal baby shower ideas;0
forest animal baby shower invite;0
forest animal themed baby shower ideas;0
forest animal themed birthday party;0
forest animal theme cake;0
forest animal theme christmas tree;0
forest animal themed food;0
forest animal theme preschool activities;0
forest animal theme party;0
forest animal theme birthday cake;0
forest animal theme background;0
animal forest theme;0
forest animal themed preschool activities;0
animal crossing forest themes;0
forest theme animal crossing villagers;0
forest animal themed activities for toddlers;0
forest animal crossing theme;0
forest animal theme preschool crafts;0
forest animal themed cupcakes;0
forest animal theme toddler room;0
forest animal theme activities;0
baby room forest animal theme;0
kids bedroom forest animal theme;0
forest animal theme classroom;0
forest animal theme birthday party;0
forest animal theme bedroom;0
forest animal theme birthday;0
forest animal theme baby room;0
baby forest animal nursery theme;0
forest animal baby theme;0
forest animal theme cupcakes;0
animal crossing new horizon forest theme;0
enchanted forest theme animal crossing;0
forest theme animal crossing entrance;0
forest animal theme food;0
forest animal theme outfit;0
forest animal theme tattoo;0
forest animal theme toddler activities;0
forest animal theme toddlers;0
forest animal theme wallpaper;0
forest animal wedding theme;0
2nd birthday forest animal theme;0
woodland boy shower ideas;0
woodland baby shower for a boy;0
woodland animals boy baby shower theme;0
woodland theme baby shower boy cupcakes;0
woodland creature baby shower ideas boy;0
woodland baby shower theme boy color schemes;0
woodland themed baby shower boy cake;0
woodland baby shower theme boy decoration;0
woodland boy baby shower decorations;0
woodland baby shower theme boy table decorations;0
woodland boy baby shower food;0
baby shower nails boy woodland;0
woodland deer baby shower cake;0
woodland deer baby shower cookies;0
woodland bear themed baby shower ideas;0
woodland bear baby shower ideas;0
woodland bear baby shower cookies;0
woodland teddy bear baby shower theme;0
woodland bear baby shower theme;0
woodland bear baby shower decor;0
woodland bear baby shower cake;0
mushroom woodland baby shower cookies;0
woodland mushroom baby shower cake;0
mushroom baby shower ideas;0
mushroom baby shower cookies;0
mushroom baby shower cake;0
mushroom baby shower ideas decorations;0
mushroom baby shower decor;0
mushroom baby shower food;0
mushroom baby shower centerpieces;0
mushroom baby shower invitation;0
mushroom baby shower invite;0
mushroom baby shower banner;0
baby shower welcome sign mushroom;0
baby shower mushroom decorations;0
boho mushroom baby shower ideas;0
mushroom and frog baby shower tables;0
frog and mushroom baby shower ideas;0
mushroom baby shower balloon arch;0
mushroom baby shower backdrop;0
mushroom baby shower balloons;0
mushroom baby shower boy;0
mushroom baby shower cupcakes;0
mushroom baby shower cookies decorated;0
mushroom baby shower cake ideas;0
mushroom baby shower cake pops;0
mushroom baby shower sheet cake;0
mushroom themed baby shower cake;0
mushroom baby shower decorations;0
mushroom baby shower desserts;0
mushroom baby shower diaper cake;0
mushroom baby shower dress;0
mushroom baby shower diy;0
mushroom baby shower drinks;0
mushroom baby shower back drop;0
mushroom baby shower favors;0
mushroom baby shower food ideas;0
fall mushroom baby shower ideas;0
mushroom themed baby shower for girl;0
mushroom baby shower games;0
mushroom baby shower girl;0
mushroom baby shower gift ideas;0
mushroom baby shower gifts;0
baby shower gift mushroom;0
girl mushroom baby shower ideas;0
baby shower themes girl mushroom;0
mushroom themed baby shower gifts;0
mushroom baby shower ideas girl;0
mushroom baby shower ideas food;0
mushroom baby shower ideas boy;0
mushroom baby shower ideas pink;0
mushroom baby shower nails;0
gender neutral baby shower ideas mushroom;0
neutral mushroom baby shower ideas;0
mushroom baby shower outfit;0
mushroom baby shower painted banner;0
mushroom baby shower sign;0
mushroom baby shower snacks;0
mushroom baby shower sugar cookies;0
mushroom baby shower table decor;0
mushroom baby shower treats;0
mushroom baby shower table;0
mushroom baby shower welcome sign;0
woodsy mushroom baby shower ideas;0
mushroom theme baby room;0
baby mushroom theme;0
mushroom themed baby birthday;0
mushroom theme baby photoshoot;0
baby girl nursery mushroom theme;0
mushroom theme cake for baby girl;0
baby girl mushroom theme;0
baby nursery mushroom theme;0
mushroom theme baby party;0
floral woodland baby shower ideas;0
woodland baby shower floral centerpieces;0
woodland floral baby shower cake;0
woodland baby shower floral arrangements;0
woodland floral baby shower theme;0
food ideas for a brunch baby shower for a floral woodland theme;0
woodland cottage baby shower theme;0
rustic woodland baby shower centerpiece;0
rustic woodland baby shower favors;0
rustic woodland baby shower food recipes;0
rustic woodland baby shower food;0
little cutie shower ideas;0
little cutie shower favors;0
little cutie shower table decor;0
little cutie shower food;0
little cutie shower cake;0
little cutie shower flowers;0
little cutie shower cookies;0
little cutie shower decor;0
little cutie shower theme;0
little cutie shower decorations;0
little cutie shower invite;0
little cutie shower desserts;0
a little cutie shower theme;0
a little cutie shower favors;0
a little cutie shower cake;0
a little cutie shower decor;0
a little cutie baby shower gift table;0
a little cutie baby shower theme dessert table;0
little cutie baby shower ideas flowers;0
little cutie baby shower party favor;0
little cutie pie baby shower favors;0
little cutie pie baby shower food;0
a little cutie pie baby shower fall;0
baby shower games little cutie;0
little cutie baby shower game;0
a little cutie is on the way baby shower games;0
a little cutie baby shower games;0
baby shower themes girl little cutie;0
little cutie baby shower ideas games;0
little cutie baby shower ideas cupcakes;0
baby shower nails little cutie;0
a little cutie baby shower nails;0
little cutie on the way baby shower decorations;0
a little cutie is on the way baby shower invites;0
little cutie baby shower center piece;0
little cutie pie shower ideas;0
cutie pie shower theme;0
cutie pie shower ideas;0
cutie pie shower decor;0
cutie pie shower favors;0
cutie pie shower cookies;0
cutie pie shower games;0
cutie pie shower invite;0
cutie pie shower decorations;0
cutie pie baby shower food;0
cutie pie themed baby shower ideas girl;0
lil cutie pie baby shower theme;0
cutie pie baby shower gift;0
cutie pie baby shower thank you gift;0
a cutie pie baby shower ideas;0
cutie pie baby shower tables;0
cutie pie baby showers;0
a cutie pie is on the way baby shower decor;0
a cutie pie is on the way baby shower ideas;0
baby shower a cutie pie is on the way;0
a little cutie pie baby shower favors;0
a cutie pie baby shower theme;0
a cutie pie baby shower decor;0
a little cutie pie baby shower theme banner;0
fall baby shower ideas cutie pie;0
cutie pie baby shower red;0
cutie pie baby shower cookies decorated;0
cutie pie themed baby shower decorations;0
cutie pie baby shower theme decorations;0
cutie pie baby shower theme diy;0
cutie pie baby shower theme decor;0
cutie pie baby shower theme table decor;0
baby shower cutie pie decor;0
cutie pie baby shower fall;0
cutie pie themed baby shower favors;0
cutie pie baby shower theme party favors;0
cutie pie baby shower flowers;0
cutie pie fall baby shower cookies;0
cutie pie baby shower ideas girl;0
baby shower games cutie pie;0
cutie pie baby girl shower theme;0
a little cutie pie baby shower theme girl;0
cutie pie baby shower theme fall girl;0
cutie pie baby shower game;0
cutie pie baby shower theme games;0
a little cutie pie baby shower games;0
cutie pie themed baby shower ideas;0
little cutie pie baby shower invite;0
little cutie pie baby shower ideas boy;0
november baby shower cutie pie;0
cutie pie baby shower nails;0
cutie pie baby shower outfit;0
cutie pie on the way baby shower theme;0
cutie pie is on the way baby shower theme;0
a little cutie pie is on the way baby shower ideas;0
a little cutie pie is on the way baby shower cookies;0
a cutie pie is on the way baby shower cake;0
cutie pie baby shower theme orange;0
cutie pie baby shower royal icing;0
baby shower welcome sign cutie pie;0
a cutie pie is on the way baby shower invite;0
cutie pie baby shower thank you;0
cutie pie themed first birthday;0
cutie pie theme cake;0
cutie pie themed birthday party;0
cutie pie theme cookies;0
cutie pie themed birthday;0
cutie pie theme party;0
cutie pie themed baby shower cake;0
cutie pie theme decor;0
one cutie pie birthday theme girl;0
cutie pie birthday party theme;0
a cutie pie is on the way theme;0
cutie pie baby shower theme balloon arch;0
a little cutie pie is baking baby shower theme;0
a little cutie pie baby shower theme boy;0
a little cutie pie baby shower theme food;0
a little cutie pie baby shower theme fall;0
a little cutie pie theme;0
a little cutie pie is on the way baby shower theme;0
cutie pie theme birthday;0
cutie pie baby sprinkle theme;0
cutie pie baby shower theme diaper cake;0
cutie pie baby shower theme dress;0
cutie pie baby shower theme dessert table;0
cutie pie birthday party theme decor;0
cutie pie theme favors;0
cutie pie birthday party theme food;0
cutie pie birthday party theme fall;0
cutie pie first birthday party theme;0
cutie pie baby shower theme fall;0
cutie pie baby shower theme favors;0
cutie pie gender reveal theme;0
cutie pie birthday party theme girl;0
cutie pie baby shower theme green;0
cutie pie baby shower theme for girl;0
cutie pie is turning one theme;0
cutie pie baby shower theme invite;0
cutie pie baby shower theme ideas;0
cutie pie baby shower theme invitations;0
little cutie pie baby shower theme;0
our little cutie pie birthday theme;0
one cutie pie theme;0
one cutie pie theme party;0
one cutie pie birthday theme pink;0
one cutie pie birthday theme boy;0
1st birthday cutie pie theme;0
apple pie shower routine;0
apple pie themed outfit;0
apple pie themed nails;0
apple pie theme party;0
apple pie theme cake;0
apple pie themed clothes;0
apple pie themed desserts;0
apple pie themed oc;0
apple pie themed gift;0
apple pie themed gift basket;0
apple pie themed wallpaper;0
apple pie themed dress;0
apple pie themed character;0
apple pie themed outfits;0
apple pie themed background;0
apple pie bullet journal theme;0
apple pie themed party;0
apple pie birthday theme;0
fall themed apple pie;0
apple pie phone theme;0
apple pie unfiltered theme;0
apple pie theme nails;0
apple baby shower theme;0
apple baby shower ideas;0
apple baby shower cake;0
apple baby shower cookies;0
apple baby shower decor;0
apple baby shower theme decor;0
apple baby shower favors;0
apple baby shower centerpieces;0
apple baby shower food;0
apple baby shower banner;0
apple baby shower games;0
the apple of our eye baby shower cake;0
apple of my eye baby shower ideas first birthday parties;0
the apple of our eye baby shower invitation;0
baby shower ideas apple;0
fall apple baby shower decor;0
the apple of my eye baby shower cookies;0
the apple of our eye baby shower theme;0
apple harvest baby shower theme;0
the apple of our eye baby shower food;0
apple fall baby shower theme;0
apple of my eye baby shower favors;0
apple baby shower balloon arch;0
apple baby shower backdrop;0
apple baby shower balloons;0
apple baby shower boy;0
apple baby shower cupcakes;0
apple baby shower cookies decorated;0
apple baby shower sugar cookies;0
baby shower apple theme cake;0
apple of our eye baby shower cake;0
apple cider baby shower bar;0
apple baby shower decorations;0
apple baby shower desserts;0
apple baby shower decor ideas;0
apple baby shower dress;0
apple theme baby shower decorations;0
apple of our eye baby shower decor;0
apple of our eye baby shower decorations;0
apple of my eye baby shower gifts;0
apple of our eye baby shower outfit;0
apple of my eye baby shower food;0
apple baby shower food ideas;0
apple baby shower fall;0
apple baby shower flowers;0
fall themed baby shower ideas apple;0
apple baby shower gift;0
apple themed baby shower ideas girl;0
apple of my eye baby shower ideas girl;0
apple of our eye baby shower gift;0
baby shower themes girl apple;0
apple of my eye baby shower games;0
fruit themed baby shower ideas green apple;0
apple of our eye baby shower game;0
apple themed baby shower games;0
apple of my eye baby shower gift ideas;0
apple harvest baby shower ideas;0
apple baby shower invite;0
apple baby shower ideas girl;0
apple baby shower ideas boy;0
apple of our eye baby shower ideas boy;0
apple of my eye baby shower brunch;0
baby shower themes apple of my eye;0
apple of my eye baby shower invitation;0
apple of my eye baby shower ideas backdrop;0
apple baby shower nails;0
apple of my eye baby shower nails;0
apple of our eye baby shower nails;0
apple baby shower outfit;0
apple baby shower party favors;0
apple baby shower painted banner;0
apple baby shower prizes;0
baby shower apple cider punch;0
apple of my eye baby shower party favors;0
apple of our eye baby shower center piece;0
apple of my eye baby shower ideas pink;0
apple of our eye baby shower painted banner;0
apple of our eye baby shower poster;0
caramel apple baby shower party favors;0
apple of our eye baby shower diaper raffle;0
red apple baby shower theme;0
apple baby shower sign;0
apple baby shower treats;0
apple baby shower theme food;0
apple baby shower theme girl;0
apple baby shower table;0
apple baby shower theme boy;0
apple baby shower theme cake;0
apple baby shower theme cookies;0
apple baby shower theme table;0
apple baby shower theme fall;0
apple of our eye baby shower set up;0
apple baby shower welcome sign;0
apple of our eye baby shower welcome sign;0
apple of my eye baby shower welcome sign;0
apple themed bridal shower ideas;0
apple themed baby shower banner;0
apple themed baby shower food ideas;0
apple themed baby shower backdrop;0
apple themed baby shower favors;0
apple themed baby shower cookies;0
apple orchard-themed fall baby shower ideas;0
apple themed baby shower invite;0
apple themed baby shower cakes;0
apple themed baby shower decor;0
apple themed baby shower table decor;0
apple themed baby shower decorations;0
apple themed baby shower food;0
apple themed baby shower gifts;0
apple themed baby shower invitations;0
apple themed baby shower ideas;0
apple themed baby shower ideas boy;0
blueberry bridal shower theme;0
lemon and blueberry bridal shower theme;0
berry in love bridal shower theme blueberry;0
lemon blueberry bridal shower theme;0
blueberry wedding shower theme;0
berry baby shower ideas;0
berry baby shower theme;0
berry baby shower cake;0
berry baby shower cookies;0
berry baby shower ideas decor;0
berry baby shower invitation;0
berry baby shower centerpieces;0
berry baby shower banner;0
berry baby shower ideas boy;0
berry baby shower decor;0
berry baby shower food;0
berry baby shower ideas centerpieces;0
berry sweet baby shower balloon;0
berry themed baby shower cakes;0
berry theme baby shower decor;0
berry sweet baby baby shower theme;0
a berry sweet baby shower shirts;0
baby shower berry dress;0
berry sweet baby boy shower decorations;0
berry sweet baby shower collage;0
berry baby shower activities;0
berry baby shower aesthetic;0
berry baby shower arch;0
a berry sweet baby shower theme balloon arch;0
a berry sweet baby shower theme outfit;0
a berry sweet baby shower theme tables;0
a berry sweet baby shower balloons;0
berry sweet baby shower appetizer;0
baby shower codes berry ave;0
a berry sweet baby shower outfit;0
berry baby shower boy;0
berry baby shower backdrop;0
berry baby shower balloon arch;0
berry baby shower balloons;0
berry baby shower backdrop ideas;0
berry baby shower blue;0
berry baby shower brunch;0
berry baby shower brunch ideas;0
berry baby shower blueberry;0
berry baby shower background;0
berry baby shower banner ideas;0
berry baby shower cupcakes;0
berry baby shower cake ideas;0
berry baby shower centerpiece ideas;0
berry baby shower cookies decorated;0
berry baby shower cake pops;0
berry baby shower cake topper;0
berry baby shower cookie ideas;0
berry baby shower cake boy;0
berry baby shower decorations;0
berry baby shower dress;0
berry baby shower desserts;0
berry baby shower dessert table;0
berry baby shower drinks;0
berry baby shower decoration ideas;0
berry baby shower diaper cake;0
berry baby shower diy;0
berry baby shower dress ideas;0
berry baby shower dessert ideas;0
berry baby shower decor ideas;0
berry excited baby shower cake;0
berry excited baby shower theme;0
berry excited baby shower theme boy;0
berry excited baby shower girl;0
berry sweet baby shower invitations empty;0
berry excited to meet you baby shower ideas;0
berry excited to meet you baby shower theme;0
berry sweet baby shower entrance sign;0
berry baby shower food ideas;0
berry baby shower favors;0
berry baby shower flowers;0
berry baby shower for boy;0
berry baby shower florals;0
berry baby shower favor ideas;0
berry baby shower food table;0
berry baby shower flower ideas;0
berry sweet baby shower theme foods;0
berry sweet baby shower favours;0
baby shower food berry theme;0
berry baby shower games;0
berry baby shower gift ideas;0
berry baby shower girl;0
berry baby shower gifts;0
berry baby shower game ideas;0
berry baby shower garland;0
berry baby shower guest book;0
berry sweet baby shower gender neutral;0
berry themed baby shower guest outfit;0
berry sweet baby shower theme gifts;0
berry sweet baby shower guest book;0
berry sweet baby shower hand painted banner;0
berry baby shower invite;0
berry baby shower ideas food;0
berry baby shower ideas blue;0
berry baby shower invitation template;0
berry baby shower ideas gender neutral;0
berry baby shower ideas cake;0
berry baby shower ideas girl;0
berry jam baby shower favor;0
berry sweet baby shower keepsake;0
berry sweet baby shower rice krispies;0
berry sweet baby shower lemonade;0
berry sweet baby shower lemonade bar;0
berry sweet baby shower linen sign;0
berry sweet baby shower lunch food;0
berry in love baby shower theme;0
berry sweet baby shower theme living room;0
berry sweet baby shower mood board;0
berry sweet baby shower mom dress;0
berry sweet baby shower theme mixed berries;0
mixed berry baby shower ideas;0
berry sweet baby shower mirror;0
berry sweet baby shower mom outfit;0
mixed berry baby shower decor;0
mixed berry sweet baby shower theme;0
mixed berry baby shower theme;0
mixed berry themed baby shower ideas;0
berry baby shower nails;0
a berry sweet baby shower theme nails;0
berry sweet baby shower nails;0
berry themed baby shower nails;0
berry sweet baby shower theme gender neutral;0
baby shower niña berry;0
baby shower nails girl berry;0
berry themed baby shower ideas gender neutral;0
berry sweet baby shower ideas gender neutral;0
berry baby shower outfit;0
berry baby shower outfit ideas;0
berry sweet baby shower theme outfits;0
baby shower outfit for guest berry theme;0
berry sweet baby shower outfit ideas;0
a berry sweet baby is on the way baby shower cake;0
a berry sweet baby is on the way shower ideas;0
baby shower someone berry sweet is on the way;0
berry sweet baby shower guest outfits;0
berry baby shower party favors;0
berry baby shower poster;0
berry baby shower prizes;0
berry baby shower punch;0
berry baby shower painted banner;0
baby shower photo backdrop berry;0
pink berry baby shower theme;0
berry sweet baby shower theme cake pops;0
printable berry sweet baby shower image;0
a berry sweet baby shower theme painted banner;0
berry sweet baby shower theme poster;0
berry patch baby shower ideas;0
berry sweet baby shower royal icing cookies;0
berry sweet baby shower theme blue and red;0
berry sweet baby shower cake rectangle;0
berry sweet baby shower theme raspberry;0
berry sweet baby shower diaper raffle;0
berry baby shower sign;0
berry baby shower sugar cookies;0
berry baby shower snacks;0
berry baby shower stickers;0
berry baby shower summer;0
berry baby shower sheet cake;0
berry baby shower treats;0
baby shower fruit;0
baby shower fruit arrangement;0
baby shower fruit basket;0
baby shower fruit ideas;0
baby shower fruit kabobs;0
fruit baby shower cake;0
fruit baby shower centerpieces;0
fruit baby shower theme;0
watermelon baby shower fruit;0
watermelon baby shower fruit bowl;0
baby shower pumpkin;0
little pumpkin baby shower decor;0
little pumpkin baby shower plates and napkins;0
pumpkin baby shower backdrop;0
pumpkin baby shower boy;0
pumpkin baby shower cake;0
pumpkin baby shower cake girl;0
pumpkin baby shower cake ideas;0
pumpkin baby shower cookies;0
pumpkin baby shower cupcakes;0
pumpkin baby shower decorations;0
pumpkin baby shower favors;0
pumpkin baby shower games;0
pumpkin baby shower girl;0
pumpkin baby shower guest book;0
pumpkin baby shower ideas;0
pumpkin baby shower invitations;0
pumpkin baby shower invitations boy;0
pumpkin baby shower invitations digital;0
pumpkin baby shower invitations girl;0
pumpkin baby shower napkins;0
pumpkin baby shower party favors;0
baby shower cookie;0
cookie baby shower favors;0
cookie monster baby shower cake;0
cookie monster baby shower favors;0
cookie monster baby shower games;0
cookie monster baby shower invitation;0
easy baby shower cookie recipes;0
free cookie monster baby shower invitations;0
little pumpkin baby shower theme;0
pumpkin baby shower thank you cards;0
berry baby shower theme boy;0
berry baby shower theme decor;0
berry baby shower theme food;0
berry baby shower table;0
berry baby shower theme girl;0
berry baby shower theme cake;0
berry baby shower theme banner;0
berry baby shower theme ideas;0
berry baby shower theme treats;0
berry sweet baby shower theme table set up;0
berry sweet baby shower table set up;0
berry sweet baby shower set up;0
very berry baby shower invitation;0
very berry baby shower decorations;0
very berry baby shower cookies;0
very berry baby shower theme cake;0
very berry baby shower treats;0
very berry baby shower banner;0
very berry baby shower games;0
very berry baby shower cake;0
very berry baby shower cupcakes;0
very berry baby shower theme;0
very berry baby shower ideas;0
very berry baby shower food;0
berry baby shower welcome sign;0
wild berry baby shower theme;0
welcome baby shower berry;0
winter berry baby shower ideas;0
a berry sweet baby is on the way baby shower cookies;0
berry sweet baby shower theme welcome sign;0
someone berry sweet is on the way baby shower ideas;0
a berry sweet baby is on the way baby shower theme;0
baby shower welcome sign berry sweet;0
berry sweet baby shower thank you gifts;0
berry sweet baby shower thank you;0
berry baby shower thank you;0
berry sweet baby shower cake 2 tier;0
fruit baby shower ideas;0
fruit baby shower ideas theme;0
fruit baby shower cookies;0
fruit baby shower invitation;0
fruit baby shower decor;0
fruit baby shower theme decor;0
fruit baby shower theme girl;0
fruit baby shower food;0
fruit baby shower invite;0
fruit baby shower games;0
baby shower fruit and veggie table ideas;0
baby shower fruit trays boy;0
baby shower fruit bowls;0
baby shower dessert table fruit;0
baby girl shower fruit pizza;0
fruit decorations for baby shower themed parties;0
baby shower fruit basket girl;0
baby shower fruit and veggies;0
fruit and veggie baby shower theme;0
baby shower fruit animal;0
fruit tray ideas for baby shower edible arrangements;0
baby shower fruit appetizers;0
baby shower fruit and dip;0
baby shower fruit and veggie tray ideas;0
baby shower cheese and fruit board;0
fruit baby shower banner;0
fruit baby shower boy;0
fruit baby shower basket;0
fruit baby shower backdrop;0
fruit theme baby shower cake;0
baby shower cakes with fruit;0
sea creatures baby shower fruit ideas;0
fruit cups for baby shower ideas;0
baby shower food fruit cup;0
baby shower fruit baby carriage;0
cute baby shower fruit;0
baby shower watermelon carriage fruit trays;0
baby shower cakes fruit;0
fruit baby shower decorations;0
fruit baby shower display;0
fruit baby shower desserts;0
fruit baby shower dress;0
baby shower fruit drinks;0
baby shower fruit tray with dip;0
baby shower fruit display ideas;0
baby shower dry fruit packing;0
fruit themed baby shower decor;0
easy baby shower fruit ideas;0
baby shower fruit easy;0
fruit baby shower favors;0
fruit baby shower girl;0
fruit baby girl shower ideas;0
fruit themed baby shower games;0
baby shower fruit themes girl;0
baby shower cakes girl with fruit;0
fruit tray baby shower girl;0
girl baby shower ideas food fruit trays;0
fruit themed baby shower gift;0
baby shower fruit hamper;0
baby shower fruit hamper ideas;0
here comes the son baby shower fruit;0
halloween baby shower fruit tray;0
here comes the son baby shower theme fruit;0
baby shower hapjes jongen fruit;0
baby shower fruit hamper decoration;0
baby shower hapjes fruit;0
fruit baby shower ideas decor;0
fruit baby shower ideas girl;0
fruit baby shower ideas boy;0
fruit tray ideas for baby shower boy;0
baby shower fruit tray ideas boy;0
fall baby shower fruit ideas;0
pink juice for baby shower fruit punch;0
jungle baby shower fruit;0
jungle theme baby shower fruit trays;0
jungle baby shower fruit tray;0
baby shower fruit kebab;0
fruit kabobs for baby shower skewers;0
fruit kabobs for baby shower ideas;0
fruit kabobs for baby shower girl;0
baby shower letters with fruit;0
cielito lindo baby shower fruit table;0
locally grown baby shower fruit ideas;0
locally grown baby shower theme fruit;0
locally grown baby shower fruit;0
locally grown baby shower fruit tray;0
baby shower fruit letters;0
locally grown baby shower fruit basket;0
baby shower letter fruit tray;0
love bug baby shower fruit;0
baby shower fruit tray letters;0
farmers market baby shower fruit;0
fruit market baby shower theme;0
gender neutral baby shower ideas fruit;0
baby shower drinks recipes non alcoholic fruit punch;0
fruit of the womb baby shower game;0
orange fruit baby shower ideas;0
orange fruit baby shower theme;0
fruit of the spirit baby shower ideas;0
fruit baby shower platter;0
baby shower pumpkin fruit tray;0
baby shower fruit plate;0
baby shower fruit pink;0
fruit tray ideas for baby shower pineapple palm tree;0
fruit punch for baby shower blue;0
baby shower fruit plate decoration;0
fruit platter baby shower party trays;0
baby shower fruit plate ideas;0
baby shower fruit punch recipe;0
peter rabbit baby shower fruit tray;0
fruit baby shower treats;0
fruit baby shower table;0
fruit baby shower theme ideas;0
fruit baby shower tray;0
fruit baby shower theme boy;0
under the sea baby shower fruit;0
veggie tray ideas for baby shower fruit platters;0
fruit and veg baby shower cake;0
baby shower fruit and veggie cups;0
baby shower fruit and veggie tray;0
fruit and vegetable baby shower theme;0
baby shower fruit and veggie ideas;0
baby shower fruit and vegetable tray;0
baby shower ideas with fruit;0
woodland baby shower fruit tray;0
baby shower watermelon fruit basket;0
yogurt parfait bar baby shower fruit;0
little pumpkin shower cookies;0
little pumpkin shower decor;0
little pumpkin shower food;0
little pumpkin shower favors;0
little pumpkin shower games;0
little pumpkin shower theme;0
little pumpkin shower cupcakes;0
little pumpkin shower banner;0
little pumpkin shower backdrop;0
a little pumpkin shower cake;0
a little pumpkin shower cookies;0
little pumpkin on the way baby shower ideas;0
a little pumpkin is on her way baby shower theme;0
little pumpkin on the way baby shower girl;0
little pumpkin baby shower invitations girl;0
a little pumpkin is on the way shower decor;0
a little pumpkin is due baby shower theme;0
a little pumpkin is on the way baby shower food ideas;0
a little pumpkin is on the way baby shower boy;0
a little pumpkin baby shower cake pink;0
a little pumpkin baby shower dress;0
a little pumpkin baby shower theme pink balloons;0
a little pumpkin pink baby shower theme;0
a little pumpkin baby shower decorations;0
a little pumpkin baby shower theme girl banner;0
our little pumpkin baby shower sign;0
little pumpkin baby shower diaper cake;0
little pumpkin baby shower ideas cake;0
little pumpkin on the way baby shower cake;0
little pumpkin baby shower cake sheet cake;0
little pumpkin baby shower cookies blue;0
baby shower little pumpkin cookies;0
little pumpkin baby shower decorating ideas;0
a little pumpkin baby shower food ideas;0
little pumpkin on the way baby shower favors;0
little pumpkin baby shower decorations for boy;0
little pumpkin baby shower ideas boy food;0
baby shower favors little pumpkin;0
little pumpkin on the way baby shower food ideas;0
little pumpkin themed baby shower games;0
little pumpkin baby shower gift table;0
a little pumpkin baby shower theme green;0
little pumpkin baby shower cake girl;0
a little pumpkin is on her way baby shower cookies;0
a little pumpkin is on her way baby shower invitation;0
a little pumpkin is on his way baby shower decor;0
a little pumpkin is on her way baby shower ideas;0
a little pumpkin is on her way baby shower cake;0
a little pumpkin is on her way baby shower sign;0
a sweet little pumpkin is on her way baby shower ideas;0
little pumpkin shower invite;0
little pumpkin baby shower invites boy;0
my little pumpkin baby shower ideas cake;0
my little pumpkin boy baby shower ideas;0
my little pumpkin baby shower decor;0
my little pumpkin baby shower centerpieces;0
my little pumpkin baby shower ideas;0
my little pumpkin baby shower ideas centerpieces;0
my little pumpkin baby shower favors;0
my little pumpkin baby shower desserts;0
my little pumpkin baby shower ideas food;0
my little pumpkin baby shower invites;0
little pumpkin baby shower nails;0
little pumpkin baby shower neutral;0
little pumpkin baby shower outfit;0
little pumpkin is on the way baby shower theme;0
little pumpkin on the way shower ideas;0
little pumpkin baby shower diaper raffle;0
little pumpkin baby shower pretzel rods;0
little pumpkin shower sign;0
little pumpkin baby shower table set up;0
little pumpkin baby shower set up;0
a little pumpkin is on the way baby shower cupcakes;0
little pumpkin baby shower thank you gifts;0
pumpkin baby shower theme;0
pumpkin baby shower theme girl;0
pumpkin baby shower centerpiece;0
pumpkin baby shower theme boy;0
pumpkin baby shower decor;0
pumpkin baby shower theme decor;0
baby shower games pumpkin theme;0
pumpkin baby shower arch;0
pumpkin baby shower activities;0
pumpkin baby shower arch backdrop;0
pumpkin baby shower aesthetic;0
pumpkin baby shower appetizers;0
pumpkin baby shower activity;0
pumpkin baby shower banner;0
pumpkin baby shower balloon arch;0
pumpkin baby shower balloons;0
pumpkin baby shower banner painted;0
pumpkin baby shower backdrop ideas;0
pumpkin baby shower blue;0
pumpkin baby shower balloon decor;0
pumpkin baby shower brunch;0
pumpkin baby shower background;0
pumpkin baby shower centerpiece ideas;0
pumpkin baby shower cake boy;0
pumpkin baby shower cookies girl;0
pumpkin baby shower cookies boy;0
pumpkin baby shower cake pops;0
pumpkin baby shower cookies decorated;0
pumpkin baby shower dessert table;0
pumpkin baby shower desserts;0
pumpkin baby shower dress;0
pumpkin baby shower diaper cake;0
pumpkin baby shower decorations girl;0
pumpkin baby shower drinks;0
pumpkin baby shower diy;0
pumpkin baby shower decorated cookies;0
pumpkin baby shower decor ideas;0
pumpkin baby shower entrance sign;0
pumpkin baby shower entrance;0
pumpkin spice and everything nice baby shower theme;0
elegant pumpkin baby shower decor;0
pumpkin baby shower food;0
pumpkin baby shower food ideas;0
pumpkin baby shower favors for guests;0
pumpkin baby shower for boy;0
pumpkin baby shower flowers;0
pumpkin baby shower food table;0
pumpkin baby shower flower arrangement;0
pumpkin baby shower fruit bowl;0
pumpkin baby shower for girl;0
pumpkin baby shower favor ideas;0
pumpkin baby shower florals;0
pumpkin baby shower gifts for guests;0
pumpkin baby shower gifts;0
pumpkin baby shower games free;0
pumpkin baby shower game ideas;0
pumpkin baby shower gift ideas;0
pumpkin baby shower girl cake;0
pumpkin baby shower girl cookies;0
pumpkin baby shower gift basket;0
pumpkin baby shower hand painted banner;0
hello pumpkin baby shower games;0
hand sanitizer baby shower favor pumpkin;0
hello pumpkin baby shower ideas boy;0
hello pumpkin baby shower food;0
hello pumpkin baby shower cupcakes;0
hello pumpkin baby shower backdrop;0
hello pumpkin baby shower decor;0
hello pumpkin baby shower invitation;0
pumpkin baby shower invite;0
pumpkin baby shower ideas girl;0
pumpkin baby shower ideas boys;0
pumpkin baby shower ideas decoration;0
pumpkin baby shower invitation template;0
pumpkin baby shower ideas cake;0
pumpkin baby shower ideas diy;0
pumpkin baby shower rice krispies;0
pumpkin baby shower letter board;0
pumpkin baby shower mimosa bar;0
pumpkin baby shower nails;0
pumpkin baby shower neutral;0
baby shower niña pumpkin;0
pumpkin theme baby shower nails;0
pumpkin baby shower outfit;0
oh baby pumpkin shower ideas;0
baby shower pumpkin theme outfit;0
pumpkin baby shower painted banner;0
pumpkin baby shower pink;0
pumpkin baby shower photo backdrop;0
pumpkin baby shower prizes;0
pumpkin baby shower poster;0
pumpkin baby shower pretzel rods;0
pumpkin baby shower photo area;0
pumpkin baby shower painted sign;0
pumpkin baby shower pretzels;0
pumpkin baby shower photo;0
pumpkin baby shower printables;0
pumpkin baby shower quotes;0
pumpkin baby shower round table decor;0
royal icing pumpkin baby shower cookies;0
pumpkin baby shower diaper raffle;0
rustic pumpkin baby shower ideas;0
rose gold pumpkin baby shower theme;0
rustic pumpkin baby shower cake;0
pumpkin baby shower sign;0
pumpkin baby shower sugar cookies;0
pumpkin baby shower sheet cake;0
pumpkin baby shower snacks;0
pumpkin baby shower sign ideas;0
pumpkin baby shower sheet cake boy;0
pumpkin baby shower set up;0
pumpkin baby shower soaps;0
pumpkin baby shower sign chalkboard;0
pumpkin baby shower sweet table;0
pumpkin baby shower sweets;0
pumpkin baby shower simple;0
pumpkin baby shower table decor;0
pumpkin baby shower treats;0
pumpkin baby shower theme table decor;0
pumpkin baby shower theme cake;0
pumpkin baby shower theme food;0
pumpkin baby shower theme boy backdrop;0
pumpkin baby shower table set up;0
pumpkin baby shower veggie tray;0
pumpkin baby shower welcome sign;0
pumpkin baby shower wallpaper;0
pumpkin baby shower with blue;0
pumpkin baby shower welcome;0
baby shower cakes with pumpkin theme;0
pumpkin baby shower thank you gifts;0
pumpkin baby shower thank you tags;0
pumpkin theme baby shower thank you gifts;0
2 tier pumpkin baby shower cake;0
pumpkin shower themes;0
pumpkin baby shower theme twins;0
pumpkin themed twin baby shower ideas;0
baby shower pumpkin theme invite;0
a little pumpkin baby shower theme cookies;0
a little pumpkin baby shower theme table;0
a little pumpkin baby shower theme cupcakes;0
pumpkin cake baby shower theme;0
pumpkin baby shower theme boy cupcakes;0
pink pumpkin theme baby shower cake;0
baby shower pumpkin theme cookies;0
pumpkin baby shower theme decorations;0
baby shower pumpkin theme girl decorations;0
pumpkin theme baby shower table decor;0
pumpkin theme baby shower dessert;0
pumpkin baby shower theme girl dessert table;0
a little pumpkin baby shower theme decor pink;0
a little pumpkin baby shower theme boy decorations;0
pumpkin theme baby shower for girl;0
baby shower gifts for guests pumpkin theme;0
pumpkin theme baby shower favor;0
pumpkin theme baby shower food;0
a little pumpkin baby shower theme food ideas;0
a little pumpkin baby shower theme favors;0
pumpkin theme baby shower party favors;0
a little pumpkin baby shower theme for girl;0
pumpkin baby shower theme girl party favors;0
pumpkin theme baby shower food ideas;0
baby shower ideas pumpkin theme girl;0
little pumpkin baby shower theme girl;0
hello pumpkin baby shower theme;0
halloween pumpkin baby shower theme;0
little pumpkin theme baby shower ideas;0
pumpkin theme bridal shower ideas;0
a little pumpkin is on the way shower theme;0
baby shower invitations pumpkin theme;0
baby shower ideas pumpkin theme;0
pumpkin theme baby shower ideas boy;0
my little pumpkin baby shower theme;0
fall baby shower theme not pumpkin;0
a little pumpkin on the way baby shower theme;0
oh pumpkin baby shower theme;0
our little pumpkin baby shower theme;0
a little pumpkin is on the way baby shower theme girl;0
a little pumpkin is on the way baby shower theme boy;0
a little pumpkin baby shower theme outfit;0
a little pumpkin baby shower theme blue and orange;0
a little pumpkin baby shower theme pink and orange;0
white pumpkin baby shower theme;0
a little pumpkin baby shower theme welcome sign;0
baby shower with pumpkin theme;0
pumpkin theme baby cake;0
baby theme pumpkin decorating;0
baby first birthday pumpkin theme;0
baby girl first birthday theme little pumpkin;0
pumpkin painting ideas baby theme;0
a little pumpkin baby shower theme ideas;0
pumpkin theme baby milestone;0
pumpkin theme baby reveal;0
baby boy 1st birthday pumpkin theme;0
baby girl 1st birthday pumpkin theme;0
baby 1st birthday pumpkin theme;0
gingerbread theme baby shower cake;0
gingerbread theme baby shower girl;0
baby theme gingerbread house;0
christmas bridal shower cookie;0
christmas cookie baby shower ideas;0
christmas baby shower cookie cake;0
christmas cookie baby shower theme;0
cookie baby shower theme;0
cookie baby shower ideas;0
cookie baby shower girl;0
cookie baby shower boy;0
cookie baby shower favor tags;0
cookie baby shower party favors;0
cookie baby shower theme girl;0
cookie baby shower cake;0
cookie baby shower invitation;0
cookie baby shower games;0
cookie baby shower centerpiece;0
baby shower sugar cookie cutters;0
baby shower cookie party favors;0
baby shower girl cookie cake;0
pink bow baby shower cookie;0
baby shower cookie cutters boy;0
baby shower clothes line cookie;0
cookie monster baby shower outfits;0
if you give a mouse a cookie baby shower favor;0
if you give a mouse a cookie baby shower cookies;0
baby shower cookie decorating activity;0
a merry little baby shower cookie;0
cookie monster baby shower arch;0
cookie monster baby shower candy apples;0
airplane baby shower cookie;0
it takes a village baby shower cookie;0
adventure awaits baby shower cookie ideas;0
milk and cookie baby shower theme;0
adventure baby shower cookie;0
cookie baby shower bear;0
cookie baby shower banner;0
cookie baby shower diaper;0
cookie baby shower decorations;0
cookie baby shower decor;0
baby shower cookie cake duck;0
dinosaur baby shower cookie ideas;0
cookie monster baby shower decorated cookies;0
cookie monster baby shower dessert;0
baby shower onesie cookie decorating;0
cookie monster baby shower ideas diy;0
easy baby shower cookie ideas;0
easy baby shower cookie;0
baby shower elmo cookie monster;0
apple of our eye baby shower cookie;0
easy baby shower cookie designs;0
baby shower elephant cookie;0
cookie monster baby shower for girl;0
baby shower ideas for boys themes cookie monster;0
baby shower cookie fondant;0
baby shower cookie favors for girl;0
baby shower cookie flavors;0
cookie monster baby shower gifts;0
baby shower cookie cakes girl;0
girl baby shower cookie ideas;0
cookie monster theme baby shower games;0
baby shower rocking horse cookie;0
baby shower cookie hangers;0
highland cow baby shower cookie;0
halloween baby shower cookie cake;0
baby shower heart cookie;0
harry potter baby shower cookie cake;0
here comes the son baby shower theme cookie;0
honey baby shower cookie;0
harry potter baby shower cookie ideas;0
harry potter baby shower cookie;0
here comes the sun baby shower cookie display;0
baby shower horse cookie;0
cookie baby shower invite;0
bun in the oven baby shower cookie ideas;0
cookie monster baby shower invitations blank;0
cookie theme baby shower ideas;0
cookie monster baby shower cookie jar;0
blue jean baby shower cookie cake;0
blue jean baby shower cookie ideas;0
cookie jar baby shower favor;0
blue jean baby shower cookie;0
blue jean baby shower theme boy cookie;0
jungle baby shower cookie;0
baby shower cookie jar;0
blue jean baby shower theme cookie;0
mason jar baby shower cookie;0
lion king baby shower cookie;0
hello kitty baby shower cookie;0
cookie monster baby shower rice krispy;0
ralph lauren baby shower sugar cookie;0
lion baby shower cookie;0
twinkle little star baby shower cookie;0
little pumpkin baby shower cookie cake;0
baby shower cookie label;0
little pumpkin baby shower cookie ideas;0
our little cookie is on the way baby shower decor;0
little cookie baby shower theme;0
little cowboy baby shower cookie;0
ladybug baby shower cookie;0
cookie monster baby shower nails;0
cookie monster baby shower cookies;0
baby shower cookie neutral;0
baby shower cookie with name;0
baby shower name cookie;0
neutral baby shower cookie cake;0
neutral baby shower cookie ideas;0
baby shower niño cookie monster;0
national park baby shower cookie;0
next chapter baby shower cookie;0
now baby shower cookie;0
gender neutral baby shower cookie cake;0
a new chapter begins baby shower cookie;0
she’s the cherry on top baby shower cookie;0
cookie monster baby shower ideas outfit;0
cherry on top baby shower cookie;0
bun in the oven baby shower cookie;0
baby its cold outside baby shower cookie;0
baby its cold outside baby shower cookie ideas;0
baby shower cookie packaging ideas;0
if you give a mouse a cookie baby shower theme;0
pink baby shower sweet cones;0
sweet as a peach baby shower invitations;0
sweet baby shower decorations;0
sweet baby shower ideas;0
sweet baby shower theme;0
sweet little baby boy;0
sweet little baby girl;0
sweet little baby quotes;0
sweet little baby song;0
sweet mess baby shower game;0
sweet pea baby shower favors;0
baby shower invitations bear theme;0
baby shower invitations bring a book;0
baby shower invitations butterfly;0
baby shower invitations design;0
baby shower invitations diaper raffle;0
baby shower invitations digital;0
baby shower invitations dinosaur;0
baby shower invitations dinosaur theme;0
baby shower invitations elephant;0
baby shower invitations etsy;0
baby shower invitations floral;0
baby shower invitations for boys;0
baby shower invitations free;0
baby shower invitations gender neutral;0
baby shower invitations girl templates;0
baby shower invitations halloween;0
baby shower invitations handmade;0
baby shower invitations hello kitty;0
baby shower invitations hot air balloon;0
baby shower invitations ideas;0
baby shower invitations images;0
baby shower invitations in spanish;0
baby shower invitations templates;0
baby shower invitations video;0
blue jean baby shower invitations;0
couples baby shower invitations;0
free baby shower invitations;0
free printable baby shower invitations;0
jungle book baby shower invitations;0
little sweet baby;0
nautical baby shower invitations;0
space jam baby shower invitations;0
4th of july baby shower invitations;0
90s theme baby shower invitations;0
baby q baby shower invitations;0
baby que shower invitations;0
baby shower advice cards;0
baby shower cards against humanity;0
baby shower cards and gifts;0
baby shower cards boy;0
baby shower cards girl;0
baby shower cards ideas;0
baby shower cards keepsake;0
baby shower cards message;0
baby shower invitations minnie mouse;0
baby shower invitations modern;0
baby shower invitations neutral;0
baby shower invitations neutral template;0
baby shower invitations online;0
baby shower invitations online free;0
baby shower invitations pumpkin;0
baby shower invitations purple;0
baby shower invitations rainbow;0
baby shower invitations rainbow theme;0
baby shower invitations spanish;0
baby shower invitations templates free;0
baby shower invitations twins;0
baby shower invitations uk;0
baby shower invitations under the sea;0
baby shower invitations unicorn;0
baby shower invitations virtual;0
baby shower invitations winnie the pooh;0
baby shower invitations winter;0
baby shower invitations with baby name;0
baby shower invitations with photo;0
baby shower invitations with pictures;0
baby shower invitations wording;0
baby shower name cards;0
baby shower quotes for invitations;0
baby yoda baby shower invitations;0
baby-q shower invitations;0
dragon ball z baby shower invitations;0
guess how much i love you baby shower invitations;0
once upon a time baby shower invitations;0
thing 1 and thing 2 baby shower invitations;0
thing 1 thing 2 baby shower invitations;0
under construction baby shower invitations;0
up themed baby shower invitations;0
winnie the pooh baby shower invitations zazzle;0
zoo animal baby shower invitations;0
zoo themed baby shower invitations;0
pumpkin baby shower cookie ideas;0
winnie the pooh baby shower cookie;0
baby shower cookie presentation;0
pumpkin baby shower cookie cutters;0
baby shower cookie print;0
peter rabbit baby shower cookie;0
baby shower cookie quotes;0
baby q shower cookie ideas;0
shes ready to pop baby shower cookie ideas;0
rainbow baby shower cookie;0
baby shower cookie cake rectangle;0
baby shower cookie rack;0
baby shower rattle cookie;0
she’s ready to pop baby shower theme cookie;0
round baby shower cookie;0
she’s ready to pop baby shower cookie;0
cookie baby shower theme boy;0
baby shower cookie template;0
baby shower cookie set up;0
under the sea baby shower cookie;0
cookie monster baby shower table set up;0
cookie monster baby shower set up;0
under the sea baby shower cookie ideas;0
valentine baby shower cookie;0
baby shower cookie vector;0
baby shower cookie decorating videos;0
vintage baby shower cookie;0
woodland baby shower sugar cookie;0
wild flower baby shower cookie;0
woodsy baby shower cookie;0
we can bearly wait baby shower theme cookie;0
baby shower cookie western;0
washington commanders baby shower cookie;0
baby shower cookie wrapping;0
cookie monster baby shower welcome sign;0
our little cookie is on the way baby shower theme;0
baby shower cookie thank you;0
yellow baby shower cookie;0
cookie monster baby shower thank you;0
sea you soon baby shower cookie;0
baby shower cookie thank you gifts;0
baby shower cookie thank you tags;0
cloud 9 baby shower cookie;0
cookie monster shower theme;0
cookie monster baby shower themes for boys;0
bridal shower cookie theme;0
baby shower theme cookie monster;0
fresh off the market bridal shower theme cookie;0
baby shower cookie bear theme;0
animal cookie baby shower theme;0
circus animal cookie baby shower theme;0
hot air balloon baby shower theme cookie;0
cookie monster baby shower theme invitations;0
cookie theme baby shower decor;0
baby shower dinosaur theme cookie;0
cookie monster baby shower theme dessert tables;0
cookie theme baby shower decorations;0
fortune cookie baby shower theme;0
cookie theme bridal shower gift;0
silly goose baby shower theme cookie;0
golf theme baby shower cookie;0
cookie monster theme baby shower gifts;0
hunting theme baby shower cookie;0
cookie monster baby shower theme party ideas;0
baby it’s cold outside shower theme cookie;0
cookie theme bridal shower ideas;0
cookie monster theme baby shower ideas;0
our little cookie baby shower theme;0
lemon theme baby shower cookie;0
ralph lauren baby shower theme cookie;0
cookie monster theme baby shower nails;0
cookie monster theme baby shower outfit;0
off the market bridal shower theme cookie;0
pizza theme baby shower cookie;0
cutie pie baby shower theme cookie;0
cookie wedding shower theme;0
woodland baby shower theme cookie;0
sweet baby shower activities;0
sweet baby shower message;0
sweet baby shower games;0
sweet baby shower gifts;0
sweet baby shower card message;0
sweet baby shower food;0
sweet baby shower favors;0
sweet baby shower cake;0
sweet baby shower theme girl;0
sweet baby shower avatar world;0
baby shower sweet treats ideas;0
sweet little peach baby shower cake;0
baby shower cupcake display ideas sweet tables;0
mesas de baby shower ideas sweet tables;0
baby shower sweet treats sign;0
baby shower sweet pea;0
sweet as pie baby shower theme;0
sweet as pie baby shower ideas;0
sweet baby shower boy;0
sweet baby shower banner;0
sweet baby shower cookies;0
sweet baby shower cards;0
sweet child o mine baby shower cookies;0
berry sweet boy baby shower cake;0
berry sweet baby shower cake square;0
sweet baby shower decor;0
berry sweet baby shower theme dress;0
berry sweet baby shower dress ideas;0
baby shower desserts boy sweet tables;0
sweet as can bee baby shower decor;0
elephant baby shower sweet table;0
easy baby shower sweet treats;0
sweet baby shower food ideas;0
sweet and savory baby shower food;0
pink candy for baby shower sweet tables;0
berry sweet baby shower theme favors;0
sweet table for baby shower boy;0
berry sweet baby shower theme flowers;0
sweet baby shower girl;0
sweet baby girl baby shower sign;0
berry sweet girl baby shower table;0
berry sweet baby shower gift ideas;0
sweet heart baby shower theme;0
how sweet it is baby shower theme;0
sweet heart baby shower cookies;0
sweet heart baby shower cake;0
baby shower sweet hamper;0
baby shower sweet heart table;0
sweet heart baby shower favors;0
sweet as honey baby shower cake;0
sweet as honey baby shower cookies;0
sweet heart baby shower decor;0
little sweet heart baby shower cookies;0
halloween baby shower sweet table;0
sweet baby shower invitations;0
sweet baby shower invite;0
sweet baby shower ideas boy;0
berry sweet baby shower invitations template;0
baby shower sweet jar;0
lion king baby shower sweet table;0
sweet little pumpkin baby shower centerpieces;0
sweet little pumpkin baby shower boy;0
sweet little pumpkin baby shower games;0
cielito lindo baby shower sweet table;0
sweet little pumpkin baby shower ideas;0
sweet little peach baby shower welcome sign;0
sweet little pumpkin baby shower invitations;0
sweet little pumpkin baby shower welcome sign;0
sweet little pumpkin baby shower cookies;0
sweet child of mine baby shower theme;0
short and sweet baby shower messages;0
over the moon baby shower sweet treats;0
sweet baby shower note;0
baby shower sweet cones neutral;0
non sweet baby shower food;0
sweet note for baby shower card;0
baby shower niña sweet;0
neutral baby shower sweet table;0
baby shower sweet table ideas gender neutral;0
sweet one baby shower theme;0
sweet baby shower party favors;0
sweet as pie baby shower banner;0
sweet as a peach baby shower cupcakes;0
sweet potato baby shower theme;0
sweet baby shower quotes;0
sweet baby ray shower theme;0
baby shower sweet recipes;0
sweet baby shower snacks;0
sweet baby shower sign;0
sweet baby shower theme boy;0
sweet baby shower treats;0
sweet baby shower table;0
sweet baby shower touches;0
baby shower sweet table set up;0
very sweet baby shower ideas;0
very sweet baby shower invitation;0
very sweet baby shower cake;0
very sweet baby shower theme;0
sweet valentines day baby shower ideas;0
sweet baby shower wishes;0
woodland baby shower sweet treats;0
sweet things to write in a baby shower card;0
we can bearly wait baby shower sweet table;0
baby shower thank you sweet;0
sweet little baby in world full of pain;0
sweet little baby girl quotes;0
sweet little baby game answer key;0
sweet little baby drawing;0
sweet little baby girl caption;0
my sweet little baby boy;0
a sweet little baby girl is on the way;0
a sweet little baby is on the way;0
a sweet little baby is brewing;0
a sweet little baby is on the way banner;0
a sweet little baby is on the way cake;0
little smokies crockpot sweet baby rays;0
sweet little baby in a world full of pain;0
sweet little pumpkin baby shower balloon arch;0
a sweet little baby is on the way baby shower theme;0
a sweet little baby girl is on the way banner;0
a little sweet baby is on the way;0
a sweet little pumpkin is on the way baby shower ideas;0
a sweet little pumpkin baby shower cake;0
a sweet little peanut is on the way baby shower theme;0
sweet little peanut baby shower cake;0
sweet little peach baby shower cookies;0
sweet little pumpkin baby shower cupcakes;0
little smokies crockpot grape jelly bbq sweet baby ray;0
sweet little pumpkin baby shower cake;0
sweet little peach baby shower decor;0
sweet dreams little one quotes for baby;0
good night sweet dreams little baby;0
sweet little duckling baby shower theme;0
sweet little peanut baby shower decor;0
sweet little pumpkin baby shower decor;0
sweet little pumpkin baby shower decorations;0
sweet little peach baby shower food ideas;0
sweet little pumpkin baby shower favors;0
sweet little peach baby shower favors;0
sweet words for little baby;0
sweet little pumpkin baby shower ideas girl;0
sweet little pumpkin baby shower girl;0
my sweet little baby girl;0
little sweet heart baby shower cake;0
little sweet heart baby shower ideas;0
sweet little pumpkin baby shower ideas boy;0
sweet little pumpkin baby shower cake ideas;0
my little pony sweet biscuit baby;0
my sweet little baby;0
sweet little one baby shower theme;0
a sweet little baby girl is on the way invitation;0
sweet little pumpkin baby shower backdrop;0
sweet baby rays little smokies;0
bbq little smokies crockpot sweet baby ray;0
sweet little peach baby shower theme;0
sweet little pumpkin baby shower snack table;0
little pumpkin baby shower sweet table;0
baby shower watercolor card;0
baby shower watercolor card diy;0
baby shower watercolor card girl;0
baby shower watercolor painting;0
baby shower watercolor invitation;0
baby shower watercolor activity;0
baby shower watercolor card bear;0
baby shower watercolor card easy;0
baby shower watercolor art;0
baby shower watercolor alphabet;0
baby shower watercolor boy;0
baby shower watercolor background;0
baby shower watercolor card simple;0
baby shower watercolor card bunny;0
watercolor baby shower gifts;0
baby shower watercolor ideas;0
baby shower watercolor invite;0
watercolor baby shower invites;0
baby shower watercolor station;0
baby shower invitations card;0
baby shower invitations marathi;0
baby shower invitations templates video;0
baby shower invitations video template;0
baby shower invitations tamil;0
baby shower invitations aesthetic;0
baby shower invitations animals;0
baby shower invitations asking for books;0
baby shower invitations asking for gifts;0
baby shower invitations a new chapter;0
baby shower invitations animation;0
baby shower invitations airplane;0
baby shower invitations arabic;0
baby shower invitations autumn;0
baby shower invitations animated;0
baby shower invitations animal theme;0
baby shower invitations afrikaans;0
baby shower invitations backgrounds;0
baby shower invitations bear;0
baby shower invitations baby in bloom;0
baby shower invitations blank;0
baby shower invitations blue;0
baby shower invitations books not cards;0
baby shower invitations blank templates;0
baby shower invitations butterflies;0
baby shower invitations card design;0
baby shower invitations card in gujarati;0
baby shower invitations card marathi;0
baby shower invitations card background;0
baby shower invitations canva;0
baby shower invitations cowboy;0
baby shower invitations card gujarati;0
baby shower invitations cielito lindo;0
baby shower invitations card in marathi;0
baby shower invitations card video;0
baby shower invitations diy;0
baby shower invitations design indian;0
baby shower invitations design templates;0
baby shower invitations design tamil;0
baby shower invitations design gujarati;0
baby shower invitations editable free;0
baby shower invitations english;0
baby shower invitations español;0
baby shower invitations envelopes;0
baby shower invitations en español;0
baby shower invitations empty templates;0
baby shower invitations examples;0
baby shower invitations elements;0
baby shower invitations elephant boys;0
baby shower invitations edit;0
baby shower invitations for girl;0
baby shower invitations fall;0
baby shower invitations flowers;0
baby shower invitations for boys ideas;0
baby shower invitations for twins;0
baby shower invitations for boys digital;0
baby shower invitations free templates;0
baby shower invitations gujarati;0
baby shower invitations green;0
baby shower invitations goose;0
baby shower invitations gift registry;0
baby shower invitations girl black;0
baby shower invitations gender reveal;0
baby shower invitations gift request;0
baby shower invitations girl flowers;0
baby shower invitations girl strawberry;0
baby shower invitations hindi;0
baby shower invitations heaven sent;0
baby shower invitations hd;0
baby shower invitations horse;0
baby shower invitations homemade;0
baby shower invitations horizontal;0
baby shower invitations hunting;0
baby shower invitations honey;0
baby shower invitations indian;0
baby shower invitations in marathi;0
baby shower invitations in tamil;0
baby shower invitations in gujarati;0
baby shower invitations indian template;0
baby shower invitations in hindi;0
baby shower invitations in kannada;0
baby shower invitations islamic;0
baby shower invitations in english;0
baby shower invitations jungle theme;0
baby shower invitations jungle;0
baby shower invitations january;0
baby shower invitations jack and jill;0
baby shower invitations jesus;0
baby shower invitations july;0
baby shower invitations krishna theme;0
baby shower invitations kannada;0
baby shower invitations krishna;0
baby shower invitations koala;0
baby shower lion king invitations;0
lion king baby shower invitations blank;0
baby shower invitations no kids allowed;0
baby shower invitations lion king;0
baby shower invitations looney tunes;0
baby shower invitations lemon;0
baby shower invitations locally grown;0
baby shower invitations love bug;0
baby shower invitations layout;0
baby shower invitations lemon theme;0
baby shower invitations landscape;0
baby shower invitations ladybug;0
baby shower invitations luxury;0
baby shower invitations lamb;0
baby shower invitations little pumpkin;0
baby shower invitations marathi design;0
baby shower invitations muslim;0
baby shower invitations mickey mouse;0
baby shower invitations mockup;0
baby shower invitations murugan;0
baby shower invitations message;0
baby shower invitations marathi template;0
baby shower invitations minimalist;0
baby shower invitations mexican;0
baby shower invitations no name;0
baby shower invitations niño;0
baby shower invitations neutral colors;0
baby shower invitations nature;0
baby shower invitations november;0
baby shower invitations no gender;0
baby shower invitations next chapter;0
baby shower invitations noahs ark;0
baby shower invitations no kids;0
baby shower invitations over the moon;0
baby shower invitations oh baby;0
baby shower invitations ocean theme;0
baby shower invitations ocean;0
baby shower invitations orange;0
baby shower invitations october;0
baby shower invitations outfit;0
baby shower invitations outdoors;0
baby shower invitations on marathi;0
baby shower invitations old money;0
baby shower invitations pink;0
baby shower invitations pink bow;0
baby shower invitations photo;0
baby shower invitations pink and blue;0
baby shower invitations peter rabbit;0
baby shower invitations plain templates;0
baby shower invitations princess;0
baby shower invitations poster;0
baby shower invitations pictures;0
baby shower invitations pastel colors;0
baby shower invitations quotes;0
baby shower invitations qr code;0
baby shower invitations quotes cards;0
quirky baby shower invitations;0
bar b que baby shower invitations;0
baby q shower invitations canva;0
baby shower invitations with qr code;0
baby shower invitations registry;0
baby shower invitations ralph lauren;0
baby shower invitations radha krishna;0
baby shower invitations raffle;0
baby shower invitations reel;0
baby shower invitations ready to pop;0
baby shower invitations rsvp;0
baby shower invitations rabbit;0
baby shower invitations ribbon;0
baby shower invitations royal;0
baby shower invitations strawberry;0
baby shower invitations silly goose;0
baby shower invitations safari;0
baby shower invitations simple;0
baby shower invitations south indian;0
baby shower invitations spring;0
baby shower invitations strawberry theme;0
baby shower invitations snoopy;0
baby shower invitations stitch;0
baby shower invitations summer;0
baby shower invitations sage green;0
baby shower invitations templates indian;0
baby shower invitations templates tamil;0
baby shower invitations templates girl;0
baby shower invitations templates blank;0
baby shower invitations templates boy;0
baby shower invitations traditional;0
baby shower invitations to companies;0
baby shower invitations unique;0
baby shower invitations unwrapped gifts;0
baby shower invitations unknown gender;0
un pedacito de cielo baby shower theme invitations;0
under the sea theme baby shower invitations;0
unknown gender baby shower ideas invitations;0
baby shower invitations video gujarati;0
baby shower invitations vintage;0
baby shower invitations vaccinated;0
baby shower invitations videos marathi;0
baby shower invitations video blank;0
baby shower invitations valentines;0
baby shower invitations video tamil;0
baby shower invitations video background;0
baby shower invitations video in marathi;0
baby shower invitations with registry;0
baby shower invitations western;0
baby shower invitations woodland;0
baby shower invitations winter theme;0
baby shower invitations yellow;0
sea you soon baby shower invitations;0
oh the places you’ll go baby shower invitations;0
new year baby shower invitations;0
baby shower invitations green and yellow;0
enchanted to meet you baby shower invitations;0
baby shower invitations butter yellow;0
how to make your own baby shower invitations;0
baby shower invitations zazzle;0
baby shower invitations zoo animals;0
zelda baby shower invitations;0
baby shower invitations for boys zazzle;0
baby shower invitations 2 page;0
baby number 2 shower invitations;0
baby shower invitations 2026;0
trending baby shower invitations 2026;0
2nd baby shower invitations;0
baby shower invitations for 2nd baby;0
sims 4 baby shower invitations cc;0
on cloud 9 baby shower invitations;0
cloud 9 baby shower theme invitations;0
baby shower invitations cloud 9;0
90s baby shower invitations;0
baby shower stationery ideas;0
baby shower girl stationery;0
pink baby shower stationery;0
safari baby shower stationery;0
boy baby shower stationery;0
baby shower table stationery;0
baby shower event stationery;0
neutral baby shower stationery;0
baby shower cards handmade;0
baby shower cards free printable;0
baby shower cards what to write in;0
baby shower cards diy handmade easy;0
baby shower cards handmade simple;0
baby shower thank you cards ideas;0
baby shower envelope ideas cards;0
baby shower cards handmade winnie the pooh;0
baby shower invitation cards videos;0
baby shower cards and gifts sign;0
baby shower cards aesthetic;0
baby shower cards arabic;0
baby shower cards animals;0
baby shower cards and gifts table;0
baby shower cards art;0
free baby shower advice cards;0
baby shower abc cards;0
baby shower cards boy handmade;0
baby shower cards background;0
baby shower cards bear;0
baby shower cake designs yellow;0
baby shower thank you card designs;0
baby shower mehendi designs year;0
baby shower cake designs in 1kg;0
baby shower cake designs 1.5 kg;0
baby shower mehndi designs 2026;0
2nd baby shower cake designs;0
baby shower mehendi designs latest 2025;0
latest baby shower mehndi designs 2025;0
baby shower cake designs 2026;0
baby shower cake designs 2kg;0
baby shower mehndi designs mom to be 2025;0
2nd baby shower mehendi designs;0
baby shower cake designs 3 tier;0
5th month baby shower mehendi designs;0
advice for new parents baby shower cards;0
baby shower cards cricut;0
baby shower cards for twins;0
baby shower cards funny;0
baby shower cards in spanish;0
baby shower cards printable;0
baby shower cards to make;0
baby shower cards twins;0
baby shower diaper raffle cards;0
baby shower ideas instead of cards;0
baby shower invitation cards in english;0
baby shower registry cards;0
baby shower thank you cards examples;0
baby shower verses for cards;0
books for baby shower instead of cards;0
late baby shower thank you cards;0
pop up baby shower cards;0
stampin up baby shower cards;0
unique baby shower thank you cards;0
virtual baby shower thank you cards;0
what to say on baby shower cards;0
words of wisdom baby shower cards;0
baby shower photo booth signs;0
baby shower signs boy;0
baby shower signs for food;0
baby shower signs for tables;0
baby shower signs free printable;0
baby shower signs girl;0
baby shower signs ideas;0
baby shower signs printable;0
digital baby shower thank you cards;0
etsy baby shower signs;0
halloween baby shower thank you cards;0
answer key 75 printable baby shower games with answers;0
answer key emoji baby shower game free printable;0
baby shower abc book printable free;0
baby shower bingo free printable;0
baby shower emoji pictionary printable;0
baby shower loteria free printable;0
baby shower nursery rhyme game printable;0
baby shower price is right printable;0
baby shower printable bunting;0
baby shower printable decorations;0
baby shower printable games;0
baby shower printable letters;0
baby shower printable signs;0
baby shower props printable free;0
baby shower tag printable;0
baby shower thank you cards printable;0
baby shower thank you tags printable free;0
baby shower yard signs;0
bring a book baby shower insert free printable;0
eos baby shower favor free printable;0
free printable baby shower advice cards;0
free printable baby shower coloring pages;0
free printable baby shower decorations;0
free printable baby shower games;0
free printable baby shower games uk;0
free printable baby shower games with answer key;0
free printable baby shower guest list template;0
free printable baby shower scavenger hunt;0
free printable elephant baby shower banner;0
free printable harry potter baby shower invitations;0
harry potter baby shower games printable;0
mom or dad baby shower game free printable;0
mom or dad baby shower game questions free printable;0
over or under baby shower game free printable;0
printable baby shower games;0
printable baby shower games for kids;0
printable baby shower games uk;0
printable baby shower gift tags;0
printable baby shower guest list;0
printable halloween baby shower games;0
baby shower cards bunny;0
baby shower cards basket;0
baby shower cards box ideas;0
baby shower cards blue;0
baby shower cards baby girl;0
baby shower cards blank;0
baby shower cards butterfly;0
baby shower cards boy diy;0
baby shower cards cute;0
baby shower cards congratulations;0
baby shower cards craft;0
baby shower cards christian;0
baby shower cards collage;0
baby shower cards congrats;0
baby shower cards calligraphy;0
baby shower cards cover;0
baby shower cards canva;0
baby shower cards cowboy;0
baby shower cards cherry;0
baby shower cards design;0
baby shower cards diy boy;0
baby shower cards diy watercolor;0
baby shower cards diy girl;0
baby shower cards diy handmade girl;0
baby shower cards drawing;0
baby shower cards diy girl cute ideas;0
baby shower cards dinosaur;0
baby shower cards diy boy simple;0
baby shower cards easy;0
baby shower cards elephant;0
easy baby shower cards to make;0
baby shower invitation cards english;0
easy baby shower thank you cards;0
baby shower invitation cards template free editable;0
easy homemade baby shower cards;0
baby shower cards for boys;0
baby shower cards for a girl;0
baby shower cards for mom;0
baby shower cards for girls diy;0
baby shower cards for a boy;0
baby shower cards for table;0
baby shower cards for guests;0
baby shower cards flowers;0
baby shower cards for boys messages;0
baby shower cards gujarati;0
baby shower cards games;0
baby shower cards girl diy;0
baby shower cards gender neutral;0
baby shower cards goose;0
baby shower cards green;0
baby shower cards guess;0
baby shower cards giraffe;0
baby shower cards gifts;0
girls baby shower cards;0
baby shower cards handmade girl;0
baby shower cards handmade easy;0
baby shower cards handmade paper crafts;0
baby shower cards homemade;0
baby shower cards handmade boys;0
baby shower cards handmade ideas;0
baby shower cards handmade its a girl;0
baby shower cards handmade boy or girl;0
baby shower cards handmade for girl;0
baby shower cards invitation;0
baby shower cards in gujarati;0
baby shower cards inside;0
baby shower cards indian;0
baby shower cards ideas what to write in;0
baby shower cards in marathi;0
baby shower cards ideas girl;0
baby shower cards ideas boy;0
baby shower cards its a girl;0
baby shower cards in tamil;0
jungle baby shower cards;0
baby shower cards keepsake ideas;0
baby shower cards krishna;0
baby shower invitation cards krishna theme;0
baby shower cards from kids;0
hello kitty baby shower thank you cards;0
lion king baby shower thank you cards;0
lion king baby shower cards;0
baby shower invitation cards in kannada;0
how to keep baby shower cards;0
baby shower cards lemon;0
baby shower cards landscape;0
lawn fawn baby shower cards;0
baby shower in lieu of cards;0
locally grown baby shower cards;0
book themed baby shower ideas invitations library cards;0
baby shower letter cards;0
baby shower library cards;0
baby shower cards marathi;0
baby shower cards mockup;0
baby shower cards mom to be;0
baby shower cards mom;0
baby shower brunch menu cards;0
baby shower thank you cards with maternity picture;0
guess how many baby shower game cards;0
mom advice cards baby shower ideas;0
baby shower mom advice cards;0
baby shower cards notes;0
baby shower cards neutral;0
books as cards baby shower note;0
baby shower messages cards note;0
advice for new mom baby shower cards;0
baby shower thank you notes messages cards;0
baby shower seating name cards;0
thank you baby shower cards wording note;0
baby shower invitation cards design gender neutral;0
baby shower cards on table;0
baby shower cards ocean;0
baby shower fill out cards;0
boy or girl baby shower cards;0
ocean themed baby shower cards;0
baby shower wording for books instead of cards;0
baby shower invitations gift cards only;0
baby shower gift cards only;0
baby shower cards printable free;0
baby shower cards pink;0
baby shower cards painted;0
baby shower cards prediction;0
baby shower cards pumpkin;0
baby shower cards pop up;0
baby shower ideas cards paper crafts;0
baby shower cards quotes;0
baby shower question cards;0
baby shower quotes for cards;0
baby shower quiz cards;0
quotes for baby shower cards cute ideas;0
baby shower quotes messages cards;0
thank you quotes for baby shower cards;0
baby shower quilling cards;0
baby shower sayings quotes for cards;0
baby shower invitation cards quotes;0
quilled baby shower cards;0
baby shower cards rainbow;0
baby shower cards religious;0
rsvp baby shower cards invitation ideas;0
baby shower return gift ideas thank you cards;0
peter rabbit baby shower cards;0
funny baby shower rsvp cards;0
baby shower gender reveal cards;0
baby shower registry cards for invitations;0
baby shower raffle cards;0
baby shower return cards;0
baby shower cards stampin up ideas;0
baby shower cards simple;0
baby shower cards stork;0
baby shower cards su;0
baby shower cards sign;0
baby shower cards sayings;0
baby shower cards scrapbook;0
baby shower cards storage;0
baby shower cards space;0
baby shower cards strawberry;0
baby shower cards spanish;0
baby shower cards template;0
baby shower cards table;0
baby shower cards traditional;0
baby shower cards teddy bear;0
baby shower cards thank you;0
baby shower cards theme;0
baby shower cards to fill out;0
baby shower cards tamil;0
baby shower cards to give;0
baby shower cards to mom;0
baby shower cards with umbrella;0
baby shower thank u cards;0
stampin up girl baby shower cards;0
stampin up boy baby shower cards;0
under the sea baby shower cards;0
unique baby shower invitation cards;0
stampin up baby shower cards invitations;0
stampin up baby shower cards boys;0
baby shower cards video;0
baby shower invitation cards indian video;0
baby shower bible verse cards;0
baby shower invitation cards template video;0
baby shower cards what to write in short;0
baby shower cards winnie the pooh;0
baby shower cards what to write in card;0
baby shower cards what to write in boy;0
baby shower cards what to write in girl;0
baby shower cards what to write in funny;0
baby shower cards what to write;0
baby shower cards words;0
baby shower cards wishes;0
baby shower thank you cards wording from baby;0
western baby shower thank you cards;0
baby shower thank you cards picture;0
baby shower thank you cards indian;0
baby shower table thank you cards;0
print out 40 free printable baby shower bingo cards;0
baby shower signs chalkboard;0
baby shower signs painted;0
baby shower signs for games;0
baby shower signs with balloons;0
baby shower signs hand painted;0
baby shower signs brown paper;0
baby shower poster board ideas signs;0
winnie the pooh baby shower ideas food signs;0
guest book ideas baby shower signs;0
winter baby shower welcome signs;0
baby shower welcome signs pink;0
baby shower welcome signs wildflower;0
baby shower candy table signs;0
baby shower coffee signs;0
lion king baby shower signs;0
baby shower signs arch;0
baby shower signs acrylic;0
baby shower advice signs;0
animal baby shower signs;0
a baby is brewing baby shower signs;0
accessories to complement baby shower signs;0
all american baby shower signs;0
aviation baby shower signs;0
unique alternatives to traditional baby shower welcome signs;0
baby shower address station signs;0
hundred acre woods baby shower signs;0
it's a girl baby shower ideas signs;0
baby shower signs bear theme;0
baby shower signs baby in bloom;0
baby shower signs butcher paper;0
baby shower signs blue;0
baby shower signs backdrop;0
baby shower signs bear;0
baby shower signs bun in the oven;0
baby shower signs book theme;0
baby shower signs books;0
baby shower signs baby girl;0
baby shower signs cloth;0
baby shower signs cricut;0
baby shower signs chalk;0
baby shower signs chalkboard girl;0
baby shower signs canva;0
baby shower signs cherry;0
baby shower signs coffee;0
baby shower signs christmas;0
cutie baby shower signs;0
creative baby shower signs;0
baby shower signs decor;0
baby shower signs duck;0
baby shower signs diaper raffle;0
baby shower signs drinks;0
baby shower front door decor welcome signs;0
baby shower dinosaur signs;0
dino baby shower food signs;0
baby shower signs easel;0
baby shower signs entrance diy;0
baby shower signs entrance;0
baby shower event signs;0
welcome signs for baby shower entrance;0
baby shower entrance decor welcome signs;0
baby shower signs on easel;0
apple of our eye baby shower signs;0
etiquette for baby shower signs;0
co ed baby shower welcome signs;0
baby shower entrance decor welcome signs outdoor;0
baby shower signs fabric;0
baby shower signs food;0
baby shower signs for gift table;0
baby shower signs for gifts;0
baby shower signs fall;0
baby shower signs for boy;0
baby shower signs for girl;0
baby shower signs for food table;0
baby shower signs games;0
baby shower signs goose;0
baby shower signs gifts;0
baby shower signs green;0
baby shower signs gift table;0
gingham baby shower signs;0
golf baby shower welcome signs;0
cielito lindo baby shower game signs;0
silly goose baby shower food signs;0
baby shower signs halloween;0
baby shower signs homemade;0
baby shower signs hanging;0
handwritten baby shower signs;0
hello kitty baby shower signs;0
halloween baby shower food signs;0
honey bee baby shower signs;0
heaven sent baby shower signs;0
here comes the son baby shower theme signs;0
here comes the sun baby shower signs;0
baby shower signs in spanish;0
baby shower signs in frames;0
current trends in baby shower signs;0
baby shower welcome signs baby in bloom;0
baby is brewing shower signs;0
baby in bloom baby shower table signs;0
baby shower board signs indian;0
blue jean baby shower signs;0
jack and jill baby shower signs;0
4th of july baby shower signs;0
jungle baby shower signs;0
jungle theme baby shower signs;0
blue jean baby shower theme signs;0
baby shower signs linen;0
baby shower signs letter board;0
baby shower signs love bug;0
little sprout baby shower signs;0
baby shower little signs;0
locally grown baby shower food signs;0
lemon baby shower theme signs;0
locally grown baby shower table signs;0
lucky charm baby shower signs;0
locally grown baby shower theme signs;0
baby shower signs mirror;0
baby shower signs momosa;0
over the moon baby shower signs;0
baby shower signs on mirror;0
unique materials for baby shower signs;0
mallard baby shower signs;0
best materials for baby shower welcome signs;0
baby shower mimosa bar signs;0
mallard duck baby shower signs;0
different materials for baby shower signs;0
baby shower menu signs;0
baby shower material signs;0
baby shower signs needed;0
baby shower signs neutral;0
our next chapter baby shower signs;0
baby shower name suggestions signs;0
baby shower signs with baby name;0
nautical baby shower signs;0
advice for new parents baby shower signs;0
baby shower name display signs;0
nightmare before christmas baby shower signs;0
gender neutral baby shower signs;0
a new chapter baby shower signs;0
new to the club baby shower signs;0
baby shower signs on brown paper;0
baby shower signs outdoor;0
baby shower signs outside;0
baby shower signs oh boy;0
oh baby baby shower signs;0
cherry on top baby shower table signs;0
baby shower signs printable free;0
baby shower signs pumpkin;0
baby shower signs peter rabbit;0
baby shower signs pink;0
baby shower signs paper;0
princess baby shower signs;0
baby quotes for baby shower signs;0
baby q baby shower signs;0
baby shower quilt squares signs;0
quotes for baby girl shower signs;0
boho rainbow baby shower signs;0
baby shower round signs;0
she's ready to pop baby shower signs;0
race car baby shower signs;0
baby shower diaper raffle signs;0
red white and due baby shower signs;0
renting baby shower signs;0
peter rabbit baby shower welcome signs;0
lord of the rings baby shower signs;0
ralph lauren baby shower signs;0
baby shower signs simple;0
baby shower signs strawberry;0
baby shower signs safari;0
baby shower signs spanish;0
baby shower signs silly goose;0
baby shower signs tables;0
baby shower signs thank you;0
baby shower signs teddy bear;0
baby shower signs tea party;0
baby shower signs to make;0
teddy bear baby shower theme signs;0
winnie the pooh baby shower signs wood;0
winnie the pooh baby shower signs;0
unique baby shower signs;0
unique baby shower welcome signs;0
ultrasound picture ideas for baby shower signs;0
baby shower signs vintage;0
top vendors for baby shower signs;0
valentines baby shower signs;0
vintage winnie the pooh baby shower signs;0
vintage pooh baby shower signs;0
baby shower bible verse signs;0
baby shower signs welcome;0
baby shower signs winnie the pooh;0
baby shower signs woodland;0
baby shower signs with flowers;0
baby shower signs western;0
baby shower signs wood;0
baby shower signs wildflower;0
baby shower signs with cricut;0
sea you soon baby shower signs;0
baby shower thank you table signs;0
yellow baby shower signs;0
cloud 9 baby shower signs;0
baby shower printable topper;0
baby shower printable cake topper;0
baby shower printable stickers;0
baby shower printable cupcake topper;0
baby shower printable activities;0
baby shower printable advice;0
baby shower games with answers free printable;0
baby shower emoji game free printable with answers;0
baby shower announcement girl free printable;0
baby shower printable banner;0
baby shower printable bingo;0
baby shower printable backdrop;0
baby shower printable background;0
baby shower printable baby;0
baby shower printable card;0
baby shower printable cards free;0
baby shower printable cutouts;0
guess the date baby shower calendar printable;0
girl baby shower cake \;0
baby shower cupcake toppers girl free printable;0
free printable baby girl shower card;0
baby shower printable decor;0
dad joke baby shower game printable;0
dinosaur baby shower bingo free printable;0
book themed baby shower ideas decoration free printable;0
baby shower diaper raffle printable free;0
baby shower diaper messages printable free;0
baby shower games easy free printable;0
elephant baby shower cake topper printable;0
baby shower emoji game free printable printable;0
baby elephant baby shower ideas boys free printable tags;0
free emoji baby shower printable;0
emoji pictionary baby shower game free printable;0
baby shower bingo free printable elephant;0
baby shower printable free;0
baby shower printable for cake;0
free printable baby shower games girl;0
would mommy rather baby shower game free printable;0
baby shower word find free printable;0
baby shower printable games free;0
baby shower printable girl;0
baby shower printable gift tag;0
printable baby shower games pink;0
hot air balloon baby shower printable;0
guess how many baby shower game printable free;0
guess how many socks baby shower game printable;0
halloween baby shower games free printable;0
hot air balloon baby shower theme printable;0
how to plan a baby shower checklist free printable;0
pacifier hunt baby shower game free printable;0
baby shower printable ideas;0
baby shower printable images;0
sprinkle baby shower invitations girl free printable;0
baby shower invitations winnie the pooh free printable;0
baby shower girl invites free printable;0
free printable baby shower games whats in your purse;0
winnie the pooh baby shower ideas printable;0
baby shower jeapordy free printable;0
jungle theme baby shower games free printable;0
baby shower jeopardy questions free printable;0
baby shower jeopardy game free printable;0
dad jokes baby shower game free printable;0
baby shower guess how many in a jar free printable;0
jungle theme baby shower invitations diy free printable;0
jungle safari baby shower ideas free printable;0
jungle theme baby shower ideas decoration free printable;0
free printable baby shower games for kids;0
baby shower games who knows mommy best free printable;0
lion king baby shower printable;0
baby shower kids activities free printable coloring pages;0
kate made baby shower printable;0
baby shower activities for kids free printable;0
baby shower mad lib printable;0
free printable baby shower left right game;0
mad lib baby shower game free printable;0
baby shower letter printable;0
ralph lauren baby shower printable;0
guest list baby shower free printable;0
candy match baby shower game free printable;0
watch me grow baby shower favors free printable;0
baby shower games mom or dad free printable;0
baby shower book instead of card message free printable;0
baby shower printable names for mom;0
baby shower nursery rhyme game printable free;0
baby shower name tags printable;0
neutral baby shower printable;0
printable baby shower games free nursery rhymes;0
baby shower name suggestion printable;0
baby shower wishes card messages note printable;0
book instead of card baby shower note free printable;0
name game baby shower free printable;0
baby shower number book printable;0
baby shower games celebrity baby names free printable;0
baby shower free printable onesie tag;0
baby onesie template free printable shower invitations;0
baby shower true or false free printable;0
free printable baby shower games mommy or daddy;0
mommy or daddy baby shower game questions free printable;0
baby shower cake topper printable boy or girl;0
oh baby shower invitations free printable;0
baby shower printable props;0
baby shower printable pictures;0
quick-baby-shower-games-free-printable;0
baby shower quotes printable;0
quick baby shower games free printable;0
nursery rhyme quiz baby shower game printable;0
free printable baby shower emoji pictionary quiz;0
baby shower would she rather free printable;0
ready to pop baby shower printable;0
baby shower price is right game free printable;0
baby shower rukhwat printable;0
free printable baby shower diaper pong rules;0
free printable baby shower games girl diaper raffle tickets;0
baby shower printable topper for cake;0
baby shower printable tags;0
baby shower printable template;0
baby shower printable theme;0
baby shower printable topper cake;0
stand up sit down baby shower game free printable;0
baby shower unscramble game free printable;0
baby shower games unique free printable;0
free printable baby shower potluck sign up sheet;0
free printable baby shower invitations templates video;0
vintage winnie the pooh baby shower free printable;0
mom vs dad baby shower game free printable;0
prayers for baby shower printable bible verses;0
baby shower word search printable free;0
baby shower cake with printable toppers;0
work baby shower games free printable;0
winnie the pooh baby shower signs printable;0
thank you baby shower cards free printable favor tags printable;0
baby shower thank you printable;0
yellow baby shower printable;0
free printable whats in your phone baby shower game;0
thank you card baby shower printable;0
airplane baby shower theme centerpieces;0
baby shower centerpieces balloons;0
baby shower centerpieces boy;0
baby shower centerpieces boy diy;0
baby shower centerpieces dollar tree;0
baby shower centerpieces elephant;0
baby shower centerpieces ideas;0
baby shower crafts boy;0
baby shower crafts decorations;0
baby shower crafts for guests;0
baby shower crafts for guests to make;0
baby shower crafts for nursery;0
baby shower crafts girl;0
baby shower crafts ideas;0
baby shower crafts instead of games;0
baby shower crafts to make;0
baby shower diaper crafts;0
baby shower games and crafts;0
baby shower kid crafts;0
baby shower scrapbook activity;0
baby shower scrapbook guest book;0
baby shower scrapbook ideas;0
baby shower scrapbook layouts;0
baby shower scrapbook page ideas;0
baby shower scrapbook stickers;0
easy baby shower crafts;0
free printable baby shower thank you;0
useful baby shower crafts;0
baby q shower centerpieces;0
baby shower centerpieces gender neutral;0
baby shower centerpieces girl diy;0
baby shower centerpieces girl flowers;0
baby shower centerpieces mason jars;0
baby shower centerpieces safari;0
baby shower centerpieces with baby shoes;0
baby shower centerpieces with balloons;0
baby shower centerpieces with flowers;0
baby shower centerpieces with mason jars;0
elephant girl baby shower centerpieces;0
hello kitty baby shower centerpieces;0
baby shower blouse designs;0
baby shower cake designs;0
baby shower mehndi designs;0
printable thank you baby shower tags;0
whats in your purse baby shower game printable free;0
23 free printable baby shower games;0
baby shower crafts for kids;0
baby shower crafts for guests activities;0
baby shower crafts diy;0
baby shower crafts for baby;0
baby shower crafts gifts;0
mason jar crafts for baby shower boys;0
harry potter baby shower crafts;0
dinosaur baby shower crafts;0
baby shower gift ideas diy crafts;0
baby shower crafts for boys;0
baby shower crafts activities;0
baby shower crafts and games;0
baby shower ideas arts and crafts;0
baby shower crafts for guests activities cute ideas;0
baby shower crafts for adults;0
abc blocks diy baby shower crafts;0
baby shower art and crafts;0
unique baby shower activities crafts;0
alphabet blocks diy baby shower crafts;0
baby shower art crafts;0
baby shower crafts blocks;0
baby shower crafts decor;0
onesie decorating station baby shower crafts;0
diaper crafts for baby shower diy boys;0
diaper crafts for baby shower diy;0
easy baby shower crafts for guests;0
baby shower crafts for kids to make;0
baby shower crafts for girl;0
baby shower crafts for mom;0
baby shower crafts for baby boy;0
baby boy shower crafts for guests;0
crafts for baby shower guests;0
crafts for baby shower girl;0
baby shower take home crafts;0
baby shower crafts for guests to take home;0
paper crafts for baby shower how to make;0
diy baby shower invitations boy homemade paper crafts;0
halloween baby shower crafts;0
winnie the pooh baby shower ideas crafts;0
diaper crafts for baby shower diy gift ideas;0
baby shower ideas girl crafts;0
baby boy crafts diy shower gifts cute ideas;0
baby shower gift ideas crafts;0
interactive baby shower crafts;0
blue jean baby shower crafts;0
baby shower crafts kids;0
baby shower keepsake crafts;0
little pumpkin baby shower crafts;0
locally grown baby shower crafts;0
baby shower crafts mobile;0
baby shower crafts for guests to make for baby;0
farmers market baby shower crafts;0
crafts to make for baby shower gifts;0
gender neutral baby shower crafts;0
baby shower games or crafts;0
baby shower crafts painting;0
tea party baby shower crafts;0
practical baby shower crafts;0
cricut projects baby shower paper crafts;0
pumpkin baby shower crafts;0
baby shower quilling paper crafts;0
toilet paper roll baby shower crafts;0
baby shower crafts to do;0
baby shower crafts to sell;0
twin baby shower crafts;0
fall themed baby shower crafts;0
dollar tree baby girl shower crafts;0
under the sea baby shower crafts;0
unique baby shower crafts;0
woodland baby shower crafts;0
winter baby shower crafts;0
wildflower baby shower crafts;0
baby shower wood crafts;0
winnie the pooh baby shower crafts;0
western baby shower crafts;0
baby shower scrapbook page;0
baby shower scrapbook station;0
baby shower scrapbook ideas layout;0
baby shower scrapbook station sign;0
baby shower scrapbook ideas guest books;0
baby shower scrapbook gift;0
baby shower scrapbook front cover;0
baby shower scrapbook boy;0
baby shower scrapbook activities;0
baby shower scrapbook page layouts;0
baby shower scrapbook layouts its a boy;0
baby girl shower scrapbook layouts;0
baby shower scrapbook spread;0
winnie the pooh baby shower scrapbook;0
scrapbook page baby shower activity;0
baby shower advice scrapbook;0
baby shower album ideas scrapbook layouts;0
baby shower scrapbook bar;0
baby shower scrapbook background;0
baby shower scrapbook diy;0
baby shower scrapbook cover;0
baby shower scrapbook craft;0
scrapbook baby shower card;0
tarjetas de baby shower scrapbook;0
baby shower guest book scrapbook display;0
baby shower scrapbook front page;0
scrapbook for baby shower gift;0
baby shower guest scrapbook;0
tarjeta baby shower girl scrapbook;0
baby shower girl scrapbook;0
baby shower guest scrapbook ideas;0
baby shower guest book scrapbook ideas;0
baby shower invitation scrapbook;0
baby shower scrapbook sign in;0
baby boy shower scrapbook page ideas;0
scrapbook baby shower idea;0
baby shower scrapbook layout ideas;0
baby shower layouts scrapbook pages;0
baby boy shower scrapbook layouts;0
baby shower niña scrapbook;0
baby shower scrapbook pages layout;0
baby shower scrapbook prompts;0
baby shower photo scrapbook;0
baby shower polaroid scrapbook;0
baby shower scrapbook sign;0
baby shower scrapbook table;0
baby shower scrapbook titles;0
baby shower scrapbook template;0
tarjeta baby shower scrapbook;0
baby shower centerpieces for girls diy;0
baby shower centerpieces fall;0
baby shower centerpieces round table;0
baby shower centerpieces animals;0
baby shower centerpieces airplane;0
baby shower centerpieces astronaut;0
baby shower centerpieces affordable;0
cheap and easy baby shower centerpieces;0
a tini one on the way baby shower centerpieces;0
snowflake baby shower ideas for a girl centerpieces;0
alice in wonderland baby shower centerpieces;0
our next adventure baby shower centerpieces;0
baby shower centerpieces baby brewing;0
baby shower centerpieces bear;0
baby shower centerpieces butterfly;0
baby shower centerpieces blue;0
baby shower centerpieces book theme;0
baby shower centerpieces babys breath;0
baby shower centerpieces books;0
baby shower centerpieces baby in bloom;0
baby shower centerpieces baby shoes;0
baby shower centerpieces cowboy;0
baby shower centerpieces candles;0
baby shower centerpieces christmas;0
baby shower centerpieces cheap;0
baby shower centerpieces coffee theme;0
baby shower centerpieces cielito lindo;0
baby shower centerpieces coffee;0
baby shower centerpieces clouds;0
baby shower centerpieces circle table;0
baby shower centerpieces cowgirl;0
baby shower centerpieces cricut;0
baby shower centerpieces dinosaur;0
baby shower centerpieces diy cheap;0
baby shower centerpieces diaper;0
baby shower centerpieces disney;0
baby shower centerpieces ducks;0
baby shower centerpieces dragon;0
baby shower centerpieces diy girl;0
baby shower centerpieces duck theme;0
baby shower centerpieces dumpling;0
baby shower centerpieces decor;0
baby shower centerpieces easy;0
baby shower centerpieces eucalyptus;0
baby shower centerpieces elephant theme;0
easy centerpieces for baby shower boy;0
easy cheap baby shower centerpieces;0
green elephant baby shower centerpieces;0
easy baby shower centerpieces girl;0
baby shower centerpieces for boys diy;0
baby shower centerpieces for boys simple;0
baby shower centerpieces for boys cowboy;0
baby shower centerpieces floral;0
baby shower centerpieces for boys bear;0
baby shower centerpieces for boys green;0
baby shower centerpieces for boys farm;0
baby shower centerpieces fall theme;0
baby shower centerpieces girl bow;0
baby shower centerpieces girl winter;0
baby shower centerpieces green;0
baby shower centerpieces goose;0
baby shower centerpieces girl dress;0
baby shower centerpieces girl simple;0
baby shower centerpieces girl butterfly;0
baby shower centerpieces giraffe;0
baby shower centerpieces halloween;0
baby shower centerpieces hot air balloon;0
baby shower centerpieces harry potter;0
baby shower centerpieces hello kitty;0
baby shower centerpieces hydrangea;0
baby shower centerpieces honey bee;0
baby shower centerpieces honey;0
baby shower centerpieces hearts;0
baby shower centerpieces hunting;0
baby shower centerpieces highland cow;0
horse theme baby shower centerpieces;0
hercules baby shower centerpieces;0
baby shower centerpieces ideas girl;0
baby shower centerpieces indian;0
baby shower centerpieces ideas for boys;0
baby shower centerpieces ideas diy;0
baby shower centerpieces inexpensive;0
wild flowers baby shower ideas centerpieces;0
baby shower centerpieces jungle theme;0
baby shower centerpieces jungle;0
baby shower centerpieces jar;0
baby shower centerpieces glass jar;0
mason jar centerpieces baby shower boy fall;0
baby shower centerpieces using mason jars;0
jungle themed baby shower ideas centerpieces;0
jungle theme baby shower centerpieces table decorations;0
jack and sally baby shower centerpieces;0
baby shower centerpieces lion king;0
lion king simba baby shower centerpieces;0
lion king baby shower table centerpieces;0
koala baby shower centerpieces;0
hello kitty baby shower ideas centerpieces;0
lion king baby shower ideas centerpieces;0
lion king baby shower centerpieces diy;0
loin king baby shower centerpieces;0
baby shower centerpieces locally grown;0
baby shower centerpieces long tables;0
baby shower centerpieces lavender;0
baby shower centerpieces love bug;0
baby shower centerpieces lemon;0
baby shower centerpieces looney tunes;0
baby shower centerpieces ladybug;0
landing soon baby shower centerpieces;0
baby shower centerpieces moon stars;0
baby shower centerpieces mickey mouse;0
baby shower centerpieces mexican theme;0
baby shower centerpieces moon;0
baby shower centerpieces minimalist;0
baby shower centerpieces mickey;0
baby shower centerpieces mexican;0
baby shower centerpieces moon and stars;0
baby shower centerpieces not flowers;0
baby shower centerpieces neutral diy;0
baby shower centerpieces neutral flowers;0
baby shower centerpieces neutral winter;0
baby shower centerpieces nature;0
baby shower centerpieces nautical;0
baby shower centerpieces neutral boys;0
baby shower centerpieces no theme;0
baby shower centerpieces with baby name;0
baby shower centerpieces over the moon;0
baby shower centerpieces ocean;0
baby shower centerpieces on a budget;0
baby shower centerpieces outdoor;0
baby shower centerpieces orange;0
baby shower centerpieces on wood;0
baby on board baby shower table centerpieces;0
baby its cold outside baby shower theme centerpieces;0
baby shower centerpieces pink;0
baby shower centerpieces picture frames;0
baby shower centerpieces pink bows;0
baby shower centerpieces pumpkin;0
baby shower centerpieces purple;0
baby shower centerpieces photos;0
baby shower centerpieces princess;0
baby shower centerpieces pictures;0
baby shower centerpieces pooh;0
baby shower centerpieces pastel colors;0
baby shower centerpieces pink and green;0
baby shower centerpieces pink and red;0
quick and easy baby shower centerpieces;0
quick baby shower centerpieces;0
baby shower centerpieces rustic;0
baby shower centerpieces ready to pop;0
baby shower centerpieces red;0
baby shower centerpieces ring;0
baby shower centerpieces roses;0
baby shower centerpieces ralph lauren;0
baby shower centerpieces rainbow;0
baby shower centerpieces rocking horse;0
baby shower centerpieces red and pink;0
baby shower centerpieces reusable;0
baby shower centerpieces red and white;0
baby shower centerpieces strawberry;0
baby shower centerpieces sage green;0
baby shower centerpieces stitch;0
baby shower centerpieces snoopy;0
baby shower centerpieces stuffed animals;0
baby shower centerpieces silly goose;0
baby shower centerpieces space theme;0
baby shower centerpieces socks;0
baby shower centerpieces snowflake;0
baby shower centerpieces spring;0
baby shower centerpieces teddy bear;0
baby shower centerpieces toy story;0
baby shower centerpieces table;0
baby shower centerpieces toys;0
baby shower centerpieces twins;0
baby shower centerpieces travel theme;0
baby shower centerpieces tea party;0
baby shower centerpieces tulips;0
baby shower centerpieces travel;0
baby shower centerpieces using books;0
baby shower centerpieces under the sea;0
baby shower centerpieces ultrasound;0
baby shower centerpieces using toys;0
baby shower centerpieces useful;0
baby shower centerpieces using diapers;0
baby shower centerpieces using clothes;0
baby shower centerpieces umbrella;0
baby shower table centerpieces ultrasound;0
baby shower usable centerpieces;0
baby shower centerpieces vases;0
baby shower centerpieces vintage;0
baby shower centerpieces valentines;0
vintage baby shower table centerpieces;0
vaquero theme baby shower centerpieces;0
girl baby shower centerpieces flowers vases;0
baby shower vases centerpieces boy;0
baby shower valentine centerpieces;0
vintage car baby shower centerpieces;0
valentine baby shower ideas centerpieces;0
vintage airplane baby shower centerpieces;0
baby shower centerpieces winter;0
baby shower centerpieces with books;0
baby shower centerpieces with pictures;0
baby shower centerpieces with ultrasound;0
baby shower centerpieces with diapers;0
baby shower centerpieces woodland;0
baby shower centerpieces western;0
xmas baby shower centerpieces;0
baby shower centerpieces yellow;0
blue and yellow baby shower centerpieces;0
enchanted to meet you baby shower centerpieces;0
white and yellow baby shower centerpieces;0
enchanted to meet you baby shower theme centerpieces;0
sea you soon baby shower centerpieces;0
you story baby shower centerpieces;0
baby yoda baby shower table centerpieces;0
baby yoda baby shower centerpieces;0
baby shower centerpieces zoo animals;0
zoo baby shower centerpieces;0
zoo themed baby shower centerpieces;0
dragon ball z baby shower centerpieces;0
zoo baby shower theme centerpieces;0
zoo animal baby shower centerpieces;0
baby shower centerpieces 2026;0
36 baby shower centerpieces;0
4th of july baby shower centerpieces;0
cloud 9 baby shower centerpieces;0
on cloud 9 baby shower centerpieces;0
90s theme baby shower centerpieces;0
baby shower artwork ideas;0
baby shower guest artwork;0
baby shower card artwork;0
baby shower elements mehendi;0
baby shower elements mehendi designs;0
baby shower elements drawing;0
baby shower elements in mehndi;0
baby shower elements illustration;0
baby shower elements sketch;0
baby shower elements canva;0
baby shower elements for mehndi;0
baby shower elements henna;0
baby shower elements indian;0
baby shower cute elements;0
baby shower elements in mehandi;0
baby shower boy elements;0
baby shower card elements;0
baby shower elements doodle;0
baby shower elements boy;0
baby shower mehandi designs latest elements;0
baby shower mehndi elements designs;0
how to draw baby shower elements;0
baby shower decoration elements;0
baby shower dupatta elements;0
baby shower elements for invitation;0
baby shower figure elements;0
baby shower elements girl;0
green baby shower elements;0
baby shower graphic elements;0
baby shower invite elements;0
baby shower ideas mehndi elements;0
baby shower ideas elements;0
baby shower mendhi elements;0
mehndi baby shower elements;0
baby shower elements for mehendi;0
baby shower mehandi elements;0
baby shower elements outline;0
set of baby shower elements;0
baby shower pink elements;0
baby shower elements step by step;0
baby shower elements traditional;0
baby shower theme elements mehandi;0
baby shower elements vector;0
baby shower elements yellow;0
baby shower designs ideas;0
baby shower designs mehndi;0
baby shower designs simple;0
baby shower designs traditional;0
baby shower designs blouse;0
baby shower designs cakes;0
baby shower designs mehndi album faces;0
baby shower designs back hand;0
baby shower designs drawing;0
baby shower designs nails;0
baby shower designs background;0
baby shower blouse designs latest embroidery;0
baby shower mehendi designs half hands;0
mehandi designs for baby shower back hand;0
baby shower mehendi designs in leg;0
baby shower lag mehndi designs;0
baby shower cake designs its a girl;0
mehndi designs for baby shower function front and back;0
baby shower cake designs aesthetic;0
baby shower cake designs simple pink and blue;0
baby shower aari designs;0
baby shower cake designs pink and blue;0
adorable bearly wait baby shower cake designs;0
baby shower aari work blouse designs krishna;0
small baby shower cake designs;0
baby shower cake designs for mom;0
baby shower mehandi designs couple;0
baby shower cake designs for girl simple;0
baby shower cake designs 1kg;0
baby shower cake designs square;0
baby shower girl cake designs;0
baby shower cake designs with topper;0
baby shower elephant cake designs;0
baby shower cake designs elegant;0
baby shower mehendi designs elbow;0
baby shower mehendi designs element;0
baby shower blouse embroidery designs;0
baby shower cake designs easy;0
mehndi designs for baby shower function easy;0
baby shower mehendi designs easy simple;0
baby shower mehndi designs mom to be easy;0
mehndi designs for baby shower function;0
mehandi designs for baby shower function simple;0
baby shower mehendi designs for mashi;0
baby shower mehndi designs for boys;0
blouse back designs for baby shower function;0
nail designs for baby shower boy;0
baby shower mehendi designs for sisters;0
mehndi designs for baby shower simple;0
baby shower girl mehndi designs;0
baby shower gender reveal cake designs;0
baby shower gown designs;0
creative gothic baby shower cake designs;0
baby shower cake designs girl or boy;0
baby shower cake designs green;0
baby shower gift box designs;0
baby shower nails designs gender reveal;0
baby shower designs henna;0
simple baby shower mehendi designs half hand;0
baby shower mehndi designs back hand;0
mehendi designs baby shower back hand;0
baby shower mehndi designs back side hand;0
baby shower mehendi designs latest back hand;0
baby shower mehndi designs hand simple back hand;0
baby shower front hand mehndi designs;0
baby shower blouse designs south indian;0
baby shower mehendi designs in book;0
baby shower mehendi designs simple baby shower mehendi designs indian;0
baby shower mehendi designs in tamil;0
baby shower rangoli designs ideas easy;0
baby shower rangoli designs ideas indian;0
baby shower mehendi designs for sister in law;0
indian baby shower designs;0
baby shower jada designs;0
baby shower jewellery designs;0
baby shower mehendi designs kanha ji;0
baby shower flower jewellery designs;0
baby shower cake designs radha krishna;0
baby shower mehendi designs kids;0
baby shower krishna mehndi designs;0
baby shower mehndi designs radha krishna;0
baby shower radha krishna mehendi designs;0
latest baby shower mehndi designs krishna;0
krishna baby shower mehendi designs;0
baby shower kediya blouse designs;0
baby shower mehandi designs krishna;0
baby shower mehendi designs krishna theme;0
baby shower blouse designs radha krishna;0
baby shower mehendi legs designs;0
baby shower mehndi designs bangle length;0
baby shower mehendi designs latest sider;0
baby shower mehandi designs latest unique;0
simple baby shower mehandi designs latest;0
baby shower mehandi designs latest half hand;0
baby shower mehendi designs legs simple;0
baby shower mehndi designs mom to be leg;0
baby shower mehandi designs;0
baby shower mehndi new designs;0
baby shower mehendi designs new trending;0
blue baby shower nails designs;0
baby shower cake designs simple neutral;0
boy baby shower nail designs;0
baby shower pink nail designs;0
baby shower aari net work blouse designs;0
baby shower onesie designs;0
baby shower mehendi designs boy or girl;0
baby shower cake designs one tier;0
baby shower mehendi designs on stomach;0
baby shower mehendi designs on paper;0
baby shower cake designs he or she;0
baby shower outfit designs;0
baby shower mehndi designs on page;0
baby shower mehendi designs outline;0
baby shower cake designs oh baby;0
baby shower mehendi designs on leg;0
baby shower mehendi designs par;0
baby shower pink cake designs;0
baby shower mehndi henna designs pregnant bellies;0
pakistani baby shower mehndi designs;0
baby shower blouse designs pink;0
baby shower cake pops designs;0
baby shower mehendi designs pakistani;0
baby shower cake designs pink and blue sprinkles;0
baby shower mehendi designs quotes;0
baby shower simple rangoli designs;0
baby shower mehendi designs rate;0
baby shower rangoli designs easy;0
baby shower rangoli designs ideas creative;0
baby shower mehndi designs mom to be video;0
baby shower mehandi designs tamil;0
baby shower mehendi designs trendy;0
baby shower mehndi designs dad to be;0
baby shower mehendi designs for didi to be;0
baby shower mehendi designs for mashi to be;0
baby shower cake designs traditional;0
baby shower cake designs theme;0
baby shower mehandi designs unique;0
baby shower mehendi unique designs;0
baby shower unique mehndi designs;0
unique baby shower cake designs;0
unique baby shower cake designs simple;0
baby shower blouse designs unique;0
back hand baby shower mehndi designs unique;0
baby shower mehndi designs mom to be unique;0
baby shower mehendi designs start up;0
baby shower unique designs;0
baby shower mehendi designs videos;0
baby shower cake designs vintage;0
latest baby shower mehndi designs back hand video;0
very simple baby shower mehendi designs;0
baby shower cake designs video;0
baby shower mehendi designs latest video;0
baby shower blouse work designs simple;0
baby shower mehendi designs with lord murugan;0
baby shower blouse designs with baby foot;0
baby shower aari work blouse designs green colour;0
baby shower cake designs with baby;0
baby shower welcome board designs;0
baby shower maggam work blouse designs;0